config,condition,scan_id,pa_x,pa_y,pa_z,focus_x,focus_y,focus_z,geometry_echo_max,geometry_x,geometry_y,geometry_z,edm_response,born_response,edge_gtd_response,edm_x,edm_y,edm_z,edm_vs_geometry_dB,geometry_echo_dB_norm,edm_response_dB_norm
1D16,A_PA1_to_C1,0,-126.47159,137.926021,-64.727672,-124.23,120.25,-51.8,0.64685095744615,-123.9542,120.4289,-53.1004,1.0298482502143438,0.7489805456104318,0.28086770460391197,-124.23,120.25,-51.8,4.039380202412985,0.0,0.0
1D16,A_PA1_to_C1,1,-125.5875311773166,139.02719128142945,-65.13280492576665,-123.25,121.26,-51.8,0.6373709001319209,-122.7811,121.1456,-53.6759,0.9045213021908604,0.7379776111185098,0.1665436910723506,-123.25,121.26,-51.8,3.040531357903689,-0.12823987827572805,-1.1270887227850221
1D16,A_PA1_to_C1,2,-124.6997361978672,140.12576271513814,-65.53680832565904,-122.26,122.26,-51.8,0.6299400144544823,-121.8437,122.0907,-53.6759,0.7532473983078368,0.726977069076752,0.026270329231084855,-122.26,122.26,-51.8,1.5527688847801682,-0.23010058485917614,-2.716711902491991
1D16,A_PA1_to_C1,3,-123.80814054759924,141.2216765912607,-65.93965723338754,-121.26,123.25,-51.8,0.6271355356599141,-120.0863,121.3993,-58.6241,0.7576900193151163,0.7160252212834655,0.041664798031650845,-121.26,123.25,-51.8,1.6426031288295062,-0.2688563043755511,-2.6656333779590295
1D16,A_PA1_to_C1,4,-122.9126787053178,142.31487245796063,-66.3413259657362,-120.25,124.23,-51.8,0.6078555414801413,-119.9472,123.9589,-53.6759,0.7212689558853411,0.705134887928944,0.016134067956397168,-120.25,124.23,-51.8,1.4859371972970712,-0.5400769008125627,-3.093519905928475
1D16,A_PA1_to_C1,5,-122.01174866453802,143.40418686963125,-66.74131078089212,-119.24,125.21,-51.8,0.609894596993243,-118.2119,122.177,-60.5823,0.7108669071418465,0.6946348101955712,0.016232096946275375,-119.24,125.21,-51.8,1.330670221428725,-0.5109887863535006,-3.2196987673377593
1D16,A_PA1_to_C1,6,-121.10663104890662,144.49049807357036,-67.13999408581748,-118.22,126.17,-51.8,0.5666449450963247,-118.4046,126.2044,-51.7933,0.7045515039938797,0.6840154214212578,0.020536082572621843,-118.22,126.17,-51.8,1.8920345487364152,-1.1498641285767088,-3.2972097822532764
1D16,A_PA1_to_C1,7,-120.19746436062516,145.57388656308214,-67.53741160967894,-117.19,127.13,-51.8,0.5656107793770098,-115.7758,125.0995,-56.2,0.6823620556430977,0.6737183715258929,0.008643684117204892,-117.19,127.13,-51.8,1.6299438246408835,-1.165730953727918,-3.575167331500017
1D16,A_PA1_to_C1,8,-119.2841803722571,146.65428488520172,-67.93353475243892,-116.15,128.08,-51.8,0.555158885081134,-114.5295,123.7529,-62.6195,0.6727124860917995,0.6635281709557684,0.009184315136031008,-116.15,128.08,-51.8,1.6682438742535846,-1.327738608169996,-3.6988749363293953
1D16,A_PA1_to_C1,9,-118.36592519347504,147.73104304627157,-68.32808255362077,-115.1,129.02,-51.8,0.5590425063970147,-113.372,125.2918,-61.2831,0.6671618591912204,0.6534745348439569,0.013687324347263491,-115.1,129.02,-51.8,1.5357275971019702,-1.2671878980150395,-3.770840503326054
1D16,A_PA1_to_C1,10,-117.44257785267718,148.80403214082943,-68.72100263076132,-114.05,129.95,-51.8,0.547523211141079,-115.3215,167.1527,-53.9487,0.6549389254834098,0.6436105206795688,0.01132840480384102,-114.05,129.95,-51.8,1.5559653602016799,-1.4480338074540997,-3.9314486496654033
1D16,A_PA1_to_C1,11,-116.514922269347,149.87380453703935,-69.1125338929097,-112.99,130.88,-51.8,0.5406648221422805,-134.6979,150.9887,-52.7159,0.6443777278061353,0.6340634982425717,0.010314229563563643,-112.99,130.88,-51.8,1.5242481515897066,-1.557522235753702,-4.072654286576979
1D16,A_PA1_to_C1,12,-115.58288695538624,150.94028445626716,-69.50264433810658,-111.92,131.79,-51.8,0.5607164329604066,-133.8328,152.124,-53.3791,0.6358405396154638,0.6244743364875066,0.011366203127957261,-111.92,131.79,-51.8,1.092098596258167,-1.2412188225088023,-4.188500428663618
1D16,A_PA1_to_C1,13,-114.646399475931,152.00339379708413,-69.8913011714731,-110.84,132.7,-51.8,0.5606688597213557,-138.7337,153.8921,-66.659,0.6281600221697671,0.6151951191040095,0.012964903065757575,-110.84,132.7,-51.8,0.9872771552066649,-1.2419557965124137,-4.294058843718733
1D16,A_PA1_to_C1,14,-113.7043365345142,153.06224053959426,-70.27812111471913,-109.76,133.6,-51.8,0.548635027734637,-132.0215,154.5784,-54.1528,0.6209510978971232,0.6061127490424391,0.014838348854684106,-109.76,133.6,-51.8,1.0754773500519135,-1.4304138704804332,-4.394316722841504
1D16,A_PA1_to_C1,15,-112.75724424129103,154.11719913348915,-70.66326812092449,-108.67,134.48,-51.8,0.5510981309046518,-129.5762,155.7727,-53.3791,0.6138161410190089,0.5970323000907276,0.016783840928281366,-108.67,134.48,-51.8,0.9361873289873223,-1.391505744617629,-4.49469861804329
1D16,A_PA1_to_C1,16,-111.80550111618676,155.16853095706625,-71.04685566781224,-107.57,135.36,-51.8,0.5588980879285764,-128.4964,156.6664,-53.3791,0.6068424901745376,0.5882581708691801,0.01858431930535751,-107.57,135.36,-51.8,0.714867159492176,-1.2694320295760515,-4.593945072496859
1D16,A_PA1_to_C1,17,-110.849031768006,156.216148479111,-71.42884697464699,-106.46,136.24,-51.8,0.5346558247512674,-108.4344,176.76,-57.4577,0.5997693460934174,0.5797755166871372,0.019993829406280184,-106.46,136.24,-51.8,0.998199257195964,-1.6545984550451023,-4.695779400262122
1D16,A_PA1_to_C1,18,-109.88775968148192,157.25996132776058,-71.80920414042144,-105.35,137.1,-51.8,0.5332883406538739,-130.6846,160.9787,-57.4577,0.5921356862027889,0.5713270698501691,0.02080861635261981,-105.35,137.1,-51.8,0.9091829342591391,-1.6768427311567375,-4.8070399993105815
1D16,A_PA1_to_C1,19,-108.92107988638196,158.2994494986132,-72.1877053882543,-104.23,137.95,-51.8,0.5563250130589551,-125.0258,160.3002,-54.1528,0.5840591821619807,0.5630377160933296,0.02102146606865104,-104.23,137.95,-51.8,0.4225653838760728,-1.3095127703461809,-4.926327588883091
1D16,A_PA1_to_C1,20,-107.9486474368608,159.33428339378025,-72.56421201203561,-103.1,138.79,-51.8,0.5570028452609508,-123.2715,161.3683,-53.9487,0.575551108981263,0.5549160844856484,0.020635024495614638,-103.1,138.79,-51.8,0.28452962868774656,-1.2989362337345605,-5.053786807459798
1D16,A_PA1_to_C1,21,-106.97120712934904,160.36502322437607,-72.93896483167389,-101.97,139.63,-51.8,0.5406049486005936,-126.0587,164.558,-57.3629,0.5668207804399613,0.5471042299736919,0.01971655046626937,-101.97,139.63,-51.8,0.41131493747647385,-1.5584841695651077,-5.186549434501617
1D16,A_PA1_to_C1,22,-105.9886806011947,161.39156820008367,-73.3119223265337,-100.83,140.45,-51.8,0.5412856442166476,-124.4881,165.6526,-57.2837,0.5577036372812549,0.5393132631088573,0.018390374172397608,-100.83,140.45,-51.8,0.25953935759245933,-1.5475543254245336,-5.32739517024506
1D16,A_PA1_to_C1,23,-105.00098799462336,162.4138139103925,-73.68304140133728,-99.68,141.27,-51.8,0.5377308975059885,-123.3355,166.6125,-57.3629,0.5485513606670116,0.531789142242116,0.016762218424895597,-99.68,141.27,-51.8,0.17304610617902055,-1.604784679417027,-5.471118775650989
1D16,A_PA1_to_C1,24,-104.0080483892786,163.43165260561457,-74.05227738223644,-98.53,142.08,-51.8,0.5442787520972856,-121.821,167.8442,-57.5633,0.5395400148567742,0.5244368360570335,0.015103178799740697,-98.53,142.08,-51.8,-0.07595441642890541,-1.4996568986225456,-5.614991517464435
1D16,A_PA1_to_C1,25,-103.00947648346532,164.44471236433247,-74.41947317795704,-97.37,142.87,-51.8,0.5440740228592255,-116.4743,166.3501,-53.9487,0.5306840547731216,0.5171187208176234,0.013565333955498244,-97.37,142.87,-51.8,-0.2164390395439535,-1.5029246912525975,-5.7587439332095345
1D16,A_PA1_to_C1,26,-102.00468577891398,165.4524307713405,-74.78439012090907,-96.21,143.66,-51.8,0.5376382098561205,-118.6449,170.1081,-57.5633,0.5223753196126707,0.510097260409658,0.012278059203012753,-96.21,143.66,-51.8,-0.2501495300988911,-1.6062819787053302,-5.895811711217204
1D16,A_PA1_to_C1,27,-100.994437870225,166.45540656397864,-75.14728615286857,-95.03,144.44,-51.8,0.5416587657225512,-117.443,170.9416,-57.5633,0.51443691395606,0.50318480287933,0.01125211107672997,-95.03,144.44,-51.8,-0.4478730297465865,-1.5415689907750998,-6.02882222293467
1D16,A_PA1_to_C1,28,-99.97865204218024,167.45352101051787,-75.50811248064947,-93.86,145.21,-51.8,0.5025597455871121,-111.5893,169.1479,-53.3791,0.5070350253868809,0.4964665368158522,0.010568488571028798,-93.86000000000001,145.21,-51.8,0.07700523449892296,-2.192330522260643,-6.154705490174704
1D16,A_PA1_to_C1,29,-98.95724657977786,168.4466515454952,-75.86681827461119,-92.67,145.97,-51.8,0.5340873211870777,-114.1562,173.0422,-57.3629,0.4999025049508692,0.489853511799416,0.010048993151453174,-92.67,145.97,-51.8,-0.5745391065408076,-1.6638391406147028,-6.277758449568493
1D16,A_PA1_to_C1,30,-97.93013914227564,169.4346716568485,-76.22335155664793,-91.48,146.72,-51.8,0.5273544733080052,-109.4759,171.0452,-53.9487,0.4929937908722908,0.4834015900883368,0.009592200783954025,-91.48,146.72,-51.8,-0.5852236959639017,-1.7740318205649441,-6.398635718941829
1D16,A_PA1_to_C1,31,-96.89724697053715,170.41745089425962,-76.57765923268899,-90.28,147.46,-51.8,0.5367885675626781,-111.3467,174.9807,-57.5633,0.486142246262741,0.4770805459202808,0.009061700342460177,-90.28,147.46,-51.8,-0.8607978874357664,-1.62001935176062,-6.52019744160937
1D16,A_PA1_to_C1,32,-95.85848647488528,171.3948547881875,-76.9296856030413,-89.08,148.19,-51.8,0.5291984590596757,-110.0909,175.7313,-57.4577,0.4793224104265139,0.47091523302571703,0.008407177400796892,-89.08,148.19,-51.8,-0.859816725646233,-1.7437130878164433,-6.64291001587566
1D16,A_PA1_to_C1,33,-94.81326018775638,172.36626166812076,-77.2791700240405,-87.87,148.91,-51.8,0.533236069628141,-108.4344,176.76,-57.4577,0.4724712245523123,0.4648840405955782,0.007587183956734082,-87.87,148.91,-51.8,-1.0508831068907247,-1.6776941328813877,-6.767957442185097
1D16,A_PA1_to_C1,34,-93.76170417127643,173.33171905220786,-77.62613400929244,-86.65,149.62,-51.8,0.5253399253170826,-106.7874,177.8046,-57.5633,0.4655930139148594,0.45898298910755175,0.006610024807307681,-86.65,149.62,-51.8,-1.0486790555926715,-1.8072763460485521,-6.895335604054208
1D16,A_PA1_to_C1,35,-92.7040723383632,174.29139429579996,-77.97065069942045,-85.43,150.32,-51.8,0.526411924116348,-105.4823,178.4713,-57.3629,0.4588012841179684,0.45323087949160634,0.005570404626362041,-85.43,150.32,-51.8,-1.1940218692116429,-1.7895701418864625,-7.022972213511087
1D16,A_PA1_to_C1,36,-91.64028159188727,175.24513757738708,-78.31266006500847,-84.20999999999998,151.01,-51.8,0.5221292832853078,-103.8486,179.5398,-57.5633,0.45218785971779335,0.4476243468131384,0.004563512904654927,-84.20999999999998,151.01,-51.8,-1.2491830547580007,-1.8605234858429527,-7.149086743013936
1D16,A_PA1_to_C1,37,-90.57025047081125,176.19279682622724,-78.652099442385,-82.98,151.69,-51.8,0.5220529956909988,-102.5804,180.2686,-57.5633,0.44617177232699007,0.4421355386246259,0.004036233702364168,-82.98,151.69,-51.8,-1.3642500327144709,-1.8617926620001077,-7.265422897127562
1D16,A_PA1_to_C1,38,-89.49389790372966,177.13421557530071,-78.9889050592017,-81.73999999999998,152.36,-51.8,0.515967805912641,-100.8636,181.1942,-57.4577,0.44039527078705704,0.4367627810182386,0.003632489768818412,-81.73999999999998,152.36,-51.8,-1.375599156208943,-1.9636324175372413,-7.378611776159168
1D16,A_PA1_to_C1,39,-88.4111426719469,178.0692323141224,-79.32301148830727,-80.5,153.02,-51.8,0.49247242570723865,-99.1738,182.1681,-57.5633,0.43442308782088956,0.43152848314059067,0.002894604680298894,-80.5,153.02,-51.8,-1.0893804102902336,-2.3684461323634536,-7.497206745066672
1D16,A_PA1_to_C1,40,-87.32190406766502,178.99768111829334,-79.65435128222146,-79.25,153.67,-51.8,0.5105045006531632,-97.8872,182.8638,-57.5633,0.42933836288201366,0.42640607777387024,0.002932285108143402,-79.25,153.67,-51.8,-1.5039975855368612,-2.0560930018836103,-7.599470789833456
1D16,A_PA1_to_C1,41,-86.2261025357334,179.91939200172868,-79.98285537263546,-77.98999999999998,154.31,-51.8,0.5073100193788306,-96.5507,183.4652,-57.3629,0.42457748047172195,0.42139390408269356,0.003183576389028364,-77.98999999999998,154.31,-51.8,-1.546329683980089,-2.1106157117923803,-7.696325598185453
1D16,A_PA1_to_C1,42,-85.12365930706834,180.83419046085237,-80.30845245386091,-76.73999999999998,154.94,-51.8,0.5024925331705229,-94.8662,184.4517,-57.5633,0.4199285382350032,0.4165361300163073,0.003392408218695897,-76.73999999999998,154.94,-51.8,-1.5590844504777255,-2.1934922521447717,-7.791956905035481
1D16,A_PA1_to_C1,43,-84.01449627720152,181.7418966549487,-80.63107011321773,-75.47,155.56,-51.8,0.48783752869713787,-93.217,185.3061,-57.6744,0.4152517372950882,0.4117612739315467,0.0034904633635414683,-75.47,155.56,-51.8,-1.399274977446792,-2.4505803669750046,-7.889235546834781
1D16,A_PA1_to_C1,44,-82.89853717976428,182.64232658248503,-80.95063473369008,-74.2,156.17,-51.8,0.49209374210148865,-91.8032,185.9565,-57.4577,0.4105391856433315,0.4071131652161951,0.003426020427136381,-74.2,156.17,-51.8,-1.5738645139092766,-2.375127662314463,-7.988372378636724
1D16,A_PA1_to_C1,45,-81.77570602721802,183.53529052099293,-81.26706971245501,-72.93,156.77,-51.8,0.4601843088492515,-90.0673,186.8458,-57.5633,0.4057945638020129,0.4025890444359019,0.00320551936611101,-72.93,156.77,-51.8,-1.0925116294487802,-2.9574483819841992,-8.089340213845963
1D16,A_PA1_to_C1,46,-80.64582348921154,184.42047698396848,-81.58024546867004,-71.65,157.35,-51.8,0.4807568714353475,-88.7321,187.4438,-57.4577,0.4014717004182081,0.3981031303581356,0.0033685700600725034,-71.65,157.35,-51.8,-1.5654112571716459,-2.5775745001471324,-8.182365959731762
1D16,A_PA1_to_C1,47,-79.50878396989144,185.297642211527,-81.89006653611777,-70.37,157.93,-51.8,0.48805622990320374,-87.4085,188.0656,-57.4577,0.3971840080962706,0.39380308732857056,0.0033809207677000254,-70.37,157.93,-51.8,-1.7895621341730548,-2.446687290388214,-8.275629626974252
1D16,A_PA1_to_C1,48,-78.36470409990349,186.16679159789868,-82.19653532246785,-69.08,158.5,-51.8,0.4821784956072702,-86.0959,188.7117,-57.5633,0.39268197135757704,0.3895989645646028,0.0030830067929742606,-69.08,158.5,-51.8,-1.783337500819183,-2.5519277536301437,-8.374645456862309
1D16,A_PA1_to_C1,49,-77.21351525637408,187.0277172845943,-82.49957047786444,-67.79,159.06,-51.8,0.47955364106366616,-84.3183,189.5139,-57.5633,0.3880297790360876,0.385509553162777,0.002520225873310599,-67.79,159.06,-51.8,-1.8394427262277848,-2.5993406508883177,-8.478163579529085
1D16,A_PA1_to_C1,50,-76.05515221567958,187.88020837156645,-82.79908752134475,-66.49,159.6,-51.8,0.47803784876552285,-82.9802,190.1046,-57.5633,0.38320349575852025,0.3814545334484097,0.0017489623101105709,-66.49,159.6,-51.8,-1.9206564217686484,-2.6268388393166497,-8.586875463498282
1D16,A_PA1_to_C1,51,-74.88955223574898,188.72404937384064,-83.0949989297513,-65.19,160.14,-51.8,0.4672262523798885,-81.1896,190.8774,-57.5633,0.37861931695730755,0.3775693722744538,0.001049944682853745,-65.19,160.14,-51.8,-1.8264893828151072,-2.825539770085465,-8.691409355313557
1D16,A_PA1_to_C1,52,-73.71665496632944,189.559018973578,-83.38721635930006,-63.89,160.66,-51.8,0.4703018394311149,-79.8277,191.4118,-57.4577,0.37506459281487037,0.3737368786859164,0.0013277141289540194,-63.89,160.66,-51.8,-1.9654121984435733,-2.7685509592653283,-8.773343360121885
1D16,A_PA1_to_C1,53,-72.53640296667295,190.384890624968,-83.67564995326215,-62.58,161.18,-51.8,0.4642982915504534,-78.4903,192.0049,-57.5633,0.37172877500869406,0.3700485022988328,0.0016802727098612419,-62.58,161.18,-51.8,-1.9314181018501282,-2.8801427938022988,-8.85094109806541
1D16,A_PA1_to_C1,54,-71.34874150332857,191.201432346799,-83.96020704576206,-61.26,161.68,-51.8,0.46140412478741116,-76.6821,192.7353,-57.5633,0.3683785899215537,0.3663926035213077,0.001985986400246023,-61.26,161.68,-51.8,-1.9557418295182196,-2.934455053469613,-8.929577085400815
1D16,A_PA1_to_C1,55,-70.15362113228008,192.0084093828919,-84.24079431973101,-59.94,162.18,-51.8,0.46054828701718586,-75.3214,193.272,-57.5633,0.3654640145709715,0.36289466420456024,0.0025693503664112444,-59.94,162.18,-51.8,-2.008611014687718,-2.950581080063487,-8.99857229716419
1D16,A_PA1_to_C1,56,-68.95099439080366,192.80558006060815,-84.51731481171478,-58.62,162.66,-51.8,0.4489254524370079,-73.9438,193.7645,-57.4577,0.36238890014886715,0.35944626461396517,0.0029426355349020036,-58.62,162.66,-51.8,-1.859986842012395,-3.172599925976768,-9.071966970402146
1D16,A_PA1_to_C1,57,-67.7408184239931,193.5926979010977,-84.78967186808131,-57.3,163.13,-51.8,0.42854540514140815,-72.5551,194.2261,-57.3629,0.35914781529798184,0.35609901819861434,0.003048797099367511,-57.3,163.13,-51.8,-1.5344722801265775,-3.5761476469913966,-9.150000129530959
1D16,A_PA1_to_C1,58,-66.52304882046394,194.36950405264457,-85.05776186945315,-55.97,163.59,-51.8,0.44891376965341184,-70.7591,194.9911,-57.5633,0.3557115788065691,0.35283354478890505,0.0028780340176640905,-55.97,163.59,-51.8,-2.0212984930976217,-3.172825969496565,-9.233504665007171
1D16,A_PA1_to_C1,59,-65.29736445794792,195.13533624133385,-85.32131526549605,-54.63,164.04,-51.8,0.4403508438997715,-68.891,195.5578,-57.3629,0.35208196105401274,0.3496523671752853,0.0024295938787274383,-54.63,164.04,-51.8,-1.9431011688756405,-3.340107846791996,-9.322589218080621
1D16,A_PA1_to_C1,60,-64.06398870106675,195.89027226448488,-85.58037062872329,-53.3,164.48,-51.8,0.4428681185526811,-67.53,196.0956,-57.4577,0.3483754099900919,0.34658519549331257,0.0017902144967793712,-53.3,164.48,-51.8,-2.0845384867986776,-3.290596162923608,-9.414514852135268
1D16,A_PA1_to_C1,61,-62.8228995497926,196.63404521676424,-85.83482177572114,-51.96,164.91,-51.8,0.4259225788154138,-65.6954,196.7577,-57.5633,0.34477437389169074,0.3435963280703819,0.001178045821308874,-51.96,164.91,-51.8,-1.8359136968110998,-3.6294712401174434,-9.504765139341526
1D16,A_PA1_to_C1,62,-61.574080991881786,197.36638378280423,-86.08456237099055,-50.61,165.33,-51.8,0.43290043143291673,-64.2767,197.125,-57.3629,0.3414681396052815,0.34068490295246684,0.0007832366528146665,-50.61,165.33,-51.8,-2.060756604110154,-3.488324133544421,-9.58846094006756
1D16,A_PA1_to_C1,63,-60.3175221924691,198.0870113508912,-86.32948341654753,-49.26,165.73,-51.8,0.4331935847711684,-62.9034,197.6306,-57.4577,0.338843679734182,0.3378198793962316,0.0010238003379504119,-49.26,165.73,-51.8,-2.133652541491041,-3.4824441768822445,-9.655476920786269
1D16,A_PA1_to_C1,64,-59.05321894838989,198.7956474068054,-86.56947528206895,-47.91,166.13,-51.8,0.41938860003266143,-61.0254,198.1572,-57.3629,0.3368820053689371,0.3350926202831736,0.0017893850857634676,-47.91,166.13,-51.8,-1.9027761497230358,-3.763752083345805,-9.705908435481824
1D16,A_PA1_to_C1,65,-57.78117418123128,199.4920086289987,-86.80442607520538,-46.56,166.51,-51.8,0.4255185788387103,-59.6439,198.6401,-57.4577,0.3348143039644898,0.3324099543093445,0.0024043496551452792,-46.56,166.51,-51.8,-2.082290463222468,-3.637713969384706,-9.759384635020158
1D16,A_PA1_to_C1,66,-56.50139772720847,200.1758074461437,-87.03422398879702,-45.2,166.89,-51.8,0.424595437418516,-58.2524,199.0918,-57.5633,0.33265562856035696,0.32984554389427506,0.0028100846660818898,-45.2,166.89,-51.8,-2.1196089381625196,-3.6565780452486187,-9.815567185824122
1D16,A_PA1_to_C1,67,-55.21390634241263,200.8467522123485,-87.25875552522025,-43.84,167.25,-51.8,0.4141631289297047,-56.3783,199.6314,-57.5633,0.3302607177517576,0.3273245873092849,0.0029361304424727164,-43.84,167.25,-51.8,-1.9662902518550807,-3.872655846162009,-9.878326300430073
1D16,A_PA1_to_C1,68,-53.9187252008448,201.50454957328992,-87.47790625334092,-42.48,167.6,-51.8,0.39722168771001215,-55.4136,199.8017,-57.3629,0.3276685339747616,0.3248904736291993,0.002778060345562279,-42.48,167.6,-51.8,-1.6719642847055138,-4.235425460260566,-9.946769947379064
1D16,A_PA1_to_C1,69,-52.61588688166932,202.14890215357067,-87.69156066867265,-41.12,167.94,-51.8,0.4156751437343834,-53.5579,200.4076,-57.5633,0.3248986590809306,0.3225418558751,0.0023568032058305702,-41.12,167.94,-51.8,-2.1401227339631803,-3.841003393652047,-10.020506330028212
1D16,A_PA1_to_C1,70,-51.305433226217545,202.77951170494575,-87.89960339828632,-39.75,168.27,-51.8,0.40709685999978407,-51.6624,200.8672,-57.4577,0.3221424966111873,0.32026318413204946,0.0018793124791378398,-39.75,168.27,-51.8,-2.0329946492263042,-4.0221294540028305,-10.094504305642118
1D16,A_PA1_to_C1,71,-49.98700076908163,203.3952860211952,-88.10159506690974,-38.38,168.59,-51.8,0.3883275484503786,-50.7268,201.144,-57.5633,0.31988225147101707,0.3180731240908751,0.0018091273801419286,-38.38,168.59,-51.8,-1.6841611386359472,-4.432120485415645,-10.155661826464577
1D16,A_PA1_to_C1,72,-48.66072424070704,203.99600512794527,-88.29745317406535,-37.0,168.89,-51.8,0.4056168084519157,-48.825,201.5768,-57.4577,0.31755628139299386,0.3159152924280415,0.0016409889649523378,-37.0,168.89,-51.8,-2.1259047169741425,-4.053765635635484,-10.21905055502261
1D16,A_PA1_to_C1,73,-47.32700018966312,204.58196768582224,-88.48730791743925,-35.63,169.19,-51.8,0.4015603496447627,-46.9279,202.0275,-57.4577,0.3152910853608439,0.31389440099868526,0.0013966843621586096,-35.63,169.19,-51.8,-2.1007826432843415,-4.141068032113613,-10.281230877810938
1D16,A_PA1_to_C1,74,-45.985910393316935,205.15286772437383,-88.67104090949582,-34.25,169.47,-51.8,0.40377355461011116,-45.5105,202.3898,-57.5633,0.31400235044797475,0.311900659484195,0.0021016909637797637,-34.25,169.47,-51.8,-2.1840994437819363,-4.0933270829999575,-10.316806729194878
1D16,A_PA1_to_C1,75,-44.63754649554768,205.7083984412187,-88.84853507484068,-32.87,169.75,-51.8,0.39662369669619907,-44.0619,202.612,-57.3629,0.31272008388166506,0.3100272747966658,0.002692809084999243,-32.87,169.75,-51.8,-2.0644576820980816,-4.248511345837286,-10.35234923034835
1D16,A_PA1_to_C1,76,-43.28201139690344,206.24825580764937,-89.01967349375997,-31.49,170.01,-51.8,0.3952793667016784,-42.1553,203.0178,-57.3629,0.3112104984006055,0.3081935234866652,0.0030169749139403014,-31.49,170.01,-51.8,-2.076998119695288,-4.278001604749039,-10.394379926857312
1D16,A_PA1_to_C1,77,-41.919417359232085,206.77213383026503,-89.18434026853464,-30.1,170.26,-51.8,0.396179617162509,-40.7346,203.3687,-57.4577,0.30945771957846796,0.3064257809050127,0.003031938673455227,-30.1,170.26,-51.8,-2.145816142596751,-4.258241946494818,-10.443438291504552
1D16,A_PA1_to_C1,78,-40.54939109286912,207.2785156165476,-89.34193078350054,-28.71,170.5,-51.8,0.39042695443015274,-39.3068,203.6875,-57.5633,0.30744004345750214,0.30474342576311764,0.0026966176943845114,-28.71,170.5,-51.8,-2.075587203124851,-4.3852886462313405,-10.500256051769178
1D16,A_PA1_to_C1,79,-39.17222385924912,207.7673671887726,-89.49243903545896,-27.33,170.73,-51.8,0.39108609908636455,-37.3836,204.0123,-57.4577,0.3052513541621631,0.30315614649059386,0.0020952076715692438,-27.33,170.73,-51.8,-2.1522956050102984,-4.370636916305176,-10.562312723728457
1D16,A_PA1_to_C1,80,-37.78842126078582,208.2392299301881,-89.63609218903564,-25.94,170.94,-51.8,0.39075251245031867,-35.9507,204.3075,-57.5633,0.30294134502991343,0.30159545202195465,0.0013458930079587798,-25.94,170.94,-51.8,-2.210864596142975,-4.378048923945883,-10.628293722501843
1D16,A_PA1_to_C1,81,-36.398144323079634,208.69380836243155,-89.7727800705817,-24.54,171.15,-51.8,0.38288195381869405,-34.0285,204.6369,-57.5633,0.3016881406444581,0.30013710413730665,0.0015510365071514228,-24.54,171.15,-51.8,-2.0701331809212586,-4.554786557294836,-10.66429994062908
1D16,A_PA1_to_C1,82,-35.001565987997985,209.13081320906835,-89.90239448340782,-23.15,171.34,-51.8,0.3869815315021127,-32.5849,204.8721,-57.5633,0.3004135331415904,0.29872883617975804,0.0016846969618323632,-23.15,171.34,-51.8,-2.199414919906544,-4.462279725677536,-10.701074847997065
1D16,A_PA1_to_C1,83,-33.59882471196269,209.5498193112597,-90.02477205237446,-21.75,171.53,-51.8,0.3826709326194116,-31.1251,205.0018,-57.3629,0.2997058477680718,0.2974219203899059,0.0022839273781658817,-21.75,171.53,-51.8,-2.1226051592913673,-4.559575009999154,-10.721560371703504
1D16,A_PA1_to_C1,84,-32.18939736157059,209.9482143116595,-90.1388748450846,-20.36,171.7,-51.8,0.3802569567359576,-29.205,205.3446,-57.4577,0.29920113874328635,0.2961775794075492,0.0030235593357371467,-20.36,171.7,-51.8,-2.082278520883337,-4.6145411434376875,-10.736199866734008
1D16,A_PA1_to_C1,85,-30.77429878000518,210.328098954824,-90.24555516389712,-18.96,171.86,-51.8,0.3814641287492624,-27.7485,205.4868,-57.3629,0.29845464769902713,0.2949961683868223,0.003458479312204806,-18.96,171.86,-51.8,-2.1315071733757183,-4.587010405849341,-10.757897781638041
1D16,A_PA1_to_C1,86,-29.353752174889728,210.6892116692296,-90.34471752312658,-17.56,172.01,-51.8,0.37931561106007494,-26.3113,205.7732,-57.5633,0.2974315424409294,0.293888545863124,0.0035429965778053752,-17.56,172.01,-51.8,-2.1122738705920057,-4.636070169589174,-10.787724242594162
1D16,A_PA1_to_C1,87,-27.927991414838672,211.031298188544,-90.4362692640794,-16.16,172.14,-51.8,0.37720116974642476,-24.3644,205.9161,-57.3629,0.2960766137352033,0.29281798933205117,0.003258624403152112,-16.16,172.14,-51.8,-2.1033785166246326,-4.684623888915366,-10.827382607952982
1D16,A_PA1_to_C1,88,-26.49708986336301,211.3533998370832,-90.5198371965285,-14.76,172.27,-51.8,0.37828610141902236,-22.9185,206.1421,-57.4577,0.29447716107106026,0.2918602409618696,0.0026169201091906817,-14.76,172.27,-51.8,-2.1753753518927166,-4.659676802152227,-10.874432356457929
1D16,A_PA1_to_C1,89,-25.060970741497925,211.65367905566976,-90.594698687592,-13.36,172.38,-51.8,0.37366895252668725,-21.4684,206.3355,-57.5633,0.29277925308678043,0.2909509301579131,0.0018283229288673136,-13.36,172.38,-51.8,-2.1189343218833914,-4.766344214048062,-10.924658738344437
1D16,A_PA1_to_C1,90,-23.62047023416736,211.93414305010464,-90.6616657715752,-11.95,172.49,-51.8,0.375367275292324,-19.5186,206.4325,-57.3629,0.2915851903017126,0.29013889268676085,0.001446297614951746,-11.95,172.49,-51.8,-2.19381891327869,-4.726956347766938,-10.960155463458614
1D16,A_PA1_to_C1,91,-22.17586800900967,212.19458342861975,-90.72066392626355,-10.55,172.58,-51.8,0.37578113624350035,-18.0711,206.6612,-57.5633,0.29139156481310446,0.2893734066821366,0.002018158130967831,-10.55,172.58,-51.8,-2.2091599914603464,-4.717385001130329,-10.96592519500366
1D16,A_PA1_to_C1,92,-20.727453063034623,212.43480425702376,-90.77162563826468,-9.14,172.66,-51.8,0.3710710429248117,-16.12,206.7261,-57.3629,0.291741563516216,0.2886689899786039,0.003072573537612099,-9.14,172.66,-51.8,-2.089175174871463,-4.826943209021964,-10.955498586306412
1D16,A_PA1_to_C1,93,-19.27509516286899,212.65187307593305,-90.81339786387645,-7.74,172.73,-51.8,0.37499283610013817,-14.6689,206.9309,-57.5633,0.29208672742261327,0.28805979602727544,0.0040269313953378415,-7.74,172.73,-51.8,-2.1702229630937935,-4.735625086203516,-10.945228251710294
1D16,A_PA1_to_C1,94,-17.819519238473163,212.8477616926178,-90.84677561774735,-6.33,172.78,-51.8,0.37212620686795705,-13.2096,207.0294,-57.5633,0.29213340181595865,0.2874784892045414,0.004654912611417234,-6.33,172.78,-51.8,-2.1021808033963527,-4.802279383312543,-10.94384038912188
1D16,A_PA1_to_C1,95,-16.361134123678585,213.0228626326401,-90.87192424144814,-4.92,172.83,-51.8,0.37124170100946235,-11.2575,207.0483,-57.3629,0.2918858849350502,0.2870028642540211,0.004883020681029065,-4.92,172.83,-51.8,-2.088873202109784,-4.822949427890365,-10.95120283241313
1D16,A_PA1_to_C1,96,-14.90026325715754,213.17704027493127,-90.8888001372905,-3.52,172.86,-51.8,0.3716596918713024,-9.7974,207.1227,-57.3629,0.2912555415730908,0.2865721922349553,0.004683349338135497,-3.52,172.86,-51.8,-2.117425305730472,-4.813175256207364,-10.969980764350819
1D16,A_PA1_to_C1,97,-13.43703824777575,213.30785671798188,-90.89645133311062,-2.11,172.89,-51.8,0.3670152591982466,-8.3392,207.2461,-57.4577,0.2903414336260962,0.2862479937165219,0.004093439909574319,-2.11,172.89,-51.8,-2.035502082679515,-4.9224020850933,-10.997284370185799
1D16,A_PA1_to_C1,98,-11.971971855513626,213.41633410235175,-90.89529536304708,-0.7,172.9,-51.8,0.37224388010587867,-6.3906,207.3154,-57.4577,0.2893759000809483,0.28596371779358,0.003412182287368352,-0.7,172.9,-51.8,-2.187304144797002,-4.79953317740142,-11.026217524611406
1D16,A_PA1_to_C1,99,-10.505520051148409,213.5035449776888,-90.88576482916936,0.7,172.9,-51.8,0.3710734108526897,-4.9287,207.3554,-57.4577,0.2889241029809468,0.2857581475666661,0.0031659554142806586,0.7,172.9,-51.8,-2.1735212525611773,-4.826887781644949,-11.03978923661911
1D16,A_PA1_to_C1,100,-9.03802752308437,213.56942533875437,-90.86784563242011,2.11,172.89,-51.8,0.3290177896211409,-1.8554,202.4072,-52.7159,0.28945542905168437,0.2856119511863027,0.0038434778653816505,2.11,172.89,-51.8,-1.1127536150613546,-5.871696898295107,-11.023830715769446
1D16,A_PA1_to_C1,101,-7.569807923952865,213.61171415695904,-90.84065939040936,3.52,172.86,-51.8,0.3734609918037663,-1.5172,207.4454,-57.5633,0.2907536273583871,0.28551012155900646,0.005243505799380652,3.52,172.86,-51.8,-2.1744020933439883,-4.7711795815733495,-10.98496187733032
1D16,A_PA1_to_C1,102,-6.101304348598901,213.63124009584075,-90.8045463307863,4.92,172.83,-51.8,0.36759474581691964,-0.0545,207.3546,-57.3629,0.29227755944121897,0.2855274065618328,0.0067501528793862085,4.92,172.83,-51.8,-1.9914764588064815,-4.908698602085476,-10.93955526330494
1D16,A_PA1_to_C1,103,-4.63290635035838,213.62934326947368,-90.76004220259485,6.33,172.78,-51.8,0.3601714325790216,1.4079,207.4093,-57.4577,0.2936933769403603,0.28556781570730827,0.008125561233052013,6.33,172.78,-51.8,-1.7723022076834196,-5.085899240823222,-10.897581650919626
1D16,A_PA1_to_C1,104,-3.164963838314088,213.606033551836,-90.70716071871894,7.74,172.73,-51.8,0.374044048401117,3.3582,207.4238,-57.5633,0.294929072214329,0.28571142379310177,0.009217648421227248,7.74,172.73,-51.8,-2.064103284753195,-4.7576295290332125,-10.86111301619939
1D16,A_PA1_to_C1,105,-1.697943285825935,213.55919295710223,-90.64508693655804,9.14,172.66,-51.8,0.37117094547462987,5.3071,207.3461,-57.4577,0.29578965995219586,0.2859069956574643,0.009882664294731584,9.14,172.66,-51.8,-1.9718197012321257,-4.824605042922271,-10.83580494656738
1D16,A_PA1_to_C1,106,-0.2322283949211495,213.48964013175785,-90.57415246751472,10.55,172.58,-51.8,0.3757610526485131,6.7701,207.3403,-57.5633,0.29633172266036933,0.28616663923611224,0.01016508342425707,10.55,172.58,-51.8,-2.0626723618892977,-4.717849230264007,-10.819901794566288
1D16,A_PA1_to_C1,107,1.2318954371084,213.3988401321371,-90.494939805427,11.95,172.49,-51.8,0.36809459979977366,8.7149,207.1711,-57.3629,0.29672346193843246,0.2865020649544608,0.010221396983971691,11.95,172.49,-51.8,-1.8721511747072226,-4.896895584346606,-10.808426961466813
1D16,A_PA1_to_C1,108,2.6940895608745743,213.2868762750944,-90.40749239818872,13.36,172.38,-51.8,0.3754654624980395,10.1783,207.1638,-57.4577,0.29722072390062126,0.2868592484467188,0.010361475453902487,13.36,172.38,-51.8,-2.029818132820863,-4.724684621469851,-10.793882956703696
1D16,A_PA1_to_C1,109,4.153793231843601,213.15203258624496,-90.31115359116733,14.76,172.27,-51.8,0.3768705760107311,11.6386,207.0868,-57.4577,0.2983311969199234,0.2873365370790548,0.010994659840868578,14.76,172.27,-51.8,-2.029871218163584,-4.692239877455979,-10.761491298032546
1D16,A_PA1_to_C1,110,5.610639042819751,212.9946945263486,-90.20608538842838,16.16,172.14,-51.8,0.3749117962499952,13.5849,206.9681,-57.4577,0.3002610705212111,0.2878509459376413,0.012410124583569762,16.16,172.14,-51.8,-1.9286015330149675,-4.7375024001098485,-10.7054841355378
1D16,A_PA1_to_C1,111,7.064485336711198,212.81660122945664,-90.09297442379186,17.56,172.01,-51.8,0.37961886501118947,15.0438,206.867,-57.4577,0.3030811163727634,0.2884666013982241,0.014614514974539309,17.56,172.01,-51.8,-1.9557781624018595,-4.62912877853389,-10.624287143348734
1D16,A_PA1_to_C1,112,8.51502038884186,212.61790787921868,-89.97189010856013,18.96,171.86,-51.8,0.3787059029329114,16.5019,206.7556,-57.4577,0.3065472177846435,0.28911138114425816,0.017435836640385356,18.96,171.86,-51.8,-1.836093914750473,-4.650043014813992,-10.525517131977448
1D16,A_PA1_to_C1,113,9.961751170364485,212.3978116720477,-89.84253296538209,20.36,171.7,-51.8,0.38139391282691426,18.4481,206.6279,-57.5633,0.31046857493816843,0.2898260721545392,0.020642502783629234,20.36,171.7,-51.8,-1.7871221807668105,-4.588609360624238,-10.415111743804033
1D16,A_PA1_to_C1,114,11.404091829012076,212.15529861284764,-89.70452284322879,21.75,171.53,-51.8,0.3710100587210277,20.3803,206.3491,-57.3629,0.3144186727934852,0.2906249204506565,0.023793752342828635,21.75,171.53,-51.8,-1.4375470819372351,-4.828370821350994,-10.305298105701212
1D16,A_PA1_to_C1,115,12.842164013141216,211.89280589036773,-89.55881087418322,23.15,171.34,-51.8,0.38117712650016955,21.8409,206.2592,-57.4577,0.31821560908961205,0.2914409207605915,0.026774688329020534,23.15,171.34,-51.8,-1.568107059828607,-4.593547870121093,-10.201035132362684
1D16,A_PA1_to_C1,116,14.27569473601576,211.61054562237044,-89.40548865092514,24.54,171.15,-51.8,0.3872913210625108,23.2988,206.1366,-57.5633,0.3216751151756062,0.2923670113629018,0.029308103812704434,24.54,171.15,-51.8,-1.612405994375389,-4.455329209287058,-10.107115406075431
1D16,A_PA1_to_C1,117,15.704420609000886,211.30873996345576,-89.24465069119623,25.94,170.94,-51.8,0.3842491391340815,24.7401,205.8712,-57.3629,0.32469753513224336,0.29331013167346925,0.03138740345877411,25.94,170.94,-51.8,-1.4626782279151436,-4.5238264425340855,-10.025884872862214
1D16,A_PA1_to_C1,118,17.127467061117866,210.9853888030928,-89.07554022675586,27.33,170.73,-51.8,0.3885764462827324,26.6743,205.6292,-57.3629,0.3271300151240749,0.2943745617920367,0.03275545333203822,27.33,170.73,-51.8,-1.4951215680105658,-4.4265550637120645,-9.961056834135615
1D16,A_PA1_to_C1,119,18.54500242105926,210.64245975846785,-88.89892252982663,28.71,170.5,-51.8,0.3912059423844725,28.1315,205.4947,-57.4577,0.3288360859064105,0.29547546306509676,0.033360622841313727,28.71,170.5,-51.8,-1.5085194569751157,-4.367975645030031,-9.91587530441813
1D16,A_PA1_to_C1,120,19.95695951902884,210.28081088695933,-88.71513602499982,30.1,170.26,-51.8,0.39038287954574413,30.062,205.2207,-57.4577,0.3298648327024035,0.2966286507531587,0.03323618194924483,30.1,170.26,-51.8,-1.4630949169815808,-4.386269242441921,-9.888744361836487
1D16,A_PA1_to_C1,121,21.36312255140996,209.9007043348374,-88.52429015015632,31.49,170.01,-51.8,0.3964652570234169,31.5138,205.0398,-57.5633,0.3302015652060162,0.2978434767969316,0.03235808840908455,31.49,170.01,-51.8,-1.5885201549236936,-4.251981800252091,-9.879882157588769
1D16,A_PA1_to_C1,122,22.763287163308185,209.50241116711732,-88.32649553713337,32.87,169.75,-51.8,0.3923519676682952,32.9433,204.7171,-57.3629,0.32993840379106637,0.2991300397222249,0.030808364068841486,32.87,169.75,-51.8,-1.504859319315373,-4.342567806992856,-9.886807328721211
1D16,A_PA1_to_C1,123,24.15657910066909,209.08432508444196,-88.12115160875746,34.25,169.47,-51.8,0.3447251091952115,34.491,200.1733,-53.9487,0.32909393272426607,0.30044762430704347,0.02864630841722259,34.25,169.47,-51.8,-0.4030608450813795,-5.466626149512152,-9.909067197006515
1D16,A_PA1_to_C1,124,25.543293466436644,208.6482072407228,-87.90893755362836,35.63,169.19,-51.8,0.39825098115796126,36.3065,204.1466,-57.3629,0.32783725558489585,0.3018670901382257,0.025970165446670145,35.63,169.19,-51.8,-1.689970979137954,-4.212947417623769,-9.942298599174709
1D16,A_PA1_to_C1,125,26.92344255045924,208.19485717158383,-87.69016649807516,37.0,168.89,-51.8,0.3775092247404922,38.7029,203.7052,-57.3629,0.3263090279389089,0.3033162026092189,0.02299282532969005,37.0,168.89,-51.8,-1.2659695783921243,-4.677533137683981,-9.98288291848909
1D16,A_PA1_to_C1,126,28.296872416348656,207.724568192602,-87.46495907252391,38.38,168.59,-51.8,0.3944388461850284,40.1381,203.4269,-57.3629,0.32455458928063396,0.30485517583870714,0.019699413441926817,38.38,168.59,-51.8,-1.693838503805614,-4.296490911653064,-10.029709617871664
1D16,A_PA1_to_C1,127,29.663439688942976,207.23763640733537,-87.2334345109946,39.75,168.27,-51.8,0.405173850549649,41.5833,203.1967,-57.4577,0.3228452961411752,0.3064225990795209,0.0164226970616543,39.75,168.27,-51.8,-1.972938912341026,-4.063256331645543,-10.075575446399554
1D16,A_PA1_to_C1,128,31.023012683729167,206.73436170913817,-86.99571479085466,41.12,167.94,-51.8,0.4111852631030567,43.0225,202.9341,-57.5633,0.32131650300499265,0.30804897977311274,0.013267523231879925,41.12,167.94,-51.8,-2.1420901877779497,-3.935333683580031,-10.116804073770965
1D16,A_PA1_to_C1,129,32.37470356525212,206.2133764793259,-86.75128976688967,42.48,167.6,-51.8,0.4092303440659251,44.4522,202.6253,-57.5633,0.320244479202865,0.30975292982261,0.010491549380254974,42.48,167.6,-51.8,-2.1297235448784244,-3.97672793058623,-10.14583167787764
1D16,A_PA1_to_C1,130,33.719101063085496,205.67660809481976,-86.50089817554122,43.84,167.25,-51.8,0.4142740964837037,46.3468,202.1618,-57.4577,0.31976025660476753,0.3115144101231524,0.008245846481615113,43.84,167.25,-51.8,-2.249265900739734,-3.870328930123863,-10.15897503327658
1D16,A_PA1_to_C1,131,35.05617762104751,205.12451340531013,-86.24471920298933,45.2,166.89,-51.8,0.4143952846338276,47.7794,201.8655,-57.5633,0.3201194306270353,0.31333268591063457,0.00678674471640074,45.2,166.89,-51.8,-2.2420553838623816,-3.8677884068973336,-10.149223993172697
1D16,A_PA1_to_C1,132,36.38584781708681,204.55739637263824,-85.98287507018212,46.56,166.51,-51.8,0.4052596663043459,49.2015,201.5231,-57.5633,0.3213734911601415,0.31516314767757697,0.006210343482564559,46.56,166.51,-51.8,-2.014466636713131,-4.061416856446679,-10.115263695572793
1D16,A_PA1_to_C1,133,37.70803641502904,203.97556182960767,-85.71548684828234,47.91,166.13,-51.8,0.41697022087899166,51.542,200.8368,-57.3629,0.3233669854009235,0.31710464867108257,0.0062623367298409675,47.91,166.13,-51.8,-2.2081872351994414,-3.813983712284623,-10.061551149897047
1D16,A_PA1_to_C1,134,39.02267691114972,203.37931197772247,-85.44267500237241,49.26,165.73,-51.8,0.42121542336781087,52.9567,200.4679,-57.3629,0.3255678448223901,0.3190564016329563,0.00651144318943382,49.26,165.73,-51.8,-2.237255209302323,-3.7259992046630357,-10.002634616378343
1D16,A_PA1_to_C1,135,40.32971261578653,202.76894899163807,-85.16455939825487,50.61,165.33,-51.8,0.4223684741173726,54.8643,200.0534,-57.5633,0.3277546555550599,0.3211077212026283,0.0066469343524316,50.61,165.33,-51.8,-2.2028525078577736,-3.702254612513443,-9.944487322784202
1D16,A_PA1_to_C1,136,41.62902929258818,202.1446564938012,-84.8812160005424,51.96,164.91,-51.8,0.417325765124638,56.7323,199.4925,-57.4577,0.32967498601568207,0.3231676909042599,0.00650729511142215,51.96,164.91,-51.8,-2.0477840370303397,-3.8065805404657596,-9.893744779909085
1D16,A_PA1_to_C1,137,42.92008254787703,201.5058761804476,-84.59244212770967,53.3,164.48,-51.8,0.42810241477545313,58.1477,199.1224,-57.5633,0.3313599729740852,0.32529794361228676,0.006062029361798461,53.3,164.48,-51.8,-2.224952628317678,-3.5851309553777226,-9.849463786108384
1D16,A_PA1_to_C1,138,44.20344095580125,200.8539741852588,-84.29875593198065,54.63,164.04,-51.8,0.42558638608090504,59.5688,198.5181,-57.2837,0.33283080124718034,0.3274922800749804,0.00533852117219997,54.63,164.04,-51.8,-2.1352843304952303,-3.6363299656533528,-9.810994498561566
1D16,A_PA1_to_C1,139,45.479083879422326,200.1892406876478,-84.00027201496113,55.97,163.59,-51.8,0.4306709638753723,61.4044,198.1022,-57.4577,0.33407855935397324,0.3297239379219647,0.004354621432008546,55.97,163.59,-51.8,-2.205939762832983,-3.53317265975729,-9.778492625003256
1D16,A_PA1_to_C1,140,46.74699928704412,199.5119648380151,-83.69710381974916,57.3,163.13,-51.8,0.43026405055886985,63.2457,197.4587,-57.3629,0.33525804922636016,0.33201887539030756,0.003239173836052583,57.3,163.13,-51.8,-2.1671169552177676,-3.5413832781276096,-9.747880435758361
1D16,A_PA1_to_C1,141,48.007181537454464,198.82243129729403,-83.3893624432826,58.62,162.66,-51.8,0.428624631170198,65.1294,196.946,-57.5633,0.3369986743237712,0.33437711355920824,0.0026215607645629305,58.62,162.66,-51.8,-2.08897863911219,-3.5745420179671914,-9.702900859492365
1D16,A_PA1_to_C1,142,49.25963216287593,198.12092114404783,-83.07715879174981,59.94,162.18,-51.8,0.4350334292164807,66.5162,196.4813,-57.5633,0.33869396811520663,0.3367838557005874,0.0019101124146192723,59.94,162.18,-51.8,-2.174303368301941,-3.4456318928453076,-9.659315463560231
1D16,A_PA1_to_C1,143,50.504359087927725,197.4077115489707,-82.76060183738355,61.26,161.68,-51.8,0.43511593176611557,68.3602,195.8464,-57.5633,0.3403508242256133,0.3391862513522134,0.0011645728733999101,61.26,161.68,-51.8,-2.1335635720453228,-3.443984800805096,-9.616928575263401
1D16,A_PA1_to_C1,144,51.74137630049833,196.68307631020824,-82.4397969481123,62.58,161.18,-51.8,0.43412785607350873,70.1981,195.1941,-57.5633,0.34351552613738245,0.34168538684066335,0.0018301392967190952,62.58,161.18,-51.8,-2.033425650291554,-3.4637314362979623,-9.5365372890025
1D16,A_PA1_to_C1,145,52.97070413149112,195.9472847727104,-82.11485016116147,63.89,160.66,-51.8,0.4322153143367378,72.017,194.49,-57.4577,0.3466718759284932,0.3441918785648122,0.0024799973636809593,63.89,160.66,-51.8,-1.9156308055154714,-3.5020814897356938,-9.457092497664148
1D16,A_PA1_to_C1,146,54.19236807897806,195.20060217646076,-81.78586373787523,65.19,160.14,-51.8,0.4307410433915801,73.8419,193.8034,-57.4577,0.34973443106553964,0.34681131594038184,0.0029231151251577856,65.19,160.14,-51.8,-1.8095573074101392,-3.5317593919136154,-9.380696901736737
1D16,A_PA1_to_C1,147,55.40639861693578,194.44328844032668,-81.45293907592712,66.49,159.6,-51.8,0.4305438544437435,75.1848,193.2218,-57.3629,0.352939330779388,0.3494189451826442,0.003520385596743802,66.49,159.6,-51.8,-1.7263467328868312,-3.5357366158797743,-9.30146355117959
1D16,A_PA1_to_C1,148,56.61283103800743,193.6755986866025,-81.11617586847466,67.79,159.06,-51.8,0.43235552127145566,77.0336,192.5949,-57.5633,0.3561875037862282,0.3521222102841272,0.004065293502100983,67.79,159.06,-51.8,-1.6832466089009075,-3.499264318667761,-9.221891129981653
1D16,A_PA1_to_C1,149,57.811705742301854,192.89778461982107,-80.77567078527012,69.08,158.5,-51.8,0.4276245195919776,78.8038,191.772,-57.3629,0.3590115783648207,0.3548265100317054,0.004185068333115305,69.08,158.5,-51.8,-1.51908288397685,-3.5948325204145632,-9.153295606804395
1D16,A_PA1_to_C1,150,59.0030673546265,192.1100930008785,-80.431518605454,70.37,157.93,-51.8,0.42696394732328996,81.0893,190.9201,-57.5633,0.3614114068571814,0.35756767405733775,0.0038437327998436656,70.37,157.93,-51.8,-1.4477869855361047,-3.6082604080789467,-9.095427596028037
1D16,A_PA1_to_C1,151,60.18696445293098,191.3127651870468,-80.0838131635974,71.65,157.35,-51.8,0.42479259915000417,82.8655,190.1144,-57.4577,0.3634260374827811,0.3603630313610209,0.003063006121760169,71.65,157.35,-51.8,-1.3552180568018963,-3.652545671356866,-9.047143930571748
1D16,A_PA1_to_C1,152,61.363448392895926,190.5060368241799,-79.73264497029759,72.93,156.77,-51.8,0.42217077631174477,84.6488,189.3258,-57.4577,0.3651581804425512,0.363251883941711,0.001906296500840259,72.93,156.77,-51.8,-1.2601426547805705,-3.7063211644276715,-9.005844021621227
1D16,A_PA1_to_C1,153,62.53257525076112,189.69013986366625,-79.37810395588245,74.2,156.17,-51.8,0.4172195705634692,86.3998,188.4665,-57.3629,0.36687614304705685,0.36613391468897327,0.0007422283580835541,74.2,156.17,-51.8,-1.116904000792359,-3.80879107164725,-8.965075274852595
1D16,A_PA1_to_C1,154,63.69440350185478,188.86530081635576,-79.02027652704841,75.47,155.56,-51.8,0.4139558578626137,88.6336,187.4905,-57.4577,0.3705833022463274,0.3690459120717737,0.001537390174553756,75.47,155.56,-51.8,-0.961363713515892,-3.877003853345093,-8.87774776927397
1D16,A_PA1_to_C1,155,64.8489950311793,188.0317417660356,-78.65924735945033,76.73999999999998,154.94,-51.8,0.40894642788828117,90.3919,186.6477,-57.4577,0.37511987866010066,0.3719851238246232,0.003134754835477468,76.73999999999998,154.94,-51.8,-0.7499267953787746,-3.982756125883371,-8.772063123675128
1D16,A_PA1_to_C1,156,65.99641377848022,187.18967854614155,-78.29510006010506,77.98999999999998,154.31,-51.8,0.4033214759080532,92.1386,185.8455,-57.6744,0.37957471100494156,0.3749946382687668,0.004580072736174803,77.98999999999998,154.31,-51.8,-0.5270815545272821,-4.103057550853136,-8.669519307793403
1D16,A_PA1_to_C1,157,67.13672726207854,186.3393236804872,-77.92791593936606,79.25,153.67,-51.8,0.394403326629171,91.618,181.256,-53.9487,0.3837488401403487,0.37800459040829193,0.005744249732056757,79.25,153.67,-51.8,-0.2378698704608968,-4.297273118672443,-8.574523191546323
1D16,A_PA1_to_C1,158,68.27000362544098,185.4808832655693,-77.55777279708339,80.5,153.02,-51.8,0.39496591371481293,92.869,180.6172,-53.9487,0.3874849456532727,0.3810585739717362,0.00642637168153648,80.5,153.02,-51.8,-0.16609565250088149,-4.284892169642984,-8.49036802455685
1D16,A_PA1_to_C1,159,69.3963146922312,184.6145597302445,-77.1847486605872,81.73999999999998,152.36,-51.8,0.3865723582160284,97.9409,181.3465,-56.4586,0.3906906805216847,0.38415560618003325,0.006535074341651467,81.73999999999998,152.36,-51.8,0.09204510188124669,-4.47146857311137,-8.418803673643108
1D16,A_PA1_to_C1,160,70.51573242914215,183.74054930316348,-76.80891769989609,82.98,151.69,-51.8,0.3901106259763139,99.0374,180.3873,-56.6533,0.3932839223943448,0.3872683030463898,0.0060156193479549746,82.98,151.69,-51.8,0.07036825386894496,-4.39232890735091,-8.36134085589495
1D16,A_PA1_to_C1,161,71.62833176385743,182.8590444248774,-76.43035371243633,84.20999999999998,151.01,-51.8,0.38914865320375996,100.4878,179.0783,-56.6533,0.39530840381751864,0.3904201106584128,0.004888293159105818,84.20999999999998,151.01,-51.8,0.13641030624839778,-4.413773871318316,-8.316743767482903
1D16,A_PA1_to_C1,162,72.73418891237762,181.9702330772119,-76.04912746341594,85.43,150.32,-51.8,0.38815492510634636,101.8719,177.7932,-56.6533,0.39688258836431867,0.393609784905863,0.00327280345845567,85.43,150.32,-51.8,0.19313890618883267,-4.435982484600382,-8.282223780824534
1D16,A_PA1_to_C1,163,73.83338034769403,181.07429724503453,-75.66530789168684,86.65,149.62,-51.8,0.38740854039699646,103.2349,176.4858,-56.6857,0.39845125439860796,0.39680683696693136,0.0016444174316765858,86.65,149.62,-51.8,0.24412015839823065,-4.452700696591466,-8.247960740606219
1D16,A_PA1_to_C1,164,74.92598411421237,180.1714145158533,-75.27896292817486,87.87,148.91,-51.8,0.3858795125058764,104.6317,175.1198,-56.6533,0.40248351813830174,0.40000686593627216,0.0024766522020295586,87.87,148.91,-51.8,0.3659275868066559,-4.487050082371751,-8.160502697978078
1D16,A_PA1_to_C1,165,76.01207975140402,179.2617589762031,-74.89015774945686,89.08,148.19,-51.8,0.38477611618288277,106.0966,173.6374,-56.6533,0.4081820355063631,0.40323643460249553,0.004945600903867573,89.08,148.19,-51.8,0.5129156078092519,-4.51192237261574,-8.038386967219473
1D16,A_PA1_to_C1,166,77.09174762221413,178.34549973922313,-74.49895691208107,90.28,147.46,-51.8,0.38367168314528854,107.4044,172.2747,-56.6533,0.41401808846801585,0.4064938151387578,0.007524273329258033,90.28,147.46,-51.8,0.6611913712946036,-4.536889559952913,-7.915078391071292
1D16,A_PA1_to_C1,167,78.16506757020038,177.42280052578397,-74.10542222749868,91.48,146.72,-51.8,0.3824104409344125,108.693,170.894,-56.6533,0.4196339286281797,0.4097437869282724,0.00989014169990733,91.48,146.72,-51.8,0.8068170725988602,-4.565489680498726,-7.798052810312849
1D16,A_PA1_to_C1,168,79.23212000205737,176.49382133220942,-73.70961251769542,92.67,145.97,-51.8,0.39659875277063167,111.7651,167.2645,-71.3553,0.42479473544923096,0.4130163103240162,0.011778425125214745,92.67,145.97,-51.8,0.5965556345615939,-4.24905762433668,-7.691882192188069
1D16,A_PA1_to_C1,169,80.2922457066076,175.5579947426321,-73.31132774143597,93.86,145.21,-51.8,0.4203403580212283,111.6825,167.4865,-68.9893,0.42924100969670037,0.41627761797593776,0.012963391720762593,93.86000000000001,145.21,-51.8,0.18200235959502267,-3.7440627102177713,-7.601440553035731
1D16,A_PA1_to_C1,170,81.34621913040817,174.61616876514668,-72.91087417856407,95.03,144.44,-51.8,0.4253790881479785,111.7651,167.2645,-65.6768,0.432857090376181,0.4195904668818294,0.013266623494351584,95.03,144.44,-51.8,0.15136799757274907,-3.6405617871731333,-7.528573992013369
1D16,A_PA1_to_C1,171,82.39413102461414,173.66849982189953,-72.50831209760779,96.21,143.66,-51.8,0.3869491655809804,93.35,142.8761,-59.792,0.43544635678974225,0.42284231080455076,0.01260404598519148,96.21,143.66,-51.8,1.0256149369508747,-4.463006216615842,-7.4767714820779485
1D16,A_PA1_to_C1,172,83.43606417922192,172.71513292392234,-72.10369582975609,97.37,142.87,-51.8,0.3777627379169799,95.8396,141.9615,-57.7226,0.43715849150740144,0.4261413991475802,0.011017092359821219,97.37,142.87,-51.8,1.2683960258648816,-4.6717021584756,-7.442686335023703
1D16,A_PA1_to_C1,173,84.4721014411665,171.75620943958634,-71.69707749993427,98.53,142.08,-51.8,0.3898080101970182,95.8396,141.9615,-57.7226,0.43815538903200457,0.42949458881120356,0.008660800220801006,98.53,142.08,-51.8,1.0155479676177679,-4.399069321726705,-7.422901556521921
1D16,A_PA1_to_C1,174,85.50232556270262,170.791866357757,-71.28850885598135,99.68,141.27,-51.8,0.3934565210490727,97.842,140.3154,-59.6933,0.43928868552911576,0.43276456204982555,0.006524123479290226,99.68,141.27,-51.8,0.9570653995621176,-4.318149554400457,-7.400464357251324
1D16,A_PA1_to_C1,175,86.52681905914028,169.82223673745816,-70.87804031093589,100.83,140.45,-51.8,0.40275909899984763,97.842,140.3154,-59.6933,0.4432719635503927,0.43599059516749866,0.007281368382894078,100.83,140.45,-51.8,0.8324980579016406,-4.1151772934800155,-7.322059437991358
1D16,A_PA1_to_C1,176,87.54566407425344,168.8474505459108,-70.46571908527208,101.97,139.63,-51.8,0.40381239986764433,99.8482,138.6925,-60.6595,0.4512280931301411,0.43930250612830496,0.01192558700183617,101.97,139.63,-51.8,0.9643295995924034,-4.092491492389981,-7.16754209521056
1D16,A_PA1_to_C1,177,88.55844803780349,167.867192725398,-70.05143424762115,103.1,138.79,-51.8,0.40855155908440366,100.0162,138.9255,-59.6858,0.4619744875930886,0.4433557568591233,0.01861873073396532,101.97,139.63,-51.8,1.0674224054213741,-3.9911470630437904,-6.9631048600354
1D16,A_PA1_to_C1,178,89.56514571001105,166.8815077296887,-69.63520370616975,104.23,137.95,-51.8,0.4085935703535433,101.9714,137.2418,-60.6456,0.47421600876566705,0.4477299375023615,0.02648607126330552,103.1,138.79,-51.8,1.2936936539210009,-3.9902539407954207,-6.735940489287403
1D16,A_PA1_to_C1,179,90.56640539812672,165.89102646115222,-69.21725653762716,105.35,137.1,-51.8,0.4144416587869012,102.2702,137.6429,-58.6853,0.48733774426289184,0.45238173326712106,0.0349560109957708,104.23,137.95,-51.8,1.4073329093924694,-3.866816440627552,-6.498863733648066
1D16,A_PA1_to_C1,180,91.56230890900198,164.8958659730496,-68.79763588335707,106.46,136.24,-51.8,0.41466582544505065,104.2135,135.9491,-59.6189,0.5008295318020819,0.45697348159007656,0.04385605021200537,105.35,137.1,-51.8,1.639833697487175,-3.8621196143711405,-6.261666119296949
1D16,A_PA1_to_C1,181,92.55293700046964,163.896139665199,-68.3763832599028,107.57,135.36,-51.8,0.41370630535331,105.4255,135.4967,-57.2055,0.5144710670760693,0.4613599777923613,0.05311108928370799,106.46,136.24,-51.8,1.8933763152247884,-3.8822417045281843,-6.02824559171638
1D16,A_PA1_to_C1,182,93.5383696865723,162.89195751358884,-67.95353909558447,108.67,134.48,-51.8,0.41789770863970244,106.358,134.5301,-58.4894,0.5281138954397062,0.4656464586037931,0.06246743683591307,107.57,135.36,-51.8,2.033152093378239,-3.794684708551033,-5.800912817585778
1D16,A_PA1_to_C1,183,94.51868676017396,161.8834265470593,-67.52914318940918,109.76,133.6,-51.8,0.41840580008269546,107.3243,133.7791,-58.1668,0.5419223972798457,0.46997131590362407,0.07195108137622164,108.67,134.48,-51.8,2.2467880847508037,-3.7841305814982524,-5.576722699160433
1D16,A_PA1_to_C1,184,95.49271186178296,160.8696074210233,-67.1028632821566,110.84,132.7,-51.8,0.4229262344338753,108.7176,133.1851,-56.8832,0.5556129378332327,0.47439625106007777,0.08121668677315497,109.76,133.6,-51.8,2.370154488693958,-3.690791994310043,-5.360017708029069
1D16,A_PA1_to_C1,185,96.46170388940378,159.85160660413624,-66.67509437547085,111.92,131.79,-51.8,0.4273847625645706,108.7176,133.1851,-56.8832,0.5686152809559781,0.47843269671568006,0.09018258424029804,110.84,132.7,-51.8,2.479989848288974,-3.599703819891778,-5.15909417401579
1D16,A_PA1_to_C1,186,97.42578646563032,158.82956069145675,-66.24588697364936,112.99,130.88,-51.8,0.41863103405996877,108.7176,133.1851,-56.8832,0.5812582423773205,0.482416812864077,0.09884142951324347,111.92,131.79,-51.8,2.850754078319323,-3.7794560978034935,-4.968082221897154
1D16,A_PA1_to_C1,187,98.38503709192018,157.8035656055637,-65.81527629218839,114.05,129.95,-51.8,0.41469911470178517,111.7932,130.069,-58.2189,0.595563085901668,0.48846132842924905,0.10710175747241887,111.92,131.79,-51.8,3.1438932661358847,-3.8614223415632654,-4.756909277840364
1D16,A_PA1_to_C1,188,99.33953257020568,156.7737146908155,-65.3832963626497,115.1,129.02,-51.8,0.4112564465201237,111.7932,132.1205,-52.0261,0.6102106045674413,0.49513403923291677,0.11507656533452448,112.99,130.88,-51.8,3.427340642353344,-3.9338301331180014,-4.545869693177641
1D16,A_PA1_to_C1,189,100.28870623937988,155.7395876756556,-64.94979971852082,116.15,128.08,-51.8,0.39816679586926945,111.7932,132.1205,-52.0261,0.6239779620009731,0.5011548265705476,0.12282313543042558,114.05,129.95,-51.8,3.9020842201666586,-4.214783700415393,-4.352079682661719
1D16,A_PA1_to_C1,190,101.23243476882728,154.7011333967404,-64.5147688375107,117.19,127.13,-51.8,0.37296072511803585,111.7932,132.1205,-52.0261,0.6372540957241218,0.5070577663620415,0.13019632936208037,115.1,129.02,-51.8,4.652990697638249,-4.7828224954221,-4.1692120001968345
1D16,A_PA1_to_C1,191,102.17160842977847,153.6590922034527,-64.07846897385889,118.22,126.17,-51.8,0.3490007683854533,86.5359,146.4957,-58.1209,0.6521437075664015,0.5148709508184109,0.13727275674799058,115.1,129.02,-51.8,5.430338501213142,-5.359556843566223,-3.9685985447660634
1D16,A_PA1_to_C1,192,103.10630135656044,152.6135477256028,-63.64093019392647,119.24,125.21,-51.8,0.34860337941532105,111.7154,167.4268,-56.6533,0.6681901159511563,0.5239928144764786,0.14419730147467769,116.15,128.08,-51.8,5.65136908471346,-5.369452648005431,-3.757463765704955
1D16,A_PA1_to_C1,193,104.0365865316082,151.5645810663427,-63.20218148831107,120.25,124.23,-51.8,0.3880423234338543,93.35,142.8761,-59.792,0.683580487171905,0.5325486014732785,0.1510318856986265,117.19,127.13,-51.8,4.918211219628227,-4.438502580385386,-3.5596715631701423
1D16,A_PA1_to_C1,194,104.96171515673508,150.511645489133,-62.76203108739684,121.26,123.25,-51.8,0.3826102969034305,94.7475,140.3415,-63.4686,0.7019230498165574,0.5439950865479384,0.15792796326861905,117.19,127.13,-51.8,5.270657007213712,-4.56095143246431,-3.329674627663582
1D16,A_PA1_to_C1,195,105.88177918168331,149.45485205613636,-62.320520446667565,122.26,122.26,-51.8,0.39585840859508414,95.8396,141.9615,-57.7226,0.7206815205108692,0.5557637423993989,0.16491777811147032,118.22,126.17,-51.8,5.204070235078936,-4.265287018144601,-3.1005969854786493
1D16,A_PA1_to_C1,196,106.79762797996236,148.3948745970604,-61.877887560531605,123.25,121.26,-51.8,0.38275668012542,95.8396,141.9615,-57.7226,0.7412428925219608,0.5691080278503444,0.17213486467161646,118.22,126.17,-51.8,5.740755261685476,-4.557628925576164,-2.856253866303673
1D16,A_PA1_to_C1,197,107.70933131348907,147.33178524017583,-61.43415856706641,124.23,120.25,-51.8,0.3859055656508743,98.3242,142.4407,-51.7933,0.7646720878958029,0.5849578293828379,0.17971425851296494,119.24,125.21,-51.8,5.939883913774933,-4.486463663305958,-2.585959951944009
1D16,A_PA1_to_C1,198,108.616958,146.265654,-60.989359,125.21,119.24,-51.8,0.4141422635598435,98.0625,140.6317,-57.6851,0.7884781562019804,0.6006895993565133,0.18778855684546705,119.24,125.21,-51.8,5.592802267470399,-3.8730934487698225,-2.319671383712407
1D16,B_PA2_to_C2,0,-111.344089,143.730347,-72.942256,-123.81,161.25,-51.8,0.5482318835517029,-91.6731,130.9366,-67.102,0.7492524446213957,0.5449108688155605,0.20434157580583523,-123.81,161.25,-51.8,2.713277587744052,-0.44221406647887385,0.0
1D16,B_PA2_to_C2,1,-110.38386537861794,143.92504987544245,-73.40755896180973,-122.74,162.07,-51.8,0.5407447255609686,-114.1715,126.1747,-56.3801,0.6614452256017176,0.5333849515405866,0.12806027406113096,-122.74,162.07,-51.8,1.750031879937387,-0.5616540107700765,-1.0826856520978678
1D16,B_PA2_to_C2,2,-109.4218299609588,144.1185327097424,-73.86961573883003,-121.66,162.88,-51.8,0.5585590800475878,-114.5295,123.7529,-62.6195,0.5346581180038102,0.5224126573479798,0.012245460655830381,-121.66,162.88,-51.8,-0.37985901690675555,-0.28011752733130435,-2.931040065503237
1D16,B_PA2_to_C2,3,-108.45798450643372,144.31078641668583,-74.32840069786123,-120.57,163.68,-51.8,0.5419977288920902,-111.7001,126.2781,-61.4261,0.5419374608260041,0.5119623000833516,0.029975160742652506,-120.57,163.68,-51.8,-0.0009658912751027324,-0.5415505162336594,-2.813579928773939
1D16,B_PA2_to_C2,4,-107.49233079569572,144.50179958697743,-74.78388860572728,-119.48,164.48,-51.8,0.5737807658263414,-110.4037,127.6966,-59.9325,0.5062976828059502,0.5018527359461767,0.004444946859773519,-119.48,164.48,-51.8,-1.0868009215305903,-0.04658013471835482,-3.4044445775141234
1D16,B_PA2_to_C2,5,-106.5248704079047,144.69156262453677,-75.23605239698662,-118.39,165.27,-51.8,0.5649077357741368,-108.6863,128.63,-60.0342,0.5093039923378407,0.49216491289919106,0.017139079438649712,-118.39,165.27,-51.8,-0.9000088281610695,-0.18194941199722967,-3.3530217614234776
1D16,B_PA2_to_C2,6,-105.55560598576687,144.8800661623952,-75.684866540274,-117.29,166.06,-51.8,0.5593197576001248,-107.2353,129.8713,-58.4965,0.49126205264372447,0.4828393934880172,0.008422659155707285,-117.29,166.06,-51.8,-1.126938845021915,-0.26829663571272694,-3.6662990019998203
1D16,B_PA2_to_C2,7,-104.58453988214106,145.06729927392988,-76.1303048784166,-116.18,166.83,-51.8,0.5768660661369449,-106.546,129.0361,-61.7293,0.4825470292929325,0.47402884864838796,0.008518180644544507,-116.18,166.83,-51.8,-1.5507069246727263,0.0,-3.8217704459379034
1D16,B_PA2_to_C2,8,-103.61167478761368,145.25325172348178,-76.57234104120653,-115.07,167.6,-51.8,0.5622342995647411,-105.1942,130.3797,-60.2227,0.476800531316361,0.46549037387186454,0.011310157444496484,-115.07,167.6,-51.8,-1.4316121177610133,-0.22315311958156933,-3.92582875860776
1D16,B_PA2_to_C2,9,-102.63701375124135,145.4379140468565,-77.01094843943008,-113.95,168.36,-51.8,0.5704001155273287,-104.2906,129.2594,-63.3034,0.45965712381463586,0.4573362288764225,0.0023208949382133317,-113.95,168.36,-51.8,-1.8749121911610935,-0.09790775490428132,-4.243883467330552
1D16,B_PA2_to_C2,10,-101.6605600506468,145.62127561992435,-77.4461008038966,-112.83,169.12,-51.8,0.5547347920347604,-103.0199,130.6857,-61.8944,0.457703511986987,0.4494273179339861,0.008276194053000894,-112.83,169.12,-51.8,-1.6700232029122362,-0.33979175192239874,-4.2808784760998115
1D16,B_PA2_to_C2,11,-100.68231730915193,145.80332558276277,-77.877772044352,-111.7,169.86,-51.8,0.5439498059576232,-103.6081,125.4782,-67.5271,0.45019315182834446,0.44194477299667173,0.008248378831672712,-111.7,169.86,-51.8,-1.6431988355694593,-0.5103233276727455,-4.424585684507382
1D16,B_PA2_to_C2,12,-99.70228929415876,145.98405451638737,-78.30593509369717,-110.57,170.6,-51.8,0.5566388014829639,-100.7383,130.8122,-63.4372,0.4360717665461932,0.43467923316646845,0.0013925333797247443,-110.57,170.6,-51.8,-2.12031014221835,-0.31003032477768205,-4.701403988261211
1D16,B_PA2_to_C2,13,-98.7204801590521,146.16345228221533,-78.73056335422048,-109.43,171.33,-51.8,0.532304033782911,-101.3554,125.6226,-68.1655,0.4337137754371474,0.42772756015305674,0.005986215284090637,-109.43,171.33,-51.8,-1.7791308201152485,-0.6983047058998815,-4.748499047280308
1D16,B_PA2_to_C2,14,-97.73689414441262,146.34150742262747,-79.15163026818743,-108.29,172.06,-51.8,0.518912488619385,-97.3944,136.694,-57.4684,0.42857244377791004,0.42097177022206383,0.007600673555846216,-108.29,172.06,-51.8,-1.6613975895748025,-0.919617392072445,-4.852078502912425
1D16,B_PA2_to_C2,15,-96.75153606554488,146.5182102967413,-79.56910911524014,-107.15,172.77,-51.8,0.5350636287802264,-98.3662,127.7347,-67.6565,0.41835546573313426,0.4145446658206366,0.0038107999124976388,-107.15,172.77,-51.8,-2.1371996651849208,-0.6533912391710123,-5.061654425621111
1D16,B_PA2_to_C2,16,-95.76441098545337,146.6935506411538,-79.98297329248382,-106.0,173.48,-51.8,0.5385759251211384,-96.281,131.0703,-65.4364,0.41172582743777825,0.4083196717990674,0.0034061556387108426,-106.0,173.48,-51.8,-2.332776501998184,-0.596561128705352,-5.200401151968713
1D16,B_PA2_to_C2,17,-94.7755246978455,146.8675188399196,-80.39319692783319,-104.84,174.18,-51.8,0.523830627397521,-96.093,127.7539,-68.2585,0.4083802696141424,0.40235279529816603,0.006027474315976362,-104.84,174.18,-51.8,-2.1625227139035,-0.8376821066369222,-5.2712683418056
1D16,B_PA2_to_C2,18,-93.78488196301028,147.04010262552612,-80.79975203414823,-103.68,174.88,-51.8,0.4995933480708363,-95.0326,126.3465,-69.2349,0.40283300110811365,0.3965428593276075,0.006290141780506126,-103.68,174.88,-51.8,-1.8698321078689504,-1.2491669060895587,-5.390062535223688
1D16,B_PA2_to_C2,19,-92.792435537956,147.21124955115144,-81.20249796185014,-102.52,175.56,-51.8,0.5132724939874711,-93.8013,127.6988,-68.7912,0.3946897101873699,0.3910113759720761,0.0036783342152938705,-102.52,175.56,-51.8,-2.2818437410923793,-1.0145400257293642,-5.567447288086921
1D16,B_PA2_to_C2,20,-91.79822993559468,147.38097891626882,-81.6014867311795,-101.35,176.24,-51.8,0.5108662383511383,-91.6731,130.9366,-67.102,0.38898477388727437,0.3856417795995159,0.003342994287758452,-101.35,176.24,-51.8,-2.367492008118319,-1.0553558033141164,-5.693911332697612
1D16,B_PA2_to_C2,21,-90.80229103355435,147.54929578769315,-81.9967325985091,-100.17,176.91,-51.8,0.5023109823767082,-91.4952,127.5714,-69.2577,0.3850358891306317,0.3804862679842938,0.004549621146337883,-100.17,176.91,-51.8,-2.3094292327335637,-1.2020463800439767,-5.782539134042716
1D16,B_PA2_to_C2,22,-89.80462601702506,147.71619055711744,-82.38820952039464,-98.99,177.57,-51.8,0.4951852485117331,-89.7298,131.5396,-67.0969,0.38139719781933745,0.37551582624857194,0.0058813715707655345,-98.99,177.57,-51.8,-2.267804014911008,-1.326145878146533,-5.8650134143227195
1D16,B_PA2_to_C2,23,-88.80524149658001,147.88165129826228,-82.77589017906962,-97.81,178.22,-51.8,0.4782438146498411,-87.6706,143.1386,-57.4684,0.3755611622033767,0.37072299459195684,0.004838167611419889,-97.81,178.22,-51.8,-2.099373749096213,-1.6285126149436822,-5.998949885305073
1D16,B_PA2_to_C2,24,-87.80414478986354,148.0456683441914,-83.15974727592672,-96.62,178.87,-51.8,0.4509719236337634,-85.974,136.478,-61.8706,0.3717202112528769,0.36606037992312634,0.005659831329750587,-96.62,178.87,-51.8,-1.6786665871188613,-2.138509758027692,-6.088239866411732
1D16,B_PA2_to_C2,25,-86.8013441490417,148.20823110062227,-83.53975553399744,-95.43,179.51,-51.8,0.4668794033460042,-85.4673,144.8059,-57.2837,0.368425486616422,0.36156209560909364,0.00686339100732833,-95.43,179.51,-51.8,-2.0571009878751507,-1.8374055469577648,-6.165570056098093
1D16,B_PA2_to_C2,26,-85.79684713155581,148.36932931117394,-83.91588687010773,-94.24,180.14,-51.8,0.484037856863289,-84.9152,131.225,-68.2772,0.3651451987647405,0.35722169100431483,0.007923507760425672,-94.24,180.14,-51.8,-2.4482746966542077,-1.5239132634036494,-6.243251481323035
1D16,B_PA2_to_C2,27,-84.79066219213736,148.52895259434032,-84.28811479164705,-93.04,180.76,-51.8,0.47840716857690474,-83.8452,133.0888,-67.0208,0.3618275646449642,0.35304625872307877,0.0087813059218854,-93.04,180.76,-51.8,-2.425920590537505,-1.6255462787958352,-6.3225303905985175
1D16,B_PA2_to_C2,28,-83.78279833852454,148.68709051038687,-84.65641348019483,-91.83,181.38,-51.8,0.4578436784483312,-83.7262,125.9872,-70.5162,0.35837753170086795,0.34897615934983134,0.00940137235103659,-91.83,181.38,-51.8,-2.127528963844253,-2.007155407765026,-6.405747892874456
1D16,B_PA2_to_C2,29,-82.7732644843618,148.84373269838642,-85.0207559726652,-90.63,181.98,-51.8,0.47848371778807286,-81.4455,132.8098,-67.62,0.35485869242168555,0.3450842664471672,0.009774425974518334,-90.63,181.98,-51.8,-2.5962343185151275,-1.6241565738441426,-6.491454413624447
1D16,B_PA2_to_C2,30,-81.76207001190437,148.99886944655137,-85.38111544941161,-89.40999999999998,182.58,-51.8,0.4580683850597674,-79.8822,133.8497,-66.9287,0.35134307414928867,0.34129877901832356,0.01004429513096508,-89.40999999999998,182.58,-51.8,-2.3039784353802064,-2.0028934770736413,-6.5779354337190235
1D16,B_PA2_to_C2,31,-80.74922459345133,149.15248953395547,-85.73746566339398,-88.2,183.17,-51.8,0.42526374619625357,-79.3418,147.9276,-57.4684,0.347964445322071,0.3376308646890112,0.010333580633059806,-88.2,183.17,-51.8,-1.7424698040497086,-2.648332638665086,-6.661865963979973
1D16,B_PA2_to_C2,32,-79.73473816719762,149.3045824755824,-86.08977990629651,-86.98,183.75,-51.8,0.4661626922410509,-77.8906,134.132,-66.8729,0.3449448495751102,0.33409742103335904,0.010847428541751159,-86.98,183.75,-51.8,-2.615756969363172,-1.8507495853754155,-6.737570076003766
1D16,B_PA2_to_C2,33,-78.71862135234821,149.4551382571482,-86.4380323272578,-85.76,184.33,-51.8,0.43308036271263256,-76.6457,131.987,-68.5827,0.34236912224976956,0.3306361870627406,0.011732935187028976,-85.76,184.33,-51.8,-2.0414780484808506,-2.4901300142624527,-6.802671584008482
1D16,B_PA2_to_C2,34,-77.70088469592274,149.6041466734858,-86.78219602640094,-84.53,184.89,-51.8,0.452101740037478,-75.5113,133.6683,-67.4176,0.3404099196919298,0.3273459607431642,0.013063958948765622,-84.53,184.89,-51.8,-2.464679428266955,-2.1167762802202343,-6.852519229752367
1D16,B_PA2_to_C2,35,-76.68153940290324,149.75159744535128,-87.12224516612058,-83.29999999999998,185.45,-51.8,0.45283736389487494,-74.6969,132.2304,-68.4675,0.3389018429327116,0.32412027861214737,0.014781564320564187,-83.29999999999998,185.45,-51.8,-2.5173664610274544,-2.102654779623948,-6.891084761916581
1D16,B_PA2_to_C2,36,-75.66059697847993,149.8974803307656,-87.45815384885604,-82.06,186.0,-51.8,0.41898007247184416,-73.7651,134.4942,-66.7419,0.33781187055239603,0.3210097194230877,0.016802151129308322,-82.06,186.0,-51.8,-1.8703692227151056,-2.7776325000882123,-6.919065244068495
1D16,B_PA2_to_C2,37,-74.63806924818577,150.0417851248658,-87.7898962109968,-80.81999999999998,186.54,-51.8,0.42459145646956925,-72.3581,135.9363,-65.234,0.3369197916782729,0.31800191136461853,0.018917880313654392,-80.81999999999998,186.54,-51.8,-2.0088945531116718,-2.662074828088742,-6.942032902465591
1D16,B_PA2_to_C2,38,-73.61396815521526,150.18450169084596,-88.11744574553933,-79.58,187.08,-51.8,0.4329202088559902,-70.7637,137.0572,-63.6922,0.33605005860784826,0.31505065474006977,0.020999403867778463,-79.58,187.08,-51.8,-2.2000776763031773,-2.493342665120743,-6.964483862689098
1D16,B_PA2_to_C2,39,-72.58830630330328,150.32561996117698,-88.44077702518774,-78.34,187.6,-51.8,0.41310976186491977,-69.4953,134.6221,-66.5901,0.3351242806393644,0.3122388347701517,0.022885445869212723,-78.34,187.6,-51.8,-1.8171912560848047,-2.9001906997605102,-6.988445477110493
1D16,B_PA2_to_C2,40,-71.56109641508871,150.46512977948345,-88.7598640362138,-77.09,188.12,-51.8,0.43353605920287414,-68.7893,134.022,-67.0631,0.3340421531948726,0.30948445623200926,0.024557696962863362,-77.09,188.12,-51.8,-2.264479023364752,-2.480995339018813,-7.016537883648742
1D16,B_PA2_to_C2,41,-70.53235169037065,150.6030210563669,-89.07468130687656,-75.84,188.63,-51.8,0.414127448990604,-67.2742,134.7922,-66.3593,0.33268652230301615,0.30682040620578677,0.025866116097229365,-75.84,188.63,-51.8,-1.901976198627712,-2.878819508031772,-7.051859227924662
1D16,B_PA2_to_C2,42,-69.50208597534196,150.73928382249213,-89.3852044178836,-74.58,189.13,-51.8,0.41794864310846297,-66.3114,136.8479,-64.0197,0.3310301062927841,0.3042490069664022,0.0267810993263819,-74.58,189.13,-51.8,-2.0251085225971597,-2.7990414587930856,-7.095213502655423
1D16,B_PA2_to_C2,43,-68.47031288272552,150.8739081752133,-89.69140715404404,-73.31999999999998,189.62,-51.8,0.4008673778743473,-64.8024,138.2493,-61.2224,0.329001369749165,0.3017615542629172,0.027239815486247827,-73.31999999999998,189.62,-51.8,-1.7160601845642522,-3.1614855449254398,-7.14860925075487
1D16,B_PA2_to_C2,44,-67.43704656234294,151.00688424031952,-89.9932640606525,-72.06,190.1,-51.8,0.41097773541089333,-64.0805,136.7098,-64.1971,0.32660074711594006,0.2993554487066661,0.027245298409273956,-72.06,190.1,-51.8,-1.9960224174840202,-2.9451339560604857,-7.212219894809683
1D16,B_PA2_to_C2,45,-66.40230189331929,151.13820215259082,-90.29075113844432,-70.79,190.58,-51.8,0.40048073373911025,-63.0797,136.8024,-64.0625,0.32378347393436,0.29699413099526484,0.026789342939095174,-70.79,190.58,-51.8,-1.8465389914757921,-3.1698672918836217,-7.287469804624591
1D16,B_PA2_to_C2,46,-65.36609387181097,151.2678522055928,-90.58384371028332,-69.52,191.04,-51.8,0.3788089754890523,-62.5673,155.7811,-57.4684,0.3206726667517318,0.2947474823556214,0.025925184396110332,-69.52,191.04,-51.8,-1.447166343293844,-3.653094638713674,-7.371324503272696
1D16,B_PA2_to_C2,47,-64.32843764514975,151.39582463511093,-90.87251660833756,-68.25,191.5,-51.8,0.39136460082209795,-60.3331,138.0511,-61.874,0.3172374686504083,0.29253724936261516,0.02470021928779312,-68.25,191.5,-51.8,-1.8239413010941077,-3.369869033290058,-7.464873855649343
1D16,B_PA2_to_C2,48,-63.28934886231595,151.5221097582287,-91.1567453525607,-66.98,191.95,-51.8,0.38923838502737046,-59.2421,138.5565,-61.7946,0.31359556095964247,0.2903995036120956,0.023196057347546883,-66.98,191.95,-51.8,-1.8769151097955252,-3.417186611488419,-7.565165242549121
1D16,B_PA2_to_C2,49,-62.24884367455399,151.6466974859408,-91.4365064098234,-65.7,192.39,-51.8,0.38712317109797206,-58.1587,139.0601,-61.7424,0.30977012246613067,0.28833515860771347,0.02143496385841718,-65.7,192.39,-51.8,-1.9361927832426853,-3.4645165187120286,-7.671772823219892
1D16,B_PA2_to_C2,50,-61.20693837904393,151.7695790116044,-91.71177513775478,-64.42,192.82,-51.8,0.3862159286876442,-57.0302,139.4556,-61.8557,0.3059029651754207,0.28633865819152265,0.01956430698389806,-64.42,192.82,-51.8,-2.024929893967517,-3.4848962229540392,-7.780889638186732
1D16,B_PA2_to_C2,51,-60.16364981403854,151.89074522038314,-91.98252799904806,-63.14,193.25,-51.8,0.3837150808727083,-55.9487,139.9658,-61.7424,0.3020447374345117,0.28437289027024826,0.01767184716426346,-63.14,193.25,-51.8,-2.0787518986101365,-3.5413224851657783,-7.891137905041092
1D16,B_PA2_to_C2,52,-59.118995098258246,152.01018632705112,-92.2487417271654,-61.85,193.66,-51.8,0.3820686859106485,-54.8384,140.4055,-61.7424,0.2983384254397347,0.28250917682874827,0.015829248610986456,-61.85,193.66,-51.8,-2.148645027458322,-3.578670957658772,-7.998379506382271
1D16,B_PA2_to_C2,53,-58.07299161693708,152.12789314608406,-92.5103927357169,-60.56,194.07,-51.8,0.3808373387356361,-53.7101,140.7981,-61.7946,0.2948498945101992,0.2806730403912526,0.014176854118946567,-60.56,194.07,-51.8,-2.222770898841845,-3.6067094174694416,-8.100543837576463
1D16,B_PA2_to_C2,54,-57.02565725142257,152.24385640055144,-92.76745833238854,-59.27,194.47,-51.8,0.378904603890414,-52.6075,141.2584,-61.7424,0.2917100788519202,0.2788980249678892,0.01281205388403101,-59.27,194.47,-51.8,-2.2715689511660333,-3.6509022067248402,-8.193534679156052
1D16,B_PA2_to_C2,55,-55.97700994133772,152.35806700921157,-93.0199148280702,-57.98,194.86,-51.8,0.37711515991753103,-51.5053,141.7215,-61.7028,0.2889636229386309,0.27718252785344855,0.011781095085182396,-57.98,194.86,-51.8,-2.3126163509051576,-3.692020025680693,-8.275699897851027
1D16,B_PA2_to_C2,56,-54.92706831895261,152.47051600784263,-93.26774021710568,-56.68,195.24,-51.8,0.375763314494461,-50.3633,142.0757,-61.7424,0.2865861613918509,0.27552634253256436,0.011059818859286507,-56.68,195.24,-51.8,-2.353183250379161,-3.7232122915525228,-8.347459063196862
1D16,B_PA2_to_C2,57,-53.87585117730203,152.58119383266,-93.5109122821452,-55.38,195.61,-51.8,0.37429215354912376,-49.2231,142.4323,-61.7946,0.2845472815526598,0.2739262463454904,0.010621035207169404,-55.38,195.61,-51.8,-2.3811256401990324,-3.757285392921742,-8.40947455438595
1D16,B_PA2_to_C2,58,-52.82337771589517,152.6900926983506,-93.74940860700194,-54.08,195.98,-51.8,0.37290548885084346,-48.2108,142.7516,-61.8557,0.28270429239220884,0.2723484779663172,0.0103558144258916,-54.08,195.98,-51.8,-2.405327465547234,-3.7895243339410833,-8.465915320753496
1D16,B_PA2_to_C2,59,-51.76966745502341,152.79720389478553,-93.9832074245146,-52.77,196.33,-51.8,0.3707998732271887,-47.0598,143.3273,-61.6786,0.28100604745731445,0.27085753795931855,0.010148509497995886,-52.77,196.33,-51.8,-2.408478212968134,-3.8387083111678355,-8.518250045401146
1D16,B_PA2_to_C2,60,-50.71474037182839,152.90251849194152,-94.21228796453826,-51.47,196.68,-51.8,0.3700865932785324,-45.9435,143.499,-61.8557,0.2792964579170164,0.2693860989539069,0.009910358963109487,-51.47,196.68,-51.8,-2.4447584945383536,-3.855432797602086,-8.571254813405616
1D16,B_PA2_to_C2,61,-49.65861645459795,153.00602810349906,-94.43662804934596,-50.16,197.01,-51.8,0.36848630035953966,-44.8054,143.8591,-61.8557,0.2775589100591694,0.26799790097801357,0.009561009081155824,-50.16,197.01,-51.8,-2.4613234565844078,-3.893072926437087,-8.625459904286673
1D16,B_PA2_to_C2,62,-48.60131628715884,153.10772344792713,-94.6562074999455,-48.85,197.34,-51.8,0.3666990703220378,-43.6646,144.2102,-61.8557,0.2756925215185915,0.2666280087469623,0.00906451277162921,-48.85,197.34,-51.8,-2.4776964678228044,-3.935303672757623,-8.684063661845606
1D16,B_PA2_to_C2,63,-47.54286080845083,153.20759763587284,-94.8710055284514,-47.54,197.66,-51.8,0.3651765241429845,-42.6555,144.5394,-61.7946,0.27372143865043386,0.2653069826198096,0.008414456030624238,-47.54,197.66,-51.8,-2.503880732554386,-3.971442839736414,-8.746387093555978
1D16,B_PA2_to_C2,64,-46.48327113250459,153.30564221957908,-95.0810017177901,-46.22,197.98,-51.8,0.3638617898364234,-41.5093,144.8734,-61.7946,0.2715952713973197,0.2640031140858192,0.007592157311500476,-46.22,197.98,-51.8,-2.540284941566489,-4.002770821409834,-8.814119284241501
1D16,B_PA2_to_C2,65,-45.4225689014876,153.40184895521443,-95.28617699272677,-44.9,198.28,-51.8,0.36260771391346724,-40.3536,145.1735,-61.8557,0.2694368948289777,0.2627763739521988,0.006660520876778847,-44.9,198.28,-51.8,-2.579599480942745,-4.032759075089877,-8.883422077297801
1D16,B_PA2_to_C2,66,-44.36077557018651,153.49620909959995,-95.48651027214626,-43.58,198.57,-51.8,0.3613281996501556,-39.3304,145.4546,-61.8557,0.26726345394624934,0.26159505627772767,0.005668397668521652,-43.58,198.57,-51.8,-2.61924560985686,-4.0634627079551,-8.953771839077136
1D16,B_PA2_to_C2,67,-43.29791368497544,153.58871652443105,-95.68198375449376,-42.26,198.86,-51.8,0.360111305411951,-38.1771,145.7622,-61.8557,0.26531069999788903,0.2604286219229497,0.004882078074939325,-42.26,198.86,-51.8,-2.6536398091898787,-4.092764732599829,-9.017468063054885
1D16,B_PA2_to_C2,68,-42.234005550773134,153.6793630286134,-95.8725781010478,-40.94,199.14,-51.8,0.3583233308904984,-37.0277,146.0857,-61.7946,0.26538173974648266,0.25930629528377563,0.006075444462707017,-40.94,199.14,-51.8,-2.6080809943261847,-4.135998119876188,-9.01514263546755
1D16,B_PA2_to_C2,69,-41.16907381901202,153.76814085817185,-96.05827437794429,-39.62,199.4,-51.8,0.35641461272428393,-35.8918,146.4664,-61.7028,0.2652171100176812,0.258256288150989,0.006960821866692214,-39.62,199.4,-51.8,-2.5670792616754956,-4.182389821623253,-9.020532604563925
1D16,B_PA2_to_C2,70,-40.1031289537576,153.85501755222404,-96.23899125430628,-38.29,199.66,-51.8,0.35626655438145116,-34.8319,146.5993,-61.8557,0.2646793783256814,0.25721828314577316,0.007461095179908237,-38.29,199.66,-51.8,-2.581098952499377,-4.185998780309686,-9.038161254074241
1D16,B_PA2_to_C2,71,-39.03618987823958,153.939976772089,-96.4146819293428,-36.96,199.91,-51.8,0.3548076851256723,-33.7989,146.8414,-61.8557,0.2637264257114944,0.2562217243090689,0.007504701402425499,-36.96,199.91,-51.8,-2.576787385108918,-4.221639489611972,-9.069490395986067
1D16,B_PA2_to_C2,72,-37.96829818015255,154.02304379636783,-96.58541758393568,-35.63,200.15,-51.8,0.3539191136079034,-32.6347,147.1051,-61.8557,0.2623808933233864,0.2552656920640558,0.00711520125933059,-35.63,200.15,-51.8,-2.59943622463866,-4.243419499050521,-9.113919244954356
1D16,B_PA2_to_C2,73,-36.899477667861696,154.104211003158,-96.75118039535155,-34.3,200.39,-51.8,0.3523433297027915,-31.4738,147.3847,-61.7946,0.26070921362751437,0.2543212706806839,0.006387942946830502,-34.3,200.39,-51.8,-2.616193489943037,-4.282178767463295,-9.16943577867151
1D16,B_PA2_to_C2,74,-35.829752775415024,154.18347341545706,-96.91195389931922,-32.97,200.61,-51.8,0.3516062040246227,-30.4301,147.5778,-61.8557,0.2589840042696494,0.2534443502221292,0.005539654047520199,-32.97,200.61,-51.8,-2.6556717620656545,-4.30036926073959,-9.227104544070423
1D16,B_PA2_to_C2,75,-34.759148008312394,154.26082338826797,-97.06772212617592,-31.63,200.82,-51.8,0.3505806551440098,-29.2602,147.8147,-61.8557,0.25756033744025675,0.25260399804335026,0.004956339396906507,-31.63,200.82,-51.8,-2.6781792574148113,-4.325740885437007,-9.274983664116997
1D16,B_PA2_to_C2,76,-33.68768816862759,154.33625396422505,-97.21846945332712,-30.3,201.03,-51.8,0.34870253181747124,-28.1009,148.1079,-61.7424,0.2569398872755911,0.25177558406612915,0.005164303209461917,-30.3,201.03,-51.8,-2.652471428156767,-4.372397837784751,-9.295932787206695
1D16,B_PA2_to_C2,77,-32.61539853755643,154.40976009116122,-97.3641813520534,-28.96,201.23,-51.8,0.3482142020791024,-27.05,148.2622,-61.7946,0.2572828132397717,0.25098260175956577,0.006300211480205924,-28.96,201.23,-51.8,-2.6287140838221337,-4.384570250075441,-9.284347855162752
1D16,B_PA2_to_C2,78,-31.54230429006244,154.48133467447258,-97.50484226081323,-27.62,201.41,-51.8,0.364228861502453,-26.1957,148.4156,-65.2127,0.25824734276811473,0.2502535504370353,0.007993792331079426,-27.62,201.41,-51.8,-2.9867698955506823,-3.994012724475992,-9.251846141291852
1D16,B_PA2_to_C2,79,-30.46843110893605,154.55097297226447,-97.64043783150107,-26.28,201.59,-51.8,0.3963429734943304,-26.1957,148.4156,-70.8867,0.259387385725072,0.24953324807374969,0.009854137651322285,-26.28,201.59,-51.8,-3.6824462239905227,-3.2600765855078295,-9.21358633076353
1D16,B_PA2_to_C2,80,-29.39380476776233,154.6186681013438,-97.77095418124917,-24.94,201.76,-51.8,0.39832760048044363,-25.2381,150.1212,-71.3037,0.2604672929201205,0.24884856024426555,0.011618732675854934,-24.94,201.76,-51.8,-3.6897440749142434,-3.2166918487936385,-9.17749944497306
1D16,B_PA2_to_C2,81,-28.31845135645202,154.68441462884485,-97.89637786883976,-23.6,201.93,-51.8,0.3591157256588731,-24.6548,150.5342,-71.3037,0.26129755194182885,0.2481722434711374,0.013125308470691483,-23.6,201.93,-51.8,-2.7619816473926444,-4.116811385494502,-9.149856554152324
1D16,B_PA2_to_C2,82,-27.2423972641524,154.74820751656992,-98.01669642786544,-22.26,202.08,-51.8,0.26985645730190183,-20.8813,171.838,-52.4603,0.2618350036530605,0.24755743230501853,0.014277571348041978,-22.26,202.08,-51.8,-0.26210218910653116,-6.598843558835124,-9.132009269206833
1D16,B_PA2_to_C2,83,-26.165669006864395,154.81004129594638,-98.13189739193844,-20.91,202.22,-51.8,0.2989831678502829,-20.1452,166.6828,-57.4684,0.2620375867397915,0.24697385516664586,0.015063731573145623,-20.91,202.22,-51.8,-1.1456629601382897,-5.708565068824121,-9.125291550227587
1D16,B_PA2_to_C2,84,-25.088293256508223,154.86991089153568,-98.24196809318909,-19.57,202.36,-51.8,0.2875472546316598,-18.7817,166.8422,-57.4684,0.26187080780971816,0.24640049319937807,0.015470314610340125,-19.57,202.36,-51.8,-0.8124427519965796,-6.047315340788345,-9.130821614050102
1D16,B_PA2_to_C2,85,-24.01029697344074,154.9278115916748,-98.34689701737234,-18.22,202.48,-51.8,0.29447983528125776,-18.7817,166.8422,-57.4684,0.2615333217531195,0.24588369891638795,0.01564962283673154,-18.22,202.48,-51.8,-1.0305706333966278,-5.8403886207191915,-9.142022775381
1D16,B_PA2_to_C2,86,-22.93170731895633,154.98373900900486,-98.44667307402544,-16.87,202.6,-51.8,0.27280576204556045,-16.8813,172.087,-53.1004,0.2611691302166622,0.24537352531525175,0.01579560490141045,-16.87,202.6,-51.8,-0.3786339258250303,-6.50442907103296,-9.154126518123167
1D16,B_PA2_to_C2,87,-21.85255162814546,155.0376874840803,-98.54128635480696,-15.53,202.71,-51.8,0.2743057003353451,-15.5535,172.2123,-53.1004,0.2610799583529089,0.2448993147227894,0.016180643630119552,-15.53,202.71,-51.8,-0.42922596015871795,-6.456803195920458,-9.157092677344355
1D16,B_PA2_to_C2,88,-20.772857377273507,155.08965376136825,-98.6307256717608,-14.18,202.8,-51.8,0.27741285229706786,-14.1969,171.99,-53.6759,0.2616069477194067,0.24447978589403657,0.0171271618253701,-14.18,202.8,-51.8,-0.5095460791017378,-6.358968297189886,-9.139577897556801
1D16,B_PA2_to_C2,89,-19.692652288997586,155.13963285791397,-98.71498233580527,-12.83,202.89,-51.8,0.2752500411149314,-12.8699,172.0945,-53.6759,0.26287954530026425,0.24406617042745515,0.018813374872809083,-12.83,202.89,-51.8,-0.3994119523645037,-6.426952000684226,-9.097427474313907
1D16,B_PA2_to_C2,90,-18.61196423594128,155.18762180084667,-98.79404690542012,-11.48,202.98,-51.8,0.3019297248695305,-12.6322,167.4212,-57.4684,0.2649060204378133,0.24365847786964764,0.021247542568165634,-11.48,202.98,-51.8,-1.1362808554387422,-5.623382425823527,-9.030726802527445
1D16,B_PA2_to_C2,91,-17.53082121803602,155.2336156026439,-98.86791142702478,-10.13,203.05,-51.8,0.2807507378050084,-11.9477,167.4715,-57.4684,0.2675934600073911,0.24330769010227482,0.024285769905116248,-10.13,203.05,-51.8,-0.4169082238796564,-6.255081726025211,-8.943053471170044
1D16,B_PA2_to_C2,92,-16.44925130893432,155.27761120152687,-98.93656618480166,-8.779999999999998,203.11,-51.8,0.3015285427360662,-9.893,167.6057,-57.4684,0.27068916075614813,0.24298783174982144,0.0277013290063267,-8.779999999999998,203.11,-51.8,-0.9371512639453495,-5.634931274970038,-8.843146060180565
1D16,B_PA2_to_C2,93,-15.367282953400316,155.31960635618893,-99.00000520316732,-7.429999999999999,203.16,-51.8,0.2982776354736832,-9.2078,167.6448,-57.4684,0.2739577805321464,0.2426986406969937,0.031259139835152695,-7.429999999999999,203.16,-51.8,-0.7387410509405805,-5.729086017714754,-8.738890589920512
1D16,B_PA2_to_C2,94,-14.28493673047202,155.3595507877873,-99.05810188618948,-6.08,203.21,-51.8,0.2923043288614943,-7.1165,150.6922,-61.6813,0.27714694229189696,0.24241481821620756,0.034732124075689416,-6.08,203.21,-51.8,-0.46250311183172516,-5.904794909792277,-8.63836154288918
1D16,B_PA2_to_C2,95,-13.20224339567479,155.3974442967575,-99.1108541938934,-4.73,203.24,-51.8,0.3468014278030275,-7.1412,155.4219,-64.2801,0.28010900428802077,0.24218667459831583,0.037922329689704964,-4.73,203.24,-51.8,-1.855076141914729,-4.419882314493302,-8.546021977673208
1D16,B_PA2_to_C2,96,-12.119239570985169,155.4333259341982,-99.15836949775446,-3.38,203.27,-51.8,0.37267512878025183,-6.801,155.4243,-67.2499,0.2826215631650175,0.24196341362589857,0.04065814953911892,-3.38,203.27,-51.8,-2.402502321735012,-3.7948916467883564,-8.468457489788547
1D16,B_PA2_to_C2,97,-11.03595403858412,155.46719473161767,-99.20064078858212,-2.03,203.29,-51.8,0.3820327095062924,-5.8955,155.4307,-68.9787,0.2845846919373815,0.24177007404078898,0.04281461789659253,-2.03,203.29,-51.8,-2.557780267055589,-3.5794888781073326,-8.408332666428098
1D16,B_PA2_to_C2,98,-9.952415705712683,155.49904677165716,-99.23766471970472,-0.68,203.3,-51.8,0.38752401795286634,-5.017,155.4369,-69.9423,0.2858984387577569,0.24160645677154013,0.04429198198621677,-0.68,203.3,-51.8,-2.641736812218819,-3.455527363640286,-8.36832769712428
1D16,B_PA2_to_C2,99,-8.868653542257167,155.52888109151874,-99.2694358153294,0.68,203.3,-51.8,0.39118927034730855,-3.9606,155.4443,-70.7066,0.28651050695814395,0.24146743970452092,0.04504306725362304,0.68,203.3,-51.8,-2.704927624267027,-3.37376116451782,-8.349752310050025
1D16,B_PA2_to_C2,100,-7.784696647000554,155.55669596799535,-99.295951680497,2.03,203.29,-51.8,0.39323170337131497,-2.8941,155.4518,-71.1972,0.2863408335426053,0.24136263674237998,0.04497819680022533,2.03,203.29,-51.8,-2.755304793375931,-3.3285293603606374,-8.354897675001746
1D16,B_PA2_to_C2,101,-6.700574090627914,155.58248888798403,-99.31720834713164,3.38,203.27,-51.8,0.394933764372134,-1.8845,155.4589,-71.4622,0.28542625329330507,0.24128708168087434,0.044139171612430736,3.38,203.27,-51.8,-2.8206069618832696,-3.2910145551648773,-8.382685038313326
1D16,B_PA2_to_C2,102,-5.616315065931505,155.6062589687898,-99.33320358502304,4.73,203.24,-51.8,0.39518314419124073,-0.7146,155.4671,-71.5585,0.28380241476588175,0.24124064772940787,0.04256176703647385,4.73,203.24,-51.8,-2.875646517950217,-3.2855316054009305,-8.432241644616326
1D16,B_PA2_to_C2,103,-4.531948766026188,155.62800404835014,-99.34393501923688,6.08,203.21,-51.8,0.39454773729717213,0.4398,155.5873,-71.3747,0.28151750240209095,0.24119850077459604,0.040319001627494924,6.08,203.21,-51.8,-2.9318831250997457,-3.2995087094434776,-8.5024553558084
1D16,B_PA2_to_C2,104,-3.4475044580098806,155.64772418831205,-99.34940086171216,7.429999999999999,203.16,-51.8,0.3937183016228143,1.4793,155.4179,-71.1534,0.27870469801610226,0.24121002077797093,0.03749467723813133,7.429999999999999,203.16,-51.8,-3.0008262704074196,-3.3177877904453164,-8.589677582117915
1D16,B_PA2_to_C2,105,-2.3630114133557245,155.66541793816927,-99.3496006662767,8.779999999999998,203.11,-51.8,0.39014706166177976,2.6973,155.6032,-70.4464,0.27544933894993795,0.2412257063389127,0.03422363261102526,8.779999999999998,203.11,-51.8,-3.0237321197394493,-3.3969330422875688,-8.691728683292197
1D16,B_PA2_to_C2,106,-1.2784989144168657,155.68108421535902,-99.34453342396944,10.13,203.05,-51.8,0.38473306757701087,4.0082,155.5004,-69.3856,0.2719111732927247,0.24127019618513396,0.030640977107590752,10.13,203.05,-51.8,-3.0146492281729853,-3.518309545758451,-8.804022295196614
1D16,B_PA2_to_C2,107,-0.193996270036946,155.69472371767526,-99.33419986729729,11.48,202.98,-51.8,0.36232451872251625,5.3561,155.5099,-66.8754,0.268251183059315,0.2413434233636125,0.02690775969570249,11.48,202.98,-51.8,-2.611121560125228,-4.0395453709366365,-8.921730452327042
1D16,B_PA2_to_C2,108,0.8904672233824948,155.70633517500383,-99.31859957134051,12.83,202.89,-51.8,0.3005558063430452,8.6287,167.6757,-57.4684,0.26466087878947137,0.2414699290976498,0.023190949691821547,12.83,202.89,-51.8,-1.1047074434539608,-5.662997403315476,-9.038768368034614
1D16,B_PA2_to_C2,109,1.9748622970068277,155.7159185771087,-99.29773448040478,14.18,202.8,-51.8,0.29961983569859296,9.9993,167.5994,-57.4684,0.26130792661292945,0.24160046795847742,0.019707458654452028,14.18,202.8,-51.8,-1.1883595509814295,-5.690088620430204,-9.149511692676809
1D16,B_PA2_to_C2,110,3.059159680973665,155.7234744275543,-99.27160608203349,15.53,202.71,-51.8,0.302009783201954,10.8979,167.2186,-57.5862,0.25839377772794025,0.24173504922324884,0.01665872850469141,15.53,202.71,-51.8,-1.3547792037299091,-5.621079619549661,-9.246922344544748
1D16,B_PA2_to_C2,111,4.143330136585643,155.72900397382435,-99.24021636121546,16.87,202.6,-51.8,0.26202585579367765,13.7524,172.3657,-53.1004,0.25620014923565737,0.24192945895072457,0.014270690284932802,16.87,202.6,-51.8,-0.19529539417742106,-6.854616889146281,-9.32097580458888
1D16,B_PA2_to_C2,112,5.227344481535621,155.73250618129498,-99.20356807735816,18.22,202.48,-51.8,0.2637852533964391,13.7254,172.0283,-53.6759,0.2547121418203231,0.2421459797296273,0.01256616209069578,18.22,202.48,-51.8,-0.3040173083455419,-6.796489587637219,-9.371570417247938
1D16,B_PA2_to_C2,113,6.311173611409227,155.73398248082182,-99.16166550764348,19.57,202.36,-51.8,0.3005022722805625,14.5878,167.5539,-57.2837,0.2539744692032621,0.24236653556906781,0.011607933634194309,19.57,202.36,-51.8,-1.4611539795466713,-5.664544644676566,-9.396762145488415
1D16,B_PA2_to_C2,114,7.394782462526731,155.73338500105064,-99.11438346663768,20.91,202.22,-51.8,0.27232485914274734,16.3774,171.7957,-53.6759,0.2538565263433953,0.24264761411787483,0.011208912225520451,20.91,202.22,-51.8,-0.6099790920346566,-6.51975409759244,-9.400796710892273
1D16,B_PA2_to_C2,115,8.478141025309707,155.7307228648241,-99.0617464588014,22.26,202.08,-51.8,0.2746560130040702,17.702,171.664,-53.6759,0.2539941464357077,0.24292596424017848,0.011068182195529255,22.26,202.08,-51.8,-0.6793080689721165,-6.445717622852429,-9.396089213089724
1D16,B_PA2_to_C2,116,9.561224891104924,155.72603815765683,-99.00386883744936,23.6,201.93,-51.8,0.2757903885353611,19.0255,171.5221,-53.6759,0.2541723728800135,0.24324043013299362,0.010931942747019844,23.6,201.93,-51.8,-0.7090156655923392,-6.409917317521749,-9.389996504379267
1D16,B_PA2_to_C2,117,10.64400526204448,155.71933353831668,-98.94075634454964,24.94,201.76,-51.8,0.3009025806609181,18.8875,166.8302,-57.4684,0.2542313306307087,0.24360860599303658,0.010622724637672137,24.94,201.76,-51.8,-1.463936838070798,-5.652981602212046,-9.387981961548022
1D16,B_PA2_to_C2,118,11.726453465486236,155.71061091327692,-98.87241568891406,26.28,201.59,-51.8,0.2722941274137545,21.7116,171.5435,-53.1004,0.25403257719368066,0.2439812925835818,0.01005128461009885,26.28,201.59,-51.8,-0.6029772154095208,-6.520734351359902,-9.3947750880346
1D16,B_PA2_to_C2,119,12.808540831343858,155.6998726481481,-98.79885227901212,27.62,201.41,-51.8,0.2715382169258839,22.9889,171.0352,-53.6759,0.2535776047347869,0.2443831964854014,0.0091944082493855,27.62,201.41,-51.8,-0.5944013324497326,-6.544880613974194,-9.410345467689105
1D16,B_PA2_to_C2,120,13.890238970931271,155.68712123001086,-98.7200746209666,28.96,201.23,-51.8,0.3036340577181755,22.559,166.6664,-57.2837,0.25287322838892673,0.2447896651210456,0.008083563267881103,28.96,201.23,-51.8,-1.5889526061134434,-5.574490181792152,-9.434506309170773
1D16,B_PA2_to_C2,121,14.971519467755202,155.67235797569495,-98.63608964081362,30.3,201.03,-51.8,0.3254857807656181,22.9191,150.8653,-61.7656,0.2520221500197408,0.24525023879041014,0.006771911229330712,30.3,201.03,-51.8,-2.221866168042927,-4.970859438069604,-9.463789127377707
1D16,B_PA2_to_C2,122,16.052354114914245,155.6555863167227,-98.54690555049524,31.63,200.82,-51.8,0.36757664811980817,22.9191,150.8653,-65.8599,0.25114435714132016,0.2457488438684691,0.005395513272851075,31.63,200.82,-51.8,-3.308489771042322,-3.91454158751313,-9.494094879820627
1D16,B_PA2_to_C2,123,17.13271484254847,155.6368091544556,-98.45253107240914,32.97,200.61,-51.8,0.4048809104339444,22.9192,150.8653,-70.9778,0.2502771243706207,0.24624389185513038,0.0040332325154903495,32.97,200.61,-51.8,-4.178122889817624,-3.074953833467904,-9.524140244550706
1D16,B_PA2_to_C2,124,18.2125737773163,155.61602957632962,-98.35297588894588,34.3,200.39,-51.8,0.3922744597520915,24.4749,148.8807,-69.7404,0.24973940509531228,0.24677751569080802,0.002961889404504269,34.3,200.39,-51.8,-3.922059202178985,-3.349699191838792,-9.542821915282955
1D16,B_PA2_to_C2,125,19.29190318721537,155.59325143620617,-98.24824980430816,35.63,200.15,-51.8,0.40178566849839137,24.8283,148.6397,-71.4458,0.24984494853082106,0.24736632033615058,0.0024786281946704747,35.63,200.15,-51.8,-4.12647736984822,-3.1416110187346957,-9.539151909848092
1D16,B_PA2_to_C2,126,20.370675431420327,155.5684775792159,-98.1383625598915,36.96,199.91,-51.8,0.3430231306271006,28.0646,148.0469,-61.8557,0.25068080140846394,0.24796056466446376,0.0027202367440001774,36.96,199.91,-51.8,-2.724046635996319,-4.515031726234881,-9.510141883496377
1D16,B_PA2_to_C2,127,21.44886309329527,155.54171133133084,-98.02332482807778,38.29,199.66,-51.8,0.3430507697854716,29.2327,147.8882,-61.7424,0.25189094710108656,0.24858533277167333,0.003305614329413217,38.29,199.66,-51.8,-2.68291677706225,-4.514331887108846,-9.468312185436275
1D16,B_PA2_to_C2,128,22.526438964794103,155.51295701115404,-97.90314781249332,39.62,199.4,-51.8,0.3363967194016035,30.0251,147.8464,-61.6786,0.2531080380229375,0.2492407976110267,0.0038672404119108237,39.62,199.4,-51.8,-2.470916288869814,-4.68446481434992,-9.426444624484912
1D16,B_PA2_to_C2,129,23.60337610738463,155.48221867535082,-97.77784391778182,40.94,199.14,-51.8,0.328724261107267,31.7839,147.2828,-63.4638,0.25413879209652734,0.2499118669993986,0.0042269250971287324,40.94,199.14,-51.8,-2.235215928746656,-4.88486469384436,-9.391144143856193
1D16,B_PA2_to_C2,130,24.67964765573138,155.44950057050062,-97.64742489607836,42.26,198.86,-51.8,0.3422071751135556,31.7839,147.2828,-63.4638,0.2549831295025672,0.25063962479035595,0.004343504712211205,42.26,198.86,-51.8,-2.555553282956179,-4.535717626524619,-9.362334430745975
1D16,B_PA2_to_C2,131,25.7552268488753,155.41480710488227,-97.51190216737936,43.58,198.57,-51.8,0.35319129835690755,32.8816,147.1454,-64.0742,0.2555970709761328,0.2513991225367685,0.004197948439364356,43.58,198.57,-51.8,-2.8090824507534458,-4.2612999462127625,-9.341445918231384
1D16,B_PA2_to_C2,132,26.830087607698424,155.37814292595095,-97.37129126067428,44.9,198.28,-51.8,0.3701741144125819,34.1116,146.76,-65.0071,0.2559725396284567,0.2521650943196708,0.003807445308785829,44.9,198.28,-51.8,-3.2042533751883835,-3.8533789295337244,-9.328695825987285
1D16,B_PA2_to_C2,133,27.904203500133505,155.33951282222966,-97.22560371147092,46.22,197.98,-51.8,0.2937950087699426,38.329,163.7551,-57.2837,0.2561714045852723,0.2529630834955934,0.003208321089678956,46.22,197.98,-51.8,-1.1902752770342238,-5.8606115836614245,-9.321950381960825
1D16,B_PA2_to_C2,134,28.977548636205537,155.29892175665495,-97.07485387430688,47.54,197.66,-51.8,0.35083340519816847,36.7784,146.1131,-66.4697,0.2562707633014938,0.25381897440153495,0.0024517888999588526,47.54,197.66,-51.8,-2.7280375261381296,-4.31948107601606,-9.318582123419365
1D16,B_PA2_to_C2,135,30.050097475835003,155.2563748690403,-96.9190572997126,48.85,197.34,-51.8,0.36559781523663737,36.7784,146.1131,-66.4697,0.25656541025479385,0.2546932121736201,0.0018721980811737204,48.85,197.34,-51.8,-3.076109733958394,-3.961428015314787,-9.308601270538357
1D16,B_PA2_to_C2,136,31.12181509006912,155.21185602608776,-96.7581726374765,50.16,197.01,-51.8,0.34894186438868485,38.9452,146.0308,-67.0405,0.2579675921376471,0.25560079996971913,0.0023667921679279376,50.16,197.01,-51.8,-2.6237585433942767,-4.366438307705498,-9.261260372364951
1D16,B_PA2_to_C2,137,32.19266435930694,155.16534617449724,-96.59215188515384,51.47,196.68,-51.8,0.38164694413958405,39.1422,146.7691,-66.3783,0.2591779957981858,0.25651612781906447,0.0026618679791213244,51.47,196.68,-51.8,-3.361273242829811,-3.588264064588776,-9.220600828683764
1D16,B_PA2_to_C2,138,33.26264053382973,155.11689864444983,-96.42113376138818,52.77,196.33,-51.8,0.32979480120244703,0.0666,155.4726,-71.5023,0.260227576294253,0.2575033495962388,0.0027242266980142577,52.77,196.33,-51.8,-2.057809768919707,-4.8566237458031924,-9.185497035988076
1D16,B_PA2_to_C2,139,34.331719100072526,155.06651938643978,-96.24513495979193,54.08,195.98,-51.8,0.38110728933308324,41.8575,145.1786,-68.2188,0.2610222499184393,0.2584864708004057,0.002535779118033582,54.08,195.98,-51.8,-3.287394533363206,-3.6005547413712424,-9.159012795999624
1D16,B_PA2_to_C2,140,35.39987582541831,155.01421438336334,-96.06417264235868,55.38,195.61,-51.8,0.39374451640414476,42.5266,147.4982,-66.3606,0.26198155414612895,0.2595428587271781,0.0024386954189508665,55.38,195.61,-51.8,-3.5388760869656477,-3.3172094807336867,-9.127149088964511
1D16,B_PA2_to_C2,141,36.46708644216982,154.95998983572957,-95.87826249657256,56.68,195.24,-51.8,0.3256450105241252,3.1571,155.4944,-70.1942,0.2633055444124624,0.2606080694065813,0.002697475005881098,56.68,195.24,-51.8,-1.8456884851237063,-4.966611283457476,-9.08336328984636
1D16,B_PA2_to_C2,142,37.53332745825927,154.90385207524594,-95.68742349521644,57.98,194.86,-51.8,0.40795772600226027,44.5699,146.4945,-67.6118,0.26445685152310766,0.2617085791981036,0.002748272325004097,57.98,194.86,-51.8,-3.7652067831265916,-3.0091966046483645,-9.045466909040133
1D16,B_PA2_to_C2,143,38.59857531813452,154.84580760475149,-95.4916729379468,59.27,194.47,-51.8,0.372853847237784,46.3106,144.5438,-69.0725,0.2654525516455227,0.2628585120490939,0.002594039596428843,59.27,194.47,-51.8,-2.951034486576743,-3.7907272779225454,-9.012825285764466
1D16,B_PA2_to_C2,144,39.66280689849823,154.7858630702206,-95.29102930237936,60.56,194.07,-51.8,0.4180578371591874,46.821,146.1378,-68.1251,0.26629828892003804,0.264045023892048,0.002253265027990051,60.56,194.07,-51.8,-3.9173598693078207,-2.7967724632733013,-8.9851958538463
1D16,B_PA2_to_C2,145,40.72599915709653,154.72402525901262,-95.08551026173888,61.85,193.66,-51.8,0.4155513949583382,47.566,142.9589,-69.8535,0.267210800329917,0.26526844632595864,0.0019423540039583494,61.85,193.66,-51.8,-3.835414734434162,-2.8490049604865293,-8.955483216185868
1D16,B_PA2_to_C2,146,41.78812967252567,154.66030109872707,-94.87513555586692,63.14,193.25,-51.8,0.41096029941114576,49.3334,146.5003,-68.0512,0.2690733264627608,0.26650202881920465,0.0025712976435561213,63.14,193.25,-51.8,-3.678584426481735,-2.945502468437681,-8.895150416184592
1D16,B_PA2_to_C2,147,42.8491760867882,154.59469736955518,-94.65992407576108,64.42,192.82,-51.8,0.42859570404989594,49.9765,142.1325,-70.2064,0.27076042049349136,0.26781535544930735,0.0029450650441840026,64.42,192.82,-51.8,-3.9892526753538586,-2.5805435778602948,-8.840859774479332
1D16,B_PA2_to_C2,148,43.90911670401592,154.5272213537003,-94.43989668681203,65.7,192.39,-51.8,0.4174376310241463,50.6902,143.48,-69.7773,0.2721528865194315,0.2691399630208799,0.003012923498551586,65.7,192.39,-51.8,-3.7155730442794828,-2.8096679085185636,-8.796304474063225
1D16,B_PA2_to_C2,149,44.96792978648344,154.45788129605765,-94.21507258127312,66.98,191.95,-51.8,0.43292215930296135,52.4616,141.7854,-70.3456,0.2732509743047828,0.2705032693214886,0.002747704983294209,66.98,191.95,-51.8,-3.9969619356258717,-2.493303532438492,-8.761328989329542
1D16,B_PA2_to_C2,150,46.02559383187995,154.38668407085044,-93.9854713541777,68.25,191.5,-51.8,0.44008625121947503,53.1208,143.5667,-69.7915,0.2740899531789751,0.27192205544007114,0.002167897738903986,68.25,191.5,-51.8,-4.112893685076756,-2.3507438322852687,-8.734701038627202
1D16,B_PA2_to_C2,151,47.08208808186795,154.31363728095752,-93.7511147078041,69.52,191.04,-51.8,0.43087915738484356,54.4107,140.4913,-70.6007,0.2751921468942866,0.27338104058312107,0.0018111063111655567,69.52,191.04,-51.8,-3.8943890082507906,-2.5343901155137925,-8.699842645029761
1D16,B_PA2_to_C2,152,48.13739187572139,154.23874863471048,-93.5120235955986,70.79,190.58,-51.8,0.4480920908084839,55.5091,143.4609,-69.8414,0.2768745672521738,0.2748525968099105,0.002021970442263318,70.79,190.58,-51.8,-4.181684271033548,-2.1941542844327384,-8.646902076731465
1D16,B_PA2_to_C2,153,49.19148480348986,154.1620260381531,-93.26821888920249,72.06,190.1,-51.8,0.4389172352288602,56.1608,145.1441,-69.0625,0.2784439760765905,0.2763928585498426,0.002051117526747926,72.06,190.1,-51.8,-3.9528961637448496,-2.373847153313381,-8.59780683832341
1D16,B_PA2_to_C2,154,50.244346869708224,154.08347698062326,-93.01972230558997,73.31999999999998,189.62,-51.8,0.44107365585269,58.316,138.9121,-70.7699,0.27989475512890183,0.27796426518000844,0.0019304899488933646,73.31999999999998,189.62,-51.8,-3.9503271778089037,-2.331277464845767,-8.552668163919849
1D16,B_PA2_to_C2,155,51.29595856754602,154.00311012760852,-92.76655613122028,74.58,189.13,-51.8,0.4358385684266166,59.1604,146.4289,-68.2021,0.28237985279519184,0.27957781917382807,0.0028020336213637658,74.58,189.13,-51.8,-3.769839038086933,-2.434986663049682,-8.475889222401793
1D16,B_PA2_to_C2,156,52.34630046281263,153.92093409495914,-92.50874189047302,75.84,188.63,-51.8,0.4402997476790051,60.0421,148.6023,-66.2584,0.28458961397175314,0.2812338442541984,0.0033557697175547446,75.84,188.63,-51.8,-3.7905878002655555,-2.34653111939736,-8.408182440928094
1D16,B_PA2_to_C2,157,53.39535361782308,153.83695674326134,-92.24630226351488,77.09,188.12,-51.8,0.4672901297174245,60.9185,144.5173,-69.3012,0.2864415749985451,0.28295239124055843,0.0034891837579866893,77.09,188.12,-51.8,-4.251011095139393,-1.8297676952890654,-8.351842311693636
1D16,B_PA2_to_C2,158,54.443099474220304,153.75118650031845,-91.97926021080472,78.34,187.6,-51.8,0.4607355559970778,62.2033,147.565,-67.1356,0.28787153171424207,0.2847150507288703,0.0031564809853717726,78.34,187.6,-51.8,-4.085060208330493,-1.952465270477409,-8.30858900007308
1D16,B_PA2_to_C2,159,55.48951956414256,153.663631248831,-91.70763814280556,79.58,187.08,-51.8,0.43525667216689473,64.7522,136.1867,-70.9726,0.2888977316450893,0.2865138158486994,0.0023839157963899274,79.58,187.08,-51.8,-3.560026107499148,-2.446591105845391,-8.277680734609715
1D16,B_PA2_to_C2,160,56.53459623990898,153.5743005258712,-91.43146003128533,80.81999999999998,186.54,-51.8,0.4743985667596003,64.3045,146.4006,-67.9549,0.2896068113075222,0.288387384306339,0.0012194270011832392,80.81999999999998,186.54,-51.8,-4.286691927893398,-1.698632485413952,-8.256387934572526
1D16,B_PA2_to_C2,161,57.57831172533226,153.4832032432207,-91.1507485139026,82.06,186.0,-51.8,0.4390419182435559,67.213,134.8238,-70.9332,0.2917009637081301,0.2902775398851704,0.0014234238229596798,82.06,186.0,-51.8,-3.551362465398954,-2.3713801070769245,-8.193806093741058
1D16,B_PA2_to_C2,162,58.62064887440875,153.39034780748443,-90.86552767323836,83.29999999999998,185.45,-51.8,0.48805156344474704,66.3571,145.1325,-68.6977,0.29387376563800716,0.292213669276886,0.0016600963611211159,83.29999999999998,185.45,-51.8,-4.40609780768488,-1.4521856840372274,-8.129347012987285
1D16,B_PA2_to_C2,163,59.66159077497219,153.29574248131743,-90.57582147899204,84.53,184.89,-51.8,0.47545936695479885,67.2239,141.3848,-70.4175,0.29717565091199954,0.29421926176520224,0.002956389146797326,84.53,184.89,-51.8,-4.082003703274429,-1.67923169519643,-8.032298919736036
1D16,B_PA2_to_C2,164,60.7011208977446,153.19939724981538,-90.28165367028168,85.76,184.33,-51.8,0.47123127646827523,68.0161,143.0511,-69.735,0.3001139721212585,0.2962424320596633,0.00387154006159526,85.76,184.33,-51.8,-3.91895785422002,-1.7568176981500658,-7.946839073635265
1D16,B_PA2_to_C2,165,61.73922307688685,153.10132122517263,-89.98304854624612,86.98,183.75,-51.8,0.48873318443002006,69.5607,140.8178,-70.4989,0.30259448697715896,0.298367898425102,0.0042265885520569825,86.98,183.75,-51.8,-4.164216337246273,-1.4400632883365285,-7.875343146847978
1D16,B_PA2_to_C2,166,62.77588159274177,153.0015225529011,-89.6800312508476,88.2,183.17,-51.8,0.4703067453479732,72.4192,136.1905,-71.0689,0.30442188244381785,0.3005122254812732,0.003909656962544613,88.2,183.17,-51.8,-3.7781068094499615,-1.773875698300448,-7.823046029015586
1D16,B_PA2_to_C2,167,63.811080741983474,152.90001146789095,-89.37262530661879,89.40999999999998,182.58,-51.8,0.49812583002372735,71.8994,140.2202,-70.522,0.3056504190302781,0.3027316794550532,0.002918739575224918,89.40999999999998,182.58,-51.8,-4.2422813376439485,-1.2747186029423083,-7.788063461851433
1D16,B_PA2_to_C2,168,64.84480570796426,152.79679733772667,-89.06085650443455,90.63,181.98,-51.8,0.4749553501684003,74.6933,135.5481,-70.9912,0.3062932144927236,0.30497474143664455,0.0013184730560790916,90.63,181.98,-51.8,-3.8103081693174845,-1.6884441674233663,-7.7698158580060275
1D16,B_PA2_to_C2,169,65.8770416411013,152.69188856131194,-88.74474986151313,91.83,181.38,-51.8,0.5212319664649471,73.913,144.149,-68.4119,0.3079885919216626,0.3072912303760442,0.0006973615456184125,91.83,181.38,-51.8,-4.569928245720068,-0.8808789997641021,-7.721870766749347
1D16,B_PA2_to_C2,170,66.90777413228953,152.5852956136748,-88.42433016003714,93.04,180.76,-51.8,0.5213430736309651,75.0967,141.2266,-69.814,0.3122839438568169,0.30966195973283334,0.002621984123983544,93.04,180.76,-51.8,-4.451479051542333,-0.8790276901728132,-7.601570262980323
1D16,B_PA2_to_C2,171,67.93698914361468,152.4770279819649,-88.09962274820667,94.24,180.14,-51.8,0.5303689322378963,76.3016,143.4927,-68.3773,0.31635714491569245,0.3120810524696684,0.004276092446024082,94.24,180.14,-51.8,-4.48800857524147,-0.7299383271063822,-7.4890104236130295
1D16,B_PA2_to_C2,172,68.96467309574679,152.36709425458267,-87.77065375851993,95.43,179.51,-51.8,0.5278945561957243,77.4444,140.5417,-69.7351,0.31982220356535007,0.3145817900145767,0.005240413550773393,95.43,179.51,-51.8,-4.3527714444761685,-0.7705561819710806,-7.394391147712427
1D16,B_PA2_to_C2,173,69.99081266367635,152.25550509492143,-87.43744847141123,96.62,178.87,-51.8,0.5354805129006422,78.6824,142.7885,-68.2981,0.3223822026331687,0.31713535770460854,0.00524684492856015,96.62,178.87,-51.8,-4.407452249530802,-0.6466264370412431,-7.325142207837224
1D16,B_PA2_to_C2,174,71.01539471176027,152.1422701375941,-87.10003215903092,97.81,178.22,-51.8,0.5297794616252527,79.7886,144.7961,-66.3224,0.3238922078190316,0.31974134787969816,0.004150859939333474,97.81,178.22,-51.8,-4.273892355013452,-0.7395974979235876,-7.2845533742022175
1D16,B_PA2_to_C2,175,72.03840663046354,152.02739826837123,-86.75843102006482,98.99,177.57,-51.8,0.5414470327857237,81.048,142.0208,-68.2056,0.3244848570969608,0.3224006088846858,0.0020842482122749592,98.99,177.57,-51.8,-4.447230877820665,-0.5503802899057872,-7.26867468899163
1D16,B_PA2_to_C2,176,73.05983625395466,151.9109002355482,-86.41267103113607,100.17,176.91,-51.8,0.5422694291769438,81.8286,143.3888,-66.9324,0.325911827980299,0.32511283117850215,0.0007989968017968279,100.17,176.91,-51.8,-4.42229998631609,-0.537197421665218,-7.230560929246486
1D16,B_PA2_to_C2,177,74.07967157134375,151.79278529141217,-86.06277821481683,101.35,176.24,-51.8,0.5505619287217972,83.3934,141.1745,-68.1287,0.33155257525860043,0.32787722515730744,0.003675350101293019,101.35,176.24,-51.8,-4.405075423013882,-0.40537631710526423,-7.0815152613843235
1D16,B_PA2_to_C2,178,75.0979012617257,151.6730638340782,-85.70877930137463,102.52,175.56,-51.8,0.5297486220995614,84.8927,143.7127,-65.3766,0.3367948392359095,0.3307293038395997,0.006065535396309807,102.52,175.56,-51.8,-3.934088153068136,-0.7401031357086265,-6.945254810041939
1D16,B_PA2_to_C2,179,76.11451404738338,151.5517459278318,-85.3507003611686,103.68,174.88,-51.8,0.5401967770643556,86.6349,137.0682,-69.5412,0.3408948025987377,0.3336391241782458,0.007255678420491912,103.68,174.88,-51.8,-3.9986321777300287,-0.570460075788459,-6.840155774783668
1D16,B_PA2_to_C2,180,77.12949884362655,151.42884061949917,-84.98856747237346,104.84,174.18,-51.8,0.5571236133969288,86.5333,141.5858,-66.7805,0.3434015864759322,0.3366345010256929,0.0067670854502393015,104.84,174.18,-51.8,-4.2029853795378465,-0.30246852705560645,-6.776517427858631
1D16,B_PA2_to_C2,181,78.14284513143528,151.30435859348498,-84.62240688190954,106.0,173.48,-51.8,0.5036718635140366,88.8604,136.0022,-69.5438,0.3440688464195154,0.33964942670142734,0.0044194197180880855,106.0,173.48,-51.8,-3.310046785680747,-1.178546037809973,-6.759656344755898
1D16,B_PA2_to_C2,182,79.15454278227848,151.17830968322968,-84.2522453379742,107.15,172.77,-51.8,0.5608312388143195,89.2222,141.161,-66.005,0.34393383087717483,0.34275590843736925,0.0011779224398055955,107.15,172.77,-51.8,-4.247145983064323,-0.24485592633244563,-6.763065430661946
1D16,B_PA2_to_C2,183,80.16458218699586,151.05070418164797,-83.87810997663453,108.29,172.06,-51.8,0.5106741181329868,93.1978,133.6549,-69.5568,0.35016974129609424,0.34592359406304485,0.004246147233049412,108.29,172.06,-51.8,-3.277304645682854,-1.0586228989725253,-6.606991065920557
1D16,B_PA2_to_C2,184,81.17295358746802,150.9215520382831,-83.50002680614665,109.43,171.33,-51.8,0.5566647126370577,91.8629,140.5973,-65.1859,0.35762988870220136,0.3491750145463321,0.008454874155869254,109.43,171.33,-51.8,-3.843197688209989,-0.30962601198778983,-6.423887221462957
1D16,B_PA2_to_C2,185,82.17964783645431,150.79086341092665,-83.11802254281665,110.57,170.6,-51.8,0.5603053473532145,93.3543,138.2772,-66.6739,0.36326273070425713,0.3524429509337854,0.010819779770471728,110.57,170.6,-51.8,-3.7640784791536075,-0.2530045062363252,-6.28814650665511
1D16,B_PA2_to_C2,186,83.18465626890872,150.658648479528,-82.73212435394977,111.7,169.86,-51.8,0.5470652166423086,94.1123,139.4003,-65.1509,0.3659450343582098,0.3558042786780799,0.010140755680129872,111.7,169.86,-51.8,-3.4924648804640195,-0.46071780185803346,-6.224246203587231
1D16,B_PA2_to_C2,187,84.18797034164835,150.52491725041395,-82.34235893159975,112.83,169.12,-51.8,0.549954365837805,95.9465,137.5968,-65.9151,0.3651076882319599,0.3591794596215453,0.005928228610414573,112.83,169.12,-51.8,-3.558113517774642,-0.41496676973329566,-6.244143808773116
1D16,B_PA2_to_C2,188,85.18958182372573,150.3896801787657,-81.948752828512,113.95,168.36,-51.8,0.48034700852296425,100.9314,131.6697,-67.9027,0.36500815478204013,0.36267987765974014,0.0023282771222999715,113.95,168.36,-51.8,-2.385050461479344,-1.590398043551681,-6.246512026296202
1D16,B_PA2_to_C2,189,86.18948264342175,150.25294705232363,-81.55133241463926,115.07,167.6,-51.8,0.5318257168593623,98.8156,137.2592,-64.2902,0.3768841676402211,0.366190227538512,0.010693940101709112,115.07,167.6,-51.8,-2.991228808258758,-0.7061131677669752,-5.96840549729091
1D16,B_PA2_to_C2,190,87.18766562310678,150.11472854178467,-81.15012523298817,116.18,166.83,-51.8,0.5186128341539818,100.9295,135.8413,-64.2662,0.3876686928267722,0.36979226744517274,0.01787642538159944,116.18,166.83,-51.8,-2.527650604430142,-0.9246346492540968,-5.7233487749494145
1D16,B_PA2_to_C2,191,88.18412342149847,149.97503436988703,-80.74515793431173,117.29,166.06,-51.8,0.4906579771304329,103.3172,134.781,-63.3414,0.39327877545300655,0.3733993565636535,0.019879418889353077,117.29,166.06,-51.8,-1.9215671011577675,-1.4059225708119243,-5.59855319323487
1D16,B_PA2_to_C2,192,89.17884914419898,149.83387543735915,-80.33645709844214,118.39,165.27,-51.8,0.46936184015435994,105.0376,132.8579,-64.0619,0.390632294479762,0.3771266704642249,0.013505624015537126,118.39,165.27,-51.8,-1.5947926662493164,-1.7913442933416046,-5.6572004808560985
1D16,B_PA2_to_C2,193,90.17183608422484,149.6912608544792,-79.92404961156332,119.48,164.48,-51.8,0.4455277586998523,107.6285,132.0283,-62.0764,0.3894649983015743,0.38091173548705043,0.008553262814523873,119.48,164.48,-51.8,-1.168126696819917,-2.2440044905160965,-5.6831947086011905
1D16,B_PA2_to_C2,194,91.16307814813736,149.54720170457475,-79.50796240030589,120.57,163.68,-51.8,0.4098299163496615,109.8416,131.1156,-59.7889,0.4198699680305728,0.38472362690690154,0.03514634112367128,120.57,163.68,-51.8,0.21022309256024818,-2.9694267027660297,-5.030267131470958
1D16,B_PA2_to_C2,195,92.15256960558916,149.401708646659,-79.08822264474281,121.66,162.88,-51.8,0.38816472346887704,83.3934,141.1745,-68.1287,0.4593686223947247,0.3885255279522904,0.07084309444243429,121.66,162.88,-51.8,1.46290525903603,-3.4411785704427467,-4.249336832671894
1D16,B_PA2_to_C2,196,93.1403041376118,149.25479060283303,-78.66485599380155,122.74,162.07,-51.8,0.3821391609518918,82.0896,138.9676,-69.5855,0.49991495804136343,0.3924060922394851,0.10750886580187836,122.74,162.07,-51.8,2.3334917167998004,-3.5770689368610906,-3.5146407413264664
1D16,B_PA2_to_C2,197,94.12627702596647,149.10645912989588,-78.23789021098143,123.81,161.25,-51.8,0.395459501272273,84.8927,143.7127,-65.3766,0.5330077491083514,0.3963631880367889,0.13664456107156253,123.81,161.25,-51.8,2.592630174445816,-3.279459564591919,-2.957892911411281
1D16,B_PA2_to_C2,198,95.110483,148.956723,-77.807352,124.88,160.42,-51.8,0.3953568921437065,86.5333,141.5858,-66.7805,0.550443535684127,0.4003225714066378,0.1501209642774892,124.88,160.42,-51.8,2.8744692335425857,-3.281713568375876,-2.678307856098469
