config,condition,scan_id,pa_x,pa_y,pa_z,focus_x,focus_y,focus_z,geometry_echo_max,geometry_x,geometry_y,geometry_z,edm_response,born_response,edge_gtd_response,edm_x,edm_y,edm_z,edm_vs_geometry_dB,geometry_echo_dB_norm,edm_response_dB_norm
1D32,A_PA1_to_C1,0,-126.47159,137.926021,-64.727672,-124.23,120.25,-51.8,0.8884890273868613,-123.9542,120.4289,-53.1004,1.445637792745094,1.0513729401782501,0.39426485256684385,-124.23,120.25,-51.8,4.2281484908869205,0.0,0.0
1D32,A_PA1_to_C1,1,-125.5875311773166,139.02719128142945,-65.13280492576665,-123.25,121.26,-51.8,0.8799535293490097,-123.1576,121.5163,-52.4603,1.1455595779769818,1.0355540295602201,0.11000554841676169,-123.25,121.26,-51.8,2.291158865567062,-0.08384662469284748,-2.020836250012707
1D32,A_PA1_to_C1,2,-124.6997361978672,140.12576271513814,-65.53680832565904,-122.26,122.26,-51.8,0.8727660189875837,-121.8437,122.0907,-53.6759,1.0417538291112487,1.0197145178457818,0.022039311265466984,-122.26,122.26,-51.8,1.537345534446707,-0.15508480056950494,-2.845887757009718
1D32,A_PA1_to_C1,3,-123.80814054759924,141.2216765912607,-65.93965723338754,-121.26,123.25,-51.8,0.8590957630159934,-121.1366,123.2696,-53.1004,1.0119732386343345,1.003973040516538,0.008000198117796613,-121.26,123.25,-51.8,1.422549014269873,-0.29220983218469315,-3.09780930880174
1D32,A_PA1_to_C1,4,-122.9126787053178,142.31487245796063,-66.3413259657362,-120.25,124.23,-51.8,0.8481726356153784,-119.9472,123.9589,-53.6759,0.9968819681553177,0.9883289157465759,0.00855305240874187,-120.25,124.23,-51.8,1.4031896726153708,-0.403356238686156,-3.2283150569577055
1D32,A_PA1_to_C1,5,-122.01174866453802,143.40418686963125,-66.74131078089212,-119.24,125.21,-51.8,0.8479499997028557,-118.2119,122.177,-60.5823,0.9822054141090417,0.9732701592979316,0.008935254811110153,-119.24,125.21,-51.8,1.2766415871000838,-0.40563648769230765,-3.357143391479144
1D32,A_PA1_to_C1,6,-121.10663104890662,144.49049807357036,-67.13999408581748,-118.22,126.17,-51.8,0.7832041463999074,-118.4046,126.2044,-51.7933,0.9673958490044933,0.9580910362444515,0.009304812760041813,-118.22,126.17,-51.8,1.8345848304524617,-1.095541814542154,-3.489105474976613
1D32,A_PA1_to_C1,7,-120.19746436062516,145.57388656308214,-67.53741160967894,-117.19,127.13,-51.8,0.7584637270349894,-115.7758,125.0995,-56.2,0.9532650844127611,0.9433875135475518,0.009877570865209353,-117.19,127.13,-51.8,1.985577408867683,-1.3743450588043895,-3.6169161408236277
1D32,A_PA1_to_C1,8,-119.2841803722571,146.65428488520172,-67.93353475243892,-116.15,128.08,-51.8,0.7461012677747878,-116.3562,127.9218,-51.1388,0.9395453898677876,0.9288495331810993,0.010695856686688232,-116.15,128.08,-51.8,2.0023997593083944,-1.5170858161020206,-3.742834547680547
1D32,A_PA1_to_C1,9,-118.36592519347504,147.73104304627157,-68.32808255362077,-115.1,129.02,-51.8,0.7732183002590061,-138.2846,148.6786,-53.9487,0.9261236308934814,0.914518836974716,0.011604793918765378,-115.1,129.02,-51.8,1.567336831153142,-1.2069988908179017,-3.8678105505516807
1D32,A_PA1_to_C1,10,-117.44257785267718,148.80403214082943,-68.72100263076132,-114.05,129.95,-51.8,0.7546117850788978,-112.5253,127.2101,-56.5243,0.9128987231815293,0.9004914513822818,0.012407271799247497,-114.05,129.95,-51.8,1.6539803236883202,-1.4185697055375872,-3.992737872736187
1D32,A_PA1_to_C1,11,-116.514922269347,149.87380453703935,-69.1125338929097,-112.99,130.88,-51.8,0.6923011749481078,-136.2163,150.5796,-50.0596,0.9000067788241858,0.8869312513989525,0.013075527425233302,-112.99,130.88,-51.8,2.279014237280419,-2.167140001350671,-4.116274254957172
1D32,A_PA1_to_C1,12,-115.58288695538624,150.94028445626716,-69.50264433810658,-111.92,131.79,-51.8,0.7625916370364619,-133.8328,152.124,-53.3791,0.8869999418095705,0.8733324386320159,0.013667503177554644,-111.92,131.79,-51.8,1.31263106136868,-1.3272006095246935,-4.242718039042934
1D32,A_PA1_to_C1,13,-114.646399475931,152.00339379708413,-69.8913011714731,-110.84,132.7,-51.8,0.7626145249033004,-138.7337,153.8921,-66.2464,0.874511397803947,0.8601733767806538,0.014338021023293306,-110.84,132.7,-51.8,1.1892080297226946,-1.3269399215070534,-4.365880382671278
1D32,A_PA1_to_C1,14,-113.7043365345142,153.06224053959426,-70.27812111471913,-109.76,133.6,-51.8,0.7453688258378165,-138.669,154.0912,-70.7847,0.8624235895699341,0.847309365505982,0.015114224063952127,-109.76,133.6,-51.8,1.2669880432170568,-1.5256168759864877,-4.486777323656351
1D32,A_PA1_to_C1,15,-112.75724424129103,154.11719913348915,-70.66326812092449,-108.67,134.48,-51.8,0.7179098674539923,-135.17,157.2241,-57.4577,0.8504229370162897,0.8344725554178893,0.015950381598400367,-108.67,134.48,-51.8,1.47130085083307,-1.8516429225561009,-4.608490562609953
1D32,A_PA1_to_C1,16,-111.80550111618676,155.16853095706625,-71.04685566781224,-107.57,135.36,-51.8,0.735576910545235,-128.4964,156.6664,-53.3791,0.8387769901090381,0.8220773981593988,0.0166995919496392,-107.57,135.36,-51.8,1.1403683928856625,-1.6404796058453297,-4.728259703846589
1D32,A_PA1_to_C1,17,-110.849031768006,156.216148479111,-71.42884697464699,-106.46,136.24,-51.8,0.7180270085021572,-127.2375,157.3391,-51.2924,0.8273086891701834,0.8100992499338254,0.01720943923635796,-106.46,136.24,-51.8,1.2305361046529104,-1.8502257652482266,-4.847838151482237
1D32,A_PA1_to_C1,18,-109.88775968148192,157.25996132776058,-71.80920414042144,-105.35,137.1,-51.8,0.7152135426915636,-130.6846,160.9787,-57.4577,0.8156293412909899,0.7981838497007796,0.017445491590210218,-105.35,137.1,-51.8,1.1411422261137107,-1.884326788834493,-4.971333053607704
1D32,A_PA1_to_C1,19,-108.92107988638196,158.2994494986132,-72.1877053882543,-104.23,137.95,-51.8,0.7061752682299154,-129.129,162.1554,-57.3629,0.8039925628334376,0.7864965765920254,0.017495986241412093,-104.23,137.95,-51.8,1.126790556905482,-1.9947913035511915,-5.0961492375326305
1D32,A_PA1_to_C1,20,-107.9486474368608,159.33428339378025,-72.56421201203561,-103.1,138.79,-51.8,0.6906997560371259,-127.5995,163.3639,-57.3629,0.7925438291541531,0.775056443632053,0.017487385522100204,-103.1,138.79,-51.8,1.1946797248295606,-2.1872553227943654,-5.220724088851726
1D32,A_PA1_to_C1,21,-106.97120712934904,160.36502322437607,-72.93896483167389,-101.97,139.63,-51.8,0.6880463194897574,-121.7228,161.5657,-51.6309,0.781587982093497,0.7640635076712862,0.017524474422210824,-101.97,139.63,-51.8,1.1072039375175147,-2.220687853810322,-5.341632407179729
1D32,A_PA1_to_C1,22,-105.9886806011947,161.39156820008367,-73.3119223265337,-100.83,140.45,-51.8,0.669543751899397,-124.9317,165.4914,-57.4577,0.7707481748030732,0.7531090557467545,0.017639119056318743,-100.83,140.45,-51.8,1.2226708668060189,-2.457462142697265,-5.4629397667781685
1D32,A_PA1_to_C1,23,-105.00098799462336,162.4138139103925,-73.68304140133728,-99.68,141.27,-51.8,0.6595224988053503,-123.3355,166.6125,-57.3629,0.7603055633397955,0.7425321922982113,0.01777337104158416,-99.68,141.27,-51.8,1.2351710554949293,-2.588449063735463,-5.5814264991274545
1D32,A_PA1_to_C1,24,-104.0080483892786,163.43165260561457,-74.05227738223644,-98.53,142.08,-51.8,0.6385832375965275,-121.821,167.8442,-57.5633,0.7500187978232923,0.7322033060090679,0.017815491814224326,-98.53,142.08,-51.8,1.3970926782100284,-2.8686910869773206,-5.699746899654214
1D32,A_PA1_to_C1,25,-103.00947648346532,164.44471236433247,-74.41947317795704,-97.37,142.87,-51.8,0.6271487005714408,-116.4743,166.3501,-53.9487,0.7395787358369652,0.7219262016200662,0.01765253421689906,-97.37,142.87,-51.8,1.432277783735527,-3.025630839661165,-5.8215015468125575
1D32,A_PA1_to_C1,26,-102.00468577891398,165.4524307713405,-74.78439012090907,-96.21,143.66,-51.8,0.6382350965358594,-114.9168,166.5672,-51.2924,0.7292987940162518,0.712071115809782,0.017227678206469726,-96.21,143.66,-51.8,1.1584962609134843,-2.873427727775064,-5.943079957748502
1D32,A_PA1_to_C1,27,-100.994437870225,166.45540656397864,-75.14728615286857,-95.03,144.44,-51.8,0.6062723128714116,-90.0512,186.8126,-57.4577,0.7188715906334899,0.7023736238799255,0.016497966753564457,-95.03,144.44,-51.8,1.4796717097543262,-3.3196866667628107,-6.068163447895407
1D32,A_PA1_to_C1,28,-99.97865204218024,167.45352101051787,-75.50811248064947,-93.86,145.21,-51.8,0.6208808603883406,-112.9995,168.734,-50.0596,0.7085745091662807,0.6929561580642359,0.015618351102044799,-93.86000000000001,145.21,-51.8,1.1475450472490316,-3.112875929884036,-6.193479373521925
1D32,A_PA1_to_C1,29,-98.95724657977786,168.4466515454952,-75.86681827461119,-92.67,145.97,-51.8,0.6073158973936116,-112.1443,169.9877,-49.6226,0.6982776435545541,0.6836869610027974,0.01459068255175678,-92.67,145.97,-51.8,1.212269761537659,-3.3047483835042737,-6.320627112853536
1D32,A_PA1_to_C1,30,-97.93013914227564,169.4346716568485,-76.22335155664793,-91.48,146.72,-51.8,0.6066779738421965,-110.9665,170.7602,-49.6226,0.6881967556668758,0.6746481435341611,0.01354861213271466,-91.48,146.72,-51.8,1.0950878651595044,-3.313876821804327,-6.446937447531742
1D32,A_PA1_to_C1,31,-96.89724697053715,170.41745089425962,-76.57765923268899,-90.28,147.46,-51.8,0.5898497672291574,-107.9108,171.1974,-51.2924,0.6782558691864288,0.6657950060463104,0.012460863140118442,-90.28,147.46,-51.8,1.2130429636871531,-3.5582131275978686,-6.573318654797635
1D32,A_PA1_to_C1,32,-95.85848647488528,171.3948547881875,-76.9296856030413,-89.08,148.19,-51.8,0.5711947188326469,-110.5525,174.4095,-48.3545,0.6684951348789263,0.6571621893336484,0.011332945545277872,-89.08,148.19,-51.8,1.366281351205036,-3.8373577074608085,-6.699224847142694
1D32,A_PA1_to_C1,33,-94.81326018775638,172.36626166812076,-77.2791700240405,-87.87,148.91,-51.8,0.581344076096502,-105.9051,173.2827,-50.0596,0.6588242292462116,0.6487182164327675,0.010106012813444153,-87.87,148.91,-51.8,1.0867262252494145,-3.6843763478056015,-6.825798613443107
1D32,A_PA1_to_C1,34,-93.76170417127643,173.33171905220786,-77.62613400929244,-86.65,149.62,-51.8,0.5780326492462375,-104.7046,174.012,-50.0596,0.6492575187470255,0.6404598040892909,0.00879771465773455,-86.65,149.62,-51.8,1.009292363027288,-3.733993984165662,-6.952850112025294
1D32,A_PA1_to_C1,35,-92.7040723383632,174.29139429579996,-77.97065069942045,-85.43,150.32,-51.8,0.568377443576775,-105.9216,176.7424,-48.8109,0.6399658796740472,0.6324136600402045,0.007552219633842719,-85.43,150.32,-51.8,1.030399709568661,-3.8803046881148124,-7.078053469433071
1D32,A_PA1_to_C1,36,-91.64028159188727,175.24513757738708,-78.31266006500847,-84.20999999999998,151.01,-51.8,0.5616284379018454,-104.2578,177.7306,-48.8109,0.6310590824655589,0.6245737006208399,0.006485381844718932,-84.20999999999998,151.01,-51.8,1.0124186320915394,-3.984059573755955,-7.199789432551336
1D32,A_PA1_to_C1,37,-90.57025047081125,176.19279682622724,-78.652099442385,-82.98,151.69,-51.8,0.5544676970904721,-103.4293,178.8741,-48.056,0.6225216085045566,0.6168994360064367,0.005622172498119949,-82.98,151.69,-51.8,1.0055636282514837,-4.095516384521872,-7.318101247157309
1D32,A_PA1_to_C1,38,-89.49389790372966,177.13421557530071,-78.9889050592017,-81.73999999999998,152.36,-51.8,0.553508412482362,-101.4644,179.3427,-48.8109,0.614321462629799,0.6093884347133464,0.004933027916452702,-81.73999999999998,152.36,-51.8,0.9054292542094877,-4.110556857412072,-7.433276094089506
1D32,A_PA1_to_C1,39,-88.4111426719469,178.0692323141224,-79.32301148830727,-80.5,153.02,-51.8,0.5319828316672678,-100.5585,180.3665,-48.3545,0.6064029694244648,0.6020729737408202,0.004329995683644525,-80.5,153.02,-51.8,1.1372740491018112,-4.455089038555338,-7.545963480340447
1D32,A_PA1_to_C1,40,-87.32190406766502,178.99768111829334,-79.65435128222146,-79.25,153.67,-51.8,0.5416957917858557,-98.8609,181.3041,-48.3545,0.5986209499417594,0.5949146605807505,0.003706289361008872,-79.25,153.67,-51.8,0.8679290006813247,-4.297932140099957,-7.658151630305552
1D32,A_PA1_to_C1,41,-86.2261025357334,179.91939200172868,-79.98285537263546,-77.98999999999998,154.31,-51.8,0.5343868736259735,-97.0629,182.0543,-48.6119,0.590965124593657,0.587911113595899,0.0030540109977580765,-77.98999999999998,154.31,-51.8,0.8741214041221802,-4.415925738227818,-7.769952824992558
1D32,A_PA1_to_C1,42,-85.12365930706834,180.83419046085237,-80.30845245386091,-76.73999999999998,154.94,-51.8,0.5221423337557451,-96.0121,182.8312,-48.3545,0.5836151948542729,0.5811257052614213,0.0024894895928516585,-76.73999999999998,154.94,-51.8,0.9667536919482618,-4.617263255964374,-7.878658054903034
1D32,A_PA1_to_C1,43,-84.01449627720152,181.7418966549487,-80.63107011321773,-75.47,155.56,-51.8,0.5253144034310901,-94.2026,183.5531,-48.6119,0.5765204691691043,0.574455759327717,0.002064709841387315,-75.47,155.56,-51.8,0.8079084527212526,-4.564655199949934,-7.984895238115603
1D32,A_PA1_to_C1,44,-82.89853717976428,182.64232658248503,-80.95063473369008,-74.2,156.17,-51.8,0.5136711252549827,-92.4753,184.4308,-48.6119,0.5698117134320372,0.567964143739405,0.001847569692632224,-74.2,156.17,-51.8,0.9009243803602541,-4.7593383024430365,-8.086562412969704
1D32,A_PA1_to_C1,45,-81.77570602721802,183.53529052099293,-81.26706971245501,-72.93,156.77,-51.8,0.5102621515136784,-88.6623,182.7224,-50.0596,0.5633795420895201,0.5616466233635625,0.0017329187259575627,-72.93,156.77,-51.8,0.8601543311840523,-4.817174256736962,-8.18516841643983
1D32,A_PA1_to_C1,46,-80.64582348921154,184.42047698396848,-81.58024546867004,-71.65,157.35,-51.8,0.5073039993797819,-89.6628,186.0325,-48.3545,0.5569730191323883,0.555383291026318,0.0015897281060702445,-71.65,157.35,-51.8,0.8113174294390669,-4.867675652301701,-8.284506713749554
1D32,A_PA1_to_C1,47,-79.50878396989144,185.297642211527,-81.89006653611777,-70.37,157.93,-51.8,0.5028692110783082,-86.5466,185.0529,-49.3591,0.5507437900236171,0.5493799286969187,0.0013638613266984555,-70.37,157.93,-51.8,0.7898912561606887,-4.943940452887216,-8.382197687613449
1D32,A_PA1_to_C1,48,-78.36470409990349,186.16679159789868,-82.19653532246785,-69.08,158.5,-51.8,0.49597256305781545,-86.6593,187.2385,-48.6119,0.5445913210617317,0.5435110156509745,0.0010803054107572422,-69.08,158.5,-51.8,0.8122612733332151,-5.063888330731978,-8.479775548285684
1D32,A_PA1_to_C1,49,-77.21351525637408,187.0277172845943,-82.49957047786444,-67.79,159.06,-51.8,0.4924489098711865,-84.8977,188.0451,-48.6119,0.5386559525832942,0.5378030162537083,0.0008529363295858858,-67.79,159.06,-51.8,0.7790056623986978,-5.125817767102564,-8.574960595590786
1D32,A_PA1_to_C1,50,-76.05515221567958,187.88020837156645,-82.79908752134475,-66.49,159.6,-51.8,0.48858687821445557,-83.8564,188.8324,-46.8383,0.5329287147937279,0.5321437942549041,0.0007849205388237966,-66.49,159.6,-51.8,0.754546440490951,-5.194205392604151,-8.66780744300012
1D32,A_PA1_to_C1,51,-74.88955223574898,188.72404937384064,-83.0949989297513,-65.19,160.14,-51.8,0.4851523944998515,-82.0223,189.5309,-48.3545,0.5275624828785864,0.5267216731080344,0.0008408097705520452,-65.19,160.14,-51.8,0.7279144861951886,-5.255477790774803,-8.755711795466535
1D32,A_PA1_to_C1,52,-73.71665496632944,189.559018973578,-83.38721635930006,-63.89,160.66,-51.8,0.476986040906547,-78.6448,187.8774,-49.6226,0.5222554205488542,0.5213741846824095,0.0008812358664447005,-63.89,160.66,-51.8,0.7875457351629006,-5.40292798476881,-8.84353074049283
1D32,A_PA1_to_C1,53,-72.53640296667295,190.384890624968,-83.67564995326215,-62.58,161.18,-51.8,0.47491143270708885,-79.1464,190.8576,-46.8383,0.5170601627137736,0.5162273065160184,0.0008328561977551724,-62.58,161.18,-51.8,0.7385690777876485,-5.440788882383451,-8.930368295482724
1D32,A_PA1_to_C1,54,-71.34874150332857,191.201432346799,-83.96020704576206,-61.26,161.68,-51.8,0.4662911699561607,-77.2519,191.528,-48.3545,0.5119294585045532,0.5111263402899192,0.0008031182146339622,-61.26,161.68,-51.8,0.811058598784689,-5.599897546922258,-9.016987439024488
1D32,A_PA1_to_C1,55,-70.15362113228008,192.0084093828919,-84.24079431973101,-59.94,162.18,-51.8,0.4571315671072254,-76.2967,192.0164,-46.8383,0.506842999419156,0.5062457384869237,0.0005972609322323652,-59.94,162.18,-51.8,0.8966447983563747,-5.772217126508204,-9.103720819038752
1D32,A_PA1_to_C1,56,-68.95099439080366,192.80558006060815,-84.51731481171478,-58.62,162.66,-51.8,0.46363932749518716,-74.2456,192.7152,-48.3545,0.5018514233110528,0.5014351363531583,0.00041628695789453185,-58.62,162.66,-51.8,0.6878978596265124,-5.649436030611106,-9.189686661871514
1D32,A_PA1_to_C1,57,-67.7408184239931,193.5926979010977,-84.78967186808131,-57.3,163.13,-51.8,0.4548189801322067,-72.2756,192.9852,-48.8109,0.4972451515179867,0.496765985641768,0.0004791658762186945,-57.3,163.13,-51.8,0.7746395426567156,-5.816269774673181,-9.269778722903387
1D32,A_PA1_to_C1,58,-66.52304882046394,194.36950405264457,-85.05776186945315,-55.97,163.59,-51.8,0.4519682539191691,-69.4626,191.4681,-49.6226,0.4928885221657022,0.4922105693607439,0.0006779528049583207,-55.97,163.59,-51.8,0.7528154741886297,-5.870882750945641,-9.346215767643933
1D32,A_PA1_to_C1,59,-65.29736445794792,195.13533624133385,-85.32131526549605,-54.63,164.04,-51.8,0.45279095269532404,-69.6814,194.5886,-47.7361,0.4885649447675089,0.4877727289744419,0.000792215793066995,-54.63,164.04,-51.8,0.6604912392436006,-5.855086564087783,-9.422743815731103
1D32,A_PA1_to_C1,60,-64.06398870106675,195.89027226448488,-85.58037062872329,-53.3,164.48,-51.8,0.43994798783372435,-68.179,194.9475,-48.3545,0.4841447795471349,0.4834947655992157,0.0006500139479191705,-53.3,164.48,-51.8,0.8314783511504127,-6.105014660331863,-9.501684800068372
1D32,A_PA1_to_C1,61,-62.8228995497926,196.63404521676424,-85.83482177572114,-51.96,164.91,-51.8,0.4444535536462531,-66.3457,195.58,-48.3545,0.47978706120200476,0.4793260098827067,0.0004610513192980665,-51.96,164.91,-51.8,0.6644429771516497,-6.016513715592518,-9.580219229327792
1D32,A_PA1_to_C1,62,-61.574080991881786,197.36638378280423,-86.08456237099055,-50.61,165.33,-51.8,0.4343515848278814,-64.5778,195.7472,-45.9523,0.4756059619063103,0.47526528230420423,0.0003406796021060909,-50.61,165.33,-51.8,0.7881175912027969,-6.216213165536036,-9.656244065220159
1D32,A_PA1_to_C1,63,-60.3175221924691,198.0870113508912,-86.32948341654753,-49.26,165.73,-51.8,0.4379451924799918,-63.3146,196.7119,-48.056,0.47191778788758754,0.471269860572676,0.0006479273149115136,-49.26,165.73,-51.8,0.6489316830476893,-6.14464610976183,-9.72386291760106
1D32,A_PA1_to_C1,64,-59.05321894838989,198.7956474068054,-86.56947528206895,-47.91,166.13,-51.8,0.4329609919762319,-61.6569,196.6882,-45.9523,0.46825584931439856,0.4674664602479533,0.0007893890664452823,-47.91,166.13,-51.8,0.6806888242004461,-6.24406597596216,-9.791525642648633
1D32,A_PA1_to_C1,65,-57.78117418123128,199.4920086289987,-86.80442607520538,-46.56,166.51,-51.8,0.42093154000891,-59.7019,197.2913,-45.9523,0.4644044489239489,0.4637257664329185,0.000678682491030344,-46.56,166.51,-51.8,0.8536980662512619,-6.488812009985568,-9.863262434621227
1D32,A_PA1_to_C1,66,-56.50139772720847,200.1758074461437,-87.03422398879702,-45.2,166.89,-51.8,0.4275417755934641,-58.2806,197.9342,-48.6119,0.4606760745588644,0.4601496951659013,0.0005263793929630937,-45.2,166.89,-51.8,0.648342019855187,-6.353470244052235,-9.93327671508397
1D32,A_PA1_to_C1,67,-55.21390634241263,200.8467522123485,-87.25875552522025,-43.84,167.25,-51.8,0.4265359945358619,-56.8967,198.641,-46.8383,0.45711090362545265,0.4566347094664829,0.0004761941589697686,-43.84,167.25,-51.8,0.6013178896178285,-6.3739276487765455,-10.000758250045635
1D32,A_PA1_to_C1,68,-53.9187252008448,201.50454957328992,-87.47790625334092,-42.48,167.6,-51.8,0.4159874415759051,-55.1082,198.5788,-48.8109,0.45389393102054,0.45324099720838806,0.0006529338121519072,-42.48,167.6,-51.8,0.7574831228690637,-6.591436980536049,-10.062102348553903
1D32,A_PA1_to_C1,69,-52.61588688166932,202.14890215357067,-87.69156066867265,-41.12,167.94,-51.8,0.4127501997824133,-51.7362,195.9661,-50.6291,0.4507723718121882,0.44996666671835317,0.0008057050938350399,-41.12,167.94,-51.8,0.7653999559853398,-6.659295532058166,-10.122044066959745
1D32,A_PA1_to_C1,70,-51.305433226217545,202.77951170494575,-87.89960339828632,-39.75,168.27,-51.8,0.4126891084800084,-52.1382,199.9697,-48.056,0.44748696318813236,0.4467896215416748,0.0006973416464575985,-39.75,168.27,-51.8,0.7031476011490645,-6.660581228792479,-10.185582118530334
1D32,A_PA1_to_C1,71,-49.98700076908163,203.3952860211952,-88.10159506690974,-38.38,168.59,-51.8,0.4127124177724107,-50.1195,199.8982,-48.8109,0.4441444765822003,0.4437360921602957,0.000408384421904611,-38.38,168.59,-51.8,0.637534586886302,-6.660090650728442,-10.25070455472906
1D32,A_PA1_to_C1,72,-48.66072424070704,203.99600512794527,-88.29745317406535,-37.0,168.89,-51.8,0.4025017284162412,-48.9684,200.7457,-46.8383,0.441169592469611,0.44072807830240196,0.00044151416720908024,-37.0,168.89,-51.8,0.796756429738918,-6.877686382003597,-10.3090784431516
1D32,A_PA1_to_C1,73,-47.32700018966312,204.58196768582224,-88.48730791743925,-35.63,169.19,-51.8,0.41010090193350107,-46.8598,200.7347,-45.9523,0.4386444848870377,0.437911240176787,0.0007332447102506992,-35.63,169.19,-51.8,0.584438977559923,-6.715226886346675,-10.35893639967367
1D32,A_PA1_to_C1,74,-45.985910393316935,205.15286772437383,-88.67104090949582,-34.25,169.47,-51.8,0.4039192935020052,-45.1548,201.3396,-48.6119,0.43598500001187634,0.4351325641425322,0.0008524358693441093,-34.25,169.47,-51.8,0.6635389927764721,-6.84714941375154,-10.411758911861988
1D32,A_PA1_to_C1,75,-44.63754649554768,205.7083984412187,-88.84853507484068,-32.87,169.75,-51.8,0.3981702081580759,-43.932,201.7117,-46.3629,0.43322180400837823,0.432521663704085,0.0007001403042932382,-32.87,169.75,-51.8,0.732830886407332,-6.971666131381838,-10.466983735861424
1D32,A_PA1_to_C1,76,-43.28201139690344,206.24825580764937,-89.01967349375997,-31.49,170.01,-51.8,0.40065569914878746,-41.9674,202.3276,-46.8383,0.43040811689421676,0.42996640458512275,0.00044171230909401175,-31.49,170.01,-51.8,0.6221825630940887,-6.917614879635053,-10.523580807427885
1D32,A_PA1_to_C1,77,-41.919417359232085,206.77213383026503,-89.18434026853464,-30.1,170.26,-51.8,0.39343014179263086,-40.0506,202.1597,-48.8109,0.4280772887192451,0.42750307986893743,0.0005742088503076552,-30.1,170.26,-51.8,0.7330911586778045,-7.075688787306586,-10.570746119515702
1D32,A_PA1_to_C1,78,-40.54939109286912,207.2785156165476,-89.34193078350054,-28.71,170.5,-51.8,0.39654433038096726,-38.8688,202.8469,-48.3545,0.4260343991383356,0.42515886493441507,0.0008755342039204881,-28.71,170.5,-51.8,0.6230584338778473,-7.0072064768901825,-10.612296533899254
1D32,A_PA1_to_C1,79,-39.17222385924912,207.7673671887726,-89.49243903545896,-27.33,170.73,-51.8,0.3947812279321852,-36.9277,203.0122,-48.6119,0.42386696286037145,0.42294765355070757,0.0009193093096638691,-27.33,170.73,-51.8,0.6174614892012088,-7.0459115040952955,-10.656598505781009
1D32,A_PA1_to_C1,80,-37.78842126078582,208.2392299301881,-89.63609218903564,-25.94,170.94,-51.8,0.3899840952091796,-34.9303,202.7461,-45.6335,0.42147756970932176,0.42077399209606253,0.0007035776132592557,-25.94,170.94,-51.8,0.674551434264346,-7.152103465395545,-10.70570052201812
1D32,A_PA1_to_C1,81,-36.398144323079634,208.69380836243155,-89.7727800705817,-24.54,171.15,-51.8,0.3938641937174772,-33.7981,203.8782,-48.056,0.4192884663061155,0.4187430509509776,0.0005454153551378983,-24.54,171.15,-51.8,0.5433283059458445,-7.066111359073356,-10.750931544014431
1D32,A_PA1_to_C1,82,-35.001565987997985,209.13081320906835,-89.90239448340782,-23.15,171.34,-51.8,0.3892633119914494,-31.2351,200.7079,-50.0596,0.41759368248391904,0.416782306666203,0.0008113758177160646,-23.15,171.34,-51.8,0.6102089282868762,-7.168171905815902,-10.786111468415944
1D32,A_PA1_to_C1,83,-33.59882471196269,209.5498193112597,-90.02477205237446,-21.75,171.53,-51.8,0.38696768866029774,-30.5855,204.2622,-48.3545,0.4160366010770392,0.41496277792202785,0.0010738231550113447,-21.75,171.53,-51.8,0.6291367234098613,-7.2195473057167225,-10.818559073193782
1D32,A_PA1_to_C1,84,-32.18939736157059,209.9482143116595,-90.1388748450846,-20.36,171.7,-51.8,0.38845379310205547,-28.6663,204.5408,-48.3545,0.4142457182324915,0.41323091154397745,0.0010148066885140624,-20.36,171.7,-51.8,0.558373231868718,-7.186254044492171,-10.856029303510377
1D32,A_PA1_to_C1,85,-30.77429878000518,210.328098954824,-90.24555516389712,-18.96,171.86,-51.8,0.3767016457321519,-26.6864,204.357,-48.8109,0.4123644409541143,0.41158719535203864,0.0007772456020756614,-18.96,171.86,-51.8,0.785673811123711,-7.453091023947712,-10.895565703710922
1D32,A_PA1_to_C1,86,-29.353752174889728,210.6892116692296,-90.34471752312658,-17.56,172.01,-51.8,0.36745879815324345,-24.2259,201.2353,-50.6291,0.4108905203331179,0.41004661117212426,0.0008439091609936461,-17.56,172.01,-51.8,0.9703494300212973,-7.66886836984372,-10.926667430709342
1D32,A_PA1_to_C1,87,-27.927991414838672,211.031298188544,-90.4362692640794,-16.16,172.14,-51.8,0.3829210198565904,-23.7297,205.077,-46.3629,0.4097614062501429,0.40855811164222466,0.0012032946079182396,-16.16,172.14,-51.8,0.5884368929243725,-7.310857236458572,-10.950568834421121
1D32,A_PA1_to_C1,88,-26.49708986336301,211.3533998370832,-90.5198371965285,-14.76,172.27,-51.8,0.38323749119064887,-21.5472,202.5525,-49.6226,0.4086126695468956,0.40722709852374434,0.0013855710231512693,-14.76,172.27,-51.8,0.5568767978455522,-7.303681605833986,-10.974953298875354
1D32,A_PA1_to_C1,89,-25.060970741497925,211.65367905566976,-90.594698687592,-13.36,172.38,-51.8,0.3843279555037402,-20.3344,205.6604,-48.056,0.4072123936888091,0.40596406407691443,0.0012483296118946782,-13.36,172.38,-51.8,0.5023802371662351,-7.279001862651528,-11.004770116372214
1D32,A_PA1_to_C1,90,-23.62047023416736,211.93414305010464,-90.6616657715752,-11.95,172.49,-51.8,0.38182624134903054,-18.6521,205.7958,-46.8383,0.40598319436104857,0.40483682786870406,0.0011463664923445271,-11.95,172.49,-51.8,0.5328456801608346,-7.335725927784535,-11.03102873851062
1D32,A_PA1_to_C1,91,-22.17586800900967,212.19458342861975,-90.72066392626355,-10.55,172.58,-51.8,0.3824753682545013,-16.9967,206.0053,-47.7361,0.4052383602054576,0.40377486527688106,0.0014634949285765807,-10.55,172.58,-51.8,0.5021415573558029,-7.32097194598772,-11.04697887951884
1D32,A_PA1_to_C1,92,-20.727453063034623,212.43480425702376,-90.77162563826468,-9.14,172.66,-51.8,0.3821742597638464,-15.179,206.1057,-48.056,0.40470373500982576,0.40279871281694146,0.0019050221928842833,-9.14,172.66,-51.8,0.4975155890202081,-7.327812713728309,-11.058445615595021
1D32,A_PA1_to_C1,93,-19.27509516286899,212.65187307593305,-90.81339786387645,-7.74,172.73,-51.8,0.37963758391265007,-13.0901,202.7046,-50.0596,0.40400586947808387,0.40195569319872765,0.0020501762793562364,-7.74,172.73,-51.8,0.5403694774865516,-7.385657358980248,-11.073436372380616
1D32,A_PA1_to_C1,94,-17.819519238473163,212.8477616926178,-90.84677561774735,-6.33,172.78,-51.8,0.38102255030435267,-11.4658,205.82,-45.9523,0.4031465911068316,0.40115185771082745,0.0019947333960041364,-6.33,172.78,-51.8,0.4902462462434287,-7.354027783607892,-11.091930028251385
1D32,A_PA1_to_C1,95,-16.361134123678585,213.0228626326401,-90.87192424144814,-4.92,172.83,-51.8,0.38028080514190277,-10.0141,206.4216,-48.056,0.40269889124351904,0.40049557615061265,0.0022033150929063705,-4.92,172.83,-51.8,0.4975205823968231,-7.3709532801610465,-11.101581188651146
1D32,A_PA1_to_C1,96,-14.90026325715754,213.17704027493127,-90.8888001372905,-3.52,172.86,-51.8,0.3686133061627908,-8.0755,206.5067,-48.056,0.40272082586126773,0.3999027264343922,0.0028180994268755316,-3.52,172.86,-51.8,0.7686616106798588,-7.641621209350483,-11.101108089557544
1D32,A_PA1_to_C1,97,-13.43703824777575,213.30785671798188,-90.89645133311062,-2.11,172.89,-51.8,0.3806640433510461,-6.7722,206.237,-48.6119,0.40292434269357513,0.3994590024060502,0.003465340287524906,-2.11,172.89,-51.8,0.49363299616063183,-7.362204249064388,-11.096719743790677
1D32,A_PA1_to_C1,98,-11.971971855513626,213.41633410235175,-90.89529536304708,-0.7,172.9,-51.8,0.3783623270605233,-4.84,206.4859,-48.3545,0.4029034308677456,0.3990711080636857,0.003832322804059913,-0.7,172.9,-51.8,0.5458615542280962,-7.414883617633268,-11.097170554292092
1D32,A_PA1_to_C1,99,-10.505520051148409,213.5035449776888,-90.88576482916936,0.7,172.9,-51.8,0.3807843094951547,-3.2756,203.6706,-49.6226,0.40292341268371223,0.3987930444716449,0.004130368212067332,0.7,172.9,-51.8,0.4908691807157634,-7.359460481979713,-11.096739792150874
1D32,A_PA1_to_C1,100,-9.03802752308437,213.56942533875437,-90.86784563242011,2.11,172.89,-51.8,0.381710720522405,-1.6082,206.5364,-48.3545,0.40341178090596647,0.3985988599369294,0.004812920969037096,2.11,172.89,-51.8,0.48028438717651767,-7.338354225322781,-11.086218329033183
1D32,A_PA1_to_C1,101,-7.569807923952865,213.61171415695904,-90.84065939040936,3.52,172.86,-51.8,0.37642380423844723,0.3309,206.3481,-48.6119,0.4044285094749751,0.3984674726536074,0.0059610368213677545,3.52,172.86,-51.8,0.6232936668370219,-7.459499785358636,-11.064354609408536
1D32,A_PA1_to_C1,102,-6.101304348598901,213.63124009584075,-90.8045463307863,4.92,172.83,-51.8,0.3793073114077764,1.6205,206.0882,-48.8109,0.40565434531445715,0.39850194379214393,0.00715240152231324,4.92,172.83,-51.8,0.5832983667191036,-7.393217092833381,-11.038067217001197
1D32,A_PA1_to_C1,103,-4.63290635035838,213.62934326947368,-90.76004220259485,6.33,172.78,-51.8,0.38328397964195715,3.5633,206.5119,-48.3545,0.40677611946269154,0.3985690609723101,0.008207058490381457,6.33,172.78,-51.8,0.5166956357559669,-7.302628031802811,-11.014080886933765
1D32,A_PA1_to_C1,104,-3.164963838314088,213.606033551836,-90.70716071871894,7.74,172.73,-51.8,0.3831508035162267,5.1753,203.6312,-49.6226,0.40803364695423033,0.3987811753847298,0.009252471569500565,7.74,172.73,-51.8,0.5465247271330308,-7.305646561670141,-10.987270325424031
1D32,A_PA1_to_C1,105,-1.697943285825935,213.55919295710223,-90.64508693655804,9.14,172.66,-51.8,0.3836242986731465,6.5508,202.5844,-50.6291,0.4096524594326671,0.39906667538149765,0.010585784051169429,9.14,172.66,-51.8,0.5701891819767151,-7.294919225354233,-10.952878534264439
1D32,A_PA1_to_C1,106,-0.2322283949211495,213.48964013175785,-90.57415246751472,10.55,172.58,-51.8,0.385788851344487,8.7325,206.3577,-48.3545,0.4118701966985874,0.39944165187008907,0.012428544828498289,10.55,172.58,-51.8,0.5682138809718322,-7.246047912930047,-10.905982522845134
1D32,A_PA1_to_C1,107,1.2318954371084,213.3988401321371,-90.494939805427,11.95,172.49,-51.8,0.38275105125596426,11.0275,205.844,-45.9523,0.41442527416531977,0.3999222549032518,0.014503019262067972,11.95,172.49,-51.8,0.6905968251778503,-7.31471353104453,-10.852265196753601
1D32,A_PA1_to_C1,108,2.6940895608745743,213.2868762750944,-90.40749239818872,13.36,172.38,-51.8,0.3856762638193434,11.9494,206.0015,-48.6119,0.4170950187181936,0.40043472867487057,0.01666029004332301,13.36,172.38,-51.8,0.6802418370451431,-7.248583148304249,-10.796489802146027
1D32,A_PA1_to_C1,109,4.153793231843601,213.15203258624496,-90.31115359116733,14.76,172.27,-51.8,0.3891128219042694,13.8962,206.074,-48.3545,0.4197524994897403,0.40111571973418425,0.01863677975555604,14.76,172.27,-51.8,0.6583549829374263,-7.171530539895837,-10.741324047845334
1D32,A_PA1_to_C1,110,5.610639042819751,212.9946945263486,-90.20608538842838,16.16,172.14,-51.8,0.38943635698489093,14.9482,202.1377,-50.6291,0.42234680305933037,0.40184853201791115,0.02049827104141922,16.16,172.14,-51.8,0.7046543445618934,-7.164311496469201,-10.687805642794228
1D32,A_PA1_to_C1,111,7.064485336711198,212.81660122945664,-90.09297442379186,17.56,172.01,-51.8,0.3913951370239137,16.3234,201.7555,-51.2924,0.42517629166243337,0.40272254773128585,0.02245374393114752,17.56,172.01,-51.8,0.7190722876144884,-7.120732867625563,-10.629809070897995
1D32,A_PA1_to_C1,112,8.51502038884186,212.61790787921868,-89.97189010856013,18.96,171.86,-51.8,0.3932218472917361,19.0512,205.6609,-48.3545,0.4282484648397405,0.40363835219584526,0.024610112643895243,18.96,171.86,-51.8,0.7411635140167965,-7.080288592847982,-10.567273569718106
1D32,A_PA1_to_C1,113,9.961751170364485,212.3978116720477,-89.84253296538209,20.36,171.7,-51.8,0.39108258030537746,19.1121,201.5101,-52.7159,0.4315321987218725,0.40465342698596846,0.02687877173590405,20.36,171.7,-51.8,0.8548946831229514,-7.127671936297057,-10.500925744061027
1D32,A_PA1_to_C1,114,11.404091829012076,212.15529861284764,-89.70452284322879,21.75,171.53,-51.8,0.39426378399765627,22.2462,205.1439,-48.6119,0.4346587451353926,0.4057859984156914,0.02887274671970117,21.75,171.53,-51.8,0.8472307212812498,-7.057303659132178,-10.438221428737847
1D32,A_PA1_to_C1,115,12.842164013141216,211.89280589036773,-89.55881087418322,23.15,171.34,-51.8,0.3987952272568904,22.645,200.0638,-51.8809,0.43735542101729363,0.40694251326207453,0.03041290775521907,23.15,171.34,-51.8,0.8016912379160188,-6.958042333445968,-10.384499586416869
1D32,A_PA1_to_C1,116,14.27569473601576,211.61054562237044,-89.40548865092514,24.54,171.15,-51.8,0.39809440799067236,24.6779,200.9035,-51.2924,0.43958869098457803,0.4082530968091745,0.03133559417540355,24.54,171.15,-51.8,0.8612086792640705,-6.973319832619466,-10.340259644242318
1D32,A_PA1_to_C1,117,15.704420609000886,211.30873996345576,-89.24465069119623,25.94,170.94,-51.8,0.40259156682184655,26.0666,200.7278,-51.2924,0.4413244764403471,0.40958979052312944,0.03173468591721767,25.94,170.94,-51.8,0.7978668256235737,-6.875747907334383,-10.30602957259773
1D32,A_PA1_to_C1,118,17.127467061117866,210.9853888030928,-89.07554022675586,27.33,170.73,-51.8,0.4040795053041168,27.454,200.5425,-52.7159,0.4427868763311201,0.41109668012102357,0.031690196210096555,27.33,170.73,-51.8,0.7945583322989649,-6.84370489860585,-10.277295057193804
1D32,A_PA1_to_C1,119,18.54500242105926,210.64245975846785,-88.89892252982663,28.71,170.5,-51.8,0.3999715895679195,31.2109,203.9708,-48.6119,0.4440145800055371,0.41265382206211276,0.03136075794342434,28.71,170.5,-51.8,0.9073617435978432,-6.932458495009253,-10.25324524229833
1D32,A_PA1_to_C1,120,19.95695951902884,210.28081088695933,-88.71513602499982,30.1,170.26,-51.8,0.4097967111764574,31.8084,201.1944,-49.6226,0.4451386714041526,0.4142848021990174,0.03085386920513517,30.1,170.26,-51.8,0.7185371317670352,-6.721672001989369,-10.231283361109256
1D32,A_PA1_to_C1,121,21.36312255140996,209.9007043348374,-88.52429015015632,31.49,170.01,-51.8,0.4110714230681856,33.106,200.4074,-50.0596,0.446229698900103,0.4160027584352968,0.0302269404648062,31.49,170.01,-51.8,0.7128236997167043,-6.694695645495948,-10.210020436666165
1D32,A_PA1_to_C1,122,22.763287163308185,209.50241116711732,-88.32649553713337,32.87,169.75,-51.8,0.41621151885973084,34.37,199.4719,-51.2924,0.4473284229388814,0.4178227348553069,0.029505688083574524,32.87,169.75,-51.8,0.6262479692806611,-6.5867594678322945,-10.188659989438555
1D32,A_PA1_to_C1,123,24.15657910066909,209.08432508444196,-88.12115160875746,34.25,169.47,-51.8,0.41948032148985365,35.7319,199.1369,-52.0041,0.4483039099868977,0.4196874294992471,0.02861648048765061,34.25,169.47,-51.8,0.577218690137144,-6.518809531447284,-10.169739332197063
1D32,A_PA1_to_C1,124,25.543293466436644,208.6482072407228,-87.90893755362836,35.63,169.19,-51.8,0.41795454905334845,37.108,198.8847,-52.0041,0.4491649947840395,0.4216941247037167,0.027470870080322767,35.63,169.19,-51.8,0.6255369223830526,-6.550460245136774,-10.153071813640642
1D32,A_PA1_to_C1,125,26.92344255045924,208.19485717158383,-87.69016649807516,37.0,168.89,-51.8,0.4221184546055123,38.5003,198.7149,-52.7159,0.4497758883854006,0.4237426012240175,0.026033287161383083,37.0,168.89,-51.8,0.5512366107659048,-6.464354584985166,-10.141266465106183
1D32,A_PA1_to_C1,126,28.296872416348656,207.724568192602,-87.46495907252391,38.38,168.59,-51.8,0.4251183162494832,41.39,198.8594,-50.0596,0.45006643156129855,0.42591806821004263,0.024148363351255926,38.38,168.59,-51.8,0.49533610182760623,-6.402845035456753,-10.135657424516069
1D32,A_PA1_to_C1,127,29.663439688942976,207.23763640733537,-87.2334345109946,39.75,168.27,-51.8,0.4253004230306311,44.4851,201.229,-48.8109,0.45001813570880933,0.4281340768258044,0.021884058883004955,39.75,168.27,-51.8,0.49068402966846303,-6.399125081145987,-10.136589542364447
1D32,A_PA1_to_C1,128,31.023012683729167,206.73436170913817,-86.99571479085466,41.12,167.94,-51.8,0.4334604736318719,43.9812,197.5724,-51.2924,0.44970778244388615,0.43043501931036804,0.019272763133518105,41.12,167.94,-51.8,0.31961804285952244,-6.234051351002025,-10.142581799029422
1D32,A_PA1_to_C1,129,32.37470356525212,206.2133764793259,-86.75128976688967,42.48,167.6,-51.8,0.42958143656835834,47.0054,198.1909,-49.6226,0.4494099412023786,0.43284534825772103,0.016564592944657588,42.48,167.6,-51.8,0.39194338055879074,-6.312131254938814,-10.148336365266942
1D32,A_PA1_to_C1,130,33.719101063085496,205.67660809481976,-86.50089817554122,43.84,167.25,-51.8,0.44389811908305443,46.7093,196.9443,-52.7159,0.4492952667872459,0.4353359549737141,0.013959311813531803,43.84,167.25,-51.8,0.10497077256660528,-6.0273752788537385,-10.150552997174053
1D32,A_PA1_to_C1,131,35.05617762104751,205.12451340531013,-86.24471920298933,45.2,166.89,-51.8,0.4483645445154501,48.1354,196.883,-53.3791,0.4496138166973172,0.4379071830585901,0.011706633638727102,45.2,166.89,-51.8,0.024167725568600355,-5.94041612657267,-10.144396891890988
1D32,A_PA1_to_C1,132,36.38584781708681,204.55739637263824,-85.98287507018212,46.56,166.51,-51.8,0.4375455799021854,50.1392,201.2534,-57.4577,0.45041525720612413,0.4404968761614291,0.009918381044695064,46.56,166.51,-51.8,0.25179584569461944,-6.152575356075677,-10.128928001267978
1D32,A_PA1_to_C1,133,37.70803641502904,203.97556182960767,-85.71548684828234,47.91,166.13,-51.8,0.450939498950525,51.542,200.8368,-57.3629,0.45176548944516853,0.4432428115554878,0.008522677889680759,47.91,166.13,-51.8,0.015895479415936664,-5.890675816096697,-10.10292882756768
1D32,A_PA1_to_C1,134,39.02267691114972,203.37931197772247,-85.44267500237241,49.26,165.73,-51.8,0.45257427300822517,52.9567,200.4679,-57.3629,0.4532490843642177,0.44600462750648884,0.007244456857728849,49.26,165.73,-51.8,0.012941459284016611,-5.859244125768866,-10.074451157371769
1D32,A_PA1_to_C1,135,40.32971261578653,202.76894899163807,-85.16455939825487,50.61,165.33,-51.8,0.4621037922673203,54.8545,200.0178,-57.4577,0.4548265790566749,0.4489074283283986,0.005919150728276309,50.61,165.33,-51.8,-0.13787393238124335,-5.6782507233087625,-10.044273146576925
1D32,A_PA1_to_C1,136,41.62902929258818,202.1446564938012,-84.8812160005424,51.96,164.91,-51.8,0.4700301448813964,56.26,194.7137,-53.3791,0.4563862385852859,0.4518250633430423,0.004561175242243574,51.96,164.91,-51.8,-0.2558634236015827,-5.530527138129926,-10.014539052618428
1D32,A_PA1_to_C1,137,42.92008254787703,201.5058761804476,-84.59244212770967,53.3,164.48,-51.8,0.47565720619199603,57.7294,194.7384,-53.9487,0.4582394064243535,0.4548421247295759,0.003397281694777623,53.3,164.48,-51.8,-0.3240329389468093,-5.427159761352342,-9.979341191186071
1D32,A_PA1_to_C1,138,44.20344095580125,200.8539741852588,-84.29875593198065,54.63,164.04,-51.8,0.47957075760708634,60.017,198.5662,-57.5633,0.4606228283315943,0.4579489961078651,0.002673832223729181,54.63,164.04,-51.8,-0.35014471894994675,-5.355987502652884,-9.934280712489752
1D32,A_PA1_to_C1,139,45.479083879422326,200.1892406876478,-84.00027201496113,55.97,163.59,-51.8,0.48413405365290646,61.852,197.9004,-57.3629,0.46350703076990424,0.46111056888422847,0.002396461885675761,55.97,163.59,-51.8,-0.37818611003063113,-5.27372874121724,-9.88006334213479
1D32,A_PA1_to_C1,140,46.74699928704412,199.5119648380151,-83.69710381974916,57.3,163.13,-51.8,0.4907579991663508,63.2457,197.4587,-57.3629,0.46660931543607664,0.46436212759352447,0.0022471878425522024,57.3,163.13,-51.8,-0.4382796463757115,-5.155693631714454,-9.822121768977087
1D32,A_PA1_to_C1,141,48.007181537454464,198.82243129729403,-83.3893624432826,58.62,162.66,-51.8,0.49927772565489437,65.0991,196.8545,-57.3629,0.4696359179115382,0.4677037721579698,0.0019321457535683704,58.62,162.66,-51.8,-0.5316177350395888,-5.006197549994913,-9.76596377592142
1D32,A_PA1_to_C1,142,49.25963216287593,198.12092114404783,-83.07715879174981,59.94,162.18,-51.8,0.5026549431106938,66.9778,196.3242,-57.5633,0.47253397590515245,0.4711154870999896,0.0014184888051627944,59.94,162.18,-51.8,-0.5367383473951907,-4.947642219652514,-9.712529057934626
1D32,A_PA1_to_C1,143,50.504359087927725,197.4077115489707,-82.76060183738355,61.26,161.68,-51.8,0.5078441391133909,68.3602,195.8464,-57.5633,0.4754304765966949,0.47452330826463957,0.0009071683320553604,61.26,161.68,-51.8,-0.5728685362476655,-4.858432480039237,-9.659449507173823
1D32,A_PA1_to_C1,144,51.74137630049833,196.68307631020824,-82.4397969481123,62.58,161.18,-51.8,0.5164501883031689,70.1981,195.1941,-57.5633,0.4788630418954232,0.47806903248482996,0.000794009410593252,62.58,161.18,-51.8,-0.6563424025312625,-4.712472572790176,-9.596963466208358
1D32,A_PA1_to_C1,145,52.97070413149112,195.9472847727104,-82.11485016116147,63.89,160.66,-51.8,0.5226180016550062,72.017,194.49,-57.4577,0.4826100849536838,0.4816267685228894,0.000983316430794403,63.89,160.66,-51.8,-0.6917594400417443,-4.609354075221589,-9.529262006150255
1D32,A_PA1_to_C1,146,54.19236807897806,195.20060217646076,-81.78586373787523,65.19,160.14,-51.8,0.5289304044449923,73.8419,193.8034,-57.4577,0.48638502063659966,0.48534468249557144,0.0010403381410282178,65.19,160.14,-51.8,-0.7283668175733762,-4.5050707302489705,-9.461586038709267
1D32,A_PA1_to_C1,147,55.40639861693578,194.44328844032668,-81.45293907592712,66.49,159.6,-51.8,0.533810772441437,75.6387,193.0443,-57.3629,0.48993658437267384,0.48904858791050754,0.0008879964621663199,66.49,159.6,-51.8,-0.7449492712841465,-4.425294700634402,-9.39839246280547
1D32,A_PA1_to_C1,148,56.61283103800743,193.6755986866025,-81.11617586847466,67.79,159.06,-51.8,0.5395986227996772,77.4859,192.413,-57.5633,0.49354429974074593,0.492889394540988,0.0006549051997578925,67.79,159.06,-51.8,-0.774893844750446,-4.331624723657493,-9.33466705929486
1D32,A_PA1_to_C1,149,57.811705742301854,192.89778461982107,-80.77567078527012,69.08,158.5,-51.8,0.5277277940114193,79.7271,191.4538,-57.4577,0.49704743634714305,0.49673365033095607,0.0003137860161869686,69.08,158.5,-51.8,-0.5202425951395411,-4.524842016799522,-9.273233102825984
1D32,A_PA1_to_C1,150,59.0030673546265,192.1100930008785,-80.431518605454,70.37,157.93,-51.8,0.5463077533861874,81.0893,190.9201,-57.5633,0.5012088936497958,0.5006325253367238,0.0005763683130720916,70.37,157.93,-51.8,-0.7483719105908747,-4.224294090686342,-9.200814492164138
1D32,A_PA1_to_C1,151,60.18696445293098,191.3127651870468,-80.0838131635974,71.65,157.35,-51.8,0.5446097455034737,82.8655,190.1144,-57.4577,0.5055975530247406,0.5046096723939778,0.0009878806307627936,71.65,157.35,-51.8,-0.6456089029819668,-4.251333204091891,-9.125090597960778
1D32,A_PA1_to_C1,152,61.363448392895926,190.5060368241799,-79.73264497029759,72.93,156.77,-51.8,0.5500153289292079,85.1086,189.1597,-57.5633,0.509759807415208,0.508721318636542,0.0010384887786659513,72.93,156.77,-51.8,-0.6601840680996796,-4.1655455059306234,-9.053878064917225
1D32,A_PA1_to_C1,153,62.53257525076112,189.69013986366625,-79.37810395588245,74.2,156.17,-51.8,0.5524469598338504,86.8828,188.3501,-57.5633,0.5135122319654364,0.5128256912006574,0.0006865407647790548,74.2,156.17,-51.8,-0.6347958983165904,-4.127229615866267,-8.990174005069779
1D32,A_PA1_to_C1,154,63.69440350185478,188.86530081635576,-79.02027652704841,75.47,155.56,-51.8,0.5481472746342132,89.0739,187.2813,-57.4577,0.5172740350648899,0.516975476434049,0.00029855863084088494,75.47,155.56,-51.8,-0.5035315983457923,-4.195096191852935,-8.926776281085647
1D32,A_PA1_to_C1,155,64.8489950311793,188.0317417660356,-78.65924735945033,76.73999999999998,154.94,-51.8,0.5503478441253399,90.8464,186.4676,-57.5633,0.5219982756384574,0.5211669331575896,0.0008313424808678209,76.73999999999998,154.94,-51.8,-0.4593640238596812,-4.160295983854239,-8.84780849860084
1D32,A_PA1_to_C1,156,65.99641377848022,187.18967854614155,-78.29510006010506,77.98999999999998,154.31,-51.8,0.5453633670169226,92.9877,185.2996,-57.3629,0.5267217894362456,0.5254589629481665,0.0012628264880790421,77.98999999999998,154.31,-51.8,-0.30209355313900094,-4.239322129208326,-8.769564173234247
1D32,A_PA1_to_C1,157,67.13672726207854,186.3393236804872,-77.92791593936606,79.25,153.67,-51.8,0.5421890391687014,91.618,181.256,-53.9487,0.531020173018812,0.5297561370808778,0.0012640359379342103,79.25,153.67,-51.8,-0.18079427603024514,-4.290026701246942,-8.69896946816411
1D32,A_PA1_to_C1,158,68.27000362544098,185.4808832655693,-77.55777279708339,80.5,153.02,-51.8,0.524881889671834,92.869,180.6172,-53.9487,0.5349240991873426,0.5341180525260275,0.0008060466613150666,80.5,153.02,-51.8,0.1646115141042404,-4.5718096091149905,-8.635346585897672
1D32,A_PA1_to_C1,159,69.3963146922312,184.6145597302445,-77.1847486605872,81.73999999999998,152.36,-51.8,0.5358446276488875,97.9409,181.3465,-56.4586,0.5389736540753847,0.5385434170418237,0.00043023703356093055,81.73999999999998,152.36,-51.8,0.0505731163269451,-4.3922637578470916,-8.569839132407068
1D32,A_PA1_to_C1,160,70.51573242914215,183.74054930316348,-76.80891769989609,82.98,151.69,-51.8,0.5381252138540686,99.329,180.1272,-56.6533,0.5440778223535149,0.5429947370383137,0.0010830853152011474,82.98,151.69,-51.8,0.09555364417985235,-4.355374547186534,-8.487969393893604
1D32,A_PA1_to_C1,161,71.62833176385743,182.8590444248774,-76.43035371243633,84.20999999999998,151.01,-51.8,0.538483364034292,100.7277,178.8581,-56.6533,0.5491243788712253,0.5475041414808812,0.0016202373903441223,84.20999999999998,151.01,-51.8,0.16996868666677856,-4.349595560992444,-8.407775365212585
1D32,A_PA1_to_C1,162,72.73418891237762,181.9702330772119,-76.04912746341594,85.43,150.32,-51.8,0.5381031144017934,102.0613,177.6144,-56.6533,0.5537257976231263,0.5520699606297665,0.001655836993359771,85.43,150.32,-51.8,0.24858503525973757,-4.35573126220418,-8.335294717831362
1D32,A_PA1_to_C1,163,73.83338034769403,181.07429724503453,-75.66530789168684,86.65,149.62,-51.8,0.5378150954875592,103.5182,176.2167,-56.6533,0.5577979391384332,0.5566503116618529,0.0011476274765803514,86.65,149.62,-51.8,0.3168783492134098,-4.360381616737595,-8.271651758411103
1D32,A_PA1_to_C1,164,74.92598411421237,180.1714145158533,-75.27896292817486,87.87,148.91,-51.8,0.5370479236846014,104.9081,174.8435,-56.6533,0.5618188815613592,0.5612390493955569,0.000579832165802216,87.87,148.91,-51.8,0.39166577947471226,-4.372780537579779,-8.209263248991988
1D32,A_PA1_to_C1,165,76.01207975140402,179.2617589762031,-74.89015774945686,89.08,148.19,-51.8,0.5360676654731316,106.2328,173.4973,-56.6533,0.5671554679647108,0.5658726477809299,0.0012828201837809,89.08,148.19,-51.8,0.4896502248617719,-4.388649130107701,-8.127147396132848
1D32,A_PA1_to_C1,166,77.09174762221413,178.34549973922313,-74.49895691208107,90.28,147.46,-51.8,0.5350998504578282,107.5833,172.0853,-56.6533,0.5726094038255065,0.5705487159579161,0.0020606878675904004,90.28,147.46,-51.8,0.5884729290687316,-4.40434478288924,-8.04402034470743
1D32,A_PA1_to_C1,167,78.16506757020038,177.42280052578397,-74.10542222749868,91.48,146.72,-51.8,0.5338858799160617,108.9132,170.6541,-56.6533,0.5775054869053012,0.5752186267533342,0.002286860151966956,91.48,146.72,-51.8,0.6821535988004575,-4.424072677065779,-7.970067569152243
1D32,A_PA1_to_C1,168,79.23212000205737,176.49382133220942,-73.70961251769542,92.67,145.97,-51.8,0.5419251262705919,111.7651,167.2645,-71.3553,0.5817167655901463,0.5799253676456257,0.0017913979445205392,92.67,145.97,-51.8,0.6154458651249657,-4.2942556255159925,-7.906958251277948
1D32,A_PA1_to_C1,169,80.2922457066076,175.5579947426321,-73.31132774143597,93.86,145.21,-51.8,0.585672466317703,111.6825,167.4865,-68.9893,0.5855231359068716,0.5846208137545084,0.0009023221523632276,93.86000000000001,145.21,-51.8,-0.0022149459452436614,-3.619945226567279,-7.850308663399446
1D32,A_PA1_to_C1,170,81.34621913040817,174.61616876514668,-72.91087417856407,95.03,144.44,-51.8,0.5860174197365898,111.7651,167.2645,-64.2571,0.590856637223717,0.5893895642446165,0.0014670729791004368,95.03,144.44,-51.8,0.07143185063517864,-3.614830857229536,-7.7715474974812775
1D32,A_PA1_to_C1,171,82.39413102461414,173.66849982189953,-72.50831209760779,96.21,143.66,-51.8,0.5261123064962495,93.35,142.8761,-59.792,0.5968525540736931,0.5940773407253884,0.0027752133483046827,96.21,143.66,-51.8,1.095771919783349,-4.5514721616443214,-7.683848732747895
1D32,A_PA1_to_C1,172,83.43606417922192,172.71513292392234,-72.10369582975609,97.37,142.87,-51.8,0.526316971155855,95.8929,142.041,-56.6966,0.6023907318158227,0.5988339427166858,0.003556789099136928,97.37,142.87,-51.8,1.172618144214039,-4.548093892517258,-7.60362423919014
1D32,A_PA1_to_C1,173,84.4721014411665,171.75620943958634,-71.69707749993427,98.53,142.08,-51.8,0.5308334438602327,95.8396,141.9615,-57.7226,0.6071833913881889,0.603671870724836,0.003511520663352934,98.53,142.08,-51.8,1.1672321369388552,-4.473875840686919,-7.534792194634985
1D32,A_PA1_to_C1,174,85.50232556270262,170.791866357757,-71.28850885598135,99.68,141.27,-51.8,0.5520073889560198,97.842,140.3154,-59.6933,0.6113841752760724,0.6083943211913961,0.0029898540846762006,99.68,141.27,-51.8,0.8873860487321046,-4.13414355366501,-7.474905995819826
1D32,A_PA1_to_C1,175,86.52681905914028,169.82223673745816,-70.87804031093589,100.83,140.45,-51.8,0.5470207287384784,97.9714,140.501,-58.6977,0.6168762802853217,0.6130583244913472,0.00381795579397448,100.83,140.45,-51.8,1.0438857522994007,-4.212965699989951,-7.397228438577472
1D32,A_PA1_to_C1,176,87.54566407425344,168.8474505459108,-70.46571908527208,101.97,139.63,-51.8,0.5666043770925145,100.0162,138.9255,-59.6858,0.6246356306455456,0.6178485970165347,0.006787033629010901,101.97,139.63,-51.8,0.8469365714588526,-3.907442871389715,-7.288654790817782
1D32,A_PA1_to_C1,177,88.55844803780349,167.867192725398,-70.05143424762115,103.1,138.79,-51.8,0.552186187435984,101.9714,137.2418,-60.6456,0.6331823026364591,0.6225053534331038,0.010676949203355351,103.1,138.79,-51.8,1.1888645805784037,-4.131330597836972,-7.170614508145489
1D32,A_PA1_to_C1,178,89.56514571001105,166.8815077296887,-69.63520370616975,104.23,137.95,-51.8,0.5745812824605245,102.2702,137.6429,-58.6853,0.6419937165256315,0.6272179742899073,0.01477574223572416,104.23,137.95,-51.8,0.9635860626832564,-3.786011888470098,-7.050574316673762
1D32,A_PA1_to_C1,179,90.56640539812672,165.89102646115222,-69.21725653762716,105.35,137.1,-51.8,0.5622015587484989,104.2135,135.9491,-59.6189,0.6507103349588595,0.631907631237495,0.0188027037213645,105.35,137.1,-51.8,1.2699131823273782,-3.9752004671834413,-6.933435775742983
1D32,A_PA1_to_C1,180,91.56230890900198,164.8958659730496,-68.79763588335707,106.46,136.24,-51.8,0.5712767344106474,104.2135,135.9491,-59.6189,0.6597306752969839,0.6365710538816616,0.023159621415322355,106.46,136.24,-51.8,1.2504028058500662,-3.8361106246416874,-6.813856309678542
1D32,A_PA1_to_C1,181,92.55293700046964,163.896139665199,-68.3763832599028,107.57,135.36,-51.8,0.5769240732792584,105.4765,135.5739,-56.8832,0.6697415249064266,0.6409868160053247,0.028754708901101846,107.57,135.36,-51.8,1.2957713102957793,-3.7506681525978496,-6.683045333188992
1D32,A_PA1_to_C1,182,93.5383696865723,162.89195751358884,-67.95353909558447,108.67,134.48,-51.8,0.5757675856005979,107.3243,133.7791,-58.1668,0.682012045912744,0.6455010389158339,0.03651100699691013,108.67,134.48,-51.8,1.470896678551333,-3.768097146097907,-6.5253489584334945
1D32,A_PA1_to_C1,183,94.51868676017396,161.8834265470593,-67.52914318940918,109.76,133.6,-51.8,0.574043909128448,108.7176,133.1851,-56.8832,0.6972961012227806,0.6501194105992062,0.04717669062357443,109.76,133.6,-51.8,1.6894424742161418,-3.794139110181013,-6.332845126851793
1D32,A_PA1_to_C1,184,95.49271186178296,160.8696074210233,-67.1028632821566,110.84,132.7,-51.8,0.5866898762359605,108.7176,133.1851,-56.8832,0.7150017183794161,0.6545470316100851,0.06045468676933101,110.84,132.7,-51.8,1.7179698268124088,-3.604869490739912,-6.115048154814423
1D32,A_PA1_to_C1,185,96.46170388940378,159.85160660413624,-66.67509437547085,111.92,131.79,-51.8,0.5614929831692439,111.7932,130.069,-58.2189,0.7347924911476877,0.658999317211292,0.0757931739363957,110.84,132.7,-51.8,2.33640752459021,-3.9861547076247614,-5.877895673921472
1D32,A_PA1_to_C1,186,97.42578646563032,158.82956069145675,-66.24588697364936,112.99,130.88,-51.8,0.5654136674963984,111.7932,132.1205,-52.0261,0.7592694465899696,0.6666840844087648,0.09258536218120479,111.92,131.79,-51.8,2.5605924339246497,-3.925715329159259,-5.59327138612153
1D32,A_PA1_to_C1,187,98.38503709192018,157.8035656055637,-65.81527629218839,114.05,129.95,-51.8,0.5409963910123884,111.7932,132.1205,-52.0261,0.7844676657758983,0.6745042850396187,0.10996338073627968,112.99,130.88,-51.8,3.2276135916973177,-4.309154016220688,-5.309688915410291
1D32,A_PA1_to_C1,188,99.33953257020568,156.7737146908155,-65.3832963626497,115.1,129.02,-51.8,0.4825825853930694,111.7932,132.1205,-52.0261,0.8092412826643135,0.681606063934472,0.12763521872984154,114.05,129.95,-51.8,4.490127679843006,-5.301608459238758,-5.039629270282672
1D32,A_PA1_to_C1,189,100.28870623937988,155.7395876756556,-64.94979971852082,116.15,128.08,-51.8,0.39719947973994596,111.7932,132.1205,-52.0261,0.8336813258121635,0.6883927590440871,0.1452885667680763,115.1,129.02,-51.8,6.439828051527806,-6.992867955447245,-4.7811883948063585
1D32,A_PA1_to_C1,190,101.23243476882728,154.7011333967404,-64.5147688375107,117.19,127.13,-51.8,0.33718537868196935,111.7651,167.2645,-65.6768,0.8570811290058828,0.6951327466461275,0.16194838235975537,116.15,128.08,-51.8,8.103063978131031,-8.415666692649056,-4.540751205404947
1D32,A_PA1_to_C1,191,102.17160842977847,153.6590922034527,-64.07846897385889,118.22,126.17,-51.8,0.34039362149605423,88.6928,145.1213,-59.9789,0.878905651471585,0.7014800376785898,0.17742561379299518,117.19,127.13,-51.8,8.239216872702478,-8.333413106702995,-4.322344724887438
1D32,A_PA1_to_C1,192,103.10630135656044,152.6135477256028,-63.64093019392647,119.24,125.21,-51.8,0.342891747027489,91.04,144.0398,-59.8772,0.8998015591575075,0.7078932790248725,0.1919082801326349,117.19,127.13,-51.8,8.379794180943485,-8.269900728574335,-4.118255038517773
1D32,A_PA1_to_C1,193,104.0365865316082,151.5645810663427,-63.20218148831107,120.25,124.23,-51.8,0.34582702927152625,91.1693,144.245,-58.8913,0.9253396452943379,0.7199812527658569,0.205358392528481,118.22,126.17,-51.8,8.548844709846524,-8.195862694834315,-3.875166475874712
1D32,A_PA1_to_C1,194,104.96171515673508,150.511645489133,-62.76203108739684,121.26,123.25,-51.8,0.35597241322174317,93.5719,143.2171,-57.7925,0.949035280768701,0.7308945063398263,0.21814077442887467,119.24,125.21,-51.8,8.517320300456353,-7.944714519428139,-3.6555427098587074
1D32,A_PA1_to_C1,195,105.88177918168331,149.45485205613636,-62.320520446667565,122.26,122.26,-51.8,0.35499266676540614,93.5719,143.2171,-57.7925,0.9705212865783781,0.7403528001109874,0.23016848646739071,120.25,124.23,-51.8,8.735713670566176,-7.968653740128184,-3.4610885604489283
1D32,A_PA1_to_C1,196,106.79762797996236,148.3948745970604,-61.877887560531605,123.25,121.26,-51.8,0.3732920761506706,95.8396,141.9615,-57.7226,0.9984687146005078,0.7566815619491439,0.2417871526513639,120.25,124.23,-51.8,8.54571380451339,-7.532065949359042,-3.214500635732574
1D32,A_PA1_to_C1,197,107.70933131348907,147.33178524017583,-61.43415856706641,124.23,120.25,-51.8,0.3813776497612163,97.842,140.3154,-59.6933,1.02582537105015,0.7724746494797932,0.2533507215703569,121.26,123.25,-51.8,8.594363957902308,-7.3459366133389805,-2.979721146323593
1D32,A_PA1_to_C1,198,108.616958,146.265654,-60.989359,125.21,119.24,-51.8,0.3844352502600716,97.842,140.3154,-59.6933,1.0557609057245303,0.7905748291167379,0.2651860766077925,121.26,123.25,-51.8,8.774847468174688,-7.276577317846831,-2.7298783405590656
1D32,B_PA2_to_C2,0,-111.344089,143.730347,-72.942256,-123.81,161.25,-51.8,0.6865388009999709,-115.7758,125.0995,-56.2,1.046608214870048,0.7611696108145802,0.2854386040554676,-123.81,161.25,-51.8,3.6623810399207968,0.0,0.0
1D32,B_PA2_to_C2,1,-110.38386537861794,143.92504987544245,-73.40755896180973,-122.74,162.07,-51.8,0.6642750781406724,-114.1715,126.1747,-56.3801,0.8253206493873683,0.7449217252797539,0.08039892410761441,-122.74,162.07,-51.8,1.8854950413033302,-0.286342561180115,-2.0632285597975826
1D32,B_PA2_to_C2,2,-109.4218299609588,144.1185327097424,-73.86961573883003,-121.66,162.88,-51.8,0.6396805739258967,-117.5499,118.8356,-65.6708,0.7370440414013374,0.729467687878506,0.007576353522831395,-121.66,162.88,-51.8,1.230605548377563,-0.6140385025123806,-3.0458139940556137
1D32,B_PA2_to_C2,3,-108.45798450643372,144.31078641668583,-74.32840069786123,-120.57,163.68,-51.8,0.6419533444315197,-110.8839,131.7794,-50.0183,0.7169324605377885,0.7147645871372325,0.0021678734005559745,-120.57,163.68,-51.8,0.9594955719756837,-0.5832324288041727,-3.286117896749286
1D32,B_PA2_to_C2,4,-107.49233079569572,144.50179958697743,-74.78388860572728,-119.48,164.48,-51.8,0.6271348492197215,-83.8452,133.0888,-67.0208,0.7026505169595978,0.7005572948271751,0.0020932221324226593,-119.48,164.48,-51.8,0.9875687077662192,-0.7860830497065299,-3.460895381861108
1D32,B_PA2_to_C2,5,-106.5248704079047,144.69156262453677,-75.23605239698662,-118.39,165.27,-51.8,0.6106147894133741,-108.3607,130.0785,-48.8109,0.6897139485988142,0.68695691313569,0.0027570354631241824,-118.39,165.27,-51.8,1.0580338041249155,-1.0179553656726716,-3.6223026014685535
1D32,B_PA2_to_C2,6,-105.55560598576687,144.8800661623952,-75.684866540274,-117.29,166.06,-51.8,0.5955540510511187,-79.8822,133.8497,-66.9287,0.6771088588023993,0.6738744571016505,0.0032344017007488127,-117.29,166.06,-51.8,1.1147462540155222,-1.2348780817455483,-3.782512867650823
1D32,B_PA2_to_C2,7,-104.58453988214106,145.06729927392988,-76.1303048784166,-116.18,166.83,-51.8,0.5851566151254582,-105.723,135.964,-50.0183,0.6645214700556786,0.6615228366110979,0.0029986334445807512,-116.18,166.83,-51.8,1.1047379620820261,-1.3878593634707668,-3.945502441309539
1D32,B_PA2_to_C2,8,-103.61167478761368,145.25325172348178,-76.57234104120653,-115.07,167.6,-51.8,0.5737809774241902,-104.889,132.9002,-48.8109,0.6512176503403365,0.6495615120070017,0.0016561383333347237,-115.07,167.6,-51.8,1.099600340214381,-1.5583788248717387,-4.1211595245781565
1D32,B_PA2_to_C2,9,-102.63701375124135,145.4379140468565,-77.01094843943008,-113.95,168.36,-51.8,0.5777354737031398,-103.3786,134.0811,-48.8109,0.6397219499122644,0.6381444307374214,0.0015775191748429221,-113.95,168.36,-51.8,0.8852443545960591,-1.4987210522898853,-4.275857737614624
1D32,B_PA2_to_C2,10,-101.6605600506468,145.62127561992435,-77.4461008038966,-112.83,169.12,-51.8,0.5698759936507097,-102.2105,134.657,-48.6119,0.629138299653449,0.6270774354298595,0.002060864223589554,-112.83,169.12,-51.8,0.8593152360345675,-1.61769449515916,-4.420760299045391
1D32,B_PA2_to_C2,11,-100.68231730915193,145.80332558276277,-77.877772044352,-111.7,169.86,-51.8,0.5619959796028134,-101.0753,135.2703,-48.3545,0.6187181044104655,0.6166113599682478,0.0021067444422176885,-111.7,169.86,-51.8,0.8351923087039463,-1.738637569682062,-4.565826300898913
1D32,B_PA2_to_C2,12,-99.70228929415876,145.98405451638737,-78.30593509369717,-110.57,170.6,-51.8,0.5487459208793144,-99.8206,136.0795,-46.8383,0.6086487503962029,0.6064538026990912,0.00219494769711175,-110.57,170.6,-51.8,0.8999085958630414,-1.9458756459175777,-4.708348089975333
1D32,B_PA2_to_C2,13,-98.7204801590521,146.16345228221533,-78.73056335422048,-109.43,171.33,-51.8,0.5336084293595037,-99.0137,140.2813,-49.6183,0.5993492945083317,0.5967380568468773,0.002611237661454438,-109.43,171.33,-51.8,1.0091463397739373,-2.188848114925559,-4.842082815072418
1D32,B_PA2_to_C2,14,-97.73689414441262,146.34150742262747,-79.15163026818743,-108.29,172.06,-51.8,0.5329258387739042,-97.6651,138.2523,-45.9523,0.5904588234123647,0.5872999162642829,0.0031589071480817308,-108.29,172.06,-51.8,0.8904567875649614,-2.1999661961371264,-4.971890448492962
1D32,B_PA2_to_C2,15,-96.75153606554488,146.5182102967413,-79.56910911524014,-107.15,172.77,-51.8,0.5278455739748634,-96.4258,138.6303,-48.3545,0.5818281943321937,0.5783243017854951,0.0035038925466985412,-107.15,172.77,-51.8,0.8457575644953421,-2.283164058037431,-5.0997875334628855
1D32,B_PA2_to_C2,16,-95.76441098545337,146.6935506411538,-79.98297329248382,-106.0,173.48,-51.8,0.5213517071294879,-95.3082,139.2547,-48.056,0.5733678007062986,0.569632655268875,0.0037351454374236347,-106.0,173.48,-51.8,0.8260500032084815,-2.3906857453977155,-5.227016782110031
1D32,B_PA2_to_C2,17,-94.7755246978455,146.8675188399196,-80.39319692783319,-104.84,174.18,-51.8,0.5144503972993866,-94.1754,140.287,-46.3629,0.5654798560142681,0.5613029470364482,0.004176908977819856,-104.84,174.18,-51.8,0.8214726357733275,-2.506431605212,-5.347340009359469
1D32,B_PA2_to_C2,18,-93.78488196301028,147.04010262552612,-80.79975203414823,-103.68,174.88,-51.8,0.5018758708404538,-93.1963,140.6799,-48.056,0.5580968169616021,0.5531945230376368,0.004902293923965211,-103.68,174.88,-51.8,0.9222645875705673,-2.7213754203454696,-5.461491872695699
1D32,B_PA2_to_C2,19,-92.792435537956,147.21124955115144,-81.20249796185014,-102.52,175.56,-51.8,0.48441007691514265,-91.7703,141.9934,-48.6119,0.5511015786450838,0.5454766168102637,0.005624961834820115,-102.52,175.56,-51.8,1.120369722444248,-3.029038365255461,-5.571049682732009
1D32,B_PA2_to_C2,20,-91.79822993559468,147.38097891626882,-81.6014867311795,-101.35,176.24,-51.8,0.4908059786087059,-90.9755,142.7528,-45.9523,0.5441821865717967,0.537985528057113,0.006196658514683713,-101.35,176.24,-51.8,0.8966895405729892,-2.915104857963154,-5.680796357310962
1D32,B_PA2_to_C2,21,-90.80229103355435,147.54929578769315,-81.9967325985091,-100.17,176.91,-51.8,0.48225023830116437,-89.8573,142.8689,-46.8383,0.5374919712137313,0.5307938969305196,0.006698074283211683,-100.17,176.91,-51.8,0.9419906088446455,-3.0678527259158277,-5.788243156991978
1D32,B_PA2_to_C2,22,-89.80462601702506,147.71619055711744,-82.38820952039464,-98.99,177.57,-51.8,0.47776122124599557,-88.6663,144.2543,-48.8109,0.5312245678958927,0.5238617604535598,0.007362807442332872,-98.99,177.57,-51.8,0.9213451149367059,-3.1490838206509233,-5.890119745635013
1D32,B_PA2_to_C2,23,-88.80524149658001,147.88165129826228,-82.77589017906962,-97.81,178.22,-51.8,0.47238109179017973,-87.5754,144.9205,-48.8109,0.5254535695578137,0.517178467054703,0.008275102503110738,-97.81,178.22,-51.8,0.9248368216365955,-3.247451632529914,-5.984995850814117
1D32,B_PA2_to_C2,24,-87.80414478986354,148.0456683441914,-83.15974727592672,-96.62,178.87,-51.8,0.4714934208506469,-86.4315,144.9715,-46.8383,0.5199928586241914,0.5106771863989865,0.009315672225204923,-96.62,178.87,-51.8,0.8504348442545153,-3.263789003622262,-6.075735199288545
1D32,B_PA2_to_C2,25,-86.8013441490417,148.20823110062227,-83.53975553399744,-95.43,179.51,-51.8,0.4663430000634277,-85.2945,146.6909,-45.6335,0.5146396962367641,0.5044059368040098,0.010233759432754319,-95.43,179.51,-51.8,0.8559563956836174,-3.359192498951643,-6.165617143188824
1D32,B_PA2_to_C2,26,-85.79684713155581,148.36932931117394,-83.91588687010773,-94.24,180.14,-51.8,0.4505465504726129,-83.9888,146.3752,-48.056,0.5093321151609342,0.4983555570673942,0.010976558093540022,-94.24,180.14,-51.8,1.0652278374939164,-3.6585083654759716,-6.255661567902852
1D32,B_PA2_to_C2,27,-84.79066219213736,148.52895259434032,-84.28811479164705,-93.04,180.76,-51.8,0.44711114005606817,-82.942,147.1123,-48.3545,0.5042164855738097,0.49253532696116814,0.011681158612641612,-93.04,180.76,-51.8,1.0440310058549926,-3.7249919298417717,-6.3433419639075765
1D32,B_PA2_to_C2,28,-83.78279833852454,148.68709051038687,-84.65641348019483,-91.83,181.38,-51.8,0.4483727905849326,-82.0802,147.4839,-46.8383,0.4993857301956732,0.4868621310405634,0.01252359915510983,-91.83,181.38,-51.8,0.9359375741034994,-3.70051675137903,-6.426960217196328
1D32,B_PA2_to_C2,29,-82.7732644843618,148.84373269838642,-85.0207559726652,-90.63,181.98,-51.8,0.4392152480959455,-80.8058,148.5203,-48.6119,0.4949322777194098,0.4814382403334564,0.013494037385953396,-90.63,181.98,-51.8,1.0373673781237869,-3.8797535649768298,-6.50476722677384
1D32,B_PA2_to_C2,30,-81.76207001190437,148.99886944655137,-85.38111544941161,-89.40999999999998,182.58,-51.8,0.43103168642744943,-79.5911,148.9556,-48.3545,0.4907681285634796,0.4761623543677732,0.014605774195706432,-89.40999999999998,182.58,-51.8,1.1273430684610763,-4.0431177919257575,-6.57815576338548
1D32,B_PA2_to_C2,31,-80.74922459345133,149.15248953395547,-85.73746566339398,-88.2,183.17,-51.8,0.43874944332029564,-78.5465,149.3997,-46.8383,0.4866547805825108,0.4710511255682945,0.015603655014216336,-88.2,183.17,-51.8,0.9000883102830808,-3.8889701753789483,-6.651262905016665
1D32,B_PA2_to_C2,32,-79.73473816719762,149.3045824755824,-86.08977990629651,-86.98,183.75,-51.8,0.42611095331060983,-77.5398,150.5403,-48.8109,0.482566766062441,0.4661272890144319,0.016439477048009056,-86.98,183.75,-51.8,1.0806942223818814,-4.142847784025034,-6.724534601563949
1D32,B_PA2_to_C2,33,-78.71862135234821,149.4551382571482,-86.4380323272578,-85.76,184.33,-51.8,0.42100488680557596,-76.7118,150.3247,-48.056,0.47839705240940145,0.46130444505655815,0.0170926073528433,-85.76,184.33,-51.8,1.110027164038253,-4.247559005733356,-6.799912881615899
1D32,B_PA2_to_C2,34,-77.70088469592274,149.6041466734858,-86.78219602640094,-84.53,184.89,-51.8,0.4246799100790709,-75.1909,151.6793,-45.9523,0.4743726184139986,0.45671981306640924,0.017652805347589364,-84.53,184.89,-51.8,0.9611579228543357,-4.172067409748449,-6.873290526814912
1D32,B_PA2_to_C2,35,-76.68153940290324,149.75159744535128,-87.12224516612058,-83.29999999999998,185.45,-51.8,0.42173676895208073,-74.0667,151.675,-46.8383,0.4704592654478272,0.45222542237322444,0.018233843074602758,-83.29999999999998,185.45,-51.8,0.9496111939472213,-4.232472415181276,-6.945242261154851
1D32,B_PA2_to_C2,36,-75.66059697847993,149.8974803307656,-87.45815384885604,-82.06,186.0,-51.8,0.4196098161123239,-73.1627,152.114,-46.8383,0.46681962924571735,0.44789139585363485,0.018928233392082508,-82.06,186.0,-51.8,0.9260694015880202,-4.276388958770171,-7.012700597102947
1D32,B_PA2_to_C2,37,-74.63806924818577,150.0417851248658,-87.7898962109968,-80.81999999999998,186.54,-51.8,0.41530516586203614,-72.1404,152.5756,-48.056,0.46343095345205415,0.44370074026910045,0.019730213182953694,-80.81999999999998,186.54,-51.8,0.9523540917034254,-4.3659550801538956,-7.075982028371267
1D32,B_PA2_to_C2,38,-73.61396815521526,150.18450169084596,-88.11744574553933,-79.58,187.08,-51.8,0.4103299915088047,-71.507,156.1373,-49.6183,0.4601788052161277,0.43958910129176926,0.02058970392435844,-79.58,187.08,-51.8,0.9958670190618182,-4.470636519736451,-7.13715054059543
1D32,B_PA2_to_C2,39,-72.58830630330328,150.32561996117698,-88.44077702518774,-78.34,187.6,-51.8,0.4103523441488889,-69.8297,153.649,-48.056,0.4570802537733565,0.43567182195995163,0.021408431813404846,-78.34,187.6,-51.8,0.9367108229172652,-4.470163370610407,-7.195833587613939
1D32,B_PA2_to_C2,40,-71.56109641508871,150.46512977948345,-88.7598640362138,-77.09,188.12,-51.8,0.40668008548892304,-68.6831,154.404,-46.3629,0.4539794865635623,0.431834541439719,0.022144945123843313,-77.09,188.12,-51.8,0.955666463366665,-4.548243620741315,-7.254958197295446
1D32,B_PA2_to_C2,41,-70.53235169037065,150.6030210563669,-89.07468130687656,-75.84,188.63,-51.8,0.4033319096678118,-67.7315,155.2097,-48.8109,0.45084856985054783,0.42812322459211766,0.022725345258430178,-75.84,188.63,-51.8,0.9673622746400444,-4.62005009144802,-7.3150688567287725
1D32,B_PA2_to_C2,42,-69.50208597534196,150.73928382249213,-89.3852044178836,-74.58,189.13,-51.8,0.39873921115964817,-66.4585,155.4841,-48.6119,0.4476848353856376,0.42454090954044144,0.02314392584519615,-74.58,189.13,-51.8,1.0056687648806193,-4.7195228372932805,-7.376235112333457
1D32,B_PA2_to_C2,43,-68.47031288272552,150.8739081752133,-89.69140715404404,-73.31999999999998,189.62,-51.8,0.39528934103258756,-65.3815,156.2162,-48.8109,0.4444773479946881,0.4210756439634904,0.023401704031197654,-73.31999999999998,189.62,-51.8,1.0186905811189988,-4.794999669101914,-7.438690127903711
1D32,B_PA2_to_C2,44,-67.43704656234294,151.00688424031952,-89.9932640606525,-72.06,190.1,-51.8,0.3897710764305688,-64.2008,156.706,-48.8109,0.44125275986219553,0.41772378796093235,0.02352897190126317,-72.06,190.1,-51.8,1.0775565253206072,-4.917109574732401,-7.5019340893325905
1D32,B_PA2_to_C2,45,-66.40230189331929,151.13820215259082,-90.29075113844432,-70.79,190.58,-51.8,0.3901805281011166,-63.1311,156.7605,-46.3629,0.4379834026769616,0.4144343007016248,0.023549101975336842,-70.79,190.58,-51.8,1.003841221673652,-4.907989900310172,-7.566529718557317
1D32,B_PA2_to_C2,46,-65.36609387181097,151.2678522055928,-90.58384371028332,-69.52,191.04,-51.8,0.38448203901564265,-62.2124,156.8941,-48.056,0.4347888746489891,0.41130458220467464,0.023484292444314415,-69.52,191.04,-51.8,1.0680473241007564,-5.035780611299979,-7.630114327120018
1D32,B_PA2_to_C2,47,-64.32843764514975,151.39582463511093,-90.87251660833756,-68.25,191.5,-51.8,0.3844281486970289,-61.1414,157.655,-48.6119,0.4315683669061916,0.4082257009369696,0.023342665969222038,-68.25,191.5,-51.8,1.0046884816313204,-5.036998140650701,-7.694690698940178
1D32,B_PA2_to_C2,48,-63.28934886231595,151.5221097582287,-91.1567453525607,-66.98,191.95,-51.8,0.3851702094436289,-59.8809,157.931,-48.3545,0.4283741430707168,0.4052478483101997,0.02312629476051709,-66.98,191.95,-51.8,0.9234111786569601,-5.020247949647788,-7.759217810911625
1D32,B_PA2_to_C2,49,-62.24884367455399,151.6466974859408,-91.4365064098234,-65.7,192.39,-51.8,0.38388701432186023,-58.6875,158.3792,-48.3545,0.4251918180348898,0.40237217771152584,0.022819640323363984,-65.7,192.39,-51.8,0.8876295448155458,-5.049233313052622,-7.823984808157874
1D32,B_PA2_to_C2,50,-61.20693837904393,151.7695790116044,-91.71177513775478,-64.42,192.82,-51.8,0.3816085501566763,-57.557,159.0011,-48.6119,0.42203504564040367,0.39959106370213526,0.022443981938268423,-64.42,192.82,-51.8,0.8746083872546483,-5.100939809197008,-7.8887124618631566
1D32,B_PA2_to_C2,51,-60.16364981403854,151.89074522038314,-91.98252799904806,-63.14,193.25,-51.8,0.37729246051825616,-56.9487,162.593,-50.0183,0.41886122235529377,0.39685284329049314,0.02200837906480062,-63.14,193.25,-51.8,0.9078405811648784,-5.199739209766559,-7.954279668522477
1D32,B_PA2_to_C2,52,-59.118995098258246,152.01018632705112,-92.2487417271654,-61.85,193.66,-51.8,0.37384521386955205,-55.0873,159.6696,-48.3545,0.41576162836592234,0.3942566878199804,0.02150494054594195,-61.85,193.66,-51.8,0.9230515955953938,-5.279465244521622,-8.018794688847027
1D32,B_PA2_to_C2,53,-58.07299161693708,152.12789314608406,-92.5103927357169,-60.56,194.07,-51.8,0.3701658818943557,-54.024,160.5061,-48.8109,0.41263386504702737,0.3916990280594966,0.020934836987530785,-60.56,194.07,-51.8,0.9433696081227089,-5.365373995571682,-8.084385427369769
1D32,B_PA2_to_C2,54,-57.02565725142257,152.24385640055144,-92.76745833238854,-59.27,194.47,-51.8,0.3717367713946091,-52.7352,160.5636,-46.3629,0.4094972713861955,0.3892265426727011,0.0202707287134944,-59.27,194.47,-51.8,0.8403097914445025,-5.328591290554387,-8.15066253903068
1D32,B_PA2_to_C2,55,-55.97700994133772,152.35806700921157,-93.0199148280702,-57.98,194.86,-51.8,0.3659191745395394,-52.0654,160.6823,-48.3545,0.40630886077482553,0.3868369941037209,0.01947186667110463,-57.98,194.86,-51.8,0.9094225191153059,-5.465598393146135,-8.218556913951625
1D32,B_PA2_to_C2,56,-54.92706831895261,152.47051600784263,-93.26774021710568,-56.68,195.24,-51.8,0.3670461282379852,-50.9099,161.2566,-48.6119,0.40300087652649524,0.38453002526828434,0.018470851258210914,-56.68,195.24,-51.8,0.8117068685484646,-5.438888798222058,-8.28956296959439
1D32,B_PA2_to_C2,57,-53.87585117730203,152.58119383266,-93.5109122821452,-55.38,195.61,-51.8,0.3673132267415233,-49.6916,161.6369,-48.6119,0.39959147988484567,0.38230121881630375,0.017290261068541913,-55.38,195.61,-51.8,0.731593045447445,-5.43257039780734,-8.363358392280691
1D32,B_PA2_to_C2,58,-52.82337771589517,152.6900926983506,-93.74940860700194,-54.08,195.98,-51.8,0.36632330560209986,-48.4704,162.008,-48.6119,0.396064830285194,0.3801035781325531,0.01596125215264092,-54.08,195.98,-51.8,0.6780346039390821,-5.456010754459984,-8.440357190441699
1D32,B_PA2_to_C2,59,-51.76966745502341,152.79720389478553,-93.9832074245146,-52.77,196.33,-51.8,0.36417854775422137,-47.2465,162.3698,-48.6119,0.39256441013959886,0.378026825043437,0.014537585096161881,-52.77,196.33,-51.8,0.6519312842989826,-5.5070145497556355,-8.517464305377448
1D32,B_PA2_to_C2,60,-50.71474037182839,152.90251849194152,-94.21228796453826,-51.47,196.68,-51.8,0.3621823258108026,-46.8146,165.8009,-50.0183,0.38917029564199374,0.3759773485999876,0.013192947042006107,-51.47,196.68,-51.8,0.6242486199453342,-5.554756678435476,-8.592889098410941
1D32,B_PA2_to_C2,61,-49.65861645459795,153.00602810349906,-94.43662804934596,-50.16,197.01,-51.8,0.3615203804904439,-45.5345,166.1577,-50.0183,0.3859915105080988,0.3740437685133314,0.01194774199476746,-50.16,197.01,-51.8,0.568899350068142,-5.570646036185279,-8.664127726037934
1D32,B_PA2_to_C2,62,-48.60131628715884,153.10772344792713,-94.6562074999455,-48.85,197.34,-51.8,0.3576896444667142,-44.2516,166.5046,-50.0183,0.38300486563203856,0.37213574741547356,0.01086911821656499,-48.85,197.34,-51.8,0.5939584842522878,-5.663174404355333,-8.731596960023841
1D32,B_PA2_to_C2,63,-47.54286080845083,153.20759763587284,-94.8710055284514,-47.54,197.66,-51.8,0.3527423874244381,-42.9418,163.5632,-48.6119,0.38023161250138604,0.37029581961888886,0.009935792882497208,-47.54,197.66,-51.8,0.6518114271756101,-5.784148744987964,-8.79471835773315
1D32,B_PA2_to_C2,64,-46.48327113250459,153.30564221957908,-95.0810017177901,-46.22,197.98,-51.8,0.3543589264836498,-41.7063,163.8832,-48.6119,0.3775190552087968,0.3684798140105566,0.009039241198240235,-46.22,197.98,-51.8,0.5499100024063382,-5.74443419758257,-8.85690523509703
1D32,B_PA2_to_C2,65,-45.4225689014876,153.40184895521443,-95.28617699272677,-44.9,198.28,-51.8,0.3548539634934036,-40.5292,164.4402,-48.8109,0.3749109904027778,0.36677124448533993,0.00813974591743786,-44.9,198.28,-51.8,0.47757022869140736,-5.732308536606681,-8.91711934783607
1D32,B_PA2_to_C2,66,-44.36077557018651,153.49620909959995,-95.48651027214626,-43.58,198.57,-51.8,0.3543405641831095,-39.2871,164.7419,-48.8109,0.37232294254867127,0.3651259755019694,0.007196967046701864,-43.58,198.57,-51.8,0.4299785191222153,-5.744884297852516,-8.977286818651097
1D32,B_PA2_to_C2,67,-43.29791368497544,153.58871652443105,-95.68198375449376,-42.26,198.86,-51.8,0.35226184114251313,-37.9856,164.787,-48.6119,0.3697391339192007,0.3635014935360982,0.00623764038310252,-42.26,198.86,-51.8,0.4205963785274603,-5.795989731036196,-9.037774392429533
1D32,B_PA2_to_C2,68,-42.234005550773134,153.6793630286134,-95.8725781010478,-40.94,199.14,-51.8,0.3497921738674935,-37.8611,168.364,-53.6759,0.3672913705522085,0.36193847786990446,0.005352892682304056,-40.94,199.14,-51.8,0.42401272596268863,-5.857099974465089,-9.095468288423197
1D32,B_PA2_to_C2,69,-41.16907381901202,153.76814085817185,-96.05827437794429,-39.62,199.4,-51.8,0.3505670115459904,-36.6735,169.1679,-52.4603,0.36511982682467986,0.3604762000867555,0.004643626737924355,-39.62,199.4,-51.8,0.3532874061093445,-5.8378808153567245,-9.146974449168175
1D32,B_PA2_to_C2,70,-40.1031289537576,153.85501755222404,-96.23899125430628,-38.29,199.66,-51.8,0.350004519672957,-35.3738,169.4756,-51.7933,0.36316717605950855,0.3590306794093434,0.0041364966501651395,-38.29,199.66,-51.8,0.32065873021222924,-5.851828694091817,-9.193551003800383
1D32,B_PA2_to_C2,71,-39.03618987823958,153.939976772089,-96.4146819293428,-36.96,199.91,-51.8,0.3488111295516228,-33.9835,169.335,-50.5352,0.3615167111075139,0.35764292512612855,0.0038737859813853404,-36.96,199.91,-51.8,0.310760875898428,-5.881495073135305,-9.233115237157673
1D32,B_PA2_to_C2,72,-37.96829818015255,154.02304379636783,-96.58541758393568,-35.63,200.15,-51.8,0.34672839282689744,-32.2615,166.565,-48.9385,0.36107352799193737,0.3563116562894521,0.004761871702485288,-35.63,200.15,-51.8,0.3521248575434746,-5.933513613631931,-9.243769796009252
1D32,B_PA2_to_C2,73,-36.899477667861696,154.104211003158,-96.75118039535155,-34.3,200.39,-51.8,0.3454571543048322,-31.0792,166.0328,-48.3545,0.36051569763397784,0.3549966144312986,0.005519083202679237,-34.3,200.39,-51.8,0.37059976758420166,-5.965417920119094,-9.257199192455689
1D32,B_PA2_to_C2,74,-35.829752775415024,154.18347341545706,-96.91195389931922,-32.97,200.61,-51.8,0.33576767018917636,-29.3381,166.4467,-46.3629,0.35979517907487624,0.35377560942764114,0.006019569647235086,-32.97,200.61,-51.8,0.6003292534875924,-6.212524199782558,-9.274575986215762
1D32,B_PA2_to_C2,75,-34.759148008312394,154.26082338826797,-97.06772212617592,-31.63,200.82,-51.8,0.3427765057507995,-28.549,166.3635,-48.056,0.35906488393521224,0.3526055772210319,0.006459306714180349,-31.63,200.82,-51.8,0.40323772993917506,-6.033080798573839,-9.29222410855546
1D32,B_PA2_to_C2,76,-33.68768816862759,154.33625396422505,-97.21846945332712,-30.3,201.03,-51.8,0.33992582037061936,-28.7203,170.165,-53.6759,0.3586196704238635,0.351452228388163,0.007167442035700539,-30.3,201.03,-51.8,0.4649990550930821,-6.105618657505767,-9.303000642333481
1D32,B_PA2_to_C2,77,-32.61539853755643,154.40976009116122,-97.3641813520534,-28.96,201.23,-51.8,0.3357582832486262,-27.491,170.9035,-52.4603,0.35873634892346135,0.35034827353822684,0.0083880753852345,-28.96,201.23,-51.8,0.574972962249714,-6.21276703158748,-9.30017510925856
1D32,B_PA2_to_C2,78,-31.54230429006244,154.48133467447258,-97.50484226081323,-27.62,201.41,-51.8,0.33664917173075787,-26.1766,171.1405,-51.7933,0.35927867297409916,0.34933339440307637,0.009945278571022812,-27.62,201.41,-51.8,0.5650777531706714,-6.189750738397294,-9.28705402514742
1D32,B_PA2_to_C2,79,-30.46843110893605,154.55097297226447,-97.64043783150107,-26.28,201.59,-51.8,0.33927323737162296,-24.2417,167.9222,-48.9385,0.35986404557064194,0.34833075941696406,0.011533286153677873,-26.28,201.59,-51.8,0.5117771016058223,-6.1223096867072595,-9.272913625022234
1D32,B_PA2_to_C2,80,-29.39380476776233,154.6186681013438,-97.77095418124917,-24.94,201.76,-51.8,0.34138342660686,-23.5336,171.5246,-51.7933,0.36035029551282965,0.3473777749252036,0.012972520587626027,-24.94,201.76,-51.8,0.4696489854427533,-6.06845307880178,-9.261185133279824
1D32,B_PA2_to_C2,81,-28.31845135645202,154.68441462884485,-97.89637786883976,-23.6,201.93,-51.8,0.3390558300348585,-21.6942,167.9722,-48.8109,0.36075077096157376,0.34643650665374953,0.014314264307824254,-23.6,201.93,-51.8,0.5387210293268601,-6.1278774156725575,-9.251537426266497
1D32,B_PA2_to_C2,82,-27.2423972641524,154.74820751656992,-98.01669642786544,-22.26,202.08,-51.8,0.3379622487703973,-20.8345,171.4538,-50.5352,0.36137347570972883,0.34558094207706286,0.015792533632665976,-22.26,202.08,-51.8,0.5817616320497938,-6.155937920205583,-9.236557328076586
1D32,B_PA2_to_C2,83,-26.165669006864395,154.81004129594638,-98.13189739193844,-20.91,202.22,-51.8,0.3348673635681519,-19.1057,167.8359,-48.3545,0.3624644448548042,0.34476894863834784,0.01769549621645639,-20.91,202.22,-51.8,0.6878517783263082,-6.235845285782499,-9.210374547376988
1D32,B_PA2_to_C2,84,-25.088293256508223,154.86991089153568,-98.24196809318909,-19.57,202.36,-51.8,0.3279045551196673,-18.1427,171.3351,-50.0183,0.3639272946512976,0.34397122493223126,0.01995606971906634,-19.57,202.36,-51.8,0.9053435852152119,-6.418352749167681,-9.175390203873267
1D32,B_PA2_to_C2,85,-24.01029697344074,154.9278115916748,-98.34689701737234,-18.22,202.48,-51.8,0.3304993979012151,-17.2244,168.2351,-48.6119,0.3657827654990281,0.3432523564612557,0.022530409037772405,-18.22,202.48,-51.8,0.8810513287935642,-6.349888291691693,-9.131218002818924
1D32,B_PA2_to_C2,86,-22.93170731895633,154.98373900900486,-98.44667307402544,-16.87,202.6,-51.8,0.33194477246249865,-15.9359,168.167,-48.3545,0.36762698036998004,0.3425427723911198,0.025084207978860223,-16.87,202.6,-51.8,0.8868308669700274,-6.31198507083531,-9.087535243786078
1D32,B_PA2_to_C2,87,-21.85255162814546,155.0376874840803,-98.54128635480696,-15.53,202.71,-51.8,0.33547672833457076,-15.5535,172.2123,-53.1004,0.36923933291680333,0.3418833101422765,0.027356022774526804,-15.53,202.71,-51.8,0.8329111735944648,-6.2200537642869556,-9.049523630613288
1D32,B_PA2_to_C2,88,-20.772857377273507,155.08965376136825,-98.6307256717608,-14.18,202.8,-51.8,0.3370091215958476,-14.1969,171.99,-53.6759,0.3707368630731689,0.3413000899376603,0.029436773135508604,-14.18,202.8,-51.8,0.828482302445238,-6.180468628663283,-9.014367366138842
1D32,B_PA2_to_C2,89,-19.692652288997586,155.13963285791397,-98.71498233580527,-12.83,202.89,-51.8,0.33367264877696695,-12.1386,168.6791,-48.6119,0.3720584729958227,0.3407251713550628,0.03133330164075985,-12.83,202.89,-51.8,0.9458118080922571,-6.266889566394742,-8.983458798223282
1D32,B_PA2_to_C2,90,-18.61196423594128,155.18762180084667,-98.79404690542012,-11.48,202.98,-51.8,0.3361570011744801,-11.5795,172.746,-51.7933,0.37333435741921905,0.34015856666512445,0.0331757907540946,-11.48,202.98,-51.8,0.9111159695653657,-6.202458528752456,-8.953723599107887
1D32,B_PA2_to_C2,91,-17.53082121803602,155.2336156026439,-98.86791142702478,-10.13,203.05,-51.8,0.3349525687445039,-10.239,172.6989,-51.1388,0.3747100398539543,0.3396712830986735,0.03503875675528079,-10.13,203.05,-51.8,0.9742403370697622,-6.2336354896069155,-8.92177619245795
1D32,B_PA2_to_C2,92,-16.44925130893432,155.27761120152687,-98.93656618480166,-8.779999999999998,203.11,-51.8,0.3335627476740464,-8.8426,171.5319,-49.6183,0.3760973725954513,0.3392271460979969,0.03687022649745434,-8.779999999999998,203.11,-51.8,1.0424551369798287,-6.269750891992213,-8.88967679493318
1D32,B_PA2_to_C2,93,-15.367282953400316,155.31960635618893,-99.00000520316732,-7.429999999999999,203.16,-51.8,0.33052343555721764,-7.5428,172.1292,-50.0183,0.37734864527237,0.33882579860538076,0.03852284666698926,-7.429999999999999,203.16,-51.8,1.1508107373682555,-6.349256578483859,-8.8608268810364
1D32,B_PA2_to_C2,94,-14.28493673047202,155.3595507877873,-99.05810188618948,-6.08,203.21,-51.8,0.331008264503976,-6.3968,168.8004,-48.3545,0.3782529857307644,0.3384320044275212,0.03982098130324321,-6.08,203.21,-51.8,1.158870551416189,-6.336524999699442,-8.840035488204052
1D32,B_PA2_to_C2,95,-13.20224339567479,155.3974442967575,-99.1108541938934,-4.73,203.24,-51.8,0.33260859888621414,-5.1363,169.2918,-48.8109,0.37875365572709746,0.33811583178781285,0.040637823939284605,-4.73,203.24,-51.8,1.128467211014179,-6.294632288586097,-8.828546117492715
1D32,B_PA2_to_C2,96,-12.119239570985169,155.4333259341982,-99.15836949775446,-3.38,203.27,-51.8,0.33357532400642054,-4.8947,172.5064,-53.6759,0.37875677997741536,0.3378065260094877,0.040950253967927674,-3.38,203.27,-51.8,1.1033299836540413,-6.269423413649414,-8.82847446991617
1D32,B_PA2_to_C2,97,-11.03595403858412,155.46719473161767,-99.20064078858212,-2.03,203.29,-51.8,0.3356756458258796,-3.564,172.5391,-53.6759,0.37837145677083606,0.33753897297875896,0.04083248379207708,-2.03,203.29,-51.8,1.03997067827368,-6.214905081234643,-8.83731544288176
1D32,B_PA2_to_C2,98,-9.952415705712683,155.49904677165716,-99.23766471970472,-0.68,203.3,-51.8,0.33554113223152066,-2.2375,172.8999,-53.1004,0.37773643244753186,0.33731289814293536,0.04042353430459648,-0.68,203.3,-51.8,1.0288621725636868,-6.218386431192682,-8.851905298549791
1D32,B_PA2_to_C2,99,-8.868653542257167,155.52888109151874,-99.2694358153294,0.68,203.3,-51.8,0.33522901242364506,-3.9606,155.4443,-70.7066,0.37699597107986704,0.33712121734136935,0.039874753738497706,0.68,203.3,-51.8,1.0199022265747824,-6.226469791557858,-8.868948604903874
1D32,B_PA2_to_C2,100,-7.784696647000554,155.55669596799535,-99.295951680497,2.03,203.29,-51.8,0.33694259042013086,-2.8941,155.4518,-71.1972,0.37630378654817687,0.3369772317721001,0.03932655477607676,2.03,203.29,-51.8,0.959653560332755,-6.182183536248917,-8.884911015836959
1D32,B_PA2_to_C2,101,-6.700574090627914,155.58248888798403,-99.31720834713164,3.38,203.27,-51.8,0.3378109965636716,-1.7557,155.4598,-71.4836,0.3757073904259164,0.336874072955318,0.038833317470598344,3.38,203.27,-51.8,0.9235191044599511,-6.159826088333404,-8.89868802379425
1D32,B_PA2_to_C2,102,-5.616315065931505,155.6062589687898,-99.33320358502304,4.73,203.24,-51.8,0.33814090189058293,-0.7146,155.4671,-71.5585,0.37518355110274604,0.3368115676087175,0.038371983494028546,4.73,203.24,-51.8,0.902921659894489,-6.151347610812624,-8.910806990838932
1D32,B_PA2_to_C2,103,-4.531948766026188,155.62800404835014,-99.34393501923688,6.08,203.21,-51.8,0.3381149516276934,0.4531,155.4754,-71.4382,0.3746044941938105,0.3367551169501107,0.037849377243699814,6.08,203.21,-51.8,0.8901721489159582,-6.152014225729079,-8.924223116733918
1D32,B_PA2_to_C2,104,-3.4475044580098806,155.64772418831205,-99.34940086171216,7.429999999999999,203.16,-51.8,0.337031763013631,1.6996,155.4841,-71.0557,0.3738976874614471,0.33677352683102557,0.03712416063042153,7.429999999999999,203.16,-51.8,0.9016389378272054,-6.179885100688406,-8.940627202781998
1D32,B_PA2_to_C2,105,-2.3630114133557245,155.66541793816927,-99.3496006662767,8.779999999999998,203.11,-51.8,0.33429002619146186,2.9486,155.4929,-70.3516,0.37286637790149846,0.33679782709780215,0.036068550803696336,8.779999999999998,203.11,-51.8,0.9485960933959887,-6.250833359018792,-8.964618305543599
1D32,B_PA2_to_C2,106,-1.2784989144168657,155.68108421535902,-99.34453342396944,10.13,203.05,-51.8,0.3325441717430973,7.0965,172.7685,-53.1004,0.37145928317555005,0.3368623522934956,0.03459693088205445,10.13,203.05,-51.8,0.961237512786967,-6.296314930773783,-8.997458457907614
1D32,B_PA2_to_C2,107,-0.193996270036946,155.69472371767526,-99.33419986729729,11.48,202.98,-51.8,0.3369658190258979,8.4123,172.3704,-53.6759,0.3696786968182485,0.3369670133584649,0.03271168345978361,11.48,202.98,-51.8,0.8047715039123524,-6.181584757235655,-9.039194293244101
1D32,B_PA2_to_C2,108,0.8904672233824948,155.70633517500383,-99.31859957134051,12.83,202.89,-51.8,0.3367187851805134,9.7607,172.6383,-53.1004,0.3676509451751459,0.3371460156263715,0.030504929548774415,12.83,202.89,-51.8,0.7633668185339579,-6.187954826554892,-9.08696904794173
1D32,B_PA2_to_C2,109,1.9748622970068277,155.7159185771087,-99.29773448040478,14.18,202.8,-51.8,0.3338332062361861,11.0976,172.6458,-51.1388,0.36549494305646674,0.3373307360137834,0.028164207042683374,14.18,202.8,-51.8,0.787036778494442,-6.2627110730144455,-9.1380553344408
1D32,B_PA2_to_C2,110,3.059159680973665,155.7234744275543,-99.27160608203349,15.53,202.71,-51.8,0.3328961830633471,12.4362,172.6562,-52.4603,0.3633966431079959,0.3375211883272154,0.02587545478078051,15.53,202.71,-51.8,0.761441910910648,-6.287125431693507,-9.188064560703657
1D32,B_PA2_to_C2,111,4.143330136585643,155.72900397382435,-99.24021636121546,16.87,202.6,-51.8,0.3349419127716844,13.7367,172.1691,-50.5352,0.3615881820815565,0.33779505277075045,0.023793129310806044,16.87,202.6,-51.8,0.6648946337852935,-6.233911821496364,-9.231398227631868
1D32,B_PA2_to_C2,112,5.227344481535621,155.73250618129498,-99.20356807735816,18.22,202.48,-51.8,0.33433181934058676,15.0273,171.637,-50.0183,0.3599237482369098,0.33809991402128464,0.021823834215625157,18.22,202.48,-51.8,0.6406558254549071,-6.249747511513735,-9.271472725979624
1D32,B_PA2_to_C2,113,6.311173611409227,155.73398248082182,-99.16166550764348,19.57,202.36,-51.8,0.3356307830533907,14.5878,167.5539,-57.2837,0.3583267065810006,0.33841052190715276,0.019916184673847818,19.57,202.36,-51.8,0.5683478351842011,-6.216066020783298,-9.310099225519894
1D32,B_PA2_to_C2,114,7.394782462526731,155.73338500105064,-99.11438346663768,20.91,202.22,-51.8,0.33348170826003637,17.2023,168.4924,-48.8109,0.3567808892594363,0.3388055378071099,0.017975351452326392,20.91,202.22,-51.8,0.5865913223252122,-6.271861394234232,-9.347651111829817
1D32,B_PA2_to_C2,115,8.478141025309707,155.7307228648241,-99.0617464588014,22.26,202.08,-51.8,0.33712980522404745,17.702,171.664,-53.6759,0.35505699645070754,0.33919693383569244,0.01586006261501509,22.26,202.08,-51.8,0.45001850512762176,-6.177358751321506,-9.389721286114682
1D32,B_PA2_to_C2,116,9.561224891104924,155.72603815765683,-99.00386883744936,23.6,201.93,-51.8,0.3407701337984382,19.0255,171.5221,-53.6759,0.35336906860256817,0.3396386982388266,0.013730370363741584,23.6,201.93,-51.8,0.3153401404523107,-6.0840712486516075,-9.431112148120096
1D32,B_PA2_to_C2,117,10.64400526204448,155.71933353831668,-98.94075634454964,24.94,201.76,-51.8,0.3412901985545595,20.3879,171.7062,-53.1004,0.35185611776690584,0.34015546314377393,0.01170065462313192,24.94,201.76,-51.8,0.2648258104300882,-6.070825423502503,-9.468380652993213
1D32,B_PA2_to_C2,118,11.726453465486236,155.71061091327692,-98.87241568891406,26.28,201.59,-51.8,0.34126403729779253,21.7355,171.7319,-52.4603,0.35067115184853964,0.3406786437690827,0.009992508079456947,26.28,201.59,-51.8,0.23619031045889893,-6.071491257152774,-9.497681986614671
1D32,B_PA2_to_C2,119,12.808540831343858,155.6998726481481,-98.79885227901212,27.62,201.41,-51.8,0.3397415308460933,23.0458,171.4581,-51.1388,0.34995104175153774,0.3412426915953302,0.008708350156207533,27.62,201.41,-51.8,0.25717302664902864,-6.1103289573542074,-9.515536970625975
1D32,B_PA2_to_C2,120,13.890238970931271,155.68712123001086,-98.7200746209666,28.96,201.23,-51.8,0.3391104100797107,24.3862,171.4053,-51.7933,0.34957665524987425,0.3418132375498902,0.007763417699984041,28.96,201.23,-51.8,0.2640260135350168,-6.12647930347231,-9.524834329858088
1D32,B_PA2_to_C2,121,14.971519467755202,155.67235797569495,-98.63608964081362,30.3,201.03,-51.8,0.33991553821665776,25.5826,170.3815,-50.0183,0.349383484635676,0.34245936887524697,0.006924115760429025,30.3,201.03,-51.8,0.2386270904031122,-6.105881394255835,-9.52963534377352
1D32,B_PA2_to_C2,122,16.052354114914245,155.6555863167227,-98.54690555049524,31.63,200.82,-51.8,0.34035022746461924,26.8123,169.6507,-49.6183,0.3491830452352891,0.343158578812567,0.006024466422722098,31.63,200.82,-51.8,0.22254205919921455,-6.094780840504587,-9.53461982122617
1D32,B_PA2_to_C2,123,17.13271484254847,155.6368091544556,-98.45253107240914,32.97,200.61,-51.8,0.3462615193793781,22.9192,150.8653,-70.9778,0.3488442103189749,0.3438530825173919,0.0049911278015829985,32.97,200.61,-51.8,0.06454578273092762,-5.945217137109543,-9.543052394299412
1D32,B_PA2_to_C2,124,18.2125737773163,155.61602957632962,-98.35297588894588,34.3,200.39,-51.8,0.34139438745690487,28.2538,170.2433,-53.6759,0.34860846539470175,0.34460143293862255,0.004007032456079218,34.3,200.39,-51.8,0.18163104064087643,-6.068174204087704,-9.548924203367623
1D32,B_PA2_to_C2,125,19.29190318721537,155.59325143620617,-98.24824980430816,35.63,200.15,-51.8,0.34440565913463017,28.3989,165.4743,-57.4684,0.34869761786878767,0.3454269092045678,0.003270708664219881,35.63,200.15,-51.8,0.107574030147718,-5.991896164483581,-9.54670317425666
1D32,B_PA2_to_C2,126,20.370675431420327,155.5684775792159,-98.1383625598915,36.96,199.91,-51.8,0.349311224451025,30.8765,169.7864,-53.6759,0.34917737561361606,0.3462601412381142,0.002917234375501848,36.96,199.91,-51.8,-0.0033288911058551016,-5.869050922556658,-9.53476085358331
1D32,B_PA2_to_C2,127,21.44886309329527,155.54171133133084,-98.02332482807778,38.29,199.66,-51.8,0.3484748929814246,32.1851,169.5427,-53.6759,0.34991959659129224,0.34713612685556383,0.00278346973572839,38.29,199.66,-51.8,0.035935432485169984,-5.889871876550286,-9.516317483985915
1D32,B_PA2_to_C2,128,22.526438964794103,155.51295701115404,-97.90314781249332,39.62,199.4,-51.8,0.34943902734916665,33.5945,169.8073,-52.4603,0.3506439035744289,0.34805511871239897,0.002588784862029898,39.62,199.4,-51.8,0.029897692946884765,-5.865873587369438,-9.498356934343352
1D32,B_PA2_to_C2,129,23.60337610738463,155.48221867535082,-97.77784391778182,40.94,199.14,-51.8,0.34925574031580364,34.9093,169.5721,-51.7933,0.3512069893056826,0.34899594020830177,0.0022110490973808296,40.94,199.14,-51.8,0.048391945795260564,-5.870430687419631,-9.484419781545169
1D32,B_PA2_to_C2,130,24.67964765573138,155.44950057050062,-97.64742489607836,42.26,198.86,-51.8,0.349332206180928,36.1287,168.8895,-50.5352,0.3517160607743154,0.35001605012221476,0.001700010652100604,42.26,198.86,-51.8,0.05907147537220417,-5.8685292115309275,-9.471838776079519
1D32,B_PA2_to_C2,131,25.7552268488753,155.41480710488227,-97.51190216737936,43.58,198.57,-51.8,0.34964522195674586,37.4302,168.6053,-50.5352,0.352356435446619,0.3510806537345631,0.0012757817120558734,43.58,198.57,-51.8,0.06709220127264029,-5.860749788173245,-9.456038626821401
1D32,B_PA2_to_C2,132,26.830087607698424,155.37814292595095,-97.37129126067428,44.9,198.28,-51.8,0.348798443122211,38.5158,164.464,-48.3545,0.3533421303411691,0.35215450373644164,0.0011876266047274985,44.9,198.28,-51.8,0.11241770704022302,-5.881810988885608,-9.43177432176618
1D32,B_PA2_to_C2,133,27.904203500133505,155.33951282222966,-97.22560371147092,46.22,197.98,-51.8,0.3479136866480482,39.9284,167.5958,-50.0183,0.35458744209747467,0.3532732583719233,0.0013141837255513898,46.22,197.98,-51.8,0.16503673768062044,-5.903871466646205,-9.40121576888638
1D32,B_PA2_to_C2,134,28.977548636205537,155.29892175665495,-97.07485387430688,47.54,197.66,-51.8,0.34841113132026197,40.9936,163.8628,-48.3545,0.3558199342371814,0.35447306362430747,0.001346870612873943,47.54,197.66,-51.8,0.18276506656512687,-5.891461309353444,-9.371077282709114
1D32,B_PA2_to_C2,135,30.050097475835003,155.2563748690403,-96.9190572997126,48.85,197.34,-51.8,0.3489580469479124,42.1985,163.4301,-48.056,0.35686774643067853,0.3556985793471259,0.001169167083552659,48.85,197.34,-51.8,0.19468161568036504,-5.877837392767873,-9.345536817008304
1D32,B_PA2_to_C2,136,31.12181509006912,155.21185602608776,-96.7581726374765,50.16,197.01,-51.8,0.4100731374961179,-3.9606,155.4443,-70.7066,0.3578090667267467,0.3569709254865333,0.0008381412402134286,50.16,197.01,-51.8,-1.1841995970444084,-4.476075323176641,-9.322655960141844
1D32,B_PA2_to_C2,137,32.19266435930694,155.16534617449724,-96.59215188515384,51.47,196.68,-51.8,0.4437571711583317,-1.8845,155.4589,-71.4622,0.35882897076511366,0.35825432780824606,0.0005746429568675997,51.47,196.68,-51.8,-1.8451576990108467,-3.7903940571128865,-9.297932796044531
1D32,B_PA2_to_C2,138,33.26264053382973,155.11689864444983,-96.42113376138818,52.77,196.33,-51.8,0.4522570465614768,-0.3254,155.5302,-71.5175,0.3602883488258939,0.3596381926354907,0.0006501561904032128,52.77,196.33,-51.8,-1.9747024868626106,-3.6255948988468045,-9.262678425630211
1D32,B_PA2_to_C2,139,34.331719100072526,155.06651938643978,-96.24513495979193,54.08,195.98,-51.8,0.45385003242682653,1.0862,155.4798,-71.279,0.36185820857524237,0.3610167919169126,0.0008414166583297824,54.08,195.98,-51.8,-1.9674788396159464,-3.595054328096636,-9.224914207633379
1D32,B_PA2_to_C2,140,35.39987582541831,155.01421438336334,-96.06417264235868,55.38,195.61,-51.8,0.4533447864834508,2.044,155.5469,-70.8696,0.3633799006320327,0.3624978366460408,0.0008820639859918872,55.38,195.61,-51.8,-1.9213544767406447,-3.604729231141709,-9.18846474780315
1D32,B_PA2_to_C2,141,36.46708644216982,154.95998983572957,-95.87826249657256,56.68,195.24,-51.8,0.45013883815612554,2.9486,155.4929,-70.3516,0.36471680475478835,0.3639915199524222,0.0007252848023661473,56.68,195.24,-51.8,-1.8278142250239449,-3.66637203123914,-9.156567296183884
1D32,B_PA2_to_C2,142,37.53332745825927,154.90385207524594,-95.68742349521644,57.98,194.86,-51.8,0.4438660975037648,3.6306,155.558,-69.7464,0.36598190715436135,0.36553484242972795,0.0004470647246334325,57.98,194.86,-51.8,-1.6758471785515974,-3.7882622467981673,-9.126490465270562
1D32,B_PA2_to_C2,143,38.59857531813452,154.84580760475149,-95.4916729379468,59.27,194.47,-51.8,0.43653971504973194,4.2409,155.6538,-68.9095,0.36747115926073326,0.3671473575860916,0.00032380167464163246,59.27,194.47,-51.8,-1.4960100238321294,-3.9328265318321916,-9.091217595585118
1D32,B_PA2_to_C2,144,39.66280689849823,154.7858630702206,-95.29102930237936,60.56,194.07,-51.8,0.42980349824939507,4.8851,155.5066,-68.0912,0.36932648418232783,0.3688113442499755,0.0005151399323522999,60.56,194.07,-51.8,-1.317189884114362,-4.06790282487456,-9.047473748909718
1D32,B_PA2_to_C2,145,40.72599915709653,154.72402525901262,-95.08551026173888,61.85,193.66,-51.8,0.419852665716994,5.2578,155.5695,-67.1183,0.3711929892833742,0.37052729441362925,0.0006656948697449479,61.85,193.66,-51.8,-1.0699429966098941,-4.271363445493963,-9.003687482024652
1D32,B_PA2_to_C2,146,41.78812967252567,154.66030109872707,-94.87513555586692,63.14,193.25,-51.8,0.40927193179715404,5.5332,155.5111,-65.9791,0.37292567784614944,0.37225784460550876,0.0006678332406406718,63.14,193.25,-51.8,-0.8077934720558579,-4.493062516381441,-8.963237028358096
1D32,B_PA2_to_C2,147,42.8491760867882,154.59469736955518,-94.65992407576108,64.42,192.82,-51.8,0.39648352225983174,5.5814,155.5115,-64.6726,0.3745474341168815,0.3741000550443023,0.00044737907257916764,64.42,192.82,-51.8,-0.4943663329272657,-4.768798886797655,-8.925546259645717
1D32,B_PA2_to_C2,148,43.90911670401592,154.5272213537003,-94.43989668681203,65.7,192.39,-51.8,0.3834390735411143,5.556,155.5716,-63.2293,0.37617315623072417,0.3759584776883587,0.00021467854236547064,65.7,192.39,-51.8,-0.16617131290625833,-5.059374411314397,-8.88792676414145
1D32,B_PA2_to_C2,149,44.96792978648344,154.45788129605765,-94.21507258127312,66.98,191.95,-51.8,0.3835358987104712,55.6026,158.4056,-57.4684,0.3783119046005098,0.37787147572709195,0.00044042887341782085,66.98,191.95,-51.8,-0.11912024235683666,-5.0571813469508475,-8.838682629228481
1D32,B_PA2_to_C2,150,46.02559383187995,154.38668407085044,-93.9854713541777,68.25,191.5,-51.8,0.3836453776937706,53.1208,143.5667,-69.7915,0.38056577289226395,0.37986229219652706,0.0007034806957369116,68.25,191.5,-51.8,-0.07000487289377227,-5.054702343872103,-8.787088256686673
1D32,B_PA2_to_C2,151,47.08208808186795,154.31363728095752,-93.7511147078041,69.52,191.04,-51.8,0.3863652556789953,54.4107,140.4913,-70.6007,0.38257889539858164,0.3819098487774815,0.0006690466211001084,69.52,191.04,-51.8,-0.0855411236099498,-4.99334044251917,-8.741262606049915
1D32,B_PA2_to_C2,152,48.13739187572139,154.23874863471048,-93.5120235955986,70.79,190.58,-51.8,0.39011833888846353,58.8281,157.234,-57.4684,0.38441270918959314,0.3839755297862748,0.00043717940331835473,70.79,190.58,-51.8,-0.1279725751016775,-4.909374417606756,-8.699728032629231
1D32,B_PA2_to_C2,153,49.19148480348986,154.1620260381531,-93.26821888920249,72.06,190.1,-51.8,0.4524051473550608,23.1595,150.7688,-71.4895,0.3863440011137257,0.38613792248678963,0.00020607862693605052,72.06,190.1,-51.8,-1.3710672874624072,-3.62275099276004,-8.656199320143244
1D32,B_PA2_to_C2,154,50.244346869708224,154.08347698062326,-93.01972230558997,73.31999999999998,189.62,-51.8,0.45226766228138593,23.1595,150.7688,-70.466,0.38896263911720796,0.3883442083808897,0.0006184307363182618,73.31999999999998,189.62,-51.8,-1.3097529607839211,-3.6253910194598458,-8.597525020164564
1D32,B_PA2_to_C2,155,51.29595856754602,154.00311012760852,-92.76655613122028,74.58,189.13,-51.8,0.44234934939630266,23.1596,150.7687,-68.9306,0.3913906515799569,0.39061012377514726,0.0007805278048096661,74.58,189.13,-51.8,-1.0630988917881221,-3.817993887291769,-8.543473819000688
1D32,B_PA2_to_C2,156,52.34630046281263,153.92093409495914,-92.50874189047302,75.84,188.63,-51.8,0.4382482163573035,24.6385,148.7411,-69.314,0.39349829711724843,0.39293617642943884,0.0005621206878095963,75.84,188.63,-51.8,-0.9355459989846264,-3.898898599953754,-8.496825638859178
1D32,B_PA2_to_C2,157,53.39535361782308,153.83695674326134,-92.24630226351488,77.09,188.12,-51.8,0.4303256749693229,24.8283,148.6397,-68.0349,0.395750952804962,0.3953501614862403,0.0004007913187216629,77.09,188.12,-51.8,-0.7275057896489984,-4.057356571917935,-8.447243401487729
1D32,B_PA2_to_C2,158,54.443099474220304,153.75118650031845,-91.97926021080472,78.34,187.6,-51.8,0.42291846434982533,24.4749,148.8807,-66.3294,0.39833944590128756,0.3978266893058729,0.0005127565954146829,78.34,187.6,-51.8,-0.5200666332452017,-4.208168812711315,-8.390616485877313
1D32,B_PA2_to_C2,159,55.48951956414256,153.663631248831,-91.70763814280556,79.58,187.08,-51.8,0.41511773344562963,24.6386,148.7411,-65.0503,0.4011841944186061,0.4003542248774881,0.000829969541117944,79.58,187.08,-51.8,-0.29654943571811415,-4.369876015649547,-8.328806491288457
1D32,B_PA2_to_C2,160,56.53459623990898,153.5743005258712,-91.43146003128533,80.81999999999998,186.54,-51.8,0.4143131317073434,64.085,140.1624,-70.7509,0.40370820032527055,0.40298742972928825,0.0007207705959823151,80.81999999999998,186.54,-51.8,-0.22522254852011384,-4.386727773613096,-8.274331362054006
1D32,B_PA2_to_C2,161,57.57831172533226,153.4832032432207,-91.1507485139026,82.06,186.0,-51.8,0.4165306998664692,71.1963,157.756,-52.4603,0.4060675027663579,0.405644775651074,0.0004227271152838861,82.06,186.0,-51.8,-0.22097562759532763,-4.340361423398742,-8.223718090914868
1D32,B_PA2_to_C2,162,58.62064887440875,153.39034780748443,-90.86552767323836,83.29999999999998,185.45,-51.8,0.42330341539034233,66.3952,139.6418,-70.8575,0.4088270174256723,0.40836752781765734,0.0004594896080149287,83.29999999999998,185.45,-51.8,-0.3022436807040397,-4.200266293136522,-8.164891013761359
1D32,B_PA2_to_C2,163,59.66159077497219,153.29574248131743,-90.57582147899204,84.53,184.89,-51.8,0.430330003000467,67.6531,147.9685,-66.1167,0.41207801534004657,0.41118828203518404,0.0008897333048625217,84.53,184.89,-51.8,-0.37644362655162933,-4.0572692134031865,-8.096093879875614
1D32,B_PA2_to_C2,164,60.7011208977446,153.19939724981538,-90.28165367028168,85.76,184.33,-51.8,0.43039641210910234,72.0902,151.6011,-57.4684,0.4148503640775619,0.41403474457030065,0.0008156195072612263,85.76,184.33,-51.8,-0.3195433343556273,-4.055928898572393,-8.037853272848817
1D32,B_PA2_to_C2,165,61.73922307688685,153.10132122517263,-89.98304854624612,86.98,183.75,-51.8,0.43811993906995506,69.5607,140.8178,-70.4989,0.4173440808129071,0.4170254302636122,0.0003186505492948656,86.98,183.75,-51.8,-0.42197520625702756,-3.9014413723309485,-7.985797618508772
1D32,B_PA2_to_C2,166,62.77588159274177,153.0015225529011,-89.6800312508476,88.2,183.17,-51.8,0.4411566680614231,71.0183,138.5011,-70.9482,0.4205698613430589,0.42004377701084944,0.0005260843322094588,88.2,183.17,-51.8,-0.4150940134060378,-3.8414447852738993,-7.918919838600733
1D32,B_PA2_to_C2,167,63.811080741983474,152.90001146789095,-89.37262530661879,89.40999999999998,182.58,-51.8,0.44899290954052534,71.8994,140.2202,-70.522,0.4241696126241404,0.4231683738940803,0.0010012387300601029,89.40999999999998,182.58,-51.8,-0.49399860275398433,-3.688512090029952,-7.844891732704734
1D32,B_PA2_to_C2,168,64.84480570796426,152.79679733772667,-89.06085650443455,90.63,181.98,-51.8,0.44701853551906356,74.6933,135.5481,-70.9912,0.4271755385442948,0.4263280081988025,0.0008475303454922819,90.63,181.98,-51.8,-0.39438311602812076,-3.726791115828445,-7.783555271777363
1D32,B_PA2_to_C2,169,65.8770416411013,152.69188856131194,-88.74474986151313,91.83,181.38,-51.8,0.4593440947730623,73.913,144.149,-68.4119,0.4297623879135265,0.4295911312280501,0.0001712566854763848,91.83,181.38,-51.8,-0.5781946692352562,-3.490538993266434,-7.731114702422487
1D32,B_PA2_to_C2,170,66.90777413228953,152.5852956136748,-88.42433016003714,93.04,180.76,-51.8,0.4660401987942509,75.0967,141.2266,-69.814,0.4337037737909749,0.43293261200022753,0.0007711617907473895,93.04,180.76,-51.8,-0.6246035548634487,-3.3648341675317357,-7.6518187623159815
1D32,B_PA2_to_C2,171,67.93698914361468,152.4770279819649,-88.09962274820667,94.24,180.14,-51.8,0.47164930060604054,76.553,138.9238,-70.4017,0.437501548410528,0.43634311468141534,0.0011584337291126977,94.24,180.14,-51.8,-0.6527920070491009,-3.260917848846461,-7.5760908958163595
1D32,B_PA2_to_C2,172,68.96467309574679,152.36709425458267,-87.77065375851993,95.43,179.51,-51.8,0.47925679595480764,77.4444,140.5417,-69.7351,0.44059973032479616,0.4398695625191193,0.0007301678056768524,95.43,179.51,-51.8,-0.7304810595070146,-3.121936144833585,-7.514798244261396
1D32,B_PA2_to_C2,173,69.99081266367635,152.25550509492143,-87.43744847141123,96.62,178.87,-51.8,0.47917188214062617,78.8619,138.1899,-70.3196,0.44378659282291305,0.4434721945184941,0.00031439830441894,96.62,178.87,-51.8,-0.6663429599686556,-3.123475230709276,-7.452199230598728
1D32,B_PA2_to_C2,174,71.01539471176027,152.1422701375941,-87.10003215903092,97.81,178.22,-51.8,0.4933289024537744,79.4433,144.1694,-67.0291,0.44833732215258143,0.44715060490808484,0.0011867172444965854,97.81,178.22,-51.8,-0.8306333303833974,-2.8705705435892614,-7.363584913893455
1D32,B_PA2_to_C2,175,72.03840663046354,152.02739826837123,-86.75843102006482,98.99,177.57,-51.8,0.4862146109737829,81.048,142.0208,-68.2056,0.4520942491882543,0.45090538494351406,0.0011888642447402432,98.99,177.57,-51.8,-0.6319804555157451,-2.9967416352510527,-7.291103130687594
1D32,B_PA2_to_C2,176,73.05983625395466,151.9109002355482,-86.41267103113607,100.17,176.91,-51.8,0.508591422622574,81.8286,143.3888,-66.9324,0.45498507868203036,0.45473700258200883,0.00024807610002153626,100.17,176.91,-51.8,-0.967437548298211,-2.60592111352823,-7.235739701747238
1D32,B_PA2_to_C2,177,74.07967157134375,151.79278529141217,-86.06277821481683,101.35,176.24,-51.8,0.5027680103023104,83.3934,141.1745,-68.1287,0.4597289630178415,0.4586445449921136,0.0010844180257278976,101.35,176.24,-51.8,-0.7773154343691244,-2.7059490048965973,-7.145645479186519
1D32,B_PA2_to_C2,178,75.0979012617257,151.6730638340782,-85.70877930137463,102.52,175.56,-51.8,0.4976604320101493,84.8927,143.7127,-65.3766,0.46419092748930474,0.4626774985546429,0.0015134289346618293,102.52,175.56,-51.8,-0.6047292843124431,-2.7946394997714323,-7.061749824004671
1D32,B_PA2_to_C2,179,76.11451404738338,151.5517459278318,-85.3507003611686,103.68,174.88,-51.8,0.5222571953424974,86.6349,137.0682,-69.5412,0.467424162391603,0.46679370508507106,0.0006304573065319431,103.68,174.88,-51.8,-0.9634654734393899,-2.3756131015331965,-7.001459614893383
1D32,B_PA2_to_C2,180,77.12949884362655,151.42884061949917,-84.98856747237346,104.84,174.18,-51.8,0.5412092066456523,86.5333,141.5858,-66.7805,0.47205969682890014,0.4710336562090671,0.0010260406198330043,104.84,174.18,-51.8,-1.1873650549352834,-2.06599822670023,-6.91574432155631
1D32,B_PA2_to_C2,181,78.14284513143528,151.30435859348498,-84.62240688190954,106.0,173.48,-51.8,0.5268201767397152,88.8604,136.0022,-69.5438,0.4771207749694559,0.4753042246288888,0.0018165503405670677,106.0,173.48,-51.8,-0.860681450303505,-2.3000537503783054,-6.823116240602607
1D32,B_PA2_to_C2,182,79.15454278227848,151.17830968322968,-84.2522453379742,107.15,172.77,-51.8,0.5556350653386868,88.8432,140.5613,-66.7319,0.4805874202713802,0.4797065089297405,0.0008809113416397198,107.15,172.77,-51.8,-1.2603449399559883,-1.8375088315675185,-6.760234811444303
1D32,B_PA2_to_C2,183,80.16458218699586,151.05070418164797,-83.87810997663453,108.29,172.06,-51.8,0.5426808077822118,93.1978,133.6549,-69.5568,0.48538318690119636,0.4841976921251561,0.001185494776040252,108.29,172.06,-51.8,-0.9691946793582819,-2.042412488761311,-6.673988208040389
1D32,B_PA2_to_C2,184,81.17295358746802,150.9215520382831,-83.50002680614665,109.43,171.33,-51.8,0.5624557189916867,91.8629,140.5973,-65.1859,0.4910132945408424,0.4888111824842374,0.002202112056605058,109.43,171.33,-51.8,-1.179901717549763,-1.7315350043668523,-6.573817761837413
1D32,B_PA2_to_C2,185,82.17964783645431,150.79086341092665,-83.11802254281665,110.57,170.6,-51.8,0.5723653220669775,93.3543,138.2772,-66.6739,0.4943620687393981,0.4934518842662035,0.0009101844731945698,110.57,170.6,-51.8,-1.272563446250142,-1.5798354791517517,-6.51477996532269
1D32,B_PA2_to_C2,186,83.18465626890872,150.658648479528,-82.73212435394977,111.7,169.86,-51.8,0.5732866658726498,94.1123,139.4003,-65.1509,0.5000497274818413,0.498227957907286,0.0018217695745553033,111.7,169.86,-51.8,-1.187172913331641,-1.5658649323813847,-6.415418885633822
1D32,B_PA2_to_C2,187,84.18797034164835,150.52491725041395,-82.34235893159975,112.83,169.12,-51.8,0.5807525407651477,95.9465,137.5968,-65.9151,0.5056827118553471,0.5030279306433167,0.0026547812120302815,112.83,169.12,-51.8,-1.2022602430225107,-1.453479374428757,-6.318120657372064
1D32,B_PA2_to_C2,188,85.18958182372573,150.3896801787657,-81.948752828512,113.95,168.36,-51.8,0.5777037464142136,100.9314,131.6697,-67.9027,0.5085649348337606,0.5080092533993277,0.000555681434432955,113.95,168.36,-51.8,-1.1071754271451308,-1.4991980652307637,-6.2687545322966916
1D32,B_PA2_to_C2,189,86.18948264342175,150.25294705232363,-81.55133241463926,115.07,167.6,-51.8,0.5968645231105205,99.1258,137.69,-63.4286,0.5161678103678531,0.5130095034943835,0.0031583068734696395,115.07,167.6,-51.8,-1.2616969693488795,-1.2157864296846748,-6.139864438954351
1D32,B_PA2_to_C2,190,87.18766562310678,150.11472854178467,-81.15012523298817,116.18,166.83,-51.8,0.6131610349960959,101.243,136.2629,-63.4066,0.5206638236604255,0.5181439838848532,0.0025198397755722985,116.18,166.83,-51.8,-1.420342903872398,-0.9818107718728332,-6.064534715666028
1D32,B_PA2_to_C2,191,88.18412342149847,149.97503436988703,-80.74515793431173,117.29,166.06,-51.8,0.6151172150351127,103.3172,134.781,-63.3414,0.5257663678997678,0.5232909692907508,0.0024753986090169677,117.29,166.06,-51.8,-1.3633015961172434,-0.9541441119831052,-5.979826748021146
1D32,B_PA2_to_C2,192,89.17884914419898,149.83387543735915,-80.33645709844214,118.39,165.27,-51.8,0.5885943965421818,106.0717,134.1672,-60.4418,0.533048442646606,0.5286137601769423,0.004434682469663764,118.39,165.27,-51.8,-0.8609888883346435,-1.336979278899264,-5.860349207154705
1D32,B_PA2_to_C2,193,90.17183608422484,149.6912608544792,-79.92404961156332,119.48,164.48,-51.8,0.5751461771762421,107.6285,132.0283,-62.0764,0.538099762388991,0.5340232582428568,0.004076504146134294,119.48,164.48,-51.8,-0.5783087447762367,-1.5377369940758294,-5.778426778772864
1D32,B_PA2_to_C2,194,91.16307814813736,149.54720170457475,-79.50796240030589,120.57,163.68,-51.8,0.5383249868180358,110.9656,129.7044,-60.7498,0.555553604585148,0.5394775477610239,0.016076056824124118,120.57,163.68,-51.8,0.27362862651459346,-2.1124109755962657,-5.501163389002469
1D32,B_PA2_to_C2,195,92.15256960558916,149.401708646659,-79.08822264474281,121.66,162.88,-51.8,0.43683058533810465,111.7932,130.069,-58.2189,0.5776206765234074,0.5449240560449063,0.032696620478501054,121.66,162.88,-51.8,2.426593846501039,-3.9270409737107723,-5.162828167130529
1D32,B_PA2_to_C2,196,93.1403041376118,149.25479060283303,-78.66485599380155,122.74,162.07,-51.8,0.3531634373704368,83.3934,141.1745,-68.1287,0.6393045806264975,0.5504882865543326,0.08881629407216494,122.74,162.07,-51.8,5.15464161954913,-5.773787040442368,-4.281526460814035
1D32,B_PA2_to_C2,197,94.12627702596647,149.10645912989588,-78.23789021098143,123.81,161.25,-51.8,0.34200931062500867,83.3934,141.1745,-68.1287,0.7244897753974815,0.5561675858624099,0.16832218953507164,123.81,161.25,-51.8,6.519886631511758,-6.052543161321956,-3.195037569730995
1D32,B_PA2_to_C2,198,95.110483,148.956723,-77.807352,124.88,160.42,-51.8,0.35453055283408785,86.5333,141.5858,-66.7805,0.7725509645521536,0.5618552469470207,0.21069571760513278,124.88,160.42,-51.8,6.765469424151683,-5.740228386630346,-2.637140002399461
