config,condition,scan_id,pa_x,pa_y,pa_z,focus_x,focus_y,focus_z,geometry_echo_max,geometry_x,geometry_y,geometry_z,edm_response,born_response,edge_gtd_response,edm_x,edm_y,edm_z,edm_vs_geometry_dB,geometry_echo_dB_norm,edm_response_dB_norm
2D8x8,A_PA1_to_C1,0,-126.47159,137.926021,-64.727672,-124.23,120.25,-51.8,0.9297908419530972,-124.0905,120.5611,-52.4603,1.5037496513537028,1.0936361100754202,0.4101135412782826,-124.23,120.25,-51.8,4.175805508103489,-1.9038905972176936,0.0
2D8x8,A_PA1_to_C1,1,-125.5875311773166,139.02719128142945,-65.13280492576665,-123.25,121.26,-51.8,0.9158442902550573,-123.1576,121.5163,-52.4603,1.426595261682562,1.0777730861848687,0.34882217549769323,-123.25,121.26,-51.8,3.8495827004291994,-2.0351630383853205,-0.45749524884191517
2D8x8,A_PA1_to_C1,2,-124.6997361978672,140.12576271513814,-65.53680832565904,-122.26,122.26,-51.8,0.8239458519774165,-121.8437,122.0907,-53.6759,1.3016382690468187,1.0619225425959402,0.23971572645087855,-122.26,122.26,-51.8,3.9718327394296704,-2.9536224482982094,-1.2537046197543327
2D8x8,A_PA1_to_C1,3,-123.80814054759924,141.2216765912607,-65.93965723338754,-121.26,123.25,-51.8,0.8868709484531248,-121.2699,123.4049,-52.4603,1.1738494002635318,1.0461280410290206,0.12772135923451117,-121.26,123.25,-51.8,2.435039072274245,-2.314387306397769,-2.151263145009319
2D8x8,A_PA1_to_C1,4,-122.9126787053178,142.31487245796063,-66.3413259657362,-120.25,124.23,-51.8,0.808749854698069,-119.9472,123.9589,-53.6759,1.0689525372232709,1.0304167195153358,0.03853581770793522,-120.25,124.23,-51.8,2.4228841357958526,-3.1153115692301467,-2.9643423443200883
2D8x8,A_PA1_to_C1,5,-122.01174866453802,143.40418686963125,-66.74131078089212,-119.24,125.21,-51.8,0.8564872632370837,-119.3531,125.2641,-52.4603,1.0408166497777367,1.0152558383430925,0.02556081143464421,-119.24,125.21,-51.8,1.693066439245137,-2.617177702511439,-3.1960261741520957
2D8x8,A_PA1_to_C1,6,-121.10663104890662,144.49049807357036,-67.13999408581748,-118.22,126.17,-51.8,0.8323927321924074,-118.4046,126.2044,-51.7933,1.0556779230749862,0.9998982394847443,0.05577968359024194,-118.22,126.17,-51.8,2.064063196159179,-2.865030289564946,-3.0728820042915626
2D8x8,A_PA1_to_C1,7,-120.19746436062516,145.57388656308214,-67.53741160967894,-117.19,127.13,-51.8,0.8149665172247942,-117.2789,126.9542,-53.1004,1.051002532042751,0.9849986971064505,0.06600383493630044,-117.19,127.13,-51.8,2.2092799226888444,-3.048800558560218,-3.111435546757167
2D8x8,A_PA1_to_C1,8,-119.2841803722571,146.65428488520172,-67.93353475243892,-116.15,128.08,-51.8,0.8017427807772184,-116.4449,128.0191,-51.7933,1.0322302166067867,0.970246588429829,0.061983628176957656,-116.15,128.08,-51.8,2.194830200527738,-3.1908947212099874,-3.267979431568045
2D8x8,A_PA1_to_C1,9,-118.36592519347504,147.73104304627157,-68.32808255362077,-115.1,129.02,-51.8,0.7931030958625499,-115.4346,128.8926,-52.4603,1.0052770624582132,0.9556853023618619,0.04959176009635128,-115.1,129.02,-51.8,2.0591225634279424,-3.2850029794167734,-3.497795326874626
2D8x8,A_PA1_to_C1,10,-117.44257785267718,148.80403214082943,-68.72100263076132,-114.05,129.95,-51.8,0.7705971410000637,-114.4575,129.8032,-51.7933,0.9752222731291721,0.9413823524773901,0.03383992065178202,-114.05,129.95,-51.8,2.0455243637559346,-3.5350480142418146,-3.7614385613716754
2D8x8,A_PA1_to_C1,11,-116.514922269347,149.87380453703935,-69.1125338929097,-112.99,130.88,-51.8,0.7509250889782757,-112.4427,131.5564,-51.7933,0.9452326019562715,0.9275304397540808,0.017702162202190706,-112.99,130.88,-51.8,1.9988415552445995,-3.7596635886538508,-4.032736944295046
2D8x8,A_PA1_to_C1,12,-115.58288695538624,150.94028445626716,-69.50264433810658,-111.92,131.79,-51.8,0.7482513520830573,-111.2834,132.2532,-53.1004,0.9175442932018547,0.9136065542124145,0.003937738989440152,-111.92,131.79,-51.8,1.7715905625245494,-3.790645676659239,-4.290970025020486
2D8x8,A_PA1_to_C1,13,-114.646399475931,152.00339379708413,-69.8913011714731,-110.84,132.7,-51.8,0.7511470821784457,-110.3818,133.2551,-52.4603,0.9100402298599867,0.9001316952819093,0.009908534578077353,-110.84,132.7,-51.8,1.6667121378191485,-3.75709619077758,-4.362298963844227
2D8x8,A_PA1_to_C1,14,-113.7043365345142,153.06224053959426,-70.27812111471913,-109.76,133.6,-51.8,0.7307693388580614,-109.3703,134.1273,-51.7933,0.9058092212112484,0.8869344521716167,0.01887476903963175,-109.76,133.6,-51.8,1.865128406069958,-3.99598953785872,-4.4027760426745575
2D8x8,A_PA1_to_C1,15,-112.75724424129103,154.11719913348915,-70.66326812092449,-108.67,134.48,-51.8,0.734854592495438,-108.3142,134.945,-52.4603,0.8986341829486502,0.8737277748664777,0.024906408082172482,-108.67,134.48,-51.8,1.7476304389425827,-3.947567629104543,-4.471852101047756
2D8x8,A_PA1_to_C1,16,-111.80550111618676,155.16853095706625,-71.04685566781224,-107.57,135.36,-51.8,0.7264121276404237,-107.2706,135.7778,-52.4603,0.8892523089548799,0.8609618165206373,0.028290492434242684,-107.57,135.36,-51.8,1.756838305538141,-4.047934157567815,-4.56301076291547
2D8x8,A_PA1_to_C1,17,-110.849031768006,156.216148479111,-71.42884697464699,-106.46,136.24,-51.8,0.7177224549331603,-106.2207,136.6026,-52.4603,0.8779444114597703,0.8486167896214891,0.029327621838281207,-106.46,136.24,-51.8,1.7502096948010715,-4.152465203348471,-4.674170419433194
2D8x8,A_PA1_to_C1,18,-109.88775968148192,157.25996132776058,-71.80920414042144,-105.35,137.1,-51.8,0.7038047241969971,-105.0552,137.2637,-53.1004,0.8647140076974115,0.8363141255755644,0.028399882121847034,-105.35,137.1,-51.8,1.788406332263834,-4.322552329162455,-4.806060907784414
2D8x8,A_PA1_to_C1,19,-108.92107988638196,158.2994494986132,-72.1877053882543,-104.23,137.95,-51.8,0.6989244761903712,-104.1018,138.2277,-52.4603,0.850196367661665,0.8242407484798812,0.025955619181783754,-104.23,137.95,-51.8,1.7017799106629647,-4.382990889379191,-4.953125889602022
2D8x8,A_PA1_to_C1,20,-107.9486474368608,159.33428339378025,-72.56421201203561,-103.1,138.79,-51.8,0.689266602719129,-103.033,139.0279,-52.4603,0.8348211044602027,0.8124060721063378,0.022415032353865015,-103.1,138.79,-51.8,1.6641236722679826,-4.5038511626710545,-5.111642401288865
2D8x8,A_PA1_to_C1,21,-106.97120712934904,160.36502322437607,-72.93896483167389,-101.97,139.63,-51.8,0.6792765536092868,-101.958,139.8199,-52.4603,0.8192562299628957,0.8010171740262895,0.018239055936606276,-101.97,139.63,-51.8,1.6274625637643703,-4.630663393568815,-5.27511574069024
2D8x8,A_PA1_to_C1,22,-105.9886806011947,161.39156820008367,-73.3119223265337,-100.83,140.45,-51.8,0.6691931268749441,-100.877,140.6035,-52.4603,0.8033616495764797,0.7896539493801088,0.013707700196370916,-100.83,140.45,-51.8,1.5871924801908541,-4.7605664466999995,-5.44528887739494
2D8x8,A_PA1_to_C1,23,-105.00098799462336,162.4138139103925,-73.68304140133728,-99.68,141.27,-51.8,0.6568671487892171,-99.6803,141.2237,-53.1004,0.7876604607754965,0.7786783288497433,0.008982131925753123,-99.68,141.27,-51.8,1.577230053454144,-4.922045032348663,-5.6167298897803155
2D8x8,A_PA1_to_C1,24,-104.0080483892786,163.43165260561457,-74.05227738223644,-98.53,142.08,-51.8,0.6484783318880131,-98.6969,142.1456,-52.4603,0.772372558454123,0.7679498721554171,0.004422686298705894,-98.53,142.08,-51.8,1.5186273226921723,-5.033686497388112,-5.786974085581736
2D8x8,A_PA1_to_C1,25,-103.00947648346532,164.44471236433247,-74.41947317795704,-97.37,142.87,-51.8,0.6052573900172767,-97.3794,142.5845,-50.5352,0.759180488770885,0.757269130185277,0.0019113585856079791,-97.37,142.87,-51.8,1.968098745447856,-5.632793867120326,-5.936610032558265
2D8x8,A_PA1_to_C1,26,-102.00468577891398,165.4524307713405,-74.78439012090907,-96.21,143.66,-51.8,0.6203792978188043,-96.51,143.6786,-51.7933,0.7508645954863075,0.7470184292255782,0.0038461662607292683,-96.21,143.66,-51.8,1.6580866042860078,-5.418449944444049,-6.032278251043835
2D8x8,A_PA1_to_C1,27,-100.994437870225,166.45540656397864,-75.14728615286857,-95.03,144.44,-51.8,0.6098816334998558,-95.3993,144.42,-51.7933,0.7442479693187987,0.7369243460941756,0.007323623224623061,-95.03,144.44,-51.8,1.7294420702102657,-5.566684785497507,-6.109157626173034
2D8x8,A_PA1_to_C1,28,-99.97865204218024,167.45352101051787,-75.50811248064947,-93.86,145.21,-51.8,0.6064897513201543,-94.2666,145.1277,-52.4603,0.7372090579797812,0.7271099342807654,0.010099123699015802,-93.86000000000001,145.21,-51.8,1.6953439258158904,-5.615126554202736,-6.19169753927264
2D8x8,A_PA1_to_C1,29,-98.95724657977786,168.4466515454952,-75.86681827461119,-92.67,145.97,-51.8,0.5957389220199388,-93.0424,145.6918,-53.1004,0.7298803056212184,0.7174486095414995,0.012431696079718974,-92.67,145.97,-51.8,1.7639133999694945,-5.770476377615848,-6.278477888532149
2D8x8,A_PA1_to_C1,30,-97.93013914227564,169.4346716568485,-76.22335155664793,-91.48,146.72,-51.8,0.5854373907161905,-91.9163,146.4064,-53.1004,0.7221580538269908,0.7080202144786317,0.014137839348359068,-91.48,146.72,-51.8,1.8230360510245633,-5.921986752153066,-6.370865612014297
2D8x8,A_PA1_to_C1,31,-96.89724697053715,170.41745089425962,-76.57765923268899,-90.28,147.46,-51.8,0.5781659245985861,-89.7462,147.9715,-52.4603,0.714081822252236,0.6987817150611205,0.015300107191115523,-90.28,147.46,-51.8,1.8339097143644185,-6.030546041283175,-6.468551237804551
2D8x8,A_PA1_to_C1,32,-95.85848647488528,171.3948547881875,-76.9296856030413,-89.08,148.19,-51.8,0.5710021845609367,-88.5052,148.4975,-53.1004,0.7056768404500453,0.689769540238579,0.01590730021146639,-89.08,148.19,-51.8,1.8393618960923066,-6.138840486464552,-6.571393501258039
2D8x8,A_PA1_to_C1,33,-94.81326018775638,172.36626166812076,-77.2791700240405,-87.87,148.91,-51.8,0.568453173445403,-87.4536,149.3407,-52.4603,0.6969671174614148,0.6809526974070466,0.01601442005436821,-87.87,148.91,-51.8,1.7703518696098952,-6.177701975882606,-6.679265017158505
2D8x8,A_PA1_to_C1,34,-93.76170417127643,173.33171905220786,-77.62613400929244,-86.65,149.62,-51.8,0.5634114357208174,-86.2995,150.0119,-52.4603,0.6879741355914156,0.6723243104667771,0.015649825124638545,-86.65,149.62,-51.8,1.7349290698266986,-6.2550827275016365,-6.792068568560733
2D8x8,A_PA1_to_C1,35,-92.7040723383632,174.29139429579996,-77.97065069942045,-85.43,150.32,-51.8,0.5579459992450765,-85.1402,150.6743,-52.4603,0.6787942710913715,0.663911702782639,0.014882568308732434,-85.43,150.32,-51.8,1.702920009426487,-6.339752525878863,-6.908747427338171
2D8x8,A_PA1_to_C1,36,-91.64028159188727,175.24513757738708,-78.31266006500847,-84.20999999999998,151.01,-51.8,0.5355977162221661,-83.9264,151.2388,-51.1388,0.6694992518292445,0.6557106220023936,0.013788629826850874,-84.20999999999998,151.01,-51.8,1.9382275899944366,-6.694821551817167,-7.028508872708526
2D8x8,A_PA1_to_C1,37,-90.57025047081125,176.19279682622724,-78.652099442385,-82.98,151.69,-51.8,0.5463263514189614,-82.8063,151.9719,-52.4603,0.6600822157277156,0.6476810706959634,0.012401145031752244,-82.98,151.69,-51.8,1.6429176642830154,-6.522552908012718,-7.151550154615496
2D8x8,A_PA1_to_C1,38,-89.49389790372966,177.13421557530071,-78.9889050592017,-81.73999999999998,152.36,-51.8,0.5403951173541771,-81.632,152.6072,-52.4603,0.6505835381522154,0.6398206578803873,0.01076288027182799,-81.73999999999998,152.36,-51.8,1.6118330733488297,-6.617367554724102,-7.277449392261067
2D8x8,A_PA1_to_C1,39,-88.4111426719469,178.0692323141224,-79.32301148830727,-80.5,153.02,-51.8,0.5342612089499197,-80.4528,153.2334,-52.4603,0.6411359701386872,0.6321617355799345,0.008974234558752648,-80.5,153.02,-51.8,1.5839300113809018,-6.716523031204628,-7.40450793070952
2D8x8,A_PA1_to_C1,40,-87.32190406766502,178.99768111829334,-79.65435128222146,-79.25,153.67,-51.8,0.5278857924286035,-79.1816,153.6818,-53.1004,0.631706048652119,0.6246660391700143,0.007040009482104726,-79.25,153.67,-51.8,1.5595012363397085,-6.820796411981467,-7.533210086527554
2D8x8,A_PA1_to_C1,41,-86.2261025357334,179.91939200172868,-79.98285537263546,-77.98999999999998,154.31,-51.8,0.5217958350223681,-77.9942,154.289,-53.1004,0.6223386477732794,0.6173311788979366,0.005007468875342721,-77.98999999999998,154.31,-51.8,1.5305232730322706,-6.921583717502639,-7.662975355356162
2D8x8,A_PA1_to_C1,42,-85.12365930706834,180.83419046085237,-80.30845245386091,-76.73999999999998,154.94,-51.8,0.4842148188399144,-76.5263,154.332,-50.0183,0.6132755191729229,0.6102210226569842,0.0030544965159387373,-76.73999999999998,154.94,-51.8,2.0523510480977243,-7.570834354352175,-7.790398217140245
2D8x8,A_PA1_to_C1,43,-84.01449627720152,181.7418966549487,-80.63107011321773,-75.47,155.56,-51.8,0.5092421297259396,-75.6054,155.4758,-53.1004,0.6043072491142729,0.6032322903164226,0.0010749587978503682,-75.47,155.56,-51.8,1.4866695641588201,-7.133109367105256,-7.9183547138322306
2D8x8,A_PA1_to_C1,44,-82.89853717976428,182.64232658248503,-80.95063473369008,-74.2,156.17,-51.8,0.5028543752839658,-74.4042,156.0553,-53.1004,0.5974473731759429,0.5964283679913497,0.0010190051845931538,-74.2,156.17,-51.8,1.4971484550936975,-7.242751217593588,-8.017517673385687
2D8x8,A_PA1_to_C1,45,-81.77570602721802,183.53529052099293,-81.26706971245501,-72.93,156.77,-51.8,0.4901915910071499,-73.2917,156.8247,-51.7933,0.5925738881488862,0.589805406553689,0.002768481595197229,-72.93,156.77,-51.8,1.647533068889568,-7.464278744753642,-8.088660586749869
2D8x8,A_PA1_to_C1,46,-80.64582348921154,184.42047698396848,-81.58024546867004,-71.65,157.35,-51.8,0.48904001657216084,-72.0677,157.359,-52.4603,0.5876783186488022,0.5832378934179411,0.004440425230861101,-71.65,157.35,-51.8,1.5959054197031963,-7.484707932263419,-8.160717423446016
2D8x8,A_PA1_to_C1,47,-79.50878396989144,185.297642211527,-81.89006653611777,-70.37,157.93,-51.8,0.48362528791872184,-70.7742,157.738,-53.1004,0.5828790432076989,0.5769422060133186,0.005936837194380295,-70.37,157.93,-51.8,1.6213887945394552,-7.581415856642153,-8.231941972988494
2D8x8,A_PA1_to_C1,48,-78.36470409990349,186.16679159789868,-82.19653532246785,-69.08,158.5,-51.8,0.4727604703471465,-69.4192,157.9703,-53.6759,0.5780476835194155,0.5707866284057775,0.007261055113637901,-69.08,158.5,-51.8,1.7464501814076563,-7.778772761144853,-8.30423749062299
2D8x8,A_PA1_to_C1,49,-77.21351525637408,187.0277172845943,-82.49957047786444,-67.79,159.06,-51.8,0.47394212359792387,-68.029,160.2736,-51.6309,0.5731552481048869,0.5647985719670465,0.008356676137840377,-67.79,159.06,-51.8,1.650939264488356,-7.757089678997469,-8.378065325394905
2D8x8,A_PA1_to_C1,50,-76.05515221567958,187.88020837156645,-82.79908752134475,-66.49,159.6,-51.8,0.4671919822462018,-66.725,159.7405,-51.8809,0.5681003200970548,0.558860443607966,0.009239876489088718,-66.49,159.6,-51.8,1.6985930598719157,-7.881688262484378,-8.455010113498256
2D8x8,A_PA1_to_C1,51,-74.88955223574898,188.72404937384064,-83.0949989297513,-65.19,160.14,-51.8,0.4660529436172279,-65.2582,161.4238,-51.8809,0.5630582887665225,0.5531709720422814,0.00988731672424112,-65.19,160.14,-51.8,1.6423620149038252,-7.902890775272274,-8.532443671254244
2D8x8,A_PA1_to_C1,52,-73.71665496632944,189.559018973578,-83.38721635930006,-63.89,160.66,-51.8,0.4495616103301543,-64.7117,160.5301,-52.4603,0.5578454220072225,0.5475580381971569,0.010287383810065623,-63.89,160.66,-51.8,1.874493103516122,-8.215811518456018,-8.613233325825691
2D8x8,A_PA1_to_C1,53,-72.53640296667295,190.384890624968,-83.67564995326215,-62.58,161.18,-51.8,0.4464118206913298,-62.0378,161.018,-53.6759,0.552625124194486,0.5421563448472188,0.01046877934726716,-62.58,161.18,-51.8,1.853898792027628,-8.276882163958753,-8.69489828281692
2D8x8,A_PA1_to_C1,54,-71.34874150332857,191.201432346799,-83.96020704576206,-61.26,161.68,-51.8,0.44654311840655403,-60.9912,162.015,-51.7933,0.5472192407183237,0.5368018870382774,0.010417353680046374,-61.26,161.68,-51.8,1.7659591648248696,-8.274327863797675,-8.7802836098586
2D8x8,A_PA1_to_C1,55,-70.15362113228008,192.0084093828919,-84.24079431973101,-59.94,162.18,-51.8,0.44680268304396076,-59.7295,162.4533,-52.4603,0.5418122895831113,0.5316787469291395,0.010133542653971869,-59.94,162.18,-51.8,1.6746615850047335,-8.269280434562003,-8.866533760443062
2D8x8,A_PA1_to_C1,56,-68.95099439080366,192.80558006060815,-84.51731481171478,-58.62,162.66,-51.8,0.4430499897981299,-58.4106,162.7313,-53.1004,0.5362707059511742,0.5266277076314645,0.009642998319709762,-58.62,162.66,-51.8,1.6586268634093133,-8.342541264384225,-8.955829311860708
2D8x8,A_PA1_to_C1,57,-67.7408184239931,193.5926979010977,-84.78967186808131,-57.3,163.13,-51.8,0.4395370458112759,-57.2167,163.3569,-52.4603,0.5306913202012986,0.5217246322972147,0.008966687904083944,-57.3,163.13,-51.8,1.636929992404374,-8.411686184217844,-9.046671102699264
2D8x8,A_PA1_to_C1,58,-66.52304882046394,194.36950405264457,-85.05776186945315,-55.97,163.59,-51.8,0.4359865694403933,-55.8937,163.6145,-53.1004,0.5250353690585281,0.5169414577304736,0.008093911328054468,-55.97,163.59,-51.8,1.614308992830598,-8.482133661442399,-9.139739579497595
2D8x8,A_PA1_to_C1,59,-65.29736445794792,195.13533624133385,-85.32131526549605,-54.63,164.04,-51.8,0.43240902432093015,-54.6302,164.0415,-53.1004,0.5193245423264921,0.5122817312042495,0.007042811122242578,-54.63,164.04,-51.8,1.590881959912007,-8.553700901316917,-9.234733852290702
2D8x8,A_PA1_to_C1,60,-64.06398870106675,195.89027226448488,-85.58037062872329,-53.3,164.48,-51.8,0.4287038130696681,-53.3634,164.4587,-53.1004,0.513699068172071,0.5077885738168151,0.005910494355255875,-53.3,164.48,-51.8,1.5710286322080975,-8.628448955773564,-9.329335234451262
2D8x8,A_PA1_to_C1,61,-62.8228995497926,196.63404521676424,-85.83482177572114,-51.96,164.91,-51.8,0.4249742784785585,-52.0934,164.8661,-53.1004,0.508069506136125,0.503410099781318,0.004659406354807028,-51.96,164.91,-51.8,1.5512096903522574,-8.704342977837369,-9.425048198370906
2D8x8,A_PA1_to_C1,62,-61.574080991881786,197.36638378280423,-86.08456237099055,-50.61,165.33,-51.8,0.42042101004370486,-50.8763,165.4451,-52.4603,0.5024624412963766,0.49914503846411556,0.003317402832261023,-50.61,165.33,-51.8,1.54838385710272,-8.7979076571856,-9.521438710968674
2D8x8,A_PA1_to_C1,63,-60.3175221924691,198.0870113508912,-86.32948341654753,-49.26,165.73,-51.8,0.4173899216911204,-49.5443,165.6514,-53.1004,0.49693068202795787,0.49494765068077534,0.001983031347182547,-49.26,165.73,-51.8,1.5150770776123585,-8.860756714854398,-9.617594548127835
2D8x8,A_PA1_to_C1,64,-59.05321894838989,198.7956474068054,-86.56947528206895,-47.91,166.13,-51.8,0.4124728377031724,-48.3183,166.2116,-52.4603,0.49179876246995635,0.49095211622413926,0.0008466462458170691,-47.91,166.13,-51.8,1.5278415409872088,-8.963688791744604,-9.707762161643188
2D8x8,A_PA1_to_C1,65,-57.78117418123128,199.4920086289987,-86.80442607520538,-46.56,166.51,-51.8,0.3969886419107287,-45.7488,166.9384,-52.4603,0.48815409777565705,0.48702164712547197,0.001132450650185076,-46.56,166.51,-51.8,1.795577156172441,-9.296034252066592,-9.772372006779946
2D8x8,A_PA1_to_C1,66,-56.50139772720847,200.1758074461437,-87.03422398879702,-45.2,166.89,-51.8,0.40576231696372633,-45.6985,166.7553,-53.1004,0.48562094928374616,0.48326454586688655,0.0023564034168596275,-45.2,166.89,-51.8,1.560514036291891,-9.106161647050332,-9.817562521644236
2D8x8,A_PA1_to_C1,67,-55.21390634241263,200.8467522123485,-87.25875552522025,-43.84,167.25,-51.8,0.39610168488127834,-44.4676,167.3159,-51.7933,0.4831469859395833,0.47957085987586445,0.003576126063718845,-43.84,167.25,-51.8,1.7254516967175146,-9.31546208726546,-9.86192530143374
2D8x8,A_PA1_to_C1,68,-53.9187252008448,201.50454957328992,-87.47790625334092,-42.48,167.6,-51.8,0.3980287789874956,-43.1209,167.4416,-53.1004,0.480708178892717,0.47600430962478546,0.004703869267931532,-42.48,167.6,-51.8,1.6393407409115743,-9.273306395356608,-9.905880565330827
2D8x8,A_PA1_to_C1,69,-52.61588688166932,202.14890215357067,-87.69156066867265,-41.12,167.94,-51.8,0.39421897427112707,-41.8282,167.7698,-53.1004,0.47826811641391065,0.47256292999971494,0.005705186414195717,-41.12,167.94,-51.8,1.6786781226972858,-9.356845410161014,-9.950082198349524
2D8x8,A_PA1_to_C1,70,-51.305433226217545,202.77951170494575,-87.89960339828632,-39.75,168.27,-51.8,0.3903034327386594,-40.5331,168.088,-53.1004,0.47582419235713996,0.469224133617299,0.006600058739840988,-39.75,168.27,-51.8,1.7208829636402743,-9.443548463433075,-9.994580410678594
2D8x8,A_PA1_to_C1,71,-49.98700076908163,203.3952860211952,-88.10159506690974,-38.38,168.59,-51.8,0.3887059993633288,-37.9772,168.8795,-52.4603,0.4733391529705643,0.4660151753462248,0.007323977624339479,-38.38,168.59,-51.8,1.7110237123409708,-9.479171008882712,-10.040062207427535
2D8x8,A_PA1_to_C1,72,-48.66072424070704,203.99600512794527,-88.29745317406535,-37.0,168.89,-51.8,0.38712123682259675,-36.6735,169.1679,-52.4603,0.4707054320390001,0.46285315412914385,0.007852277909856285,-37.0,168.89,-51.8,1.6980442708855148,-9.51465594943228,-10.088526589432558
2D8x8,A_PA1_to_C1,73,-47.32700018966312,204.58196768582224,-88.48730791743925,-35.63,169.19,-51.8,0.3853451173405254,-35.3677,169.4462,-52.4603,0.4680495348990563,0.4598916576347193,0.008157877264337046,-35.63,169.19,-51.8,1.6888391510865641,-9.554598672914159,-10.13767443271339
2D8x8,A_PA1_to_C1,74,-45.985910393316935,205.15286772437383,-88.67104090949582,-34.25,169.47,-51.8,0.37980270765682395,-33.9556,169.1964,-53.6759,0.46524055680091136,0.4569697875347844,0.008270769266126967,-34.25,169.47,-51.8,1.762390205455886,-9.680434751299078,-10.189959456728987
2D8x8,A_PA1_to_C1,75,-44.63754649554768,205.7083984412187,-88.84853507484068,-32.87,169.75,-51.8,0.3816805274069542,-32.7138,169.7861,-53.1004,0.4624010924369386,0.45422427719676406,0.008176815240174563,-32.87,169.75,-51.8,1.6663769557514372,-9.637595809031515,-10.243133764165872
2D8x8,A_PA1_to_C1,76,-43.28201139690344,206.24825580764937,-89.01967349375997,-31.49,170.01,-51.8,0.37716969140087425,-31.4433,170.25,-51.7933,0.4594224084741337,0.4515366523659765,0.007885756108157189,-31.49,170.01,-51.8,1.713507755846355,-9.740860153541192,-10.299267308580632
2D8x8,A_PA1_to_C1,77,-41.919417359232085,206.77213383026503,-89.18434026853464,-30.1,170.26,-51.8,0.378201484195196,-30.0909,170.2714,-53.1004,0.45632582403553523,0.44894578618111286,0.00738003785442238,-30.1,170.26,-51.8,1.6310363577390734,-9.717131305514808,-10.358009858661532
2D8x8,A_PA1_to_C1,78,-40.54939109286912,207.2785156165476,-89.34193078350054,-28.71,170.5,-51.8,0.3760560470847581,-28.8084,170.686,-52.4603,0.4531475269227693,0.4464800016165878,0.006667525306181485,-28.71,170.5,-51.8,1.6197407500969256,-9.766544349340357,-10.418718510129228
2D8x8,A_PA1_to_C1,79,-39.17222385924912,207.7673671887726,-89.49243903545896,-27.33,170.73,-51.8,0.37409606149184754,-27.491,170.9035,-52.4603,0.4499806178597916,0.44415331569920585,0.005827302160585772,-27.33,170.73,-51.8,1.6042134350026906,-9.811933163414592,-10.479634639297695
2D8x8,A_PA1_to_C1,80,-37.78842126078582,208.2392299301881,-89.63609218903564,-25.94,170.94,-51.8,0.3689647890703264,-26.1766,171.1405,-51.7933,0.44672811684092734,0.44186535159558016,0.004862765245347171,-25.94,170.94,-51.8,1.6611672984361316,-9.931897428547218,-10.54264504099688
2D8x8,A_PA1_to_C1,81,-36.398144323079634,208.69380836243155,-89.7727800705817,-24.54,171.15,-51.8,0.35456682124562944,-23.5336,171.5246,-51.7933,0.4434954992145603,0.4397273386761199,0.0037681605384403557,-24.54,171.15,-51.8,1.9438224584301604,-10.277634005055909,-10.605726457511544
2D8x8,A_PA1_to_C1,82,-35.001565987997985,209.13081320906835,-89.90239448340782,-23.15,171.34,-51.8,0.3667346105562536,-23.4575,170.9714,-53.6759,0.4403135952229447,0.43766252840825565,0.002651066814689097,-23.15,171.34,-51.8,1.58820393264511,-9.984557914043346,-10.668268892284033
2D8x8,A_PA1_to_C1,83,-33.59882471196269,209.5498193112597,-90.02477205237446,-21.75,171.53,-51.8,0.36493540414328607,-22.1382,171.1476,-53.6759,0.43735593957287017,0.4357462694914547,0.0016096700814155127,-21.75,171.53,-51.8,1.5723806097469595,-10.027275914029447,-10.726810215168284
2D8x8,A_PA1_to_C1,84,-32.18939736157059,209.9482143116595,-90.1388748450846,-20.36,171.7,-51.8,0.3640560635553851,-20.8813,171.838,-52.4603,0.43557021996576406,0.43392150275971725,0.0016487172060468066,-20.36,171.7,-51.8,1.5577982084800919,-10.048230504977703,-10.762347207383405
2D8x8,A_PA1_to_C1,85,-30.77429878000518,210.328098954824,-90.24555516389712,-18.96,171.86,-51.8,0.363287355499542,-19.5338,171.8056,-53.1004,0.43399704229615377,0.4321887527723436,0.0018082895238102081,-18.96,171.86,-51.8,1.5447297524986277,-10.066590238902581,-10.793775397289751
2D8x8,A_PA1_to_C1,86,-29.353752174889728,210.6892116692296,-90.34471752312658,-17.56,172.01,-51.8,0.3596747909110638,-18.1724,171.6148,-53.6759,0.43346529295929537,0.4305640050276388,0.002901287931656577,-17.56,172.01,-51.8,1.620886599240773,-10.153395886049921,-10.804424197694944
2D8x8,A_PA1_to_C1,87,-27.927991414838672,211.031298188544,-90.4362692640794,-16.16,172.14,-51.8,0.3595015384909377,-16.8813,172.087,-53.1004,0.43300095528533955,0.4289933787477669,0.004007576537572658,-16.16,172.14,-51.8,1.615762024049303,-10.157580816416319,-10.81373370325281
2D8x8,A_PA1_to_C1,88,-26.49708986336301,211.3533998370832,-90.5198371965285,-14.76,172.27,-51.8,0.35760716273457516,-15.5535,172.2123,-53.1004,0.4326643020706908,0.4275879547682078,0.005076347302482944,-14.76,172.27,-51.8,1.6548971056544695,-10.203471702973355,-10.82048950820468
2D8x8,A_PA1_to_C1,89,-25.060970741497925,211.65367905566976,-90.594698687592,-13.36,172.38,-51.8,0.35449030148555943,-14.1969,171.99,-53.6759,0.4322538423048498,0.4262532980293271,0.00600054427552271,-13.36,172.38,-51.8,1.722690092116448,-10.279508726209883,-10.828733544979228
2D8x8,A_PA1_to_C1,90,-23.62047023416736,211.93414305010464,-90.6616657715752,-11.95,172.49,-51.8,0.3540548391238044,-11.5648,172.5266,-53.1004,0.4318287893454222,0.4250610948865164,0.0067676944589057765,-11.95,172.49,-51.8,1.7248211622458178,-10.290185190630215,-10.837278939270192
2D8x8,A_PA1_to_C1,91,-22.17586800900967,212.19458342861975,-90.72066392626355,-10.55,172.58,-51.8,0.35451481796398987,-10.245,172.8003,-52.4603,0.4312829996941249,0.4239369314183307,0.007346068275794196,-10.55,172.58,-51.8,1.7025589397699767,-10.27890803258947,-10.848264003705292
2D8x8,A_PA1_to_C1,92,-20.727453063034623,212.43480425702376,-90.77162563826468,-9.14,172.66,-51.8,0.3543352503269754,-8.9119,172.8744,-52.4603,0.4306715983091679,0.4229019436381755,0.007769654670992395,-9.14,172.66,-51.8,1.6946374540823221,-10.283308694395995,-10.860586151199465
2D8x8,A_PA1_to_C1,93,-19.27509516286899,212.65187307593305,-90.81339786387645,-7.74,172.73,-51.8,0.3537854104939799,-7.5699,172.7484,-53.1004,0.42998018946112837,0.422006315878477,0.007973873582651371,-7.74,172.73,-51.8,1.694170546965291,-10.296797494630374,-10.874541858550877
2D8x8,A_PA1_to_C1,94,-17.819519238473163,212.8477616926178,-90.84677561774735,-6.33,172.78,-51.8,0.3517038996873501,-6.2452,173.0215,-51.7933,0.42913996464703874,0.4211514108955023,0.007988553751536428,-6.33,172.78,-51.8,1.728435545905752,-10.348052206356215,-10.891531571336259
2D8x8,A_PA1_to_C1,95,-16.361134123678585,213.0228626326401,-90.87192424144814,-4.92,172.83,-51.8,0.3536119905686385,-4.9043,172.8448,-53.1004,0.4282600939400342,0.420451268045915,0.007808825894119268,-4.92,172.83,-51.8,1.6636124983686948,-10.301056222074013,-10.909358634591115
2D8x8,A_PA1_to_C1,96,-14.90026325715754,213.17704027493127,-90.8888001372905,-3.52,172.86,-51.8,0.3533028594419628,-3.5749,173.0673,-52.4603,0.4272481171782994,0.4198166440294932,0.007431473148806214,-3.52,172.86,-51.8,1.6506601025922285,-10.3086528343707,-10.929907642664265
2D8x8,A_PA1_to_C1,97,-13.43703824777575,213.30785671798188,-90.89645133311062,-2.11,172.89,-51.8,0.35331195408550947,-2.2375,172.8999,-53.1004,0.4261894049120561,0.41933772482445336,0.006851680087602733,-2.11,172.89,-51.8,1.6288863434106617,-10.308429247011262,-10.951457814486396
2D8x8,A_PA1_to_C1,98,-11.971971855513626,213.41633410235175,-90.89529536304708,-0.7,172.9,-51.8,0.3531806590001329,-0.9038,172.9121,-53.1004,0.4250586125413639,0.4189172283887216,0.006141384152642342,-0.7,172.9,-51.8,1.6090381541463115,-10.311657630758258,-10.974534387497743
2D8x8,A_PA1_to_C1,99,-10.505520051148409,213.5035449776888,-90.88576482916936,0.7,172.9,-51.8,0.35017721579077454,0.5,173.1389,-51.8809,0.42394815439515576,0.41861201839689854,0.005336135998257245,0.7,172.9,-51.8,1.660497271481359,-10.38583817454471,-10.997255813949142
2D8x8,A_PA1_to_C1,100,-9.03802752308437,213.56942533875437,-90.86784563242011,2.11,172.89,-51.8,0.3528804279945365,1.7636,172.9054,-53.1004,0.42278689666719743,0.418393301241841,0.004393595425356467,2.11,172.89,-51.8,1.5698789470056815,-10.319044452056705,-11.021080415936817
2D8x8,A_PA1_to_C1,101,-7.569807923952865,213.61171415695904,-90.84065939040936,3.52,172.86,-51.8,0.35275386854405333,3.0972,172.8867,-53.1004,0.42164706419544656,0.418239160773065,0.003407903422381567,3.52,172.86,-51.8,1.5495459116252008,-10.32216017768606,-11.044529176946652
2D8x8,A_PA1_to_C1,102,-6.101304348598901,213.63124009584075,-90.8045463307863,4.92,172.83,-51.8,0.352634964459622,4.4305,172.8576,-53.1004,0.42083240861021737,0.4182596650521327,0.0025727435580846737,4.92,172.83,-51.8,1.5356761301213484,-10.325088457001934,-11.061327237766383
2D8x8,A_PA1_to_C1,103,-4.63290635035838,213.62934326947368,-90.76004220259485,6.33,172.78,-51.8,0.35131745279108456,5.77,173.008,-52.4603,0.4210260350645488,0.4183138672171553,0.0027121678473934568,6.33,172.78,-51.8,1.5721845390404439,-10.357601376998577,-11.057331748843929
2D8x8,A_PA1_to_C1,104,-3.164963838314088,213.606033551836,-90.70716071871894,7.74,172.73,-51.8,0.3523323924422113,7.0965,172.7685,-53.1004,0.42129679661124114,0.418518774539506,0.002778022071735158,7.74,172.73,-51.8,1.552711681991811,-10.332544425810825,-11.051747654704808
2D8x8,A_PA1_to_C1,105,-1.697943285825935,213.55919295710223,-90.64508693655804,9.14,172.66,-51.8,0.350777863895507,8.4381,172.8982,-52.4603,0.4220359657823675,0.4187993935512568,0.0032365722311107144,9.14,172.66,-51.8,1.606345678278762,-10.370952300750051,-11.036521533357085
2D8x8,A_PA1_to_C1,106,-0.2322283949211495,213.48964013175785,-90.57415246751472,10.55,172.58,-51.8,0.3521290393769197,9.7607,172.6383,-53.1004,0.42350302055374833,0.4191738336855982,0.004329186868150163,10.55,172.58,-51.8,1.6030934051198482,-10.337559043366777,-11.006380549132725
2D8x8,A_PA1_to_C1,107,1.2318954371084,213.3988401321371,-90.494939805427,11.95,172.49,-51.8,0.3487629332759959,12.4362,172.6562,-52.4603,0.42511012743618176,0.41965933653487014,0.005450790901311625,11.95,172.49,-51.8,1.7194225935797411,-10.420989449292774,-10.973481766598827
2D8x8,A_PA1_to_C1,108,2.6940895608745743,213.2868762750944,-90.40749239818872,13.36,172.38,-51.8,0.3507328451550279,12.3982,172.1292,-53.6759,0.426795300536908,0.4201760117635816,0.006619288773326429,13.36,172.38,-51.8,1.704863809721449,-10.372067117122599,-10.939118218286943
2D8x8,A_PA1_to_C1,109,4.153793231843601,213.15203258624496,-90.31115359116733,14.76,172.27,-51.8,0.35190035910041656,13.7524,172.3657,-53.1004,0.42858356324270946,0.420868190219909,0.007715373022800455,14.76,172.27,-51.8,1.7123160246137406,-10.343201681922096,-10.90280056819415
2D8x8,A_PA1_to_C1,110,5.610639042819751,212.9946945263486,-90.20608538842838,16.16,172.14,-51.8,0.35189317212693444,15.0815,172.2543,-53.1004,0.4303565356802894,0.42161473360422164,0.008741802076067787,16.16,172.14,-51.8,1.7483512529218737,-10.343379078433232,-10.866942736397153
2D8x8,A_PA1_to_C1,111,7.064485336711198,212.81660122945664,-90.09297442379186,17.56,172.01,-51.8,0.35406605831163623,17.7563,172.1896,-52.4603,0.4321934947414451,0.4225096189405933,0.00968387580085176,17.56,172.01,-51.8,1.731878591070004,-10.289909959020196,-10.829946278835989
2D8x8,A_PA1_to_C1,112,8.51502038884186,212.61790787921868,-89.97189010856013,18.96,171.86,-51.8,0.35348015312383557,19.0872,172.0771,-51.7933,0.4339846676761511,0.423446635511886,0.010538032164265113,18.96,171.86,-51.8,1.7821870412196947,-10.304295193173347,-10.794023062839447
2D8x8,A_PA1_to_C1,113,9.961751170364485,212.3978116720477,-89.84253296538209,20.36,171.7,-51.8,0.35669847676074806,20.4103,171.8947,-52.4603,0.4357620415541082,0.4244852652901351,0.011276776263973122,20.36,171.7,-51.8,1.738962844200658,-10.225570787470337,-10.758522854155474
2D8x8,A_PA1_to_C1,114,11.404091829012076,212.15529861284764,-89.70452284322879,21.75,171.53,-51.8,0.35799947819214595,21.7355,171.7319,-52.4603,0.437530440379656,0.42564714021727307,0.01188330016238291,21.75,171.53,-51.8,1.7425176004350404,-10.193948009608118,-10.723345320058872
2D8x8,A_PA1_to_C1,115,12.842164013141216,211.89280589036773,-89.55881087418322,23.15,171.34,-51.8,0.3564917568149424,22.9889,171.0352,-53.6759,0.4392690380418093,0.42683413728387304,0.012434900757936244,23.15,171.34,-51.8,1.8136220187518282,-10.230606040621621,-10.688898932755588
2D8x8,A_PA1_to_C1,116,14.27569473601576,211.61054562237044,-89.40548865092514,24.54,171.15,-51.8,0.3606545624335002,24.3819,171.3756,-52.4603,0.44102846698981507,0.4281821864702815,0.012846280519533545,24.54,171.15,-51.8,1.7475038426876013,-10.129767270825422,-10.654178339023614
2D8x8,A_PA1_to_C1,117,15.704420609000886,211.30873996345576,-89.24465069119623,25.94,170.94,-51.8,0.3589399973822853,25.7075,171.2117,-51.7933,0.44270199995699455,0.42955409944829287,0.013147900508701694,25.94,170.94,-51.8,1.8217925729892757,-10.171158776060047,-10.621281113956568
2D8x8,A_PA1_to_C1,118,17.127467061117866,210.9853888030928,-89.07554022675586,27.33,170.73,-51.8,0.3612320125881608,26.9399,170.4565,-53.6759,0.4444026377255948,0.43110328133225284,0.013299356393341944,27.33,170.73,-51.8,1.7998079446530955,-10.115871266776571,-10.58797823300927
2D8x8,A_PA1_to_C1,119,18.54500242105926,210.64245975846785,-88.89892252982663,28.71,170.5,-51.8,0.362846032901657,28.2538,170.2433,-53.6759,0.4460863050728873,0.43270618225546215,0.0133801228174252,28.71,170.5,-51.8,1.7939302270223292,-10.077148298656422,-10.555132982519888
2D8x8,A_PA1_to_C1,120,19.95695951902884,210.28081088695933,-88.71513602499982,30.1,170.26,-51.8,0.36601880681297844,29.6567,170.5404,-52.4603,0.44777304817268,0.4343852679409049,0.013387780231775111,30.1,170.26,-51.8,1.7510909712086788,-10.001527863679664,-10.52235180335678
2D8x8,A_PA1_to_C1,121,21.36312255140996,209.9007043348374,-88.52429015015632,31.49,170.01,-51.8,0.36610855575340556,30.8765,169.7864,-53.6759,0.4494553849357705,0.4361541961436701,0.013301188792100366,31.49,170.01,-51.8,1.7815341973331391,-9.999398317823447,-10.489779031376102
2D8x8,A_PA1_to_C1,122,22.763287163308185,209.50241116711732,-88.32649553713337,32.87,169.75,-51.8,0.36775279288653395,32.1851,169.5427,-53.6759,0.45111078330735693,0.43802732066160005,0.013083462645756857,32.87,169.75,-51.8,1.7745445781329123,-9.960476289291691,-10.457846622044574
2D8x8,A_PA1_to_C1,123,24.15657910066909,209.08432508444196,-88.12115160875746,34.25,169.47,-51.8,0.37156838247674806,33.5576,169.6211,-53.1004,0.45273561193755474,0.4399452293493868,0.012790382588167951,34.25,169.47,-51.8,1.7161181066063715,-9.870820844701042,-10.426617648980464
2D8x8,A_PA1_to_C1,124,25.543293466436644,208.6482072407228,-87.90893755362836,35.63,169.19,-51.8,0.37314236215261454,34.8648,169.3567,-53.1004,0.45446201701865135,0.4420124459070362,0.01244957111161516,35.63,169.19,-51.8,1.7124607035153927,-9.834104752680487,-10.39355896005089
2D8x8,A_PA1_to_C1,125,26.92344255045924,208.19485717158383,-87.69016649807516,37.0,168.89,-51.8,0.37296050366803946,36.2098,169.268,-52.4603,0.4561892590940705,0.44412289964980495,0.012066359444265514,37.0,168.89,-51.8,1.74964425980498,-9.838339028757982,-10.360609679838797
2D8x8,A_PA1_to_C1,126,28.296872416348656,207.724568192602,-87.46495907252391,38.38,168.59,-51.8,0.3704975451283968,38.8232,168.7175,-51.7933,0.4579748451594635,0.44636424366359667,0.011610601495866839,38.38,168.59,-51.8,1.8411257949882056,-9.895889187386839,-10.326678303284428
2D8x8,A_PA1_to_C1,127,29.663439688942976,207.23763640733537,-87.2334345109946,39.75,168.27,-51.8,0.3740653563480103,40.1163,168.3833,-52.4603,0.4597658783566247,0.44864687491545757,0.011119003441167109,39.75,168.27,-51.8,1.7917849699552155,-9.812646115150624,-10.292776056081204
2D8x8,A_PA1_to_C1,128,31.023012683729167,206.73436170913817,-86.99571479085466,41.12,167.94,-51.8,0.3771764284377125,40.1163,168.3833,-52.4603,0.46156903844171393,0.45101464450885,0.010554393932863936,41.12,167.94,-51.8,1.7538425068867702,-9.740705006833528,-10.25877741083255
2D8x8,A_PA1_to_C1,129,32.37470356525212,206.2133764793259,-86.75128976688967,42.48,167.6,-51.8,0.3795888329072437,42.7088,167.7433,-52.4603,0.46345644753320164,0.45349550943982614,0.009960938093375525,42.48,167.6,-51.8,1.7339100180768714,-9.685327332849198,-10.223332225658119
2D8x8,A_PA1_to_C1,130,33.719101063085496,205.67660809481976,-86.50089817554122,43.84,167.25,-51.8,0.3812256684029539,43.953,167.2247,-53.1004,0.46543040101187805,0.45606064151019543,0.00936975950168259,43.84,167.25,-51.8,1.7334522521520443,-9.647953191366254,-10.186415850100003
2D8x8,A_PA1_to_C1,131,35.05617762104751,205.12451340531013,-86.24471920298933,45.2,166.89,-51.8,0.38494485759957575,43.953,167.2247,-53.1004,0.46746678758873794,0.45870833840320974,0.008758449185528202,45.2,166.89,-51.8,1.6870447671133058,-9.563625435204873,-10.14849557897736
2D8x8,A_PA1_to_C1,132,36.38584781708681,204.55739637263824,-85.98287507018212,46.56,166.51,-51.8,0.38313752005388174,46.4358,166.1996,-53.6759,0.46951369694540745,0.46137321959992483,0.008140477345482611,46.56,166.51,-51.8,1.7658716491055486,-9.6045022054331,-10.110545467213347
2D8x8,A_PA1_to_C1,133,37.70803641502904,203.97556182960767,-85.71548684828234,47.91,166.13,-51.8,0.38808761319662116,47.8709,166.3724,-51.7933,0.4717125850008226,0.4642001484983102,0.007512436502512383,47.91,166.13,-51.8,1.6949536352217418,-9.49300025527591,-10.069961530939963
2D8x8,A_PA1_to_C1,134,39.02267691114972,203.37931197772247,-85.44267500237241,49.26,165.73,-51.8,0.39322176856257796,49.0901,165.7868,-53.1004,0.4739303263406115,0.46704137790742206,0.006888948433189429,49.26,165.73,-51.8,1.6215389503353888,-9.378844839172185,-10.02922079972259
2D8x8,A_PA1_to_C1,135,40.32971261578653,202.76894899163807,-85.16455939825487,50.61,165.33,-51.8,0.3962406627700629,50.3673,165.4026,-53.1004,0.47667387679996087,0.4700275092439115,0.006646367556049334,50.61,165.33,-51.8,1.6052462101043736,-9.312415054325541,-9.979083755106963
2D8x8,A_PA1_to_C1,136,41.62902929258818,202.1446564938012,-84.8812160005424,51.96,164.91,-51.8,0.399289329103225,51.6982,165.1897,-52.4603,0.4803452725752371,0.4730250572055385,0.007320215369698617,51.96,164.91,-51.8,1.6053163380682265,-9.24584180324511,-9.912440376062678
2D8x8,A_PA1_to_C1,137,42.92008254787703,201.5058761804476,-84.59244212770967,53.3,164.48,-51.8,0.3912804308739806,51.6982,165.1897,-52.4603,0.4838927794285192,0.4761249348127593,0.00776784461575991,53.3,164.48,-51.8,1.845220272586803,-9.421833321155743,-9.848527959454737
2D8x8,A_PA1_to_C1,138,44.20344095580125,200.8539741852588,-84.29875593198065,54.63,164.04,-51.8,0.40505077870091777,54.24,164.3711,-52.4603,0.4872867227817663,0.47931849941632954,0.00796822336543679,54.63,164.04,-51.8,1.6055021357303438,-9.121406453636672,-9.787819228792124
2D8x8,A_PA1_to_C1,139,45.479083879422326,200.1892406876478,-84.00027201496113,55.97,163.59,-51.8,0.40858800341134255,55.4451,163.7673,-53.1004,0.4904746430167475,0.482565540967665,0.00790910204908244,55.97,163.59,-51.8,1.5866189727796303,-9.045883659742412,-9.731179597848577
2D8x8,A_PA1_to_C1,140,46.74699928704412,199.5119648380151,-83.69710381974916,57.3,163.13,-51.8,0.41084194060801366,56.7688,163.5134,-52.4603,0.4934847251294141,0.48590450421582676,0.007580220913587351,57.3,163.13,-51.8,1.5919788505030874,-8.998100443475714,-9.678036503858422
2D8x8,A_PA1_to_C1,141,48.007181537454464,198.82243129729403,-83.3893624432826,58.62,162.66,-51.8,0.4113518561471577,57.8508,162.5722,-53.6759,0.49631967639690794,0.48933538820622047,0.006984288190687461,58.62,162.66,-51.8,1.6309606330647075,-8.987326655877032,-9.62828093369812
2D8x8,A_PA1_to_C1,142,49.25963216287593,198.12092114404783,-83.07715879174981,59.94,162.18,-51.8,0.41678251857216425,59.2841,162.6167,-52.4603,0.4989464535209416,0.4928362370393249,0.006110216481616696,59.94,162.18,-51.8,1.5628889061573403,-8.873405987678197,-9.58243199240665
2D8x8,A_PA1_to_C1,143,50.504359087927725,197.4077115489707,-82.76060183738355,61.26,161.68,-51.8,0.4078303678859459,61.7173,161.5039,-53.1004,0.501294809793261,0.4963297461036404,0.00496506368962059,61.26,161.68,-51.8,1.7922729403989188,-9.062004660150789,-9.541646630637665
2D8x8,A_PA1_to_C1,144,51.74137630049833,196.68307631020824,-82.4397969481123,62.58,161.18,-51.8,0.42453097137652324,61.7173,161.5039,-53.1004,0.5035328798167367,0.49996363311042563,0.003569246706311014,62.58,161.18,-51.8,1.4823691016644553,-8.71340829418292,-9.502954103404258
2D8x8,A_PA1_to_C1,145,52.97070413149112,195.9472847727104,-82.11485016116147,63.89,160.66,-51.8,0.42579090426132876,64.0648,161.9445,-51.8809,0.5056279618827971,0.5036075147203004,0.0020204471624967264,63.89,160.66,-51.8,1.4926940635549135,-8.68766828604915,-9.466889133380029
2D8x8,A_PA1_to_C1,146,54.19236807897806,195.20060217646076,-81.78586373787523,65.19,160.14,-51.8,0.4311772415108695,64.201,160.5309,-53.1004,0.5082799025752792,0.5074156623058454,0.0008642402694337636,65.19,160.14,-51.8,1.4289421649358371,-8.578479287044797,-9.421452032994754
2D8x8,A_PA1_to_C1,147,55.40639861693578,194.44328844032668,-81.45293907592712,66.49,159.6,-51.8,0.4320348062943284,65.509,160.2058,-52.4603,0.5133439725939745,0.5112054168734068,0.002138555720567702,66.49,159.6,-51.8,1.4977946114357086,-8.561221150909928,-9.335341450360016
2D8x8,A_PA1_to_C1,148,56.61283103800743,193.6755986866025,-81.11617586847466,67.79,159.06,-51.8,0.42508634692917,65.8808,158.9755,-54.1528,0.5192756159721367,0.5151336965986631,0.0041419193734735,67.79,159.06,-51.8,1.7384154640160272,-8.70205275483335,-9.235552201703118
2D8x8,A_PA1_to_C1,149,57.811705742301854,192.89778461982107,-80.77567078527012,69.08,158.5,-51.8,0.43333348962151064,69.1216,158.4705,-53.1004,0.5253010407788367,0.5190626046182403,0.006238436160596395,69.08,158.5,-51.8,1.671720140990929,-8.535150797798218,-9.135345567693085
2D8x8,A_PA1_to_C1,150,59.0030673546265,192.1100930008785,-80.431518605454,70.37,157.93,-51.8,0.44491338567419364,69.1216,158.4705,-53.1004,0.5314071212001079,0.523044092871669,0.008363028328438984,70.37,157.93,-51.8,1.543037956055755,-8.306086439473386,-9.034963394303425
2D8x8,A_PA1_to_C1,151,60.18696445293098,191.3127651870468,-80.0838131635974,71.65,157.35,-51.8,0.4468311506614571,71.1963,157.756,-52.4603,0.537515496290979,0.5271037773666453,0.010411718924333646,71.65,157.35,-51.8,1.6049509415953795,-8.268727038809537,-8.935691008099953
2D8x8,A_PA1_to_C1,152,61.363448392895926,190.5060368241799,-79.73264497029759,72.93,156.77,-51.8,0.44920594146391735,71.4171,157.0755,-53.6759,0.5436501659962218,0.5312986006043445,0.012351565391877277,72.93,156.77,-51.8,1.6574806622058602,-8.222686044967189,-8.837120293647123
2D8x8,A_PA1_to_C1,153,62.53257525076112,189.69013986366625,-79.37810395588245,74.2,156.17,-51.8,0.45581504004808304,72.769,156.8259,-53.1004,0.5495777932560626,0.535482450959224,0.014095342296838672,74.2,156.17,-51.8,1.6248104973501298,-8.09582286148368,-8.742927275019346
2D8x8,A_PA1_to_C1,154,63.69440350185478,188.86530081635576,-79.02027652704841,75.47,155.56,-51.8,0.4595479921038635,73.9762,156.259,-53.1004,0.5553149784709598,0.5397086078237862,0.01560637064717367,75.47,155.56,-51.8,1.6441702987363815,-8.024978424486807,-8.652723036636223
2D8x8,A_PA1_to_C1,155,64.8489950311793,188.0317417660356,-78.65924735945033,76.73999999999998,154.94,-51.8,0.46035809431159225,76.4614,155.2675,-52.4603,0.560790689620394,0.5439730019398176,0.01681768768057642,76.73999999999998,154.94,-51.8,1.7141002231946876,-8.00968021025654,-8.567494897947647
2D8x8,A_PA1_to_C1,156,65.99641377848022,187.18967854614155,-78.29510006010506,77.98999999999998,154.31,-51.8,0.46458760228483026,77.6564,154.6721,-52.4603,0.5659952659115072,0.5483392749932584,0.017655990918248755,77.98999999999998,154.31,-51.8,1.7149036479247635,-7.930243556471547,-8.487254819432579
2D8x8,A_PA1_to_C1,157,67.13672726207854,186.3393236804872,-77.92791593936606,79.25,153.67,-51.8,0.46883686043020506,78.8469,154.0675,-52.4603,0.5707988061023483,0.5527042139827395,0.018094592119608822,79.25,153.67,-51.8,1.7092261407248268,-7.851160901724407,-8.413849671885375
2D8x8,A_PA1_to_C1,158,68.27000362544098,185.4808832655693,-77.55777279708339,80.5,153.02,-51.8,0.4727972092102062,79.9447,153.2854,-53.1004,0.5752108225544134,0.5571322049251302,0.01807861762928315,80.5,153.02,-51.8,1.703042886249365,-7.778097795001541,-8.34696981963797
2D8x8,A_PA1_to_C1,159,69.3963146922312,184.6145597302445,-77.1847486605872,81.73999999999998,152.36,-51.8,0.4793648549002216,79.9447,153.2854,-53.1004,0.5792064032104967,0.5616217773777774,0.017584625832719247,81.73999999999998,152.36,-51.8,1.6433432852143828,-7.658272079374263,-8.286843705045676
2D8x8,A_PA1_to_C1,160,70.51573242914215,183.74054930316348,-76.80891769989609,82.98,151.69,-51.8,0.4818475001180596,82.2991,152.0318,-53.1004,0.5826999387300211,0.5661325233859864,0.016567415344034723,82.98,151.69,-51.8,1.650707245405341,-7.613403679147619,-8.234611344628073
2D8x8,A_PA1_to_C1,161,71.62833176385743,182.8590444248774,-76.43035371243633,84.20999999999998,151.01,-51.8,0.48790861689871373,82.2991,152.0318,-53.1004,0.5857342544285741,0.5706990375670371,0.015035216861536952,84.20999999999998,151.01,-51.8,1.5872426923505467,-7.504826118126608,-8.189498336661854
2D8x8,A_PA1_to_C1,162,72.73418891237762,181.9702330772119,-76.04912746341594,85.43,150.32,-51.8,0.4910557631272508,84.6339,150.742,-53.1004,0.5888432538815169,0.5758473832913272,0.01299587059018965,84.20999999999998,151.01,-51.8,1.5773778304673491,-7.448979634753564,-8.143516715172009
2D8x8,A_PA1_to_C1,163,73.83338034769403,181.07429724503453,-75.66530789168684,86.65,149.62,-51.8,0.5332686732475361,71.1147,194.8615,-57.5633,0.5915710753396068,0.5811500749437619,0.0104210003958449,85.43,150.32,-51.8,0.9012171854070679,-6.732674444295026,-8.103372169773754
2D8x8,A_PA1_to_C1,164,74.92598411421237,180.1714145158533,-75.27896292817486,87.87,148.91,-51.8,0.5749574375649484,72.9433,194.1834,-57.5633,0.5938612041551276,0.5864897788892978,0.0073714252658297445,86.65,149.62,-51.8,0.2809851647842987,-6.078881955917973,-8.06981170201947
2D8x8,A_PA1_to_C1,165,76.01207975140402,179.2617589762031,-74.89015774945686,89.08,148.19,-51.8,0.6020226358426838,74.7305,193.3982,-57.3629,0.5962743798248636,0.5920130375741021,0.004261342250761591,87.87,148.91,-51.8,-0.08333343021195444,-5.679339464498042,-8.034587805595793
2D8x8,A_PA1_to_C1,166,77.09174762221413,178.34549973922313,-74.49895691208107,90.28,147.46,-51.8,0.6458614360336203,76.5807,192.7756,-57.5633,0.6010210952107333,0.5975797945045846,0.003441300706148627,89.08,148.19,-51.8,-0.6249927664925425,-5.068808804714231,-7.96571648209257
2D8x8,A_PA1_to_C1,167,78.16506757020038,177.42280052578397,-74.10542222749868,91.48,146.72,-51.8,0.6728058336874401,78.3894,192.0462,-57.5633,0.6245235639028739,0.6175407531553118,0.006982810747562077,49.26,165.73,-51.8,-0.6468183809889869,-4.713800913501249,-7.6325342053760314
2D8x8,A_PA1_to_C1,168,79.23212000205737,176.49382133220942,-73.70961251769542,92.67,145.97,-51.8,0.6917065754379036,79.7271,191.4538,-57.4577,0.6401369213511937,0.628112161670244,0.012024759680949713,50.61,165.33,-51.8,-0.6729805461959808,-4.473157799260495,-7.4180532563422705
2D8x8,A_PA1_to_C1,169,80.2922457066076,175.5579947426321,-73.31132774143597,93.86,145.21,-51.8,0.7147580028357474,81.5232,190.6947,-57.4577,0.6608189632421149,0.6430410322466679,0.017777930995447007,53.3,164.48,-51.8,-0.6815305881669526,-4.188415348948935,-7.1418608480016825
2D8x8,A_PA1_to_C1,170,81.34621913040817,174.61616876514668,-72.91087417856407,95.03,144.44,-51.8,0.7308915474429903,83.312,189.9188,-57.4577,0.685956938694942,0.6621976493697533,0.023759289325188723,54.63,164.04,-51.8,-0.5511217183770918,-3.9945370938699147,-6.817573723132801
2D8x8,A_PA1_to_C1,171,82.39413102461414,173.66849982189953,-72.50831209760779,96.21,143.66,-51.8,0.7435734217703188,85.1086,189.1597,-57.5633,0.697371455787091,0.6670913861502299,0.030280069636861157,55.97,163.59,-51.8,-0.5571938151347158,-3.8451187224454406,-6.674227448465952
2D8x8,A_PA1_to_C1,172,83.43606417922192,172.71513292392234,-72.10369582975609,97.37,142.87,-51.8,0.7493441122912187,86.3998,188.4665,-57.3629,0.7220884729981613,0.6851044261014687,0.036984046896692546,58.62,162.66,-51.8,-0.32181774233524507,-3.7779698954095213,-6.371702548630561
2D8x8,A_PA1_to_C1,173,84.4721014411665,171.75620943958634,-71.69707749993427,98.53,142.08,-51.8,0.7551069875748044,88.1927,187.6986,-57.4577,0.7444185436453652,0.7003920617399334,0.044026481905431805,59.94,162.18,-51.8,-0.12382612334996172,-3.7114260994136323,-6.107167133649389
2D8x8,A_PA1_to_C1,174,85.50232556270262,170.791866357757,-71.28850885598135,99.68,141.27,-51.8,0.7535427550526309,89.9691,186.8932,-57.5633,0.7496916318751602,0.6984344027762703,0.051257229098889905,61.26,161.68,-51.8,-0.04450470848042996,-3.729437908968569,-6.045857528334793
2D8x8,A_PA1_to_C1,175,86.52681905914028,169.82223673745816,-70.87804031093589,100.83,140.45,-51.8,0.7472378401538485,91.2844,186.2533,-57.5633,0.7701477200152951,0.7114093159683518,0.05873840404694334,63.89,160.66,-51.8,0.2623035515955925,-3.802418752863908,-5.812030112154111
2D8x8,A_PA1_to_C1,176,87.54566407425344,168.8474505459108,-70.46571908527208,101.97,139.63,-51.8,0.7416058897694795,92.9877,185.2996,-57.3629,0.7891564614011879,0.7227489757915407,0.06640748560964714,65.19,160.14,-51.8,0.5397989294969845,-3.8681324766549,-5.60024845804371
2D8x8,A_PA1_to_C1,177,88.55844803780349,167.867192725398,-70.05143424762115,103.1,138.79,-51.8,0.7470099827075012,90.3626,181.8861,-53.9487,0.7886180220824196,0.7143662120911826,0.07425180999123704,66.49,159.6,-51.8,0.47080584195743524,-3.8050677708075775,-5.606176839735937
2D8x8,A_PA1_to_C1,178,89.56514571001105,166.8815077296887,-69.63520370616975,104.23,137.95,-51.8,0.7453464276887876,91.4206,180.8661,-53.3791,0.7886076914491983,0.7064459055068202,0.08216178594237813,69.08,158.5,-51.8,0.4900566841642365,-3.8244323960186537,-5.606290622740212
2D8x8,A_PA1_to_C1,179,90.56640539812672,165.89102646115222,-69.21725653762716,105.35,137.1,-51.8,0.7585464130210842,94.1155,179.9697,-53.9487,0.8018232038469366,0.7118237929515324,0.08999941089540425,70.37,157.93,-51.8,0.48192922121261406,-3.6719527018061133,-5.461938391479293
2D8x8,A_PA1_to_C1,180,91.56230890900198,164.8958659730496,-68.79763588335707,106.46,136.24,-51.8,0.7597047728364261,95.1521,178.9279,-53.3791,0.7915447297779488,0.6937002410098598,0.09784448876808892,71.65,157.35,-51.8,0.3566121356508497,-3.658698784979694,-5.574001560214637
2D8x8,A_PA1_to_C1,181,92.55293700046964,163.896139665199,-68.3763832599028,107.57,135.36,-51.8,0.7422560298932093,95.5157,178.3446,-51.6309,0.7921757314964488,0.6863992131531852,0.10577651834326365,105.35,137.1,-51.8,0.5653559834827777,-3.8605211947013514,-5.567080122104367
2D8x8,A_PA1_to_C1,182,93.5383696865723,162.89195751358884,-67.95353909558447,108.67,134.48,-51.8,0.7370305840970977,96.6886,177.7103,-51.6309,0.8070702791047422,0.6933673351060867,0.11370294399865538,106.46,136.24,-51.8,0.7885168908662509,-3.9218856846493355,-5.405283704668879
2D8x8,A_PA1_to_C1,183,94.51868676017396,161.8834265470593,-67.52914318940918,109.76,133.6,-51.8,0.7616463079968576,98.6625,176.591,-52.0041,0.8220793871477039,0.700297089012863,0.12178229813484093,107.57,135.36,-51.8,0.6632083519320509,-3.6365290576897276,-5.2452356166434715
2D8x8,A_PA1_to_C1,184,95.49271186178296,160.8696074210233,-67.1028632821566,110.84,132.7,-51.8,0.6959191304897931,101.1417,175.2887,-52.7159,0.8369908263299658,0.7070919166023807,0.12989890972758508,108.67,134.48,-51.8,1.60323845623038,-4.420420378032023,-5.089096832687437
2D8x8,A_PA1_to_C1,185,96.46170388940378,159.85160660413624,-66.67509437547085,111.92,131.79,-51.8,0.7215816603901872,102.3511,174.5841,-52.7159,0.8516462613939173,0.7136564635564486,0.13798979783746862,109.76,133.6,-51.8,1.4394751511175539,-4.105886148005628,-4.938325907773869
2D8x8,A_PA1_to_C1,186,97.42578646563032,158.82956069145675,-66.24588697364936,112.99,130.88,-51.8,0.7005131624774426,103.5076,173.7906,-52.0041,0.8667829336506168,0.7206196896040951,0.14616324404652173,109.76,133.6,-51.8,1.8498810357595956,-4.36326988244666,-4.785303757572858
2D8x8,A_PA1_to_C1,187,98.38503709192018,157.8035656055637,-65.81527629218839,114.05,129.95,-51.8,0.7819568635901187,81.7476,148.3495,-57.3494,0.8831569791487879,0.7286511607123549,0.15450581843643296,110.84,132.7,-51.8,1.0571021859687335,-3.4079399622555147,-4.622752687172575
2D8x8,A_PA1_to_C1,188,99.33953257020568,156.7737146908155,-65.3832963626497,115.1,129.02,-51.8,0.8019837492235615,81.7433,148.4109,-56.2596,0.8996256546106612,0.7365276016883647,0.16309805292229654,111.92,131.79,-51.8,0.9979252708439224,-3.1882845188995694,-4.462274158941443
2D8x8,A_PA1_to_C1,189,100.28870623937988,155.7395876756556,-64.94979971852082,116.15,128.08,-51.8,0.9162069352484639,84.186,147.5191,-57.2368,0.9160280911905646,0.7439711824329096,0.172056908757655,112.99,130.88,-51.8,-0.0016956555593082658,-2.0317243851557416,-4.305334951600844
2D8x8,A_PA1_to_C1,190,101.23243476882728,154.7011333967404,-64.5147688375107,117.19,127.13,-51.8,1.004447073668762,86.5359,146.4957,-58.1209,0.9321362696327478,0.7507989834102536,0.18133728622249412,114.05,129.95,-51.8,-0.648953020798493,-1.2330547254438182,-4.153922657128105
2D8x8,A_PA1_to_C1,191,102.17160842977847,153.6590922034527,-64.07846897385889,118.22,126.17,-51.8,0.9695896238857363,88.8219,145.3329,-58.9983,0.9481686101487119,0.7571250454020142,0.19104356474669776,115.1,129.02,-51.8,-0.19404771307786087,-1.539836697800129,-4.005799321763784
2D8x8,A_PA1_to_C1,192,103.10630135656044,152.6135477256028,-63.64093019392647,119.24,125.21,-51.8,0.7936706027760273,88.8219,145.3329,-58.9983,0.9644137627103899,0.7631276313276819,0.20128613138270807,116.15,128.08,-51.8,1.692462096988728,-3.2787899918512413,-3.8582428057483096
2D8x8,A_PA1_to_C1,193,104.0365865316082,151.5645810663427,-63.20218148831107,120.25,124.23,-51.8,1.066847933088167,91.04,144.0398,-59.8772,0.9807475252390896,0.7685575081371737,0.21219001710191582,117.19,127.13,-51.8,-0.730905984381036,-0.7095454792631838,-3.7123663745300135
2D8x8,A_PA1_to_C1,194,104.96171515673508,150.511645489133,-62.76203108739684,121.26,123.25,-51.8,1.1576567119845456,93.1854,142.6235,-60.7619,0.9973580249376526,0.7736089580972664,0.22374906684038615,118.22,126.17,-51.8,-1.2945741534490096,0.0,-3.566489064334804
2D8x8,A_PA1_to_C1,195,105.88177918168331,149.45485205613636,-62.320520446667565,122.26,122.26,-51.8,0.5991931422063038,93.1854,142.6235,-60.7619,1.0142829400458824,0.7783768004429935,0.23590613960288892,119.24,125.21,-51.8,4.571845732731969,-5.720259198256122,-3.420328376409948
2D8x8,A_PA1_to_C1,196,106.79762797996236,148.3948745970604,-61.877887560531605,123.25,121.26,-51.8,0.8366445170594311,94.7475,140.3415,-63.4686,1.0313187080197899,0.7828049105686546,0.2485137974511352,120.25,124.23,-51.8,1.8170385324861846,-2.8207764971185583,-3.275652875518169
2D8x8,A_PA1_to_C1,197,107.70933131348907,147.33178524017583,-61.43415856706641,124.23,120.25,-51.8,0.570224762889792,97.842,140.3154,-59.6933,1.0487096703161594,0.7874447480142511,0.2612649223019083,121.26,123.25,-51.8,5.292183988592054,-6.150674416424605,-3.130405338718345
2D8x8,A_PA1_to_C1,198,108.616958,146.265654,-60.989359,125.21,119.24,-51.8,0.8891244754822243,99.1258,137.69,-63.4286,1.0660601762569524,0.7923624586773926,0.27369771757955963,121.26,123.25,-51.8,1.5763830928940283,-2.2923445721514932,-2.98787639014326
2D8x8,B_PA2_to_C2,0,-111.344089,143.730347,-72.942256,-123.81,161.25,-51.8,0.6766407820127953,-123.2994,160.3348,-51.8809,1.0968775363013692,0.7977291173100867,0.2991484189912825,-123.81,161.25,-51.8,4.1959994526670075,-2.5577721369366375,0.0
2D8x8,B_PA2_to_C2,1,-110.38386537861794,143.92504987544245,-73.40755896180973,-122.74,162.07,-51.8,0.6561726383666603,-122.5057,160.9432,-51.8809,1.0409085130197249,0.7809375781147911,0.25997093490493384,-122.74,162.07,-51.8,4.007888871051904,-2.82457319443665,-0.4549116391151165
2D8x8,B_PA2_to_C2,2,-109.4218299609588,144.1185327097424,-73.86961573883003,-121.66,162.88,-51.8,0.64468682584549,-120.9094,162.1481,-51.8809,0.9397710066419204,0.7649453560579419,0.17482565058397848,-121.66,162.88,-51.8,3.2734649348683402,-2.977959621365238,-1.3427220022272677
2D8x8,B_PA2_to_C2,3,-108.45798450643372,144.31078641668583,-74.32840069786123,-120.57,163.68,-51.8,0.623528421458594,-120.5482,162.4139,-52.0041,0.8282807339247372,0.7497056182693345,0.07857511565540277,-120.57,163.68,-51.8,2.466426110395731,-3.2678104489696413,-2.4396116543042816
2D8x8,B_PA2_to_C2,4,-107.49233079569572,144.50179958697743,-74.78388860572728,-119.48,164.48,-51.8,0.6130201442554366,-118.5071,164.3666,-53.3791,0.7379774621102888,0.7349544426634853,0.0030230194468035348,-119.48,164.48,-51.8,1.6113670535086224,-3.415440612275693,-3.442300874497441
2D8x8,B_PA2_to_C2,5,-106.5248704079047,144.69156262453677,-75.23605239698662,-118.39,165.27,-51.8,0.6128638441373468,-118.5071,164.3666,-53.3791,0.7673999781674834,0.720811287481886,0.04658869068559739,-118.39,165.27,-51.8,1.9531556314704144,-3.41765551286393,-3.1027271971238846
2D8x8,B_PA2_to_C2,6,-105.55560598576687,144.8800661623952,-75.684866540274,-117.29,166.06,-51.8,0.6054826279508363,-117.2087,164.9596,-52.7159,0.7677686916466304,0.7071920846098171,0.06057660703681339,-117.29,166.06,-51.8,2.0625742222683483,-3.522901787339245,-3.0985548808012657
2D8x8,B_PA2_to_C2,7,-104.58453988214106,145.06729927392988,-76.1303048784166,-116.18,166.83,-51.8,0.580891222765825,-116.4743,166.3501,-53.9487,0.7443395846038583,0.6943204928402897,0.050019091763568606,-116.18,166.83,-51.8,2.1535260278167345,-3.883039244320889,-3.367740532234525
2D8x8,B_PA2_to_C2,8,-103.61167478761368,145.25325172348178,-76.57234104120653,-115.07,167.6,-51.8,0.577173284986839,-114.8636,166.4901,-52.0041,0.7083652037885648,0.6818417317188614,0.026523472069703416,-115.07,167.6,-51.8,1.7790199707560628,-3.9388111084366546,-3.798018453410961
2D8x8,B_PA2_to_C2,9,-102.63701375124135,145.4379140468565,-77.01094843943008,-113.95,168.36,-51.8,0.5773124182065467,-113.7626,167.3591,-52.7159,0.6708273012511375,0.6699214941476993,0.0009058071034382118,-113.95,168.36,-51.8,1.303996594471706,-3.9367175428015377,-4.2709482640602
2D8x8,B_PA2_to_C2,10,-101.6605600506468,145.62127561992435,-77.4461008038966,-112.83,169.12,-51.8,0.5679958790914935,-112.6029,168.1429,-52.7159,0.6786174369580488,0.658356218133414,0.02026121882463474,-112.83,169.12,-51.8,1.5455965946712966,-4.078031834711206,-4.17066255577028
2D8x8,B_PA2_to_C2,11,-100.68231730915193,145.80332558276277,-77.877772044352,-111.7,169.86,-51.8,0.5592489324549913,-111.5893,169.1479,-53.3791,0.6797085445804729,0.6474120701153502,0.03229647446512277,-111.7,169.86,-51.8,1.6943513140183166,-4.212832256549631,-4.156708258261685
2D8x8,B_PA2_to_C2,12,-99.70228929415876,145.98405451638737,-78.30593509369717,-110.57,170.6,-51.8,0.5836862602390244,-99.4327,132.1897,-62.0165,0.6718402839807321,0.6367826780800186,0.03505760590071353,-110.57,170.6,-51.8,1.2217314113780011,-3.841346125580026,-4.257842029932396
2D8x8,B_PA2_to_C2,13,-98.7204801590521,146.16345228221533,-78.73056335422048,-109.43,171.33,-51.8,0.5633080511636795,-98.9411,131.5362,-63.4867,0.6567308438872758,0.6266107916724959,0.030120052214779817,-109.43,171.33,-51.8,1.3328291051011711,-4.1500163615688646,-4.455414572198063
2D8x8,B_PA2_to_C2,14,-97.73689414441262,146.34150742262747,-79.15163026818743,-108.29,172.06,-51.8,0.5333948080017024,-96.4732,134.5082,-58.8789,0.6368420607529056,0.6167234845970183,0.020118576155887264,-108.29,172.06,-51.8,1.5396591000709785,-4.623959851399973,-4.722528067059365
2D8x8,B_PA2_to_C2,15,-96.75153606554488,146.5182102967413,-79.56910911524014,-107.15,172.77,-51.8,0.5739455185438012,-96.281,131.0703,-65.4364,0.615347307852593,0.607315439111202,0.008031868741390955,-107.15,172.77,-51.8,0.6049927140515182,-3.9875221476349125,-5.0207567493137635
2D8x8,B_PA2_to_C2,16,-95.76441098545337,146.6935506411538,-79.98297329248382,-106.0,173.48,-51.8,0.5700074288463595,-94.3429,134.7499,-60.4849,0.6022021387204562,0.5982022505334457,0.0039998881870105295,-106.0,173.48,-51.8,0.47723555505444815,-4.047325215060202,-5.208316975736125
2D8x8,B_PA2_to_C2,17,-94.7755246978455,146.8675188399196,-80.39319692783319,-104.84,174.18,-51.8,0.5156542110257857,-94.3429,134.7499,-60.4849,0.6035651451100426,0.5894660454111729,0.01409909969886974,-104.84,174.18,-51.8,1.3673116665394711,-4.917764157288189,-5.1886798064790876
2D8x8,B_PA2_to_C2,18,-93.78488196301028,147.04010262552612,-80.79975203414823,-103.68,174.88,-51.8,0.58145899887812,-91.9777,134.8377,-62.0322,0.6021092902556431,0.5809584336551261,0.021150856600516986,-103.68,174.88,-51.8,0.303124640022687,-3.8745536072883806,-5.209656282996065
2D8x8,B_PA2_to_C2,19,-92.792435537956,147.21124955115144,-81.20249796185014,-102.52,175.56,-51.8,0.5777371713687154,-91.9777,134.8377,-62.0322,0.5975966203461682,0.5728575343117777,0.024739086034390515,-102.52,175.56,-51.8,0.2935564386949751,-3.930329316201367,-5.275000193236762
2D8x8,B_PA2_to_C2,20,-91.79822993559468,147.38097891626882,-81.6014867311795,-101.35,176.24,-51.8,0.5975186641398159,-89.9894,135.4387,-61.9811,0.5900888370481703,0.5649931551230717,0.02509568192509861,-101.35,176.24,-51.8,-0.1086815299623064,-3.6379060217557013,-5.384814867448378
2D8x8,B_PA2_to_C2,21,-90.80229103355435,147.54929578769315,-81.9967325985091,-100.17,176.91,-51.8,0.6333436256518532,-89.5271,134.7422,-63.4699,0.580058593852387,0.5574418464702489,0.022616747382138182,-100.17,176.91,-51.8,-0.7633507689222474,-3.132147453363166,-5.533725538015783
2D8x8,B_PA2_to_C2,22,-89.80462601702506,147.71619055711744,-82.38820952039464,-98.99,177.57,-51.8,0.6539577456690436,-88.7218,133.5281,-65.4125,0.5681820337312942,0.550160884996662,0.01802114873463216,-98.99,177.57,-51.8,-1.2212438222580249,-2.853941770411081,-5.713412908399476
2D8x8,B_PA2_to_C2,23,-88.80524149658001,147.88165129826228,-82.77589017906962,-97.81,178.22,-51.8,0.6447597640372974,-87.7771,132.103,-67.081,0.5552524637172561,0.5431394731424146,0.012112990574841513,-97.81,178.22,-51.8,-1.298148668793206,-2.976976977973748,-5.9133529624973225
2D8x8,B_PA2_to_C2,24,-87.80414478986354,148.0456683441914,-83.15974727592672,-96.62,178.87,-51.8,0.5701964452271666,-85.974,136.478,-61.8706,0.5418315002701831,0.5363085415818221,0.005522958688361084,-96.62,178.87,-51.8,-0.4432051120611711,-4.044445422286563,-6.125877850078104
2D8x8,B_PA2_to_C2,25,-86.8013441490417,148.20823110062227,-83.53975553399744,-95.43,179.51,-51.8,0.5857834692467478,-84.9152,131.225,-68.2772,0.5311688828224228,0.5297178647447954,0.00145101807762741,-95.43,179.51,-51.8,-0.8500897340407894,-3.8101932961274834,-6.2985103458986424
2D8x8,B_PA2_to_C2,26,-85.79684713155581,148.36932931117394,-83.91588687010773,-94.24,180.14,-51.8,0.6542233924254929,-83.8452,133.0888,-67.0208,0.5305305440197767,0.523358080289595,0.007172463730181764,-94.24,180.14,-51.8,-1.8203135258427197,-2.850414157340151,-6.30895499891324
2D8x8,B_PA2_to_C2,27,-84.79066219213736,148.52895259434032,-84.28811479164705,-93.04,180.76,-51.8,0.6535797959122195,-82.7566,134.9554,-65.2928,0.5295146458901587,0.5172398749107175,0.01227477097944121,-93.04,180.76,-51.8,-1.8284128321106525,-2.858963163470233,-6.325603311311254
2D8x8,B_PA2_to_C2,28,-83.78279833852454,148.68709051038687,-84.65641348019483,-91.83,181.38,-51.8,0.6291970670905636,-81.4455,132.8098,-67.62,0.5275580162993388,0.5112758587837707,0.016282157515568173,-91.83,181.38,-51.8,-1.5303292596659333,-3.189201740401668,-6.357758315797972
2D8x8,B_PA2_to_C2,29,-82.7732644843618,148.84373269838642,-85.0207559726652,-90.63,181.98,-51.8,0.649678815339404,-81.0043,132.0875,-68.2058,0.5244642124944519,0.5055724963223477,0.018891716172104205,-90.63,181.98,-51.8,-1.8596569336157445,-2.910961420205098,-6.408845669551213
2D8x8,B_PA2_to_C2,30,-81.76207001190437,148.99886944655137,-85.38111544941161,-89.40999999999998,182.58,-51.8,0.6538667375464609,-79.8822,133.8497,-66.9287,0.5202918476779436,0.5000251535302099,0.02026669414773367,-89.40999999999998,182.58,-51.8,-1.9848444819645814,-2.855150627593896,-6.4782224252888465
2D8x8,B_PA2_to_C2,31,-80.74922459345133,149.15248953395547,-85.73746566339398,-88.2,183.17,-51.8,0.6230250541689085,-77.8906,134.132,-66.8729,0.5150024754241903,0.4946496903846904,0.020352785039499936,-88.2,183.17,-51.8,-1.6539239015879093,-3.2748252991926745,-6.566976516510953
2D8x8,B_PA2_to_C2,32,-79.73473816719762,149.3045824755824,-86.08977990629651,-86.98,183.75,-51.8,0.6250742807024133,-77.8906,134.132,-66.8729,0.5087943025833103,0.4894712567856676,0.019323045797642612,-86.98,183.75,-51.8,-1.787787806098755,-3.246302935610841,-6.672318057439966
2D8x8,B_PA2_to_C2,33,-78.71862135234821,149.4551382571482,-86.4380323272578,-85.76,184.33,-51.8,0.638082619356832,-76.6457,131.987,-68.5827,0.5017365035655259,0.4843984412835429,0.017338062281983032,-85.76,184.33,-51.8,-2.0880243212326857,-3.0673972295882597,-6.793648866551316
2D8x8,B_PA2_to_C2,34,-77.70088469592274,149.6041466734858,-86.78219602640094,-84.53,184.89,-51.8,0.6358309073910414,-75.5113,133.6683,-67.4176,0.4941565443137339,0.47957625577987417,0.014580288533859705,-84.53,184.89,-51.8,-2.1895416726520676,-3.0981028333660747,-6.925871821748512
2D8x8,B_PA2_to_C2,35,-76.68153940290324,149.75159744535128,-87.12224516612058,-83.29999999999998,185.45,-51.8,0.6322936044351111,-73.7651,134.4942,-66.7419,0.4861183845286442,0.47484849415133046,0.011269890377313716,-83.29999999999998,185.45,-51.8,-2.2835348604267427,-3.1465597514244976,-7.06832192758161
2D8x8,B_PA2_to_C2,36,-75.66059697847993,149.8974803307656,-87.45815384885604,-82.06,186.0,-51.8,0.5949478939409976,-72.3581,135.9363,-65.234,0.477868002731908,0.4702894543337373,0.0075785483981706935,-82.06,186.0,-51.8,-1.9034195932660722,-3.6753569014868197,-7.217003810483263
2D8x8,B_PA2_to_C2,37,-74.63806924818577,150.0417851248658,-87.7898962109968,-80.81999999999998,186.54,-51.8,0.5359100285483714,-72.3581,135.9363,-65.234,0.4697231456721597,0.46588089218038015,0.0038422534917795827,-80.81999999999998,186.54,-51.8,-1.144998469874847,-4.583097849042773,-7.36632363464799
2D8x8,B_PA2_to_C2,38,-73.61396815521526,150.18450169084596,-88.11744574553933,-79.58,187.08,-51.8,0.6229091853798138,-70.571,133.0895,-67.8192,0.4631419028601501,0.4615550885619085,0.00158681429824158,-79.58,187.08,-51.8,-2.574213186906571,-3.2764408315145714,-7.488881334151513
2D8x8,B_PA2_to_C2,39,-72.58830630330328,150.32561996117698,-88.44077702518774,-78.34,187.6,-51.8,0.608206962630853,-69.4953,134.6221,-66.5901,0.4616844068637412,0.4574335965803778,0.004250810283363383,-78.34,187.6,-51.8,-2.394123616203368,-3.483907780478854,-7.516258712412592
2D8x8,B_PA2_to_C2,40,-71.56109641508871,150.46512977948345,-88.7598640362138,-77.09,188.12,-51.8,0.5938777784143496,-68.7893,134.022,-67.0631,0.4609767779654312,0.4533962928483654,0.007580485117065755,-77.09,188.12,-51.8,-2.2003605440315024,-3.690994026577604,-7.529581886339477
2D8x8,B_PA2_to_C2,41,-70.53235169037065,150.6030210563669,-89.07468130687656,-75.84,188.63,-51.8,0.5912990399242359,-67.2742,134.7922,-66.3593,0.46006351694871256,0.4494913152075246,0.010572201741187962,-75.84,188.63,-51.8,-2.17978757567172,-3.72879205456931,-7.546806945971401
2D8x8,B_PA2_to_C2,42,-69.50208597534196,150.73928382249213,-89.3852044178836,-74.58,189.13,-51.8,0.507659849590844,-66.3114,136.8479,-64.0197,0.45888028831349387,0.44572216186425634,0.01315812644923751,-74.58,189.13,-51.8,-0.877468284870295,-5.053479196294602,-7.569174796895267
2D8x8,B_PA2_to_C2,43,-68.47031288272552,150.8739081752133,-89.69140715404404,-73.31999999999998,189.62,-51.8,0.5527091572328576,-64.5972,136.0924,-64.9711,0.4572835217925532,0.4420759948795622,0.015207526912991022,-73.31999999999998,189.62,-51.8,-1.6462221625220177,-4.315002331703302,-7.59945180995569
2D8x8,B_PA2_to_C2,44,-67.43704656234294,151.00688424031952,-89.9932640606525,-72.06,190.1,-51.8,0.5194071755721249,-63.0797,136.8024,-64.0625,0.4552447102794758,0.4385490145164295,0.016695695763046265,-72.06,190.1,-51.8,-1.1452607374815043,-4.854776629901714,-7.638264683113588
2D8x8,B_PA2_to_C2,45,-66.40230189331929,151.13820215259082,-90.29075113844432,-70.79,190.58,-51.8,0.484205475046283,-63.0797,136.8024,-64.0625,0.4527370367537082,0.4350876837927727,0.01764935296093553,-70.79,190.58,-51.8,-0.5836734367531408,-5.464341615081097,-7.686242367564607
2D8x8,B_PA2_to_C2,46,-65.36609387181097,151.2678522055928,-90.58384371028332,-69.52,191.04,-51.8,0.4510008517110095,-60.6433,138.118,-61.6786,0.4498244473732663,0.43179441590489154,0.018030031468374775,-69.52,191.04,-51.8,-0.02268613918039113,-6.081388290727715,-7.742301745638477
2D8x8,B_PA2_to_C2,47,-64.32843764514975,151.39582463511093,-90.87251660833756,-68.25,191.5,-51.8,0.4489022766382845,-59.7192,138.323,-61.8557,0.4464304615586993,0.42855446641277933,0.017875995145919987,-68.25,191.5,-51.8,-0.04795975086897112,-6.121899372303999,-7.80808643890334
2D8x8,B_PA2_to_C2,48,-63.28934886231595,151.5221097582287,-91.1567453525607,-66.98,191.95,-51.8,0.4389250724610174,-58.6218,138.7926,-61.8557,0.4426518256991668,0.4254207396385421,0.017231086060624696,-66.98,191.95,-51.8,0.07343740569888578,-6.3171277414452955,-7.88191765147678
2D8x8,B_PA2_to_C2,49,-62.24884367455399,151.6466974859408,-91.4365064098234,-65.7,192.39,-51.8,0.42662509512995256,-57.408,139.3281,-61.7946,0.43852322902968477,0.42239463140690614,0.016128597622778656,-65.7,192.39,-51.8,0.23892410426304128,-6.564007568990093,-7.963310780457422
2D8x8,B_PA2_to_C2,50,-61.20693837904393,151.7695790116044,-91.71177513775478,-64.42,192.82,-51.8,0.41611010957442596,-56.3027,139.7794,-61.7946,0.4341021448194362,0.4194679447819146,0.014634200037521564,-64.42,192.82,-51.8,0.36767328642054375,-6.780770185671808,-8.051324214981634
2D8x8,B_PA2_to_C2,51,-60.16364981403854,151.89074522038314,-91.98252799904806,-63.14,193.25,-51.8,0.4073154765433137,-55.3078,140.1491,-61.8557,0.4293947356277392,0.41658626181756137,0.01280847381017786,-63.14,193.25,-51.8,0.45851607280945916,-6.966317290539505,-8.146028533460415
2D8x8,B_PA2_to_C2,52,-59.118995098258246,152.01018632705112,-92.2487417271654,-61.85,193.66,-51.8,0.3963751531418321,-54.196,140.5837,-61.8557,0.4245486155251121,0.4138542189873862,0.010694396537725881,-61.85,193.66,-51.8,0.5964201227027297,-7.202807074978824,-8.244614268006464
2D8x8,B_PA2_to_C2,53,-58.07299161693708,152.12789314608406,-92.5103927357169,-60.56,194.07,-51.8,0.3853657832763216,-52.9568,141.0562,-61.8557,0.4195523311452348,0.41116255675488667,0.008389774390348145,-60.56,194.07,-51.8,0.738259751484428,-7.447472513200699,-8.34744007744664
2D8x8,B_PA2_to_C2,54,-57.02565725142257,152.24385640055144,-92.76745833238854,-59.27,194.47,-51.8,0.3736635337063925,-52.0868,141.3805,-61.8557,0.4145680656980214,0.4085604709241671,0.006007594773854327,-59.27,194.47,-51.8,0.902302572778332,-7.715321200053548,-8.451245943005587
2D8x8,B_PA2_to_C2,55,-55.97700994133772,152.35806700921157,-93.0199148280702,-57.98,194.86,-51.8,0.3634917846932046,-50.7158,141.8791,-61.8557,0.41118536264489897,0.40604561513731724,0.005139747507581732,-57.98,194.86,-51.8,1.0708609297656688,-7.955043535890498,-8.522409921855198
2D8x8,B_PA2_to_C2,56,-54.92706831895261,152.47051600784263,-93.26774021710568,-56.68,195.24,-51.8,0.35276524833993483,-49.7156,142.2334,-61.8557,0.4088291435456276,0.40361771964862253,0.0052114238970050976,-56.68,195.24,-51.8,1.2811210358978347,-8.215219625775642,-8.572325905608176
2D8x8,B_PA2_to_C2,57,-53.87585117730203,152.58119383266,-93.5109122821452,-55.38,195.61,-51.8,0.341991949026788,-48.5875,142.6236,-61.8557,0.4065279256605455,0.4012720275140204,0.0052558981465251195,-55.38,195.61,-51.8,1.501490034292305,-8.484617886099015,-8.621355167537079
2D8x8,B_PA2_to_C2,58,-52.82337771589517,152.6900926983506,-93.74940860700194,-54.08,195.98,-51.8,0.33922814773562915,-54.3674,194.9662,-52.7159,0.4042559560566355,0.39895903206581174,0.005296923990823755,-54.08,195.98,-51.8,1.523290924564382,-8.555097911065863,-8.670034302231851
2D8x8,B_PA2_to_C2,59,-51.76966745502341,152.79720389478553,-93.9832074245146,-52.77,196.33,-51.8,0.33749904456640006,-53.018,195.338,-52.7159,0.4043532197741099,0.3967733467897991,0.007579872984310802,-52.77,196.33,-51.8,1.569767158705254,-8.599484577229779,-8.667944734254894
2D8x8,B_PA2_to_C2,60,-50.71474037182839,152.90251849194152,-94.21228796453826,-51.47,196.68,-51.8,0.3365325713052837,-51.7362,195.9661,-53.3791,0.40431680975352635,0.3946161925904141,0.009700617163112293,-51.47,196.68,-51.8,1.5938938803814415,-8.624393455803524,-8.668726891152453
2D8x8,B_PA2_to_C2,61,-49.65861645459795,153.00602810349906,-94.43662804934596,-50.16,197.01,-51.8,0.3269831745350436,-50.3116,196.0537,-51.2924,0.4042666949302389,0.39258108816977816,0.011685606760460763,-50.16,197.01,-51.8,1.8428511608674545,-8.87442741376896,-8.669803568631876
2D8x8,B_PA2_to_C2,62,-48.60131628715884,153.10772344792713,-94.6562074999455,-48.85,197.34,-51.8,0.3324661241493376,-48.9547,196.3974,-52.7159,0.4040129298997707,0.3905727878929047,0.013440142006866003,-48.85,197.34,-51.8,1.69295727742288,-8.729987521872252,-8.675257560179743
2D8x8,B_PA2_to_C2,63,-47.54286080845083,153.20759763587284,-94.8710055284514,-47.54,197.66,-51.8,0.33080296644591656,-47.5955,196.7317,-52.7159,0.4035654007251482,0.3886361087792252,0.014929291945922943,-47.54,197.66,-51.8,1.7268905992862502,-8.773547623630746,-8.684884340074866
2D8x8,B_PA2_to_C2,64,-46.48327113250459,153.30564221957908,-95.0810017177901,-46.22,197.98,-51.8,0.32914614657767527,-46.234,197.0566,-52.7159,0.4028992475503449,0.38672456857834897,0.016174678971995926,-46.22,197.98,-51.8,1.7561536255355983,-8.817160030939084,-8.699233721133856
2D8x8,B_PA2_to_C2,65,-45.4225689014876,153.40184895521443,-95.28617699272677,-44.9,198.28,-51.8,0.3264686572932057,-45.0283,198.0661,-53.9487,0.40203452813835977,0.38492609379768017,0.017108434340679584,-44.9,198.28,-51.8,1.8084372072602957,-8.8881056703301,-8.717895778800175
2D8x8,B_PA2_to_C2,66,-44.36077557018651,153.49620909959995,-95.48651027214626,-43.58,198.57,-51.8,0.3231295377795197,-43.9529,198.5417,-54.1528,0.40092270155900456,0.38319419111352926,0.01772851044547527,-43.58,198.57,-51.8,1.8736797750248018,-8.977402344041199,-8.741949884746766
2D8x8,B_PA2_to_C2,67,-43.29791368497544,153.58871652443105,-95.68198375449376,-42.26,198.86,-51.8,0.32502491112328535,-42.1937,198.2434,-53.3791,0.3995185717757375,0.3814840789455143,0.018034492830223216,-42.26,198.86,-51.8,1.792406485215747,-8.926602567408565,-8.77242339792319
2D8x8,B_PA2_to_C2,68,-42.234005550773134,153.6793630286134,-95.8725781010478,-40.94,199.14,-51.8,0.32266374754571847,-40.7664,198.2617,-52.7159,0.3978710029471449,0.3798386133289757,0.018032389618169147,-40.94,199.14,-51.8,1.8198423023119514,-8.989932060155631,-8.80831707357405
2D8x8,B_PA2_to_C2,69,-41.16907381901202,153.76814085817185,-96.05827437794429,-39.62,199.4,-51.8,0.3218234574086816,-39.448,198.8088,-53.3791,0.3960338485255937,0.37829916474432107,0.017734683781272638,-39.62,199.4,-51.8,1.8022921978846353,-9.012581606877069,-8.848516724722803
2D8x8,B_PA2_to_C2,70,-40.1031289537576,153.85501755222404,-96.23899125430628,-38.29,199.66,-51.8,0.3202700132128484,-38.0724,199.0772,-53.3791,0.39391955094272463,0.3767772912547441,0.017142259687980537,-38.29,199.66,-51.8,1.797825169304602,-9.054609977471925,-8.895012123897693
2D8x8,B_PA2_to_C2,71,-39.03618987823958,153.939976772089,-96.4146819293428,-36.96,199.91,-51.8,0.3173174389497835,-36.7741,199.7659,-53.9487,0.39159177109869825,0.3753161598545666,0.016275611244131613,-36.96,199.91,-51.8,1.8267923301703182,-9.135056722260105,-8.946491707820158
2D8x8,B_PA2_to_C2,72,-37.96829818015255,154.02304379636783,-96.58541758393568,-35.63,200.15,-51.8,0.317188406597026,-35.3156,199.5855,-53.3791,0.389075333358582,0.3739144227004933,0.0151609106580887,-35.63,200.15,-51.8,1.7743278596473293,-9.138589426644492,-9.002488882727532
2D8x8,B_PA2_to_C2,73,-36.899477667861696,154.104211003158,-96.75118039535155,-34.3,200.39,-51.8,0.3119401241152801,-35.3156,199.5855,-53.3791,0.38635061979704066,0.3725296806077319,0.013820939189308743,-34.3,200.39,-51.8,1.8582074535349586,-9.283510719224001,-9.063530581419412
2D8x8,B_PA2_to_C2,74,-35.829752775415024,154.18347341545706,-96.91195389931922,-32.97,200.61,-51.8,0.3128959272241924,-32.6223,200.4868,-53.9487,0.3835438809528364,0.3712438877706941,0.012299993182142283,-32.97,200.61,-51.8,1.7683029636103988,-9.256937326804222,-9.126861678924191
2D8x8,B_PA2_to_C2,75,-34.759148008312394,154.26082338826797,-97.06772212617592,-31.63,200.82,-51.8,0.3126761451813376,-31.1678,200.2761,-53.3791,0.38061089614002697,0.3700116864312381,0.01059920970878887,-31.63,200.82,-51.8,1.7077293598590073,-9.26304054889938,-9.193538504770743
2D8x8,B_PA2_to_C2,76,-33.68768816862759,154.33625396422505,-97.21846945332712,-30.3,201.03,-51.8,0.31060648226421933,-31.1678,200.2761,-53.3791,0.37765531599590474,0.36879696029498304,0.008858355700921666,-30.3,201.03,-51.8,1.6977017452027099,-9.320725229869453,-9.261250800397113
2D8x8,B_PA2_to_C2,77,-32.61539853755643,154.40976009116122,-97.3641813520534,-28.96,201.23,-51.8,0.30803816615769775,-29.8465,200.9195,-53.9487,0.37474536657068885,0.36763415761060875,0.007111208960080123,-28.96,201.23,-51.8,1.702634852066671,-9.392844946660547,-9.328437410324247
2D8x8,B_PA2_to_C2,78,-31.54230429006244,154.48133467447258,-97.50484226081323,-27.62,201.41,-51.8,0.3074733577375499,-26.97,200.6082,-52.7159,0.3721913070046278,0.3665650661271251,0.005626240877502761,-27.62,201.41,-51.8,1.6591746973193975,-9.408785720441603,-9.387838338852577
2D8x8,B_PA2_to_C2,79,-30.46843110893605,154.55097297226447,-97.64043783150107,-26.28,201.59,-51.8,0.3086414371445875,-26.97,200.6082,-52.7159,0.3703392838416462,0.36550877329690945,0.004830510544736775,-26.28,201.59,-51.8,1.5829109973075226,-9.375850880836312,-9.431167199259162
2D8x8,B_PA2_to_C2,80,-29.39380476776233,154.6186681013438,-97.77095418124917,-24.94,201.76,-51.8,0.30542340870654766,-24.2259,201.2353,-53.3791,0.36968285628526976,0.3645046716059702,0.005178184679299512,-24.94,201.76,-51.8,1.6585398238214313,-9.466889134977661,-9.4465766268866
2D8x8,B_PA2_to_C2,81,-28.31845135645202,154.68441462884485,-97.89637786883976,-23.6,201.93,-51.8,0.3082128250756077,-24.2259,201.2353,-53.3791,0.37004823630864453,0.36351281541994646,0.006535420888698052,-23.6,201.93,-51.8,1.5881526484675272,-9.387921406909788,-9.43799607417263
2D8x8,B_PA2_to_C2,82,-27.2423972641524,154.74820751656992,-98.01669642786544,-22.26,202.08,-51.8,0.3071958673713566,-22.8028,201.1253,-52.7159,0.37104621963798334,0.362611112455282,0.008435107182701376,-22.26,202.08,-51.8,1.6402528448658766,-9.416628152636559,-9.414602623501052
2D8x8,B_PA2_to_C2,83,-26.165669006864395,154.81004129594638,-98.13189739193844,-20.91,202.22,-51.8,0.3042298718947669,-21.4015,201.1852,-52.0041,0.3723947476342032,0.3617551687502279,0.010639578883975334,-20.91,202.22,-51.8,1.756033847432357,-9.500898440267955,-9.383091908565968
2D8x8,B_PA2_to_C2,84,-25.088293256508223,154.86991089153568,-98.24196809318909,-19.57,202.36,-51.8,0.30676963972075716,-20.0463,201.6952,-53.3791,0.3737725317221839,0.3609141813521538,0.012858350370030063,-19.57,202.36,-51.8,1.7159001187155842,-9.428688005790448,-9.351015202805236
2D8x8,B_PA2_to_C2,85,-24.01029697344074,154.9278115916748,-98.34689701737234,-18.22,202.48,-51.8,0.30567620397120515,-18.6258,201.5557,-52.7159,0.3753130441751952,0.36015609473748506,0.015156949437710112,-18.22,202.48,-51.8,1.7826405466714654,-9.459702902653056,-9.315289671711959
2D8x8,B_PA2_to_C2,86,-22.93170731895633,154.98373900900486,-98.44667307402544,-16.87,202.6,-51.8,0.30577070066891454,-17.255,201.9536,-53.3791,0.3768136946380043,0.3594076850324526,0.017406009605551706,-16.87,202.6,-51.8,1.8146161931098561,-9.457018162938875,-9.280629285559389
2D8x8,B_PA2_to_C2,87,-21.85255162814546,155.0376874840803,-98.54128635480696,-15.53,202.71,-51.8,0.30374285258316747,-15.8923,202.5039,-53.9487,0.37821207502178467,0.35871198454461656,0.0195000904771681,-15.53,202.71,-51.8,1.9045864598316107,-9.51481418591465,-9.24845504181341
2D8x8,B_PA2_to_C2,88,-20.772857377273507,155.08965376136825,-98.6307256717608,-14.18,202.8,-51.8,0.3042001045196038,-14.4407,201.8992,-52.7159,0.37966319304297935,0.35809641398302755,0.02156677905995183,-14.18,202.8,-51.8,1.9247827396899493,-9.501748352815694,-9.215192928856116
2D8x8,B_PA2_to_C2,89,-19.692652288997586,155.13963285791397,-98.71498233580527,-12.83,202.89,-51.8,0.30370837069261997,-13.0442,201.9944,-52.7159,0.3809880723770042,0.35748948242401724,0.023498589952987006,-12.83,202.89,-51.8,1.9690923491570567,-9.515800292731635,-9.18493525930495
2D8x8,B_PA2_to_C2,90,-18.61196423594128,155.18762180084667,-98.79404690542012,-11.48,202.98,-51.8,0.3038766369252013,-11.6629,202.3541,-53.3791,0.38216751267169097,0.35689120436060756,0.025276308311083417,-11.48,202.98,-51.8,1.991129088542711,-9.510989305149469,-9.15808753233713
2D8x8,B_PA2_to_C2,91,-17.53082121803602,155.2336156026439,-98.86791142702478,-10.13,203.05,-51.8,0.303402401130019,-10.2633,202.4301,-53.3791,0.3832779089923208,0.3563763234946854,0.026901585497635383,-10.13,203.05,-51.8,2.029895500951243,-9.524555262011411,-9.132887076790539
2D8x8,B_PA2_to_C2,92,-16.44925130893432,155.27761120152687,-98.93656618480166,-8.779999999999998,203.11,-51.8,0.3022560565346046,-8.8512,202.2218,-52.7159,0.38426364126952833,0.3559067560986561,0.028356885170872266,-8.779999999999998,203.11,-51.8,2.085085637782545,-9.557435293345947,-9.11057697129377
2D8x8,B_PA2_to_C2,93,-15.367282953400316,155.31960635618893,-99.00000520316732,-7.429999999999999,203.16,-51.8,0.3017773102045244,-7.4526,202.2783,-52.7159,0.38510615063428594,0.35548211423345666,0.02962403640082928,-7.429999999999999,203.16,-51.8,2.117877432759971,-9.57120386603554,-9.09155374900594
2D8x8,B_PA2_to_C2,94,-14.28493673047202,155.3595507877873,-99.05810188618948,-6.08,203.21,-51.8,0.3020016626000658,-6.0619,202.5996,-53.3791,0.3857516528868443,0.3550653080133079,0.030686344873536463,-6.08,203.21,-51.8,2.1259692350680797,-9.564748854101808,-9.0770069347641
2D8x8,B_PA2_to_C2,95,-13.20224339567479,155.3974442967575,-99.1108541938934,-4.73,203.24,-51.8,0.3008257835008772,-4.6544,202.3621,-52.7159,0.38630926354826184,0.35473009826253993,0.03157916528572191,-4.73,203.24,-51.8,2.1724013198027823,-9.598634401626512,-9.0644603975541
2D8x8,B_PA2_to_C2,96,-12.119239570985169,155.4333259341982,-99.15836949775446,-3.38,203.27,-51.8,0.29986567880152887,-3.2664,203.1012,-53.9487,0.3866842828851168,0.35440201626890694,0.032282266616209865,-3.38,203.27,-51.8,2.208595176700726,-9.626400305037244,-9.056032444066886
2D8x8,B_PA2_to_C2,97,-11.03595403858412,155.46719473161767,-99.20064078858212,-2.03,203.29,-51.8,0.29987692217915746,-1.8554,202.4072,-52.7159,0.386913993666358,0.35411776537937883,0.03279622828697916,-2.03,203.29,-51.8,2.21342785067344,-9.626074636201672,-9.0508741012586
2D8x8,B_PA2_to_C2,98,-9.952415705712683,155.49904677165716,-99.23766471970472,-0.68,203.3,-51.8,0.2994038826318551,-0.4556,202.4152,-52.7159,0.3870002423406854,0.3538770525113225,0.03312318982936294,-0.68,203.3,-51.8,2.2290761811151802,-9.639786973131768,-9.048938107746956
2D8x8,B_PA2_to_C2,99,-8.868653542257167,155.52888109151874,-99.2694358153294,0.68,203.3,-51.8,0.2997501559468335,0.9454,202.6882,-53.3791,0.38696653268157494,0.35367234519591995,0.03329418748565501,0.68,203.3,-51.8,2.218279767766541,-9.629747177220478,-9.049694725184306
2D8x8,B_PA2_to_C2,100,-7.784696647000554,155.55669596799535,-99.295951680497,2.03,203.29,-51.8,0.29852231523763184,2.3438,202.4021,-52.7159,0.38677293775139654,0.35351777934062145,0.0332551584107751,2.03,203.29,-51.8,2.249585559446184,-9.665399507489314,-9.054041263773499
2D8x8,B_PA2_to_C2,101,-6.700574090627914,155.58248888798403,-99.31720834713164,3.38,203.27,-51.8,0.29885327596134115,3.7484,202.6557,-53.3791,0.38645061363708155,0.3534060517203983,0.03304456191668325,3.38,203.27,-51.8,2.2327196081833907,-9.655775114872181,-9.06128282241916
2D8x8,B_PA2_to_C2,102,-5.616315065931505,155.6062589687898,-99.33320358502304,4.73,203.24,-51.8,0.2976098118259619,5.1427,202.3503,-52.7159,0.3860070400737442,0.35333697492866917,0.03267006514507503,4.73,203.24,-51.8,2.2589596046816225,-9.691990626332277,-9.071258337381025
2D8x8,B_PA2_to_C2,103,-4.531948766026188,155.62800404835014,-99.34393501923688,6.08,203.21,-51.8,0.29730897688209984,5.1427,202.3503,-52.7159,0.3854061607620789,0.35327414467169,0.032132016090388876,6.08,203.21,-51.8,2.254212604542845,-9.700775083619483,-9.08478979480701
2D8x8,B_PA2_to_C2,104,-3.4475044580098806,155.64772418831205,-99.34940086171216,7.429999999999999,203.16,-51.8,0.29753049339510856,7.9515,202.5342,-53.3791,0.3847472255691028,0.3532899424113152,0.031457283157787536,7.429999999999999,203.16,-51.8,2.232880286930979,-9.694305882532174,-9.099652911331566
2D8x8,B_PA2_to_C2,105,-2.3630114133557245,155.66541793816927,-99.3496006662767,8.779999999999998,203.11,-51.8,0.29855799209640194,7.9515,202.5342,-53.3791,0.38395189010875985,0.35331180641819593,0.030640083690563952,8.779999999999998,203.11,-51.8,2.184962171309794,-9.664361505550637,-9.117626649971214
2D8x8,B_PA2_to_C2,106,-1.2784989144168657,155.68108421535902,-99.34453342396944,10.13,203.05,-51.8,0.2981384644001823,9.9228,203.1132,-54.1528,0.3830758706456027,0.3533758508888477,0.029700019756755004,10.13,203.05,-51.8,2.1773357412604275,-9.676575326598975,-9.137466901068919
2D8x8,B_PA2_to_C2,107,-0.193996270036946,155.69472371767526,-99.33419986729729,11.48,202.98,-51.8,0.29942167207374565,10.7518,202.4047,-53.3791,0.3821305972713657,0.35348197572021833,0.02864862155114741,11.48,202.98,-51.8,2.118571636843067,-9.63927090588041,-9.158926584767714
2D8x8,B_PA2_to_C2,108,0.8904672233824948,155.70633517500383,-99.31859957134051,12.83,202.89,-51.8,0.29982231526499115,12.1512,202.3254,-53.3791,0.3811689192175391,0.3536661490750386,0.02750277014250049,12.83,202.89,-51.8,2.085070544336489,-9.627656461228684,-9.180813232622565
2D8x8,B_PA2_to_C2,109,1.9748622970068277,155.7159185771087,-99.29773448040478,14.18,202.8,-51.8,0.30024395623744005,13.55,202.2364,-53.3791,0.3801204376815086,0.35385618889701453,0.026264248784494067,14.18,202.8,-51.8,2.0489389324500866,-9.61545005093624,-9.204738434216523
2D8x8,B_PA2_to_C2,110,3.059159680973665,155.7234744275543,-99.27160608203349,15.53,202.71,-51.8,0.30015997115297033,14.9279,201.8637,-52.7159,0.3789998963872071,0.354052108387477,0.02494778799973009,15.53,202.71,-51.8,2.0257263255544604,-9.617880032308534,-9.230381022484442
2D8x8,B_PA2_to_C2,111,4.143330136585643,155.72900397382435,-99.24021636121546,16.87,202.6,-51.8,0.3005955938280177,16.3234,201.7555,-52.7159,0.377928589771918,0.3543357028833402,0.023592886888577778,16.87,202.6,-51.8,1.9885427316857438,-9.60528332455237,-9.254967908597
2D8x8,B_PA2_to_C2,112,5.227344481535621,155.73250618129498,-99.20356807735816,18.22,202.48,-51.8,0.3015521721338879,17.7422,201.9113,-53.3791,0.37682262404191225,0.35465162145231804,0.02217100258959419,18.22,202.48,-51.8,1.9354901675611487,-9.57768630915456,-9.28042345732378
2D8x8,B_PA2_to_C2,113,6.311173611409227,155.73398248082182,-99.16166550764348,19.57,202.36,-51.8,0.30139985037137046,19.1121,201.5101,-52.7159,0.3756748828641431,0.3549733973743202,0.020701485489822886,19.57,202.36,-51.8,1.9133825458527765,-9.582074884024417,-9.306919653902009
2D8x8,B_PA2_to_C2,114,7.394782462526731,155.73338500105064,-99.11438346663768,20.91,202.22,-51.8,0.30182227730525435,20.5051,201.3729,-52.7159,0.37461107879206484,0.3553838526129816,0.019227226179083224,20.91,202.22,-51.8,1.8765865098076586,-9.569909699229965,-9.331550505152679
2D8x8,B_PA2_to_C2,115,8.478141025309707,155.7307228648241,-99.0617464588014,22.26,202.08,-51.8,0.3022327711609225,21.8971,201.2261,-52.7159,0.37351669308003704,0.35579022461278575,0.017726468467251285,22.26,202.08,-51.8,1.8393692545993634,-9.55810446761954,-9.356962528750547
2D8x8,B_PA2_to_C2,116,9.561224891104924,155.72603815765683,-99.00386883744936,23.6,201.93,-51.8,0.30265574114910765,23.288,201.0696,-52.7159,0.3725083340106024,0.35624951443504593,0.016258819575556454,23.6,201.93,-51.8,1.8037415392580503,-9.545957200274866,-9.380442976747187
2D8x8,B_PA2_to_C2,117,10.64400526204448,155.71933353831668,-98.94075634454964,24.94,201.76,-51.8,0.3030754315532801,24.6779,200.9035,-52.7159,0.3715878847752085,0.35678745788779453,0.01480042688741395,24.94,201.76,-51.8,1.7702162722710855,-9.533920886872433,-9.401931930331717
2D8x8,B_PA2_to_C2,118,11.726453465486236,155.71061091327692,-98.87241568891406,26.28,201.59,-51.8,0.3034965537293776,26.0666,200.7278,-52.7159,0.3706958321307855,0.35733195286979114,0.013363879260994372,26.28,201.59,-51.8,1.7372787839131523,-9.52186025294218,-9.422808784759395
2D8x8,B_PA2_to_C2,119,12.808540831343858,155.6998726481481,-98.79885227901212,27.62,201.41,-51.8,0.30391988620874427,27.454,200.5425,-52.7159,0.369876349078803,0.3579192025082815,0.011957146570521502,27.62,201.41,-51.8,1.7059488853205593,-9.509753172693573,-9.442031603103384
2D8x8,B_PA2_to_C2,120,13.890238970931271,155.68712123001086,-98.7200746209666,28.96,201.23,-51.8,0.3037383825982708,28.9416,201.052,-53.9487,0.369105394873359,0.3585130795004909,0.010592315372868158,28.96,201.23,-51.8,1.6930143383700516,-9.51494201141196,-9.46015498877228
2D8x8,B_PA2_to_C2,121,14.971519467755202,155.67235797569495,-98.63608964081362,30.3,201.03,-51.8,0.3055230267596526,30.2659,200.4146,-53.3791,0.3684571685698515,0.3591861730735369,0.009270995496314603,30.3,201.03,-51.8,1.6268612511374796,-9.464056574305673,-9.475422638898563
2D8x8,B_PA2_to_C2,122,16.052354114914245,155.6555863167227,-98.54690555049524,31.63,200.82,-51.8,0.3051922592300246,31.608,199.9289,-52.7159,0.367944724764706,0.359914973049141,0.008029751715565006,31.63,200.82,-51.8,1.6241813331105326,-9.47346524838027,-9.487511231000106
2D8x8,B_PA2_to_C2,123,17.13271484254847,155.6368091544556,-98.45253107240914,32.97,200.61,-51.8,0.3002707442286853,31.608,199.9289,-52.7159,0.36746554971455625,0.36063844345093754,0.006827106263618713,32.97,200.61,-51.8,1.7540721875805545,-9.614675123909288,-9.498830252059104
2D8x8,B_PA2_to_C2,124,18.2125737773163,155.61602957632962,-98.35297588894588,34.3,200.39,-51.8,0.3056552465887179,34.491,200.1733,-53.9487,0.36713499232130264,0.3614184137899727,0.00571657853132997,34.3,200.39,-51.8,1.591878500329404,-9.460298433968486,-9.506647249369452
2D8x8,B_PA2_to_C2,125,19.29190318721537,155.59325143620617,-98.24824980430816,35.63,200.15,-51.8,0.30730851928740416,35.797,199.4995,-53.3791,0.3669526403024524,0.3622791580002571,0.00467348230219528,35.63,200.15,-51.8,1.540708336788026,-9.413443530549198,-9.510962509491542
2D8x8,B_PA2_to_C2,126,20.370675431420327,155.5684775792159,-98.1383625598915,36.96,199.91,-51.8,0.30775925414549266,37.1757,199.2469,-53.3791,0.36686166800433134,0.36314779398654945,0.0037138740177819194,36.96,199.91,-51.8,1.5258243108461567,-9.40071311577763,-9.513116120661843
2D8x8,B_PA2_to_C2,127,21.44886309329527,155.54171133133084,-98.02332482807778,38.29,199.66,-51.8,0.3073474260172809,38.5003,198.7149,-52.7159,0.3669031288574405,0.3640610686432109,0.002842060214229564,38.29,199.66,-51.8,1.538436699927956,-9.412343924940824,-9.512134540743238
2D8x8,B_PA2_to_C2,128,22.526438964794103,155.51295701115404,-97.90314781249332,39.62,199.4,-51.8,0.307802820838697,39.8735,198.4435,-52.7159,0.3680470213715569,0.36501923001086245,0.003027791360694469,39.62,199.4,-51.8,1.5526142346307814,-9.399483619988079,-9.485096701087667
2D8x8,B_PA2_to_C2,129,23.60337610738463,155.48221867535082,-97.77784391778182,40.94,199.14,-51.8,0.3082135565065511,39.8735,198.4435,-52.7159,0.3699252950601216,0.3660002238571883,0.003925071202933328,40.94,199.14,-51.8,1.5852458402264724,-9.387900794137066,-9.440882269640964
2D8x8,B_PA2_to_C2,130,24.67964765573138,155.44950057050062,-97.64742489607836,42.26,198.86,-51.8,0.3085951929493367,42.614,197.8723,-52.7159,0.37184706849328275,0.36706417221920745,0.0047828962740753145,42.26,198.86,-51.8,1.6195041066422138,-9.377152397815435,-9.395875606903592
2D8x8,B_PA2_to_C2,131,25.7552268488753,155.41480710488227,-97.51190216737936,43.58,198.57,-51.8,0.31089805307662416,42.614,197.8723,-52.7159,0.37374554552732797,0.3681745204661316,0.0055710250611963755,43.58,198.57,-51.8,1.5991604570426456,-9.312575483761368,-9.351642342449093
2D8x8,B_PA2_to_C2,132,26.830087607698424,155.37814292595095,-97.37129126067428,44.9,198.28,-51.8,0.3126754203678237,44.041,197.8406,-53.3791,0.37555468462959507,0.3692942534887376,0.006260431140857447,44.9,198.28,-51.8,1.5915888260011637,-9.26306068365409,-9.309699173383295
2D8x8,B_PA2_to_C2,133,27.904203500133505,155.33951282222966,-97.22560371147092,46.22,197.98,-51.8,0.31405376980706784,45.408,197.5308,-53.3791,0.3772931472228405,0.37046078167826746,0.00683236554457306,46.22,197.98,-51.8,1.5934981253629732,-9.224855313289662,-9.26958450365706
2D8x8,B_PA2_to_C2,134,28.977548636205537,155.29892175665495,-97.07485387430688,47.54,197.66,-51.8,0.3153889450148188,46.7728,197.2116,-53.3791,0.378977637764713,0.3717120092387602,0.0072656285259527975,47.54,197.66,-51.8,1.5953423602782626,-9.188006203361775,-9.230891158813881
2D8x8,B_PA2_to_C2,135,30.050097475835003,155.2563748690403,-96.9190572997126,48.85,197.34,-51.8,0.3168086676458825,48.1354,196.883,-53.3791,0.3805232463159346,0.3729900607098491,0.007533185606085491,48.85,197.34,-51.8,1.591682761800466,-9.14899443054543,-9.195538984475336
2D8x8,B_PA2_to_C2,136,31.12181509006912,155.21185602608776,-96.7581726374765,50.16,197.01,-51.8,0.3176905738778689,49.4284,196.2785,-52.7159,0.3819430748663927,0.37431682850124864,0.007626246365144038,50.16,197.01,-51.8,1.5998862186409601,-9.124848948143852,-9.16319004523326
2D8x8,B_PA2_to_C2,137,32.19266435930694,155.16534617449724,-96.59215188515384,51.47,196.68,-51.8,0.3190854361264506,50.7845,195.9315,-52.7159,0.38318187994660985,0.37565481527914796,0.007527064667461914,51.47,196.68,-51.8,1.5899596293731455,-9.086795884776514,-9.135063571133738
2D8x8,B_PA2_to_C2,138,33.26264053382973,155.11689864444983,-96.42113376138818,52.77,196.33,-51.8,0.3204915308389104,52.1381,195.5751,-52.7159,0.3843311128335149,0.3770980488922005,0.007233063941314413,52.77,196.33,-51.8,1.5777797174886141,-9.04860438070235,-9.109051978944105
2D8x8,B_PA2_to_C2,139,34.331719100072526,155.06651938643978,-96.24513495979193,54.08,195.98,-51.8,0.32187990203131966,53.4892,195.2093,-52.7159,0.3852580184240695,0.37853506430053036,0.006722954123539146,54.08,195.98,-51.8,1.5611565207887754,-9.01105832210012,-9.088129117041714
2D8x8,B_PA2_to_C2,140,35.39987582541831,155.01421438336334,-96.06417264235868,55.38,195.61,-51.8,0.32203452765979057,55.0308,195.5193,-53.9487,0.386091792554316,0.38007930596711376,0.00601248658720227,55.38,195.61,-51.8,1.5757626307729393,-9.006886770390759,-9.069351455348189
2D8x8,B_PA2_to_C2,141,36.46708644216982,154.95998983572957,-95.87826249657256,56.68,195.24,-51.8,0.32537768445298904,56.26,194.7137,-53.3791,0.3867397904544155,0.3816363191337501,0.005103471320665328,56.68,195.24,-51.8,1.5006218680565533,-8.917180247970173,-9.05478569564399
2D8x8,B_PA2_to_C2,142,37.53332745825927,154.90385207524594,-95.68742349521644,57.98,194.86,-51.8,0.32682529201714133,57.605,194.3194,-53.3791,0.38724505562235656,0.3832448618031738,0.004000193819182782,57.98,194.86,-51.8,1.4734044693115673,-8.878622373678752,-9.043445220097555
2D8x8,B_PA2_to_C2,143,38.59857531813452,154.84580760475149,-95.4916729379468,59.27,194.47,-51.8,0.32753275317051445,58.8673,193.653,-52.7159,0.3876707593296365,0.38492569418161127,0.0027450651480252623,59.27,194.47,-51.8,1.4641661819340515,-8.85984081535342,-9.033901949149739
2D8x8,B_PA2_to_C2,144,39.66280689849823,154.7858630702206,-95.29102930237936,60.56,194.07,-51.8,0.3297327996534115,60.2868,193.5029,-53.3791,0.3886444409937666,0.38665990905050335,0.001984531943263267,60.56,194.07,-51.8,1.4278062013188018,-8.801692530429664,-9.012113644841232
2D8x8,B_PA2_to_C2,145,40.72599915709653,154.72402525901262,-95.08551026173888,61.85,193.66,-51.8,0.32759482433500364,61.5111,192.7299,-52.0041,0.3902604927993785,0.3884479784838448,0.0018125143155336971,61.85,193.66,-51.8,1.520351137719401,-8.858194896895444,-8.976071074906413
2D8x8,B_PA2_to_C2,146,41.78812967252567,154.66030109872707,-94.87513555586692,63.14,193.25,-51.8,0.33267349219800013,62.9569,192.6494,-53.3791,0.3920482848810624,0.3902507338835104,0.0017975509975520334,63.14,193.25,-51.8,1.426427221816882,-8.72457158813674,-8.936371682050229
2D8x8,B_PA2_to_C2,147,42.8491760867882,154.59469736955518,-94.65992407576108,64.42,192.82,-51.8,0.3324086837983346,64.4263,192.6232,-53.9487,0.3955986306736796,0.3921701205425185,0.003428510131161128,64.42,192.82,-51.8,1.5116483790085398,-8.731488317344908,-8.858067254066738
2D8x8,B_PA2_to_C2,148,43.90911670401592,154.5272213537003,-94.43989668681203,65.7,192.39,-51.8,0.3318360142460101,65.4955,191.4104,-52.0041,0.3991483063540369,0.3941058125465891,0.005042493807447832,65.7,192.39,-51.8,1.60421544998044,-8.746465164815753,-8.780477030565685
2D8x8,B_PA2_to_C2,149,44.96792978648344,154.45788129605765,-94.21507258127312,66.98,191.95,-51.8,0.3361745891290995,66.8485,191.0407,-52.7159,0.40269744692595183,0.3960979239535269,0.006599522972424946,66.98,191.95,-51.8,1.5682798692663673,-8.633637876410653,-8.703585322874657
2D8x8,B_PA2_to_C2,150,46.02559383187995,154.38668407085044,-93.9854713541777,68.25,191.5,-51.8,0.33856318316134776,68.2605,190.8318,-53.3791,0.4061927721814531,0.39817111504718133,0.008021657134271783,68.25,191.5,-51.8,1.5818492402588675,-8.572140946275175,-8.628519021746678
2D8x8,B_PA2_to_C2,151,47.08208808186795,154.31363728095752,-93.7511147078041,69.52,191.04,-51.8,0.3384210575324354,69.7286,190.7649,-53.9487,0.4095796300060901,0.40030288988029006,0.00927674012580002,69.52,191.04,-51.8,1.657619421684833,-8.575787966313174,-8.556395860358709
2D8x8,B_PA2_to_C2,152,48.13739187572139,154.23874863471048,-93.5120235955986,70.79,190.58,-51.8,0.34152342913002814,70.8929,189.8681,-53.3791,0.41275051176879557,0.4024528079025229,0.01029770386627263,70.79,190.58,-51.8,1.6453423596667747,-8.496525482866833,-8.489410438930427
2D8x8,B_PA2_to_C2,153,49.19148480348986,154.1620260381531,-93.26821888920249,72.06,190.1,-51.8,0.3430530432036875,72.204,189.3726,-53.3791,0.41574449711683253,0.4047029768842499,0.011041520232582671,72.06,190.1,-51.8,1.6693046646827296,-8.457710005911528,-8.426632656959168
2D8x8,B_PA2_to_C2,154,50.244346869708224,154.08347698062326,-93.01972230558997,73.31999999999998,189.62,-51.8,0.3437479252334247,72.204,189.3726,-53.3791,0.4184402271163909,0.40699856378406757,0.011441663332323316,73.31999999999998,189.62,-51.8,1.7078668715870964,-8.440133820208061,-8.370494264351333
2D8x8,B_PA2_to_C2,155,51.29595856754602,154.00311012760852,-92.76655613122028,74.58,189.13,-51.8,0.3433751177685247,73.6704,189.2752,-53.9487,0.420822855775192,0.40935550913158014,0.011467346643611901,74.58,189.13,-51.8,1.7666099570744889,-8.449559103924251,-8.321176462580132
2D8x8,B_PA2_to_C2,156,52.34630046281263,153.92093409495914,-92.50874189047302,75.84,188.63,-51.8,0.3463982844338447,76.013,187.5772,-52.7159,0.4228519906193286,0.41177426121914246,0.011077729400186167,75.84,188.63,-51.8,1.7322529389367958,-8.373420882100218,-8.279395258893793
2D8x8,B_PA2_to_C2,157,53.39535361782308,153.83695674326134,-92.24630226351488,77.09,188.12,-51.8,0.3512283516197714,76.013,187.5772,-52.7159,0.4245474970234774,0.414284273854776,0.010263223168701359,77.09,188.12,-51.8,1.6467343861171009,-8.25314422197873,-8.244637151591997
2D8x8,B_PA2_to_C2,158,54.443099474220304,153.75118650031845,-91.97926021080472,78.34,187.6,-51.8,0.3543419821160097,77.4133,187.3001,-53.3791,0.4258588834525593,0.416858444166158,0.009000439286401256,78.34,187.6,-51.8,1.5968620179758126,-8.176483327584046,-8.217848625338606
2D8x8,B_PA2_to_C2,159,55.48951956414256,153.663631248831,-91.70763814280556,79.58,187.08,-51.8,0.3565790198412449,78.5996,186.5064,-52.7159,0.42682389518712677,0.4194852091860145,0.00733868600111226,79.58,187.08,-51.8,1.5618587597929523,-8.121819794291872,-8.198188350229291
2D8x8,B_PA2_to_C2,160,56.53459623990898,153.5743005258712,-91.43146003128533,80.81999999999998,186.54,-51.8,0.3598037274464538,79.9959,186.21,-53.3791,0.4274657685591092,0.4222209488942972,0.005244819664812076,80.81999999999998,186.54,-51.8,1.4967136798807734,-8.043622367953454,-8.185136003803049
2D8x8,B_PA2_to_C2,161,57.57831172533226,153.4832032432207,-91.1507485139026,82.06,186.0,-51.8,0.3625442597129688,81.2814,185.6515,-53.3791,0.42777669739223556,0.42498052392791674,0.002796173464318802,82.06,186.0,-51.8,1.4371218007767597,-7.977714867826552,-8.178820382780161
2D8x8,B_PA2_to_C2,162,58.62064887440875,153.39034780748443,-90.86552767323836,83.29999999999998,185.45,-51.8,0.3646427298107619,82.451,184.8333,-52.7159,0.4285120572278745,0.4278068605402049,0.0007051966876696277,83.29999999999998,185.45,-51.8,1.4019097454226346,-7.927584349717068,-8.163901920024802
2D8x8,B_PA2_to_C2,163,59.66159077497219,153.29574248131743,-90.57582147899204,84.53,184.89,-51.8,0.3680503834844565,83.8408,184.5079,-53.3791,0.4336660989142761,0.43073444700054897,0.0029316519137271417,84.53,184.89,-51.8,1.4249639738571518,-7.846790040038583,-8.0600533819118
2D8x8,B_PA2_to_C2,164,60.7011208977446,153.19939724981538,-90.28165367028168,85.76,184.33,-51.8,0.3708577756441121,85.1145,183.9229,-53.3791,0.4396614000656682,0.4336872354143316,0.005974164651336626,85.76,184.33,-51.8,1.4782189880700034,-7.780787748677675,-7.940796076338041
2D8x8,B_PA2_to_C2,165,61.73922307688685,153.10132122517263,-89.98304854624612,86.98,183.75,-51.8,0.3736448607064693,86.3842,183.329,-53.3791,0.44579193169618603,0.4367891795184611,0.009002752177724943,86.98,183.75,-51.8,1.53346381732831,-7.715755268820315,-7.820518767222374
2D8x8,B_PA2_to_C2,166,62.77588159274177,153.0015225529011,-89.6800312508476,88.2,183.17,-51.8,0.376466482598532,87.6496,182.7264,-53.3791,0.4517826556631839,0.43991813032886834,0.011864525334315534,88.2,183.17,-51.8,1.5840647523031675,-7.650409204747928,-7.704571768175131
2D8x8,B_PA2_to_C2,167,63.811080741983474,152.90001146789095,-89.37262530661879,89.40999999999998,182.58,-51.8,0.3763542570328108,89.1029,182.5076,-53.9487,0.45756015516994497,0.4431564682203426,0.01440368694960237,89.40999999999998,182.58,-51.8,1.6970273158941183,-7.6529988753941485,-7.594198875230401
2D8x8,B_PA2_to_C2,168,64.84480570796426,152.79679733772667,-89.06085650443455,90.63,181.98,-51.8,0.3791962491211947,90.3626,181.8861,-53.9487,0.4629427975637431,0.44642842463194826,0.01651437293179488,90.63,181.98,-51.8,1.7332659792539138,-7.587654875611815,-7.492616212088271
2D8x8,B_PA2_to_C2,169,65.8770416411013,152.69188856131194,-88.74474986151313,91.83,181.38,-51.8,0.3849726674528941,91.4206,180.8661,-53.3791,0.4677717780481119,0.44980745468395933,0.01796432336415254,91.83,181.38,-51.8,1.6920823963162208,-7.456337606071099,-7.402482525485246
2D8x8,B_PA2_to_C2,170,66.90777413228953,152.5852956136748,-88.42433016003714,93.04,180.76,-51.8,0.3849179112402855,92.869,180.6172,-53.9487,0.47193440821432137,0.4532647097426087,0.018669698471712685,93.04,180.76,-51.8,1.770270439997579,-7.457573122996961,-7.325529998729753
2D8x8,B_PA2_to_C2,171,67.93698914361468,152.4770279819649,-88.09962274820667,94.24,180.14,-51.8,0.38971780087271624,93.7852,179.3392,-52.7159,0.47525917143891544,0.4567920974195644,0.018467074019351035,94.24,180.14,-51.8,1.7236052662688008,-7.349930667187089,-7.264552716648658
2D8x8,B_PA2_to_C2,172,68.96467309574679,152.36709425458267,-87.77065375851993,95.43,179.51,-51.8,0.3935495418982011,95.1521,178.9279,-53.3791,0.4777164327846885,0.46043814559656493,0.0172782871881236,95.43,179.51,-51.8,1.6834153893468715,-7.264947307474413,-7.219759233857911
2D8x8,B_PA2_to_C2,173,69.99081266367635,152.25550509492143,-87.43744847141123,96.62,178.87,-51.8,0.40999621627931915,52.4616,141.7854,-70.3456,0.47917638140435836,0.46416044765553477,0.015015933748823623,96.62,178.87,-51.8,1.3543110952878799,-6.909338555989648,-7.193254776432139
2D8x8,B_PA2_to_C2,174,71.01539471176027,152.1422701375941,-87.10003215903092,97.81,178.22,-51.8,0.39935482766238545,52.4616,141.7854,-70.3456,0.47960182647496596,0.46795833366590783,0.011643492809058121,97.81,178.22,-51.8,1.5904377904853844,-7.1377567548059675,-7.185546280050953
2D8x8,B_PA2_to_C2,175,72.03840663046354,152.02739826837123,-86.75843102006482,98.99,177.57,-51.8,0.4611093741918917,54.4107,140.4913,-70.6007,0.4791257866904976,0.47183331489718483,0.007292471793312791,98.99,177.57,-51.8,0.3329118795997213,-5.888856504252285,-7.194171940382933
2D8x8,B_PA2_to_C2,176,73.05983625395466,151.9109002355482,-86.41267103113607,100.17,176.91,-51.8,0.4030180215871911,98.8425,176.9125,-53.3791,0.47785657610447746,0.4757845323022245,0.002072043802252974,100.17,176.91,-51.8,1.4794620052878404,-7.058446196749596,-7.217211507192124
2D8x8,B_PA2_to_C2,177,74.07967157134375,151.79278529141217,-86.06277821481683,101.35,176.24,-51.8,0.44067931719160697,58.316,138.9121,-70.7699,0.4840890650201338,0.4798107458931288,0.004278319127005027,101.35,176.24,-51.8,0.8160520945070003,-6.282482174622088,-7.104657395845458
2D8x8,B_PA2_to_C2,178,75.0979012617257,151.6730638340782,-85.70877930137463,102.52,175.56,-51.8,0.5180525928555653,58.316,138.9121,-70.7699,0.4947934343047997,0.48396400118118316,0.010829433123616537,102.52,175.56,-51.8,-0.39899847190318183,-4.877458497721066,-6.9146842853546175
2D8x8,B_PA2_to_C2,179,76.11451404738338,151.5517459278318,-85.3507003611686,103.68,174.88,-51.8,0.4814714393684056,61.775,140.6408,-70.6326,0.5056808083352319,0.4882006131633881,0.0174801951718438,103.68,174.88,-51.8,0.42611882877168245,-5.513524929421324,-6.725633416380013
2D8x8,B_PA2_to_C2,180,77.12949884362655,151.42884061949917,-84.98856747237346,104.84,174.18,-51.8,0.5660056112124767,61.775,140.6408,-70.6326,0.5165284647801942,0.492560566483418,0.02396789829677617,104.84,174.18,-51.8,-0.7945295424131424,-4.108520797989038,-6.54127765613255
2D8x8,B_PA2_to_C2,181,78.14284513143528,151.30435859348498,-84.62240688190954,106.0,173.48,-51.8,0.5730426168003248,64.085,140.1624,-70.7509,0.5266225591763756,0.49694764874406605,0.029674910432309517,106.0,173.48,-51.8,-0.733749242355912,-4.001197104290732,-6.373173662377013
2D8x8,B_PA2_to_C2,182,79.15454278227848,151.17830968322968,-84.2522453379742,107.15,172.77,-51.8,0.5766545771329832,64.085,140.1624,-70.7509,0.5355325682322821,0.5014670449366107,0.03406552329567148,107.15,172.77,-51.8,-0.6425971219947489,-3.9466206606660936,-6.227445098391213
2D8x8,B_PA2_to_C2,183,80.16458218699586,151.05070418164797,-83.87810997663453,108.29,172.06,-51.8,0.639107876286794,66.3952,139.6418,-70.8575,0.5426489687673048,0.5060745124040417,0.036574456363263154,108.29,172.06,-51.8,-1.42110375491427,-3.053452136060658,-6.112783206705298
2D8x8,B_PA2_to_C2,184,81.17295358746802,150.9215520382831,-83.50002680614665,109.43,171.33,-51.8,0.6328066133753236,68.0161,143.0511,-69.735,0.5474707323517448,0.5108021725734855,0.036668559778259294,109.43,171.33,-51.8,-1.2582020481411595,-3.139515346215272,-6.035944710086802
2D8x8,B_PA2_to_C2,185,82.17964783645431,150.79086341092665,-83.11802254281665,110.57,170.6,-51.8,0.6911772055374344,69.5607,140.8178,-70.4989,0.5493181782173875,0.5155521672165108,0.03376601100087667,110.57,170.6,-51.8,-1.995308719065274,-2.3731473909677443,-6.006683425763388
2D8x8,B_PA2_to_C2,186,83.18465626890872,150.658648479528,-82.73212435394977,111.7,169.86,-51.8,0.6408832415242818,71.0183,138.5011,-70.9482,0.5478640624127634,0.5204366907436551,0.02742737166910838,111.7,169.86,-51.8,-1.362122037644664,-3.0293572244721645,-6.0297065778471985
2D8x8,B_PA2_to_C2,187,84.18797034164835,150.52491725041395,-82.34235893159975,112.83,169.12,-51.8,0.7367282837419302,71.8994,140.2202,-70.522,0.5427093688304141,0.5253394823694341,0.017369886460980054,112.83,169.12,-51.8,-2.6548004855491234,-1.8187886679628527,-6.111816469242347
2D8x8,B_PA2_to_C2,188,85.18958182372573,150.3896801787657,-81.948752828512,113.95,168.36,-51.8,0.710897658149964,73.5217,143.3854,-68.9695,0.5345033995179415,0.5304227686993614,0.004080630818580003,113.95,168.36,-51.8,-2.4771322368502395,-2.1287938601058625,-6.2441534126864715
2D8x8,B_PA2_to_C2,189,86.18948264342175,150.25294705232363,-81.55133241463926,115.07,167.6,-51.8,0.7756628329700281,75.0967,141.2266,-69.814,0.5510762290623165,0.5355183753227766,0.015557853739539853,115.07,167.6,-51.8,-2.9692260830565127,-1.3714758898987542,-5.9789292886856344
2D8x8,B_PA2_to_C2,190,87.18766562310678,150.11472854178467,-81.15012523298817,116.18,166.83,-51.8,0.730622095817533,76.3016,143.4927,-68.3773,0.5780041706813792,0.5407455023378339,0.03725866834354527,116.18,166.83,-51.8,-2.0352366011952787,-1.8910794872705794,-5.564543404196228
2D8x8,B_PA2_to_C2,191,88.18412342149847,149.97503436988703,-80.74515793431173,117.29,166.06,-51.8,0.8279442302068685,77.4444,140.5417,-69.7351,0.608103842791134,0.5459776473600307,0.062126195431103266,117.29,166.06,-51.8,-2.6804667222616354,-0.8049138520877441,-5.123607890079748
2D8x8,B_PA2_to_C2,192,89.17884914419898,149.83387543735915,-80.33645709844214,118.39,165.27,-51.8,0.8083409986163824,78.6824,142.7885,-68.2981,0.640849441343032,0.5513823464399743,0.08946709490305768,118.39,165.27,-51.8,-2.0167719295816537,-1.0130434007780715,-4.668042646090094
2D8x8,B_PA2_to_C2,193,90.17183608422484,149.6912608544792,-79.92404961156332,119.48,164.48,-51.8,0.7368669512246357,79.4433,144.1694,-67.0291,0.6745534592456681,0.5568689713162098,0.11768448792945828,119.48,164.48,-51.8,-0.7674540980184295,-1.8171539579337432,-4.222835371682544
2D8x8,B_PA2_to_C2,194,91.16307814813736,149.54720170457475,-79.50796240030589,120.57,163.68,-51.8,0.8692631967500404,81.048,142.0208,-68.2056,0.708074983011297,0.5623917109685896,0.14568327204270734,120.57,163.68,-51.8,-1.781440841155553,-0.3819096782776749,-3.8015778351635983
2D8x8,B_PA2_to_C2,195,92.15256960558916,149.401708646659,-79.08822264474281,121.66,162.88,-51.8,0.851707079892482,82.0896,138.9676,-69.5855,0.7394805596799485,0.5678971955586881,0.17158336412126043,121.66,162.88,-51.8,-1.2272699225083152,-0.559130384068808,-3.4246276223074936
2D8x8,B_PA2_to_C2,196,93.1403041376118,149.25479060283303,-78.66485599380155,122.74,162.07,-51.8,0.9083365222366154,83.3934,141.1745,-68.1287,0.767191841841273,0.5735144730178903,0.19367736882338268,122.74,162.07,-51.8,-1.4668560117294778,0.0,-3.105083327459848
2D8x8,B_PA2_to_C2,197,94.12627702596647,149.10645912989588,-78.23789021098143,123.81,161.25,-51.8,0.6706709813692217,84.8927,143.7127,-65.3766,0.7894044515547444,0.5792402998230075,0.21016415173173683,123.81,161.25,-51.8,1.4158011088249511,-2.6347452181575197,-2.857171425062938
2D8x8,B_PA2_to_C2,198,95.110483,148.956723,-77.807352,124.88,160.42,-51.8,0.8060158582460887,86.5333,141.5858,-66.7805,0.8043300752285907,0.5849673274389751,0.21936274778961565,124.88,160.42,-51.8,-0.01818557154482029,-1.038063800113653,-2.694476687388843
