config,condition,scan_id,pa_x,pa_y,pa_z,focus_x,focus_y,focus_z,beam_sum,beam_mean,beam_max,beam_db,beam_percent,geometry_echo_percent,edm_echo_percent,edm_minus_geometry_db,amplitude_percent,amplitude_db,depth_mm,scan_position_mm
2D8x8,A_PA1_to_C1,0,-126.47159,137.926021,-64.727672,-124.23,120.25,-51.8,25.412617221086958,0.3970721440794837,1.1174279725974172,-9.44955975951071,33.6916291762544,35.662211525470056,45.01118605683684,2.0222437045899797,45.01118605683684,-6.933590862691021,35.0,0.0
2D8x8,A_PA1_to_C1,1,-125.5875311773166,139.02719128142945,-65.13280492576665,-123.25,121.26,-51.8,25.62002243383629,0.40031285052869203,1.1183640298223998,-9.37895754417134,33.96660358980573,35.86336499670101,45.289427560588926,2.0269159037770006,45.289427560588926,-6.880063371657082,35.0,1.0101010101010102
2D8x8,A_PA1_to_C1,2,-124.6997361978672,140.12576271513814,-65.53680832565904,-122.26,122.26,-51.8,25.874884950402347,0.40429507735003667,1.1196205018218266,-9.29297910942284,34.304496114781294,36.06431592343749,45.585080980924985,2.0349006369700664,45.585080980924985,-6.823545386975959,35.0,2.0202020202020203
2D8x8,A_PA1_to_C1,3,-123.80814054759924,141.2216765912607,-65.93965723338754,-121.26,123.25,-51.8,26.139373709519806,0.40842771421124696,1.1208889285738401,-9.204644101603366,34.655150953515445,36.264861965130144,45.8840619353985,2.0435165713084587,45.8840619353985,-6.766762853757267,35.0,3.0303030303030303
2D8x8,A_PA1_to_C1,4,-122.9126787053178,142.31487245796063,-66.3413259657362,-120.25,124.23,-51.8,26.43082836091168,0.412981693139245,1.1222896757827803,-9.108332169189843,35.04155672789753,36.46480118891455,46.19257964683977,2.0539673247119663,46.19257964683977,-6.708555673837369,35.0,4.040404040404041
2D8x8,A_PA1_to_C1,5,-122.01174866453802,143.40418686963125,-66.74131078089212,-119.24,125.21,-51.8,26.72561732433234,0.4175877706926928,1.12366503252331,-9.011992746213247,35.43238307822637,36.66393227294048,46.501782981679604,2.0646112606593703,46.501782981679604,-6.650607899508597,35.0,5.05050505050505
2D8x8,A_PA1_to_C1,6,-121.10663104890662,144.49049807357036,-67.13999408581748,-118.22,126.17,-51.8,27.00800201908732,0.4220000315482394,1.124879324518823,-8.920698509774835,35.80676405354914,36.86205470908594,46.805730592939376,2.074389784189382,46.805730592939376,-6.594019428888803,35.0,6.0606060606060606
2D8x8,A_PA1_to_C1,7,-120.19746436062516,145.57388656308214,-67.53741160967894,-117.19,127.13,-51.8,27.301084041553615,0.42657943814927524,1.1261210709560356,-8.826949820574985,36.19532736968674,37.05896900485185,47.11277240232591,2.0849065722856825,47.11277240232591,-6.53722676957429,35.0,7.07070707070707
2D8x8,A_PA1_to_C1,8,-119.2841803722571,146.65428488520172,-67.93353475243892,-116.15,128.08,-51.8,27.61342130638213,0.43145970791222077,1.1274251695354995,-8.72814327575137,36.60941896887062,37.25447688423409,47.42591959912436,2.096745823207677,47.42591959912436,-6.479684785822055,35.0,8.080808080808081
2D8x8,A_PA1_to_C1,9,-118.36592519347504,147.73104304627157,-68.32808255362077,-115.1,129.02,-51.8,27.945887633429972,0.4366544942723433,1.1287892110564004,-8.624189488367914,37.050197347069016,37.448381487370604,47.74536843648515,2.109963934000126,47.74536843648515,-6.421375019839417,35.0,9.090909090909092
2D8x8,A_PA1_to_C1,10,-117.44257785267718,148.80403214082943,-68.72100263076132,-114.05,129.95,-51.8,28.264858296458357,0.4416384108821618,1.1300152985013303,-8.52561140799443,37.473083396284714,37.64048756876262,48.058640968818615,2.122324901192731,48.058640968818615,-6.3645702919857055,35.0,10.1010101010101
2D8x8,A_PA1_to_C1,11,-116.514922269347,149.87380453703935,-69.1125338929097,-112.99,130.88,-51.8,28.586464476599776,0.4466635074468715,1.1312126319235714,-8.427338739926167,37.89946357066224,37.830601693870335,48.37156995903558,2.134938688014692,48.37156995903558,-6.308196336381766,35.0,11.11111111111111
2D8x8,A_PA1_to_C1,12,-115.58288695538624,150.94028445626716,-69.50264433810658,-111.92,131.79,-51.8,28.912647577270633,0.45176011839485364,1.132370664106309,-8.328790407427674,38.33191175086166,38.018532433885035,48.684785338852855,2.147958218950093,48.684785338852855,-6.252134810927909,35.0,12.121212121212121
2D8x8,A_PA1_to_C1,13,-114.646399475931,152.00339379708413,-69.8913011714731,-110.84,132.7,-51.8,29.268893810159277,0.4573264657837387,1.1336425173446127,-8.222421478043442,38.80421713639126,38.204090558481724,49.00759230461858,2.163070014615048,49.00759230461858,-6.1947326685818025,35.0,13.131313131313133
2D8x8,A_PA1_to_C1,14,-113.7043365345142,153.06224053959426,-70.27812111471913,-109.76,133.6,-51.8,29.62846114390956,0.4629447053735869,1.1348757173228792,-8.116365748286352,39.28092558271991,38.38708922635802,49.330108659883805,2.178537798444708,49.330108659883805,-6.137758558247155,35.0,14.14141414141414
2D8x8,A_PA1_to_C1,15,-112.75724424129103,154.11719913348915,-70.66326812092449,-108.67,134.48,-51.8,29.976519539202535,0.4683831178000396,1.1359901526537157,-8.014923515183177,39.74237566807997,38.56734417336753,49.646853459576214,2.193439906192967,49.646853459576214,-6.082165424115743,35.0,15.151515151515152
2D8x8,A_PA1_to_C1,16,-111.80550111618676,155.16853095706625,-71.04685566781224,-107.57,135.36,-51.8,30.332823855439088,0.47395037274123575,1.137104235985582,-7.9122907952109856,40.214758059555166,38.74467389805816,49.965086730222836,2.2090927136210645,49.965086730222836,-6.026667087939053,35.0,16.161616161616163
2D8x8,A_PA1_to_C1,17,-110.849031768006,156.216148479111,-71.42884697464699,-106.46,136.24,-51.8,30.704976928930133,0.47976526451453333,1.138249279302735,-7.806372150060717,40.70815247225106,38.91889984442872,50.28762479230481,2.226011362727479,50.28762479230481,-5.970777533736193,35.0,17.17171717171717
2D8x8,A_PA1_to_C1,18,-109.88775968148192,157.25996132776058,-71.80920414042144,-105.35,137.1,-51.8,31.077649896876867,0.48558827963870105,1.1393402860422315,-7.701584260737421,41.20223615244976,39.08984658171975,50.6088784686062,2.243254943684755,50.6088784686062,-5.915465737638728,35.0,18.181818181818183
2D8x8,A_PA1_to_C1,19,-108.92107988638196,158.2994494986132,-72.1877053882543,-104.23,137.95,-51.8,31.47525337590417,0.49180083399850266,1.140487131508317,-7.591162960710628,41.7293722934475,39.25734198105732,50.93790192725385,2.262403233488895,50.93790192725385,-5.8591789417398985,35.0,19.19191919191919
2D8x8,A_PA1_to_C1,20,-107.9486474368608,159.33428339378025,-72.56421201203561,-103.1,138.79,-51.8,31.87432358535911,0.4980363060212361,1.1415903345772214,-7.481728113122751,42.25845300147821,39.42121738877227,51.26617634667573,2.2820179048715508,51.26617634667573,-5.803381458278012,35.0,20.2020202020202
2D8x8,A_PA1_to_C1,21,-106.97120712934904,160.36502322437607,-72.93896483167389,-101.97,139.63,-51.8,32.26177417204359,0.504090221438181,1.1426118901165658,-7.37678272063114,42.77212860510174,39.58130779622016,51.58903374891026,2.301345083730846,51.58903374891026,-5.7488521257849445,35.0,21.21212121212121
2D8x8,A_PA1_to_C1,22,-105.9886806011947,161.39156820008367,-73.3119223265337,-100.83,140.45,-51.8,32.654701725389984,0.5102297144592185,1.1436045979001213,-7.271633234397439,43.29306548087913,39.737452005930976,51.91294277709319,2.3215126387430787,51.91294277709319,-5.694487033431063,35.0,22.22222222222222
2D8x8,A_PA1_to_C1,23,-105.00098799462336,162.4138139103925,-73.68304140133728,-99.68,141.27,-51.8,33.065851572228695,0.5166539308160734,1.144628024669712,-7.16295341945159,43.83816117311146,39.88949279392129,52.242811809912205,2.343360586045577,52.242811809912205,-5.639469130576185,35.0,23.232323232323232
2D8x8,A_PA1_to_C1,24,-104.0080483892786,163.43165260561457,-74.05227738223644,-98.53,142.08,-51.8,33.48109958992774,0.5231421810926209,1.1456247737797767,-7.054553403988683,44.38869015274295,40.03727706800559,52.5737107936652,2.36608196584107,52.5737107936652,-5.584627364582526,35.0,24.242424242424242
2D8x8,A_PA1_to_C1,25,-103.00947648346532,164.44471236433247,-74.41947317795704,-97.37,142.87,-51.8,33.92028008750886,0.5300043763673259,1.1466524087978818,-6.9413590646667656,44.97094841985556,40.180656021946966,52.91324240230549,2.390947036098472,52.91324240230549,-5.5287125016271785,35.0,25.252525252525253
2D8x8,A_PA1_to_C1,26,-102.00468577891398,165.4524307713405,-74.78439012090907,-96.21,143.66,-51.8,34.357084327704385,0.536829442620381,1.147638180368072,-6.830221641064132,45.55005628408104,40.31948528529254,53.252088287624055,2.41643328097772,53.252088287624055,-5.473267132804663,35.0,26.262626262626267
2D8x8,A_PA1_to_C1,27,-100.994437870225,166.45540656397864,-75.14728615286857,-95.03,144.44,-51.8,34.80478568782524,0.5438247763722693,1.1486148665975848,-6.717768379723859,46.14361137034662,40.45362506874214,53.595535671085905,2.443423417844924,53.595535671085905,-5.4174276815773315,35.0,27.27272727272727
2D8x8,A_PA1_to_C1,28,-99.97865204218024,167.45352101051787,-75.50811248064947,-93.86,145.21,-51.8,35.235467857773415,0.5505541852777096,1.1495059445035243,-6.610946809055696,46.714602694714344,40.582940304904426,53.93377680149977,2.47034648616112,53.93377680149977,-5.36278332921956,35.0,28.28282828282828
2D8x8,A_PA1_to_C1,29,-98.95724657977786,168.4466515454952,-75.86681827461119,-92.67,145.97,-51.8,35.69640611452276,0.5577563455394181,1.150445729477452,-6.4980577801585735,47.32570704041951,40.70730078429813,54.28470852086418,2.500104081370482,54.28470852086418,-5.30644979506452,35.0,29.292929292929294
2D8x8,A_PA1_to_C1,30,-97.93013914227564,169.4346716568485,-76.22335155664793,-91.48,146.72,-51.8,36.156595360878,0.5649468025137188,1.1513474904766634,-6.386797079044918,47.93581836048596,40.826581286462094,54.63749674118823,2.530955577171712,54.63749674118823,-5.250184128109058,35.0,30.303030303030305
2D8x8,A_PA1_to_C1,31,-96.89724697053715,170.41745089425962,-76.57765923268899,-90.28,147.46,-51.8,36.63247798498908,0.5723824685154544,1.1522546335037254,-6.273221712365874,48.566735702194045,40.94066170604162,54.99881247253007,2.5639690933620147,54.99881247253007,-5.1929337527315305,35.0,31.313131313131315
2D8x8,A_PA1_to_C1,32,-95.85848647488528,171.3948547881875,-76.9296856030413,-89.08,148.19,-51.8,37.122117344004046,0.5800330835000632,1.1531615698683453,-6.157892873587914,49.215891496361614,41.04942717372438,55.368625964303774,2.599132900365256,55.368625964303774,-5.1347250773593425,35.0,32.323232323232325
2D8x8,A_PA1_to_C1,33,-94.81326018775638,172.36626166812076,-77.2791700240405,-87.87,148.91,-51.8,37.6370668608498,0.5880791697007781,1.1540931889501571,-6.038232246979399,49.89860308073405,41.15276817190405,55.751926592739785,2.63721652021957,55.751926592739785,-5.074802406263755,35.0,33.33333333333333
2D8x8,A_PA1_to_C1,34,-93.76170417127643,173.33171905220786,-77.62613400929244,-86.65,149.62,-51.8,38.15489201563729,0.5961701877443326,1.1549935603928494,-5.919543082626796,50.585127138506415,41.250580644955335,56.14126340273913,2.6770423138520054,56.14126340273913,-5.014356364610812,35.0,34.34343434343434
2D8x8,A_PA1_to_C1,35,-92.7040723383632,174.29139429579996,-77.97065069942045,-85.43,150.32,-51.8,38.66453330178726,0.6041333328404259,1.1558412135741785,-5.8042922096925365,51.26080115808856,41.34276610400905,56.533426024477784,2.718115496623066,56.533426024477784,-4.953893894746015,35.0,35.35353535353536
2D8x8,A_PA1_to_C1,36,-91.64028159188727,175.24513757738708,-78.31266006500847,-84.20999999999998,151.01,-51.8,39.175440556038666,0.6121162586881042,1.1566603871306882,-5.690269875587903,51.938153577319646,41.429231726122175,56.93280232824889,2.7611136266619885,56.93280232824889,-4.89274877915559,35.0,36.36363636363637
2D8x8,A_PA1_to_C1,37,-90.57025047081125,176.19279682622724,-78.652099442385,-82.98,151.69,-51.8,39.705353085243345,0.6203961419569273,1.157487695355755,-5.57356641009628,52.64070287692506,41.50989044774262,57.34688261076636,2.8071645467595125,57.34688261076636,-4.829803709304715,35.0,37.37373737373738
2D8x8,A_PA1_to_C1,38,-89.49389790372966,177.13421557530071,-78.9889050592017,-81.73999999999998,152.36,-51.8,40.25510810574765,0.6289860641523071,1.1583224219692863,-5.45412771233726,53.3695590245416,41.58466105237485,57.77699279886141,2.856435355244757,57.77699279886141,-4.7649013248962415,35.0,38.38383838383838
2D8x8,A_PA1_to_C1,39,-88.4111426719469,178.0692323141224,-79.32301148830727,-80.5,153.02,-51.8,40.807646239345104,0.6376194724897672,1.1591311939135083,-5.335716745044796,54.10210497763839,41.65346825235803,58.21792489916868,2.9081110599095212,58.21792489916868,-4.698865569459574,35.0,39.39393939393939
2D8x8,A_PA1_to_C1,40,-87.32190406766502,178.99768111829334,-79.65435128222146,-79.25,153.67,-51.8,41.381362257443044,0.6465837852725476,1.1599476315471295,-5.214451990814294,54.862728221048116,41.71624276467433,58.67755121619358,2.9633359009347866,58.67755121619358,-4.63056037629068,35.0,40.4040404040404
2D8x8,A_PA1_to_C1,41,-86.2261025357334,179.91939200172868,-79.98285537263546,-77.98999999999998,154.31,-51.8,41.977125620190314,0.6558925878154737,1.160770808667198,-5.090293718236066,55.65258147070962,41.77292138071099,59.157336100353476,3.022275210655669,59.157336100353476,-4.559827816885209,35.0,41.41414141414141
2D8x8,A_PA1_to_C1,42,-85.12365930706834,180.83419046085237,-80.30845245386091,-76.73999999999998,154.94,-51.8,42.55879978771187,0.664981246682998,1.1615399335617886,-4.970760221975591,56.423755497495065,41.82344702990613,59.64516536263111,3.0831084615423467,59.64516536263111,-4.48849506046778,35.0,42.42424242424242
2D8x8,A_PA1_to_C1,43,-84.01449627720152,181.7418966549487,-80.63107011321773,-75.47,155.56,-51.8,43.18219278622874,0.6747217622848241,1.1623463565630505,-4.844453818504624,57.25023966299359,41.86776883721387,60.16275816007246,3.14895841218013,60.16275816007246,-4.413445234817156,35.0,43.43434343434344
2D8x8,A_PA1_to_C1,44,-82.89853717976428,182.64232658248503,-80.95063473369008,-74.2,156.17,-51.8,43.81099921162106,0.684546862681579,1.1631300130867999,-4.718884490317905,58.08390086064406,41.905842174331255,60.69797319206545,3.217992329429842,60.69797319206545,-4.336516210191026,35.0,44.44444444444444
2D8x8,A_PA1_to_C1,45,-81.77570602721802,183.53529052099293,-81.26706971245501,-72.93,156.77,-51.8,44.449813446960334,0.6945283351087552,1.1638986667364353,-4.593148805958419,58.930830247818875,41.93762870463514,61.2537123619352,3.2905708895745756,61.2537123619352,-4.257351703531202,35.0,45.45454545454545
2D8x8,A_PA1_to_C1,46,-80.64582348921154,184.42047698396848,-81.58024546867004,-71.65,157.35,-51.8,45.11185047414918,0.7048726636585809,1.1646676691110047,-4.464734816265732,59.80854802977515,41.96309642178394,61.83603933379512,3.3674827566456815,61.83603933379512,-4.175166704745233,35.0,46.464646464646464
2D8x8,A_PA1_to_C1,47,-79.50878396989144,185.297642211527,-81.89006653611777,-70.37,157.93,-51.8,45.78253263924973,0.715352072488277,1.1654213758613003,-4.336551384129824,60.697727393124836,41.982219681945296,62.44077677880333,3.448058006091444,62.44077677880333,-4.090634056891449,35.0,47.474747474747474
2D8x8,A_PA1_to_C1,48,-78.36470409990349,186.16679159789868,-82.19653532246785,-69.08,158.5,-51.8,46.47209322905904,0.7261264567040475,1.166169839425769,-4.206702963628798,61.61193546088484,41.99497922961723,63.07283730167037,3.5328999433288484,63.07283730167037,-4.003152640719301,35.0,48.484848484848484
2D8x8,A_PA1_to_C1,49,-77.21351525637408,187.0277172845943,-82.49957047786444,-67.79,159.06,-51.8,47.169052912089064,0.7370164517513916,1.166898281494594,-4.07740453175516,62.535953124518585,42.001362217016826,63.72910076775792,3.621488291302493,63.72910076775792,-3.9132441894348236,35.0,49.494949494949495
2D8x8,A_PA1_to_C1,50,-76.05515221567958,187.88020837156645,-82.79908752134475,-66.49,159.6,-51.8,47.88556974693498,0.7482120272958591,1.1676188890594645,-3.9464544767802834,63.48589933777758,42.001362217016826,64.41507599658459,3.7144829508751465,64.41507599658459,-3.82024952986217,35.0,50.505050505050505
2D8x8,A_PA1_to_C1,51,-74.88955223574898,188.72404937384064,-83.0949989297513,-65.19,160.14,-51.8,48.6182214787699,0.7596597106057796,1.1683318325050769,-3.8145663038325184,64.45723693160244,41.99497922961723,65.13046308033694,3.8117359047906767,65.13046308033694,-3.724316679257473,35.0,51.515151515151516
2D8x8,A_PA1_to_C1,52,-73.71665496632944,189.559018973578,-83.38721635930006,-63.89,160.66,-51.8,49.35129328239201,0.7711139575373751,1.1690147172840302,-3.6845768956113547,65.42913144968104,41.982219681945296,65.87034586339661,3.91249093866615,65.87034586339661,-3.6262011243167436,35.0,52.52525252525253
2D8x8,A_PA1_to_C1,53,-72.53640296667295,190.384890624968,-83.67564995326215,-62.58,161.18,-51.8,50.12106339717816,0.7831416155809088,1.1697108033366195,-3.550142124828307,66.44967998400585,41.96309642178394,66.6488150791283,4.018498115031981,66.6488150791283,-3.5241513463589325,35.0,53.535353535353536
2D8x8,A_PA1_to_C1,54,-71.34874150332857,191.201432346799,-83.96020704576206,-61.26,161.68,-51.8,50.91204164378775,0.7955006506841836,1.1703970023581993,-3.4141373940288346,67.49834591004597,41.93762870463514,67.46079417130605,4.128951584004511,67.46079417130605,-3.4189710091012655,35.0,54.54545454545454
2D8x8,A_PA1_to_C1,55,-70.15362113228008,192.0084093828919,-84.24079431973101,-59.94,162.18,-51.8,51.71987941804453,0.8081231159069457,1.171072291598657,-3.277397584499889,68.56936392003848,41.905842174331255,68.30515615123704,4.243578309740366,68.30515615123704,-3.3109302298805012,35.0,55.55555555555556
2D8x8,A_PA1_to_C1,56,-68.95099439080366,192.80558006060815,-84.51731481171478,-58.62,162.66,-51.8,52.528833792365994,0.8207630280057187,1.171717938941496,-3.14259247774583,69.64186229999802,41.86776883721387,69.17641901559298,4.361565178702239,69.17641901559298,-3.2008384682950486,35.0,56.56565656565656
2D8x8,A_PA1_to_C1,57,-67.7408184239931,193.5926979010977,-84.78967186808131,-57.3,163.13,-51.8,53.34693055684851,0.833545789950758,1.1723440927318258,-3.0083589318665327,70.7264815101897,41.82344702990613,70.07765949918745,4.483195292869884,70.07765949918745,-3.088408229140241,35.0,57.57575757575758
2D8x8,A_PA1_to_C1,58,-66.52304882046394,194.36950405264457,-85.05776186945315,-55.97,163.59,-51.8,54.21081218931643,0.8470439404580692,1.1729808787384286,-2.8688293789788006,71.87180154393793,41.77292138071099,71.02227947040748,4.609995166220028,71.02227947040748,-2.9721078613208514,35.0,58.58585858585859
2D8x8,A_PA1_to_C1,59,-65.29736445794792,195.13533624133385,-85.32131526549605,-54.63,164.04,-51.8,55.10589380379605,0.8610295906843133,1.173612522168386,-2.7265866394081613,73.05848599974072,41.71624276467433,72.00462885452782,4.741104600673461,72.00462885452782,-2.8527916765520067,35.0,59.59595959595959
2D8x8,A_PA1_to_C1,60,-64.06398870106675,195.89027226448488,-85.58037062872329,-53.3,164.48,-51.8,55.97434943099215,0.8745992098592523,1.174194125991885,-2.5907665652842002,74.20987016033176,41.65346825235803,73.00292807315425,4.873782220959295,73.00292807315425,-2.733194408409801,35.0,60.60606060606061
2D8x8,A_PA1_to_C1,61,-62.8228995497926,196.63404521676424,-85.83482177572114,-51.96,164.91,-51.8,56.870236915010885,0.8885974517970451,1.1747673803946517,-2.452846908475184,75.39762302469084,41.58466105237485,74.03630007743985,5.010230820142569,74.03630007743985,-2.6111058599984287,35.0,61.61616161616161
2D8x8,A_PA1_to_C1,62,-61.574080991881786,197.36638378280423,-86.08456237099055,-50.61,165.33,-51.8,57.79244296912786,0.9030069213926228,1.1753293725986547,-2.3131265959812213,76.6202686156229,41.50989044774262,75.10332684789095,5.150151763039707,75.10332684789095,-2.486816493024519,35.0,62.62626262626263
2D8x8,A_PA1_to_C1,63,-60.3175221924691,198.0870113508912,-86.32948341654753,-49.26,165.73,-51.8,58.71230275014318,0.9173797304709872,1.1758591833709582,-2.1759653752736194,77.8398035563374,41.429231726122175,76.19219670269939,5.292072304396308,76.19219670269939,-2.3617901014212697,35.0,63.63636363636363
2D8x8,A_PA1_to_C1,64,-59.05321894838989,198.7956474068054,-86.56947528206895,-47.91,166.13,-51.8,59.64274511124181,0.9319178923631533,1.1763676635458806,-2.039395177293932,79.07336870735229,41.34276610400905,77.30612429640408,5.436287404994729,77.30612429640408,-2.235721986374352,35.0,64.64646464646465
2D8x8,A_PA1_to_C1,65,-57.78117418123128,199.4920086289987,-86.80442607520538,-46.56,166.51,-51.8,60.568165891255916,0.9463775920508737,1.1768433365571291,-1.9056592045350866,80.30027632890823,41.250580644955335,78.43755770989789,5.581879932271847,78.43755770989789,-2.1095187461909704,35.0,65.65656565656566
2D8x8,A_PA1_to_C1,66,-56.50139772720847,200.1758074461437,-87.03422398879702,-45.2,166.89,-51.8,61.51992388195297,0.9612488106555152,1.1773049152173594,-1.7702318691320276,81.56210139041721,41.15276817190405,79.59593893776913,5.729837130003156,79.59593893776913,-1.9821817964801705,35.0,66.66666666666666
2D8x8,A_PA1_to_C1,67,-55.21390634241263,200.8467522123485,-87.25875552522025,-43.84,167.25,-51.8,62.462598430648136,0.9759781004788771,1.1777309424846165,-1.6381467214947008,82.81188377419215,41.04942717372438,80.76587743524868,5.878416289352346,80.76587743524868,-1.8554416883722533,35.0,67.67676767676768
2D8x8,A_PA1_to_C1,68,-53.9187252008448,201.50454957328992,-87.47790625334092,-42.48,167.6,-51.8,63.400595822778854,0.9906343097309196,1.1781249757933285,-1.5086808722190528,84.05546526086164,40.94066170604162,81.94635692690126,6.027495865917016,81.94635692690126,-1.7294069801765277,35.0,68.68686868686868
2D8x8,A_PA1_to_C1,69,-52.61588688166932,202.14890215357067,-87.69156066867265,-41.12,167.94,-51.8,64.33126048922122,1.0051759451440816,1.178485770538592,-1.3821064393993663,85.28932514063823,40.826581286462094,83.13349964546404,6.176660970250042,83.13349964546404,-1.60447873503073,35.0,69.6969696969697
2D8x8,A_PA1_to_C1,70,-51.305433226217545,202.77951170494575,-87.89960339828632,-39.75,168.27,-51.8,65.29766265938696,1.0202759790529212,1.1788286961536736,-1.2525949398206182,86.57056521398786,40.70730078429813,84.33998847427611,6.3272246230167255,84.33998847427611,-1.479329253418276,35.0,70.70707070707071
2D8x8,A_PA1_to_C1,71,-49.98700076908163,203.3952860211952,-88.10159506690974,-38.38,168.59,-51.8,66.27209340396962,1.0355014594370253,1.1791389055504673,-1.1239338718539562,87.8624494390089,40.582940304904426,85.55223737965181,6.477757251060007,85.55223737965181,-1.355372564320672,35.0,71.71717171717171
2D8x8,A_PA1_to_C1,72,-48.66072424070704,203.99600512794527,-88.29745317406535,-37.0,168.89,-51.8,67.21277609491094,1.0501996264829834,1.179400538171494,-1.0015109885826585,89.10959105059457,40.45362506874214,86.75126311842699,6.626367238160411,86.75126311842699,-1.234483861261844,35.0,72.72727272727273
2D8x8,A_PA1_to_C1,73,-47.32700018966312,204.58196768582224,-88.48730791743925,-35.63,169.19,-51.8,68.09784301065298,1.0640287970414528,1.1796106296741267,-0.8878805397208012,90.28299818382793,40.31948528529254,87.92519979648984,6.77196769093235,87.92519979648984,-1.1177327228500342,35.0,73.73737373737373
2D8x8,A_PA1_to_C1,74,-45.985910393316935,205.15286772437383,-88.67104090949582,-34.25,169.47,-51.8,68.96643231007752,1.0776005048449613,1.179779083540705,-0.7777924548043323,91.43455956485684,40.180656021946966,89.08443503264884,6.915696139240549,89.08443503264884,-1.0039633984851009,35.0,74.74747474747475
2D8x8,A_PA1_to_C1,75,-44.63754649554768,205.7083984412187,-88.84853507484068,-32.87,169.75,-51.8,69.80670012123156,1.090729689394243,1.1799020839179468,-0.6726054846444117,92.548572783403,40.03727706800559,90.22045430710983,7.056809523758545,90.22045430710983,-0.8938998066650521,35.0,75.75757575757575
2D8x8,A_PA1_to_C1,76,-43.28201139690344,206.24825580764937,-89.01967349375997,-31.49,170.01,-51.8,70.60496123992974,1.1032025193739021,1.179976006130087,-0.5738432790871265,93.60689422125492,39.88949279392129,91.32394098426995,7.194522611091541,91.32394098426995,-0.7883071055302215,35.0,76.76767676767676
2D8x8,A_PA1_to_C1,77,-41.919417359232085,206.77213383026503,-89.18434026853464,-30.1,170.26,-51.8,71.4034481858419,1.1156788779037796,1.1799997716605781,-0.47616395698479685,94.66551505710606,39.737452005930976,92.40604821746439,7.330007629369744,92.40604821746439,-0.685992042804398,35.0,77.77777777777779
2D8x8,A_PA1_to_C1,78,-40.54939109286912,207.2785156165476,-89.34193078350054,-28.71,170.5,-51.8,72.16844238667531,1.1276319122918017,1.1799722961096573,-0.38360101783138023,95.67973176340729,39.581307796220166,93.44994011875072,7.461777758033361,93.44994011875072,-0.5884194514824295,35.0,78.78787878787878
2D8x8,A_PA1_to_C1,79,-39.17222385924912,207.7673671887726,-89.49243903545896,-27.33,170.73,-51.8,72.83525713574673,1.1380508927460427,1.1799999684688445,-0.3037145022963222,96.56378377031075,39.42121738877227,94.4273696950832,7.587357211977967,94.4273696950832,-0.498042151171597,35.0,79.7979797979798
2D8x8,A_PA1_to_C1,80,-37.78842126078582,208.2392299301881,-89.63609218903564,-25.94,170.94,-51.8,73.42964347355169,1.1473381792742452,1.1799688155070676,-0.2331192667885855,97.35181138299362,39.25734198105732,95.343361840805,7.70739140000285,95.343361840805,-0.4141907752259428,35.0,80.8080808080808
2D8x8,A_PA1_to_C1,81,-36.398144323079634,208.69380836243155,-89.7727800705817,-24.54,171.15,-51.8,73.96701228026899,1.155734566879203,1.1798751700700547,-0.16978612255072406,98.06424609246473,39.089846581719755,96.19919245897395,7.82214920896466,96.19919245897395,-0.33657147235881985,35.0,81.81818181818183
2D8x8,A_PA1_to_C1,82,-35.001565987997985,209.13081320906835,-89.90239448340782,-23.15,171.34,-51.8,74.42249745289206,1.1628515227014384,1.1799693877825135,-0.11646286036413,98.66812082908825,38.91889984442873,96.98141912204437,7.93055959297433,96.98141912204437,-0.26622930348934043,35.0,82.82828282828282
2D8x8,A_PA1_to_C1,83,-33.59882471196269,209.5498193112597,-90.02477205237446,-21.75,171.53,-51.8,74.83146885778388,1.169241700902873,1.1799994447843007,-0.06886225762990926,99.2103283788826,38.74467389805816,97.69888307067421,8.03355177623944,97.69888307067421,-0.2022080253206775,35.0,83.83838383838383
2D8x8,A_PA1_to_C1,84,-32.18939736157059,209.9482143116595,-90.1388748450846,-20.36,171.7,-51.8,75.13484483392975,1.1739819505301523,1.1799986787586019,-0.03371978093134121,99.61253924919033,38.56734417336753,98.32586449706679,8.128960800041062,98.32586449706679,-0.1466445302676487,35.0,84.84848484848484
2D8x8,A_PA1_to_C1,85,-30.77429878000518,210.328098954824,-90.24555516389712,-18.96,171.86,-51.8,75.32839402922936,1.1770061567067087,1.1799977717457257,-0.011373487047439252,99.86914358311884,38.38708922635802,98.85702495165863,8.216447086000782,98.85702495165863,-0.09984927069108002,35.0,85.85858585858585
2D8x8,A_PA1_to_C1,86,-29.353752174889728,210.6892116692296,-90.34471752312658,-17.56,172.01,-51.8,75.42709522339624,1.1785483628655662,1.1799996773801014,0.0,100.0,38.204090558481724,99.29433859806569,8.296292429396102,99.29433859806569,-0.061510253800752056,35.0,86.86868686868688
2D8x8,A_PA1_to_C1,87,-27.927991414838672,211.031298188544,-90.4362692640794,-16.16,172.14,-51.8,75.42678321726669,1.178543487769792,1.1799999281852271,-3.5929481371874295e-05,99.99958634741452,38.018532433885035,99.63302368515173,8.368159241548605,99.63302368515173,-0.03193378832939664,35.0,87.87878787878788
2D8x8,A_PA1_to_C1,88,-26.49708986336301,211.3533998370832,-90.5198371965285,-14.76,172.27,-51.8,75.31118416304558,1.1767372525475872,1.1799989009744312,-0.013358131465624175,99.84632702610732,37.83060169387034,99.86416310696075,8.431328361060295,99.86416310696075,-0.01180666333616181,35.0,88.88888888888889
2D8x8,A_PA1_to_C1,89,-25.060970741497925,211.65367905566976,-90.594698687592,-13.36,172.38,-51.8,75.08068312953608,1.1731356738990013,1.1799729767124527,-0.039983349202041656,99.54073255395271,37.64048756876262,99.9853139796096,8.485619487977646,99.9853139796096,-0.001275705200789643,35.0,89.8989898989899
2D8x8,A_PA1_to_C1,90,-23.62047023416736,211.93414305010464,-90.6616657715752,-11.95,172.49,-51.8,74.75086870689772,1.1679823235452769,1.179998427365725,-0.07822277565043544,99.10347002692374,37.448381487370604,100.0,8.531338953839544,100.0,0.0,35.0,90.9090909090909
2D8x8,A_PA1_to_C1,91,-22.17586800900967,212.19458342861975,-90.72066392626355,-10.55,172.58,-51.8,74.32252799888384,1.16128949998256,1.1799414854889283,-0.1281381923329964,98.53558297420716,37.25447688423409,99.90670154891383,8.568323025821202,99.90670154891383,-0.008107583208530628,35.0,91.91919191919192
2D8x8,A_PA1_to_C1,92,-20.727453063034623,212.43480425702376,-90.77162563826468,-9.14,172.66,-51.8,73.74004305329507,1.1521881727077354,1.1799531104159127,-0.19647992135301556,97.76333403121976,37.05896900485185,99.68357671219525,8.594605589177487,99.68357671219525,-0.027527752682487486,35.0,92.92929292929293
2D8x8,A_PA1_to_C1,93,-19.27509516286899,212.65187307593305,-90.81339786387645,-7.74,172.73,-51.8,73.03818278158516,1.1412216059622682,1.1799999242044563,-0.2795484731348493,96.8328192478635,36.862054709085946,99.34245798904571,8.611107240269277,99.34245798904571,-0.05730197280890767,35.0,93.93939393939394
2D8x8,A_PA1_to_C1,94,-17.819519238473163,212.8477616926178,-90.84677561774735,-6.33,172.78,-51.8,72.27215911086603,1.1292524861072817,1.17998651179914,-0.3711270712341744,95.81723768735084,36.66393227294048,98.90314301498582,8.619421022925664,98.90314301498582,-0.09579813724230272,35.0,94.94949494949495
2D8x8,A_PA1_to_C1,95,-16.361134123678585,213.0228626326401,-90.87192424144814,-4.92,172.83,-51.8,71.41991225268262,1.115936128948166,1.1799906387359353,-0.4741614124743382,94.68734284563745,36.46480118891455,98.3574683642447,8.618669835509529,98.3574683642447,-0.1438531630398065,35.0,95.95959595959596
2D8x8,A_PA1_to_C1,96,-14.90026325715754,213.17704027493127,-90.8888001372905,-3.52,172.86,-51.8,70.43437267239433,1.1005370730061614,1.1798975006117278,-0.5948546402807432,93.38073070928331,36.264861965130144,97.68853055372013,8.607150963590481,97.68853055372013,-0.20312846147524333,35.0,96.96969696969697
2D8x8,A_PA1_to_C1,97,-13.43703824777575,213.30785671798188,-90.89645133311062,-2.11,172.89,-51.8,69.30925244777168,1.0829570694964326,1.179693055743308,-0.7347233644151439,91.88906485460559,36.06431592343749,96.89487759154598,8.58446239209695,96.89487759154598,-0.27398363184907476,35.0,97.97979797979798
2D8x8,A_PA1_to_C1,98,-11.971971855513626,213.41633410235175,-90.89529536304708,-0.7,172.9,-51.8,68.16610579754473,1.0650954030866364,1.1793983995188735,-0.8791779725617761,90.37349986189145,35.863364996701016,96.02251729878073,8.554441017874044,96.02251729878073,-0.3525382575600362,35.0,98.98989898989899
2D8x8,A_PA1_to_C1,99,-10.505520051148409,213.5035449776888,-90.88576482916936,0.7,172.9,-51.8,67.00351809559068,1.0469299702436043,1.179022716463052,-1.0285955295721376,88.83216024313674,35.662211525470056,95.07267346093062,8.516948697716478,95.07267346093062,-0.4388858695645246,35.0,100.0
2D8x8,A_PA1_to_C1,100,-9.03802752308437,213.56942533875437,-90.86784563242011,2.11,172.89,-51.8,65.69603432016477,1.0265005362525745,1.1785192288108857,-1.1997645666397916,87.09871979769274,35.46105805423909,94.00137580791102,8.467650409251256,94.00137580791102,-0.5373158000461691,35.0,101.01010101010101
2D8x8,A_PA1_to_C1,101,-7.569807923952865,213.61171415695904,-90.84065939040936,3.52,172.86,-51.8,64.29034713407653,1.0045366739699457,1.1778899105779204,-1.3876322434390134,85.2350828885357,35.26010712750262,92.82835894596776,8.407940909220363,92.82835894596776,-0.6463865419431979,35.0,102.020202020202
2D8x8,A_PA1_to_C1,102,-6.101304348598901,213.63124009584075,-90.8045463307863,4.92,172.83,-51.8,62.926362139185244,0.9832244084247694,1.1771980919735308,-1.5738951519712208,83.42673405732126,35.05956108580997,91.6080111360126,8.342539592778856,91.6080111360126,-0.7613309109155592,35.0,103.03030303030303
2D8x8,A_PA1_to_C1,103,-4.63290635035838,213.62934326947368,-90.76004220259485,6.33,172.78,-51.8,61.56114164198476,0.9618928381560119,1.1764263574589846,-1.7644143548519278,81.61674721750323,34.859621862025556,90.32783079607604,8.269978181089304,90.32783079607604,-0.8835683826660898,35.0,104.04040404040404
2D8x8,A_PA1_to_C1,104,-3.164963838314088,213.606033551836,-90.70716071871894,7.74,172.73,-51.8,60.09473179700743,0.938980184328241,1.175511091707097,-1.9738196328779236,79.6726052077464,34.66049077799963,88.95466690344132,8.186680598500361,88.95466690344132,-1.0166252445198223,35.0,105.05050505050507
2D8x8,A_PA1_to_C1,105,-1.697943285825935,213.55919295710223,-90.64508693655804,9.14,172.66,-51.8,58.58347983237085,0.9153668723807945,1.1744715639997303,-2.1950443578573022,77.66901225462972,34.462368341854166,87.51312991542984,8.094561934811184,87.51312991542984,-1.1585356659462085,35.0,106.06060606060606
2D8x8,A_PA1_to_C1,106,-0.2322283949211495,213.48964013175785,-90.57415246751472,10.55,172.58,-51.8,57.12321500006182,0.8925502343759659,1.1733718336274903,-2.4142948109995053,75.73301720141431,34.26545404608826,86.04259732340272,7.997140415551396,86.04259732340272,-1.3057297652739928,35.0,107.07070707070707
2D8x8,A_PA1_to_C1,107,1.2318954371084,213.3988401321371,-90.494939805427,11.95,172.49,-51.8,55.73092555474682,0.870795711792919,1.1722327430641752,-2.628622544269228,73.88714279621365,34.069946166706025,84.55366432564774,7.89521972269074,84.55366432564774,-1.457351330354991,35.0,108.08080808080808
2D8x8,A_PA1_to_C1,108,2.6940895608745743,213.2868762750944,-90.40749239818872,13.36,172.38,-51.8,54.2680949700501,0.8479389839070328,1.1709322376594409,-2.8596561310011226,71.94774611075972,33.8760415635695,82.99991279229586,7.7836995804081734,82.99991279229586,-1.6184472787061326,35.0,109.09090909090908
2D8x8,A_PA1_to_C1,109,4.153793231843601,213.15203258624496,-90.31115359116733,14.76,172.27,-51.8,52.78210235426354,0.8247203492853679,1.1694982648413395,-3.100813967381113,69.9776415861384,33.68393548217748,81.40341676903684,7.664396143976574,81.40341676903684,-1.7871473192193026,35.0,110.1010101010101
2D8x8,A_PA1_to_C1,110,5.610639042819751,212.9946945263486,-90.20608538842838,16.16,172.14,-51.8,51.38340951987806,0.8028657737480946,1.1680347762306704,-3.334089292536409,68.1232776732197,33.49382135706978,79.80953960572353,7.5418021176823675,79.80953960572353,-1.958903889649608,35.0,111.11111111111111
2D8x8,A_PA1_to_C1,111,7.064485336711198,212.81660122945664,-90.09297442379186,17.56,172.01,-51.8,50.06188115421939,0.782216893034678,1.1665446929282453,-3.5604043604408044,66.37121714146433,33.305890617055084,78.21934830731588,7.415862836999167,78.21934830731588,-2.133716134774576,35.0,112.12121212121211
2D8x8,A_PA1_to_C1,112,8.51502038884186,212.61790787921868,-89.97189010856013,18.96,171.86,-51.8,48.739565997707764,0.7615557187141838,1.1649357827143862,-3.7929145043664154,64.61811349536043,33.120332492458395,76.608983829453,7.283700274961714,76.608983829453,-2.314405965368908,35.0,113.13131313131312
2D8x8,A_PA1_to_C1,113,9.961751170364485,212.3978116720477,-89.84253296538209,20.36,171.7,-51.8,47.38209846618648,0.7403452885341637,1.1631502409758856,-4.038261839667726,62.81840540969067,32.93733382458208,74.97058935521585,7.144049669093841,74.97058935521585,-2.5021815017086486,35.0,114.14141414141415
2D8x8,A_PA1_to_C1,114,11.404091829012076,212.15529861284764,-89.70452284322879,21.75,171.53,-51.8,46.11055847132734,0.7204774761144896,1.1613456959990522,-4.274540013234349,61.132618636259785,32.75707887757258,73.35340861235768,7.00230266251896,73.35340861235768,-2.691594008017832,35.0,115.15151515151516
2D8x8,A_PA1_to_C1,115,12.842164013141216,211.89280589036773,-89.55881087418322,23.15,171.34,-51.8,44.931201179274375,0.7020500184261621,1.1595439748781502,-4.499587076710227,59.569046171272234,32.57974915288195,71.76436305461755,6.859221969523231,71.76436305461755,-2.881823307600661,35.0,116.16161616161615
2D8x8,A_PA1_to_C1,116,14.27569473601576,211.61054562237044,-89.40548865092514,24.54,171.15,-51.8,43.80298159235149,0.6844215873804921,1.1576968930110951,-4.720474194511023,58.07327123312649,32.40552320651138,70.19285071655482,6.713476856477026,70.19285071655482,-3.074142387735608,35.0,117.17171717171718
2D8x8,A_PA1_to_C1,117,15.704420609000886,211.30873996345576,-89.24465069119623,25.94,170.94,-51.8,42.63843615016965,0.6662255648464008,1.1556416421749698,-4.954522304176383,56.52933607463637,32.23457646922036,68.61104060973679,6.5614407570484605,68.61104060973679,-3.272119875346344,35.0,118.18181818181819
2D8x8,A_PA1_to_C1,118,17.127467061117866,210.9853888030928,-89.07554022675586,27.33,170.73,-51.8,41.51530727646056,0.6486766761946963,1.1535096047707398,-5.186382523806605,55.04031032018744,32.06708106988279,67.05166776749269,6.407003094524187,67.05166776749269,-3.471808310547017,35.0,119.19191919191918
2D8x8,A_PA1_to_C1,119,18.54500242105926,210.64245975846785,-88.89892252982663,28.71,170.5,-51.8,40.50967512849205,0.6329636738826883,1.1514628605092312,-5.399372451467865,53.70705978867739,31.90320566216783,65.54664580933569,6.254322981727364,65.54664580933569,-3.668990547446767,35.0,120.2020202020202
2D8x8,A_PA1_to_C1,120,19.95695951902884,210.28081088695933,-88.71513602499982,30.1,170.26,-51.8,39.544980056475325,0.617890313382427,1.1493618073693814,-5.608720441001481,52.428082957925085,31.74311525471995,64.07152627934745,6.100310473732948,64.07152627934745,-3.8666986068481997,35.0,121.21212121212122
2D8x8,A_PA1_to_C1,121,21.36312255140996,209.9007043348374,-88.52429015015632,31.49,170.01,-51.8,38.618211993339614,0.6034095623959315,1.1472040182524943,-5.814704412823028,51.19938913060632,31.586971045009136,62.62865921215016,5.945302637856676,62.62865921215016,-4.064537716156697,35.0,122.22222222222223
2D8x8,A_PA1_to_C1,122,22.763287163308185,209.50241116711732,-88.32649553713337,32.87,169.75,-51.8,37.697008964990914,0.589015765077983,1.1449079322772768,-6.024409800618641,49.97807333471053,31.434930257018813,61.20933838960646,5.788103682069426,61.20933838960646,-4.263646295099072,35.0,123.23232323232322
2D8x8,A_PA1_to_C1,123,24.15657910066909,209.08432508444196,-88.12115160875746,34.25,169.47,-51.8,36.805409357656146,0.5750845212133773,1.1425264830435873,-6.232314609815518,48.79600526660573,31.287145982934522,59.82532474731859,5.63038232388532,59.82532474731859,-4.462298704909578,35.0,124.24242424242425
2D8x8,A_PA1_to_C1,124,25.543293466436644,208.6482072407228,-87.90893755362836,35.63,169.19,-51.8,35.99306356655693,0.562391618227452,1.140215989933802,-6.426171389922862,47.71901060216418,31.143767028993146,58.497516853539175,5.475325784680665,58.497516853539175,-4.6572513756877045,35.0,125.25252525252526
2D8x8,A_PA1_to_C1,125,26.92344255045924,208.19485717158383,-87.69016649807516,37.0,168.89,-51.8,35.235896271478765,0.5505608792418557,1.1379250396600955,-6.61084120150261,46.71517067854573,31.004937765647583,57.21941648859781,5.32225121397558,57.21941648859781,-4.849131507012968,35.0,126.26262626262626
2D8x8,A_PA1_to_C1,126,28.296872416348656,207.724568192602,-87.46495907252391,38.38,168.59,-51.8,34.49922501716401,0.5390503908931876,1.1355570896301577,-6.794360872248658,45.73850406804864,30.870797982197963,55.980338350829285,5.16975326622484,55.980338350829285,-5.039289618842632,35.0,127.27272727272727
2D8x8,A_PA1_to_C1,127,29.663439688942976,207.23763640733537,-87.2334345109946,39.75,168.27,-51.8,33.80323539059906,0.5281755529781104,1.1331815622765573,-6.971382264883435,44.81577248929223,30.741482746035686,54.78948925975067,5.019448822716074,54.78948925975067,-5.226054959623314,35.0,128.2828282828283
2D8x8,A_PA1_to_C1,128,31.023012683729167,206.73436170913817,-86.99571479085466,41.12,167.94,-51.8,33.10541688630362,0.5172721388484941,1.1306480910411423,-7.152566434268746,43.89061621457599,30.61712226664198,53.63273986724902,4.869312305219578,53.63273986724902,-5.411400324459245,35.0,129.2929292929293
2D8x8,A_PA1_to_C1,129,32.37470356525212,206.2133764793259,-86.75128976688967,42.48,167.6,-51.8,32.444444728809756,0.5069444488876524,1.1281030513939303,-7.327740741722301,43.014310219314964,30.49784176447801,52.525541991847625,4.722028712713024,52.525541991847625,-5.592589151460954,35.0,130.3030303030303
2D8x8,A_PA1_to_C1,130,33.719101063085496,205.67660809481976,-86.50089817554122,43.84,167.25,-51.8,31.840739282860003,0.49751155129468755,1.1256481134875973,-7.490884804145651,42.213927486608995,30.383761344898485,51.476369716530144,4.579327505509298,51.476369716530144,-5.76784177135587,35.0,131.31313131313132
2D8x8,A_PA1_to_C1,131,35.05617762104751,205.12451340531013,-86.24471920298933,45.2,166.89,-51.8,31.263651818685936,0.48849455966696775,1.1231710288171652,-7.649753550924857,41.44883443554442,30.274995877215733,50.47466338385232,4.439786772726441,50.47466338385232,-5.938531373797579,35.0,132.32323232323233
2D8x8,A_PA1_to_C1,132,36.38584781708681,204.55739637263824,-85.98287507018212,46.56,166.51,-51.8,30.70972063464336,0.4798393849163025,1.1206604405739176,-7.8050303440756,40.714441599121415,30.17165487903605,49.519619890745545,4.303563421014455,49.519619890745545,-6.104453951804527,35.0,133.33333333333331
2D8x8,A_PA1_to_C1,133,37.70803641502904,203.97556182960767,-85.71548684828234,47.91,166.13,-51.8,30.18476243223195,0.4716369130036242,1.1181606748959774,-7.9547924158645875,40.01846066434378,30.073842405984774,48.61362115432236,4.171381052416718,48.61362115432236,-6.264840555770288,35.0,134.34343434343435
2D8x8,A_PA1_to_C1,134,39.02267691114972,203.37931197772247,-85.44267500237241,49.26,165.73,-51.8,29.68015624406266,0.46375244131347904,1.1156304523287235,-8.10122400099074,39.34946209469879,29.98165694693105,47.753528128896896,4.042996661208524,47.753528128896896,-6.419890726502207,35.0,135.35353535353536
2D8x8,A_PA1_to_C1,135,40.32971261578653,202.76894899163807,-85.16455939825487,50.61,165.33,-51.8,29.192744563582544,0.45613663380597724,1.1130651666106124,-8.245049113677771,38.70325972002623,29.895191324817926,46.93801533939814,3.9184677074380563,46.93801533939814,-6.569505548847304,35.0,136.36363636363635
2D8x8,A_PA1_to_C1,136,41.62902929258818,202.1446564938012,-84.8812160005424,51.96,164.91,-51.8,28.71061788751389,0.44860340449240454,1.1103914543007378,-8.38969687515284,38.06406411711893,29.814532603197485,46.16236013978199,3.79719998953329,46.16236013978199,-6.714239902817319,35.0,137.37373737373736
2D8x8,A_PA1_to_C1,137,42.92008254787703,201.5058761804476,-84.59244212770967,53.3,164.48,-51.8,28.255624068104762,0.4414941260641369,1.1077468101398786,-8.52844958225375,37.460840808490175,29.73976199856526,45.4340921199517,3.6808873124559693,45.4340921199517,-6.852362915004466,35.0,138.3838383838384
2D8x8,A_PA1_to_C1,138,44.20344095580125,200.8539741852588,-84.29875593198065,54.63,164.04,-51.8,27.836974021063337,0.43495271907911465,1.1052071604148275,-8.658107175311063,36.90580147441336,29.670954798582077,44.75594956766133,3.570385076981264,44.75594956766133,-6.982984483986514,35.0,139.3939393939394
2D8x8,A_PA1_to_C1,139,45.479083879422326,200.1892406876478,-84.00027201496113,55.97,163.59,-51.8,27.42666822797382,0.42854169106209095,1.1026014149368906,-8.787086597514534,36.36182481473384,29.608180286265778,44.11686015534203,3.463857582312172,44.11686015534203,-7.1079080868005375,35.0,140.4040404040404
2D8x8,A_PA1_to_C1,140,46.74699928704412,199.5119648380151,-83.69710381974916,57.3,163.13,-51.8,27.036488284518505,0.42244512944560164,1.1000167749023717,-8.911542032240874,35.84453067487641,29.551501670229115,43.52027050358036,3.362240629604858,43.52027050358036,-7.226168278216286,35.0,141.41414141414143
2D8x8,A_PA1_to_C1,141,48.007181537454464,198.82243129729403,-83.3893624432826,58.62,162.66,-51.8,26.665149057704248,0.4166429540266289,1.0974551326446285,-9.031667343552579,35.35221524669448,29.500976021033974,42.964728648124364,3.2655137739102265,42.964728648124364,-7.3377585346368255,35.0,142.42424242424244
2D8x8,A_PA1_to_C1,142,49.25963216287593,198.12092114404783,-83.07715879174981,59.94,162.18,-51.8,26.30590549676447,0.41102977338694485,1.0948733217833677,-9.149482546219426,34.87593605302305,29.456654213726235,42.44669726872813,3.173209744805208,42.44669726872813,-7.443121921718852,35.0,143.43434343434342
2D8x8,A_PA1_to_C1,143,50.504359087927725,197.4077115489707,-82.76060183738355,61.26,161.68,-51.8,25.958294025787794,0.4055983441529343,1.0922685442297297,-9.265024711746928,34.415078492557356,29.418580876608857,41.96488661491111,3.0852867014080525,41.96488661491111,-7.542278919424501,35.0,144.44444444444443
2D8x8,A_PA1_to_C1,144,51.74137630049833,196.68307631020824,-82.4397969481123,62.58,161.18,-51.8,25.621526261516877,0.4003363478362012,1.0896472034328304,-9.378447720342649,33.96859733976538,29.386794346304974,41.517839476741415,3.0016506342276843,41.517839476741415,-7.635305091507347,35.0,145.45454545454547
2D8x8,A_PA1_to_C1,145,52.97070413149112,195.9472847727104,-82.11485016116147,63.89,160.66,-51.8,25.300398425442516,0.3953187253975393,1.087049666910203,-9.488000449846002,33.542851346070066,29.36132662915617,41.106117690104966,2.92261573927902,41.106117690104966,-7.721870773506632,35.0,146.46464646464648
2D8x8,A_PA1_to_C1,146,54.19236807897806,195.20060217646076,-81.78586373787523,65.19,160.14,-51.8,24.993723867732623,0.39052693543332223,1.0844835989097588,-9.593928310036064,33.136267270677,29.342203368994813,40.72806074914635,2.8480201795702613,40.72806074914635,-7.8021253637085275,35.0,147.47474747474746
2D8x8,A_PA1_to_C1,147,55.40639861693578,194.44328844032668,-81.45293907592712,66.49,159.6,-51.8,24.696103080339952,0.38587661063031176,1.0818969125087474,-9.697979073993508,32.74168653478735,29.329443821322883,40.38044804117654,2.777346117622896,40.38044804117654,-7.876577333042666,35.0,148.4848484848485
2D8x8,A_PA1_to_C1,148,56.61283103800743,193.6755986866025,-81.11617586847466,67.79,159.06,-51.8,24.40694181761022,0.3813584659001597,1.079296606361198,-9.800280340841926,32.35832129730431,29.323060833923282,40.06182538934996,2.710428647354214,40.06182538934996,-7.945385325281683,35.0,149.4949494949495
2D8x8,A_PA1_to_C1,149,57.811705742301854,192.89778461982107,-80.77567078527012,69.08,158.5,-51.8,24.130562527730703,0.37704003949579223,1.0767235255473826,-9.899198733457395,31.99190218881159,29.323060833923282,39.77255518842093,2.647483835395075,39.77255518842093,-8.00833013724082,35.0,150.5050505050505
2D8x8,A_PA1_to_C1,150,59.0030673546265,192.1100930008785,-80.431518605454,70.37,157.93,-51.8,23.861799200345942,0.37284061250540534,1.0741345875843293,-9.996483923045975,31.635580197902684,29.329443821322883,39.50952717753252,2.587960098246777,39.50952717753252,-8.065963352418784,35.0,151.5151515151515
2D8x8,A_PA1_to_C1,151,60.18696445293098,191.3127651870468,-80.0838131635974,71.65,157.35,-51.8,23.60455208893363,0.36882112638958797,1.0715778451332754,-10.090632381285626,31.29452621637203,29.342203368994813,39.27298868380206,2.532024592111786,39.27298868380206,-8.118120951167002,35.0,152.52525252525254
2D8x8,A_PA1_to_C1,152,61.363448392895926,190.5060368241799,-79.73264497029759,72.93,156.77,-51.8,23.353998147106818,0.36490622104854403,1.0690099921288538,-10.18332282972388,30.962345928791375,29.36132662915617,39.0600087183387,2.4791332305453366,39.0600087183387,-8.165353282240314,35.0,153.53535353535352
2D8x8,A_PA1_to_C1,153,62.53257525076112,189.69013986366625,-79.37810395588245,74.2,156.17,-51.8,23.114068460910875,0.3611573197017324,1.0664723780816032,-10.273019752681694,30.644251104265347,29.386794346304974,38.87091003077944,2.42944989144472,38.87091003077944,-8.207505834290313,35.0,154.54545454545453
2D8x8,A_PA1_to_C1,154,63.69440350185478,188.86530081635576,-79.02027652704841,75.47,155.56,-51.8,22.88024524506453,0.35750383195413327,1.0639212329165078,-10.361334154208429,30.334252137509672,29.418580876608857,38.70294696949676,2.3824463185562346,38.70294696949676,-8.245119302276319,35.0,155.55555555555557
2D8x8,A_PA1_to_C1,155,64.8489950311793,188.0317417660356,-78.65924735945033,76.73999999999998,154.94,-51.8,22.652343217221947,0.3539428627690929,1.0613571810848776,-10.448284993596115,30.032103384243232,29.456654213726235,38.555008801637655,2.337947798624864,38.555008801637655,-8.278383867899196,35.0,156.56565656565658
2D8x8,A_PA1_to_C1,156,65.99641377848022,187.18967854614155,-78.29510006010506,77.98999999999998,154.31,-51.8,22.437421622928404,0.3505847128582563,1.0588776323513096,-10.531088680567336,29.7471638758915,29.500976021033974,38.428692898182085,2.2963845636623255,38.428692898182085,-8.306887744884726,35.0,157.57575757575756
2D8x8,A_PA1_to_C1,157,67.13672726207854,186.3393236804872,-77.92791593936606,79.25,153.67,-51.8,22.224154765006947,0.34725241820323355,1.0563384371468827,-10.614042602982387,29.46441818975601,29.551501670229108,38.31888142775415,2.256665368537766,38.31888142775415,-8.33174353928338,35.0,158.58585858585857
2D8x8,A_PA1_to_C1,158,68.27000362544098,185.4808832655693,-77.55777279708339,80.5,153.02,-51.8,22.019538446212362,0.34405528822206816,1.0538370987507903,-10.69438342922766,29.19314124585599,29.608180286265778,38.22724054558393,2.2192246563940947,38.22724054558393,-8.352541012718614,35.0,159.5959595959596
2D8x8,A_PA1_to_C1,159,69.3963146922312,184.6145597302445,-77.1847486605872,81.73999999999998,152.36,-51.8,21.823150958543906,0.3409867337272485,1.0513745315892953,-10.772198521152266,28.932773950672736,29.670954798582073,38.15275551990576,2.1838877535085475,38.15275551990576,-8.369481807459232,35.0,160.6060606060606
2D8x8,A_PA1_to_C1,160,70.51573242914215,183.74054930316348,-76.80891769989609,82.98,151.69,-51.8,21.63139556667678,0.3379905557293247,1.0489034028835102,-10.84885687410085,28.678547811777694,29.73976199856526,38.09329060430065,2.1502200243725516,38.09329060430065,-8.383030203087884,35.0,161.6161616161616
2D8x8,A_PA1_to_C1,161,71.62833176385743,182.8590444248774,-76.43035371243633,84.20999999999998,151.01,-51.8,21.447308399430987,0.3351141937411092,1.0464730735019667,-10.923091723536324,28.434488078732727,29.814532603197485,38.049195046475226,2.1183493612252366,38.049195046475226,-8.393090531125372,35.0,162.62626262626264
2D8x8,A_PA1_to_C1,162,72.73418891237762,181.9702330772119,-76.04912746341594,85.43,150.32,-51.8,21.27053371525823,0.33235208930090987,1.044084334832077,-10.99497991293257,28.200123115254826,29.895191324817922,38.01961552385521,2.0881276706232526,38.01961552385521,-8.399845585662108,35.0,163.63636363636365
2D8x8,A_PA1_to_C1,163,73.83338034769403,181.07429724503453,-75.66530789168684,86.65,149.62,-51.8,21.09782850138306,0.3296535703341103,1.041690397318783,-11.065792503167518,27.971153388442914,29.98165694693105,38.00268026317404,2.0591719423928763,38.00268026317404,-8.403715445317854,35.0,164.64646464646464
2D8x8,A_PA1_to_C1,164,74.92598411421237,180.1714145158533,-75.27896292817486,87.87,148.91,-51.8,20.92916702498615,0.3270182347654086,1.03929293177628,-11.135508780366912,27.74754478214915,30.07384240598477,37.99774219280086,2.0313774445552073,37.99774219280086,-8.404844163631802,35.0,165.65656565656565
2D8x8,A_PA1_to_C1,165,76.01207975140402,179.2617589762031,-74.89015774945686,89.08,148.19,-51.8,20.767272989703695,0.32448864046412024,1.0369409770760958,-11.2029582215816,27.532908337774657,30.171654879036048,38.00520497173836,2.004878955526528,38.00520497173836,-8.403138417292453,35.0,166.66666666666669
2D8x8,A_PA1_to_C1,166,77.09174762221413,178.34549973922313,-74.49895691208107,90.28,147.46,-51.8,20.61187065534198,0.32206047898971846,1.0346355593741494,-11.268199488217473,27.326878483514133,30.274995877215733,38.02440682673151,1.9795671039114417,38.02440682673151,-8.398751042612577,35.0,167.67676767676767
2D8x8,A_PA1_to_C1,167,78.16506757020038,177.42280052578397,-74.10542222749868,91.48,146.72,-51.8,20.460127983996955,0.3196894997499524,1.032331104857176,-11.332380737597612,27.125700550179165,30.383761344898485,38.05378130615856,1.9551256363456129,38.05378130615856,-8.392043640519553,35.0,168.68686868686868
2D8x8,A_PA1_to_C1,168,79.23212000205737,176.49382133220942,-73.70961251769542,92.67,145.97,-51.8,20.310988496450072,0.3173591952570324,1.0300139369960104,-11.395926454233607,26.92797387502991,30.49784176447801,38.092447980787924,1.931395527099493,38.092447980787924,-8.383222337074486,35.0,169.6969696969697
2D8x8,A_PA1_to_C1,169,80.2922457066076,175.5579947426321,-73.31132774143597,93.86,145.21,-51.8,20.165260047250822,0.3150821882382941,1.0276970730175927,-11.458471118903763,26.73476949831669,30.61712226664198,38.14024277508563,1.9083816925751855,38.14024277508563,-8.372330937103637,35.0,170.7070707070707
2D8x8,A_PA1_to_C1,170,81.34621913040817,174.61616876514668,-72.91087417856407,95.03,144.44,-51.8,20.03120083803556,0.3129875130943056,1.0255382371260886,-11.516407951542522,26.55703600769477,30.741482746035686,38.19976983079603,1.8867187047011316,38.19976983079603,-8.358785077638256,35.0,171.7171717171717
2D8x8,A_PA1_to_C1,171,82.39413102461414,173.66849982189953,-72.50831209760779,96.21,143.66,-51.8,19.898266524328516,0.31091041444263307,1.0238682137733353,-11.574242784824234,26.38079388500222,30.870797982197956,38.266745078428514,1.8654733500460354,38.266745078428514,-8.343569535021437,35.0,172.72727272727272
2D8x8,A_PA1_to_C1,172,83.43606417922192,172.71513292392234,-72.10369582975609,97.37,142.87,-51.8,19.773210347022683,0.3089564116722294,1.0223625270830736,-11.62900393002197,26.214996465738693,31.00493776564758,38.34326932667641,1.8451655230249555,38.34326932667641,-8.326217197963592,35.0,173.73737373737376
2D8x8,A_PA1_to_C1,173,84.4721014411665,171.75620943958634,-71.69707749993427,98.53,142.08,-51.8,19.6511895262418,0.30704983634752814,1.0208831991228482,-11.682770773425698,26.053223272140976,31.143767028993135,38.4272008717316,1.825352171937264,38.4272008717316,-8.307224988431107,35.0,174.74747474747474
2D8x8,A_PA1_to_C1,174,85.50232556270262,170.791866357757,-71.28850885598135,99.68,141.27,-51.8,19.534801677434295,0.30523127620991086,1.0194585242608436,-11.73436752785955,25.898918179968465,31.28714598293452,38.51915380058309,1.8062157859164922,38.51915380058309,-8.286465242878407,35.0,175.75757575757575
2D8x8,A_PA1_to_C1,175,86.52681905914028,169.82223673745816,-70.87804031093589,100.83,140.45,-51.8,19.421701273565738,0.30346408239946465,1.0180596743311041,-11.784802259507686,25.748971528127267,31.434930257018806,38.61794214006398,1.7875325275966747,38.61794214006398,-8.264217449571824,35.0,176.76767676767676
2D8x8,A_PA1_to_C1,176,87.54566407425344,168.8474505459108,-70.46571908527208,101.97,139.63,-51.8,19.311881976197903,0.30174815587809223,1.016698935417346,-11.83405568627619,25.60337491322041,31.586971045009133,38.72325596913684,1.769277693465143,38.72325596913684,-8.24056266054823,35.0,177.77777777777777
2D8x8,A_PA1_to_C1,177,88.55844803780349,167.867192725398,-70.05143424762115,103.1,138.79,-51.8,19.205550926112792,0.3000867332205124,1.0153656994825708,-11.882012262959677,25.462402959083523,31.74311525471995,38.834877971338045,1.7514479772505718,38.834877971338045,-8.215561103330577,35.0,178.78787878787878
2D8x8,A_PA1_to_C1,178,89.56514571001105,166.8815077296887,-69.63520370616975,104.23,137.95,-51.8,19.103809793335447,0.29849702802086636,1.0140897788834398,-11.928147949487515,25.327516241683085,31.90320566216784,38.95293225600635,1.7341166408070132,38.95293225600635,-8.189196888367116,35.0,179.7979797979798
2D8x8,A_PA1_to_C1,179,90.56640539812672,165.89102646115222,-69.21725653762716,105.35,137.1,-51.8,19.008962256704137,0.29701503526100215,1.0129045351892185,-11.97137949062318,25.20176894046408,32.06708106988279,39.07799592773441,1.717457071080854,39.07799592773441,-8.16135433399035,35.0,180.80808080808083
2D8x8,A_PA1_to_C1,180,91.56230890900198,164.8958659730496,-68.79763588335707,106.46,136.24,-51.8,18.91905568636252,0.29561024509941436,1.011782227270687,-12.012558547834857,25.082572290937357,32.23457646922036,39.20909048698471,1.7012959986412288,39.20909048698471,-8.132264633753575,35.0,181.8181818181818
2D8x8,A_PA1_to_C1,181,92.55293700046964,163.896139665199,-68.3763832599028,107.57,135.36,-51.8,18.832798389469176,0.29426247483545587,1.010690779544466,-12.052250514410677,24.96821378801759,32.40552320651138,39.34548882326176,1.6855181501725736,39.34548882326176,-8.10210109404006,35.0,182.82828282828282
2D8x8,A_PA1_to_C1,182,93.5383696865723,162.89195751358884,-67.95353909558447,108.67,134.48,-51.8,18.751112501696472,0.2929861328390074,1.0096676888211304,-12.090006868475957,24.85991598398474,32.57974915288195,39.48728513247456,1.6701907918060963,39.48728513247456,-8.070854485317797,35.0,183.83838383838383
2D8x8,A_PA1_to_C1,183,94.51868676017396,161.8834265470593,-67.52914318940918,109.76,133.6,-51.8,18.67081477228335,0.29173148081692735,1.0086638482929822,-12.127282248825939,24.753458577431697,32.757078877572575,39.633070090658116,1.655050977068637,39.633070090658116,-8.038845693468158,35.0,184.84848484848484
2D8x8,A_PA1_to_C1,184,95.49271186178296,160.8696074210233,-67.1028632821566,110.84,132.7,-51.8,18.595516549423497,0.29055494608474214,1.0077201331694565,-12.162382722661603,24.653629434287794,32.93733382458208,39.78393826174159,1.6403866161958978,39.78393826174159,-8.005844554606592,35.0,185.85858585858585
2D8x8,A_PA1_to_C1,185,96.46170388940378,159.85160660413624,-66.67509437547085,111.92,131.79,-51.8,18.526676727002933,0.2894793238594208,1.006864959290067,-12.194597186995615,24.562362732028244,33.12033249245839,39.940197134865315,1.6263103225179945,39.940197134865315,-7.97179591781263,35.0,186.86868686868686
2D8x8,A_PA1_to_C1,186,97.42578646563032,158.82956069145675,-66.24588697364936,112.99,130.88,-51.8,18.462343584471476,0.2884741185073668,1.0060828530815222,-12.224811079379839,24.47707091170702,33.30589061705508,40.100903745016176,1.6126621783174375,40.100903745016176,-7.936916793456307,35.0,187.87878787878788
2D8x8,A_PA1_to_C1,187,98.38503709192018,157.8035656055637,-65.81527629218839,114.05,129.95,-51.8,18.40312596263992,0.28754884316624874,1.0053653132275444,-12.252715683692124,24.398561164438924,33.49382135706978,40.266059874878664,1.5994887070958896,40.266059874878664,-7.901217300236087,35.0,188.88888888888889
2D8x8,A_PA1_to_C1,188,99.33953257020568,156.7737146908155,-65.3832963626497,115.1,129.02,-51.8,18.346972650523917,0.2866714476644362,1.0046991961604121,-12.279259386693575,24.324114028499654,33.68393548217748,40.43469171646847,1.586626189130188,40.43469171646847,-7.864917274065688,35.0,189.8989898989899
2D8x8,A_PA1_to_C1,189,100.28870623937988,155.7395876756556,-64.94979971852082,116.15,128.08,-51.8,18.29289512356783,0.28582648630574736,1.0040526828260534,-12.304898768090935,24.25241893432173,33.8760415635695,40.60621840668966,1.5739977833259369,40.60621840668966,-7.82814907578837,35.0,190.9090909090909
2D8x8,A_PA1_to_C1,190,101.23243476882728,154.7011333967404,-64.5147688375107,117.19,127.13,-51.8,18.244785045781555,0.2850747663403368,1.003496896376888,-12.327772637789007,24.188635385924716,34.06994616670602,40.781855484232274,1.5619106796475457,40.781855484232274,-7.790660373398187,35.0,191.91919191919192
2D8x8,A_PA1_to_C1,191,102.17160842977847,153.6590922034527,-64.07846897385889,118.22,126.17,-51.8,18.202883368484066,0.28442005263256354,1.0030364676233312,-12.347743929278021,24.13308283259705,34.26545404608826,40.9614774581367,1.5503824411300247,40.9614774581367,-7.752487739695365,35.0,192.92929292929293
2D8x8,A_PA1_to_C1,192,103.10630135656044,152.6135477256028,-63.64093019392647,119.24,125.21,-51.8,18.165250439199934,0.28383203811249896,1.0026503374445932,-12.36571986331503,24.08318971504735,34.462368341854166,41.14415817107406,1.539261218371665,41.14415817107406,-7.713836382385728,35.0,193.93939393939394
2D8x8,A_PA1_to_C1,193,104.0365865316082,151.5645810663427,-63.20218148831107,120.25,124.23,-51.8,18.13152058125888,0.28330500908217,1.0023106144698521,-12.38186311240747,24.03847122517159,34.66049077799962,41.32955130045027,1.5285196496965578,41.32955130045027,-7.674786193323629,35.0,194.94949494949495
2D8x8,A_PA1_to_C1,194,104.96171515673508,150.511645489133,-62.76203108739684,121.26,123.25,-51.8,18.100130337480785,0.28281453652313726,1.0020064736087746,-12.396913614080624,23.996854557202177,34.859621862025556,41.51687093905605,1.5180388434581427,41.51687093905605,-7.635507720297251,35.0,195.95959595959596
2D8x8,A_PA1_to_C1,195,105.88177918168331,149.45485205613636,-62.320520446667565,122.26,122.26,-51.8,18.07471364148753,0.28241740064824267,1.0017950826341562,-12.409119148557437,23.96315752045699,35.05956108580996,41.707243231686455,1.5081001990365914,41.707243231686455,-7.595770304657825,35.0,196.96969696969697
2D8x8,A_PA1_to_C1,196,106.79762797996236,148.3948745970604,-61.877887560531605,123.25,121.26,-51.8,18.055136235704282,0.2821115036828794,1.0016739831679151,-12.418532262824654,23.93720211845554,35.260107127502614,41.90040934600456,1.4986927676935586,41.90040934600456,-7.555634683470003,35.0,197.97979797979798
2D8x8,A_PA1_to_C1,197,107.70933131348907,147.33178524017583,-61.43415856706641,124.23,120.25,-51.8,18.04031977689673,0.2818799965140114,1.0016246411554761,-12.425663029268632,23.91755870150614,35.46105805423909,42.095763973942304,1.4897341234924792,42.095763973942304,-7.515232085804945,35.0,198.989898989899
2D8x8,A_PA1_to_C1,198,108.616958,146.265654,-60.989359,125.21,119.24,-51.8,18.033553809123845,0.2817742782675601,1.0017075235566613,-12.42892125713368,23.908588492918838,35.66221152547006,42.29430874325604,1.4814731924696978,42.29430874325604,-7.474361374811302,35.0,200.0
2D8x8,B_PA2_to_C2,0,-111.344089,143.730347,-72.942256,-123.81,161.25,-51.8,31.648613857396356,0.49450959152181806,1.1400968249804064,-7.547297472892173,41.94064704862855,37.20837693196707,49.34646481372162,2.4523063831225675,49.34646481372162,-6.1348790957072925,35.0,0.0
2D8x8,B_PA2_to_C2,1,-110.38386537861794,143.92504987544245,-73.40755896180973,-122.74,162.07,-51.8,32.3491321958941,0.5054551905608453,1.142127845081762,-7.357138650768659,42.86897182513877,37.41825158243257,49.82512108978903,2.487297443741337,49.82512108978903,-6.051032743241604,35.0,1.0101010101010102
2D8x8,B_PA2_to_C2,2,-109.4218299609588,144.1185327097424,-73.86961573883003,-121.66,162.88,-51.8,33.081332470609865,0.5168958198532791,1.144136357836188,-7.162731464270966,43.839281407388796,37.62791490691537,50.31574469546464,2.5238750320041543,50.31574469546464,-5.965921903490732,35.0,2.0202020202020203
2D8x8,B_PA2_to_C2,3,-108.45798450643372,144.31078641668583,-74.32840069786123,-120.57,163.68,-51.8,33.82498095263042,0.5285153273848503,1.1460480461954161,-6.969640130389337,44.824762119220466,37.83715579222011,50.81037064429182,2.5606775956485177,50.81037064429182,-5.880952740966068,35.0,3.0303030303030303
2D8x8,B_PA2_to_C2,4,-107.49233079569572,144.50179958697743,-74.78388860572728,-119.48,164.48,-51.8,34.57610493591315,0.540251639623643,1.147848765964267,-6.778869992771281,45.82014934264095,38.04576355051188,51.30727180137198,2.597452354400454,51.30727180137198,-5.796421555697741,35.0,4.040404040404041
2D8x8,B_PA2_to_C2,5,-106.5248704079047,144.69156262453677,-75.23605239698662,-118.39,165.27,-51.8,35.32417680721353,0.5519402626127115,1.149523168635911,-6.5929503473769735,46.81149191652382,38.253528131460996,51.802209163440516,2.6335356940475925,51.802209163440516,-5.713034377669233,35.0,5.05050505050505
2D8x8,B_PA2_to_C2,6,-105.55560598576687,144.8800661623952,-75.684866540274,-117.29,166.06,-51.8,36.09240002072887,0.5639437503238885,1.1511450322964858,-6.406076102380477,47.82953898796231,38.460240333745894,52.303882381478594,2.6704386569530074,52.303882381478594,-5.629321467674036,35.0,6.0606060606060606
2D8x8,B_PA2_to_C2,7,-104.58453988214106,145.06729927392988,-76.1303048784166,-116.18,166.83,-51.8,36.86171371502233,0.575964276797224,1.1526759205293906,-6.222880907280402,48.849031161218996,38.66569201570112,52.804785255268996,2.7069498691568987,52.804785255268996,-5.546534384251936,35.0,7.07070707070707
2D8x8,B_PA2_to_C2,8,-103.61167478761368,145.25325172348178,-76.57234104120653,-115.07,167.6,-51.8,37.63619093651086,0.5880654833829821,1.1541227146996282,-6.042278081913618,49.87536602504627,38.869676304898334,53.30628712894657,2.743350205568531,53.30628712894657,-5.464431315010061,35.0,8.080808080808081
2D8x8,B_PA2_to_C2,9,-102.63701375124135,145.4379140468565,-77.01094843943008,-113.95,168.36,-51.8,38.42104889807182,0.6003288890323721,1.155510516235486,-5.863007005310785,50.915457414118,39.07198780644933,53.81020017232662,2.779982017626656,53.81020017232662,-5.382707847761747,35.0,9.090909090909092
2D8x8,B_PA2_to_C2,10,-101.6605600506468,145.62127561992435,-77.4461008038966,-112.83,169.12,-51.8,39.20983536651676,0.6126536776018243,1.156823289295408,-5.686490968686586,51.96075484859164,39.272422809821244,54.31386584827914,2.8164604101930797,54.31386584827914,-5.301785694534216,35.0,10.1010101010101
2D8x8,B_PA2_to_C2,11,-100.68231730915193,145.80332558276277,-77.877772044352,-111.7,169.86,-51.8,39.99886086498395,0.6249822010153743,1.158069364939574,-5.513438881614051,53.006369044925464,39.47077949395584,54.81569047668492,2.8525837158833323,54.81569047668492,-5.221902220061986,35.0,11.11111111111111
2D8x8,B_PA2_to_C2,12,-99.70228929415876,145.98405451638737,-78.30593509369717,-110.57,170.6,-51.8,40.79070378381928,0.6373547466221763,1.1592502719140727,-5.343167374693044,54.05571687818189,39.66685813048617,55.316490209341794,2.888536274340151,55.316490209341794,-5.14290766708671,35.0,12.121212121212121
2D8x8,B_PA2_to_C2,13,-98.7204801590521,146.16345228221533,-78.73056335422048,-109.43,171.33,-51.8,41.59204618287818,0.6498757216074715,1.160388188333857,-5.174185611491746,55.117653393805185,39.86046128484611,55.81866183401931,2.9247420095401955,55.81866183401931,-5.064411585205516,35.0,13.131313131313133
2D8x8,B_PA2_to_C2,14,-97.73689414441262,146.34150742262747,-79.15163026818743,-108.29,172.06,-51.8,42.39493310072372,0.6624208296988081,1.1614672354889106,-5.0081122589453555,56.18163670103782,40.051394015070265,56.31899639946191,2.960745410361047,56.31899639946191,-4.986901857879674,35.0,14.14141414141414
2D8x8,B_PA2_to_C2,15,-96.75153606554488,146.5182102967413,-79.56910911524014,-107.15,172.77,-51.8,43.17934428015525,0.6746772543774258,1.1624663857424322,-4.848870487242051,57.22113601578735,40.23946406808398,56.80966644315429,2.995401028521289,56.80966644315429,-4.91155521333628,35.0,15.151515151515152
2D8x8,B_PA2_to_C2,16,-95.76441098545337,146.6935506411538,-79.98297329248382,-106.0,173.48,-51.8,43.981886264423835,0.6872169728816224,1.163444746111972,-4.688914321772391,58.284662218090475,40.42448207328589,57.30457112663413,3.0308960445656403,57.30457112663413,-4.836214668543336,35.0,16.161616161616163
2D8x8,B_PA2_to_C2,17,-94.7755246978455,146.8675188399196,-80.39319692783319,-104.84,174.18,-51.8,44.79300837848206,0.6998907559137821,1.1643908603789492,-4.530186716272178,59.3595587823551,40.606261733228024,57.79991865712651,3.0666843526217447,57.79991865712651,-4.761455455390787,35.0,17.17171717171717
2D8x8,B_PA2_to_C2,18,-93.78488196301028,147.04010262552612,-80.79975203414823,-103.68,174.88,-51.8,45.604966117195104,0.7125775955811735,1.165291754697569,-4.374148596660706,60.43556271387668,40.78462001120167,58.292621943628816,3.102343390645965,58.292621943628816,-4.687728202226376,35.0,18.181818181818183
2D8x8,B_PA2_to_C2,19,-92.792435537956,147.21124955115144,-81.20249796185014,-102.52,175.56,-51.8,46.39739874068165,0.7249593553231508,1.1661292048645326,-4.224518692249974,61.48569202194749,40.95937731553967,58.77476878044092,3.1367516725509197,58.77476878044092,-4.616181414226734,35.0,19.19191919191919
2D8x8,B_PA2_to_C2,20,-91.79822993559468,147.38097891626882,-81.6014867311795,-101.35,176.24,-51.8,47.20495800442893,0.737577468819202,1.1669484296086046,-4.074639032586621,62.555867107791244,41.13035768045009,59.25955956923315,3.1719186622761617,59.25955956923315,-4.544831612422261,35.0,20.2020202020202
2D8x8,B_PA2_to_C2,21,-90.80229103355435,147.54929578769315,-81.9967325985091,-100.17,176.91,-51.8,48.019433123626996,0.7503036425566718,1.1677417574627993,-3.9260507677868377,63.635207064292764,41.29738894319887,59.743772805165605,3.2074010156293564,59.743772805165605,-4.474147105435293,35.0,21.21212121212121
2D8x8,B_PA2_to_C2,22,-89.80462601702506,147.71619055711744,-82.38820952039464,-98.99,177.57,-51.8,48.82187947289884,0.7628418667640444,1.168487855004656,-3.7821014599631675,64.6986065313884,41.460302917463046,60.22008841182793,3.2421783594135145,60.22008841182793,-4.405172224309488,35.0,22.22222222222222
2D8x8,B_PA2_to_C2,23,-88.80524149658001,147.88165129826228,-82.77589017906962,-97.81,178.22,-51.8,49.61181579080899,0.7751846217313905,1.1691900615797068,-3.6426888948116822,65.74542774288422,41.61893556268015,60.68828693779431,3.276278202839694,60.68828693779431,-4.337902425330926,35.0,23.232323232323232
2D8x8,B_PA2_to_C2,24,-87.80414478986354,148.0456683441914,-83.15974727592672,-96.62,178.87,-51.8,50.41694612311835,0.7877647831737242,1.1698792565556864,-3.5028606273150342,66.81238401615684,41.77312714922318,61.15897991644707,3.3112649041971123,61.15897991644707,-4.270795337775343,35.0,24.242424242424242
2D8x8,B_PA2_to_C2,25,-86.8013441490417,148.20823110062227,-83.53975553399744,-95.43,179.51,-51.8,51.20857480560959,0.8001339813376498,1.1705278033019817,-3.3675375630173305,67.86144794406017,41.92272241923474,61.62117268396571,3.345609627604164,61.62117268396571,-4.205400821670347,35.0,25.252525252525253
2D8x8,B_PA2_to_C2,26,-85.79684713155581,148.36932931117394,-83.91588687010773,-94.24,180.14,-51.8,51.98635404556457,0.8122867819619464,1.171138479437549,-3.236604141333948,68.89215863273948,42.06757074295857,62.07476805967565,3.3793534353836425,62.07476805967565,-4.1416978899476025,35.0,26.262626262626267
2D8x8,B_PA2_to_C2,27,-84.79066219213736,148.52895259434032,-84.28811479164705,-93.04,180.76,-51.8,52.769663181964404,0.8245259872181938,1.17173220450591,-3.106704901174121,69.93019752340747,42.20752627041095,62.52726245503093,3.413590310572123,62.52726245503093,-4.078611700398992,35.0,27.27272727272727
2D8x8,B_PA2_to_C2,28,-83.78279833852454,148.68709051038687,-84.65641348019483,-91.83,181.38,-51.8,53.566121357434156,0.8369706462099087,1.1723142202727617,-2.976587326649919,70.98566148075122,42.34244807823927,62.981672523332556,3.4487645160106983,62.981672523332556,-4.015716210918844,35.0,28.28282828282828
2D8x8,B_PA2_to_C2,29,-82.7732644843618,148.84373269838642,-85.0207559726652,-90.63,181.98,-51.8,54.320037094260485,0.8487505795978201,1.1728398220148066,-2.855190187723023,71.98474832749633,42.47220031161987,63.41676750718902,3.4819868140951495,63.41676750718902,-3.955917973888712,35.0,29.292929292929294
2D8x8,B_PA2_to_C2,30,-81.76207001190437,148.99886944655137,-85.38111544941161,-89.40999999999998,182.58,-51.8,55.10588813119088,0.8610295020498575,1.1733719814020818,-2.730431220126359,73.02615573703423,42.59665232105236,63.8612732225198,3.517242075969352,63.8612732225198,-3.8952485408602784,35.0,30.303030303030305
2D8x8,B_PA2_to_C2,31,-80.74922459345133,149.15248953395547,-85.73746566339398,-88.2,183.17,-51.8,55.85627287058781,0.8727542636029345,1.1738567466110896,-2.6129522825745175,74.02056331670043,42.71567879391259,64.28954131574714,3.5510603021923126,64.28954131574714,-3.8371934554500897,35.0,31.313131313131315
2D8x8,B_PA2_to_C2,32,-79.73473816719762,149.3045824755824,-86.08977990629651,-86.98,183.75,-51.8,56.61036850885219,0.8845370079508155,1.1743276070277422,-2.4964717053893977,75.01988856828535,42.82915988063183,64.71683808080951,3.585554698687215,64.71683808080951,-3.7796541905862435,35.0,32.323232323232325
2D8x8,B_PA2_to_C2,33,-78.71862135234821,149.4551382571482,-86.4380323272578,-85.76,184.33,-51.8,57.35519028218106,0.8961748481590791,1.1747738902883684,-2.382936846203366,76.00692412219854,42.93698131537512,65.13846845061705,3.6201207005444234,65.13846845061705,-3.723249137487761,35.0,33.33333333333333
2D8x8,B_PA2_to_C2,34,-77.70088469592274,149.6041466734858,-86.78219602640094,-84.53,184.89,-51.8,58.095897048031574,0.9077483913754933,1.1752029592133344,-2.2714821055345444,76.98850648068807,43.03903453109733,65.55674153536442,3.6550967709646276,65.55674153536442,-3.6676528190470497,35.0,34.34343434343434
2D8x8,B_PA2_to_C2,35,-76.68153940290324,149.75159744535128,-87.12224516612058,-83.29999999999998,185.45,-51.8,58.826340089501784,0.9191615638984654,1.1756087804836843,-2.162954757082894,77.95648738277328,43.1352167688609,65.9696783918429,3.690247640131537,65.9696783918429,-3.6131126627864023,35.0,35.35353535353536
2D8x8,B_PA2_to_C2,36,-75.66059697847993,149.8974803307656,-87.45815384885604,-82.06,186.0,-51.8,59.55848683583317,0.9306013568098933,1.176001196323863,-2.0555182370304417,78.92672602937076,43.22543118130541,66.38229882402392,3.726259077040947,66.38229882402392,-3.558954240325489,35.0,36.36363636363637
2D8x8,B_PA2_to_C2,37,-74.63806924818577,150.0417851248658,-87.7898962109968,-80.81999999999998,186.54,-51.8,60.272916283514334,0.9417643169299115,1.176368373103569,-1.9519472414334895,79.87348576555868,43.30958693016469,66.78763825918217,3.7622408923831823,66.78763825918217,-3.5060782752299042,35.0,37.37373737373738
2D8x8,B_PA2_to_C2,38,-73.61396815521526,150.18450169084596,-88.11744574553933,-79.58,187.08,-51.8,60.97539026258728,0.9527404728529263,1.1767141061396098,-1.85129957217652,80.80440215102492,43.38759927773321,67.18844558859509,3.7985794668839805,67.18844558859509,-3.4541081248058765,35.0,38.38383838383838
2D8x8,B_PA2_to_C2,39,-72.58830630330328,150.32561996117698,-88.44077702518774,-78.34,187.6,-51.8,61.65391894416196,0.9633424835025306,1.1770345559511362,-1.7551776021519505,81.70358630090655,43.45938967218979,67.58071931764785,3.8347837413151096,67.58071931764785,-3.403543799602844,35.0,39.39393939393939
2D8x8,B_PA2_to_C2,40,-71.56109641508871,150.46512977948345,-88.7598640362138,-77.09,188.12,-51.8,62.33805158456451,0.9740320560088205,1.1773450879858738,-1.659326864569143,82.61019680002211,43.52488582669263,67.9764478193631,3.8724165152932164,67.9764478193631,-3.35283067348111,35.0,40.4040404040404
2D8x8,B_PA2_to_C2,41,-70.53235169037065,150.6030210563669,-89.07468130687656,-75.84,188.63,-51.8,63.00329601280032,0.984426500200005,1.1776336880265132,-1.5671259419891517,83.49177669768908,43.584021792166006,68.3669545521811,3.9103786274398544,68.3669545521811,-3.3030753116498817,35.0,41.41414141414141
2D8x8,B_PA2_to_C2,42,-69.50208597534196,150.73928382249213,-89.3852044178836,-74.58,189.13,-51.8,63.66715785570963,0.994799341495463,1.1779097684428057,-1.4760820825870427,84.37152439747672,43.63673802370545,68.75973093469527,3.9496378049687193,68.75973093469527,-3.2533166285902637,35.0,42.42424242424242
2D8x8,B_PA2_to_C2,43,-68.47031288272552,150.8739081752133,-89.69140715404404,-73.31999999999998,189.62,-51.8,64.31159868964684,1.004868729525732,1.1781648943950218,-1.3886052321295033,85.22553543510602,43.682981440534334,69.14869864457225,3.9894347834471238,69.14869864457225,-3.2043197750990244,35.0,43.43434343434344
2D8x8,B_PA2_to_C2,44,-67.43704656234294,151.00688424031952,-89.9932640606525,-72.06,190.1,-51.8,64.93656414465516,1.014633814760237,1.178400003008392,-1.304605225346148,86.05373775967526,43.72270547945182,69.53473798266687,4.0298959012788576,69.53473798266687,-3.15596354989087,35.0,44.44444444444444
2D8x8,B_PA2_to_C2,45,-66.40230189331929,151.13820215259082,-90.29075113844432,-70.79,190.58,-51.8,65.56288164957581,1.024420025774622,1.1786238231866655,-1.2212306720964285,86.88373181668561,43.75587014171797,69.92679834185871,4.072146387693375,69.92679834185871,-3.1071271169612613,35.0,45.45454545454545
2D8x8,B_PA2_to_C2,46,-65.36609387181097,151.2678522055928,-90.58384371028332,-69.52,191.04,-51.8,66.16454338288875,1.0338209903576367,1.1788269392346822,-1.1418849511085758,87.6810521199774,43.78244203332914,70.31592647511744,4.11507444001597,70.31592647511744,-3.0589259329238034,35.0,46.464646464646464
2D8x8,B_PA2_to_C2,47,-64.32843764514975,151.39582463511093,-90.87251660833756,-68.25,191.5,-51.8,66.75008370942467,1.0429700579597605,1.17901245820911,-1.0653550511533607,88.4570083839274,43.802394398642875,70.7064731943625,4.1592264821250895,70.7064731943625,-3.0108164924066623,35.0,47.474747474747474
2D8x8,B_PA2_to_C2,48,-63.28934886231595,151.5221097582287,-91.1567453525607,-66.98,191.95,-51.8,67.31516880798048,1.051799512624695,1.1791799212357132,-0.9921325602029375,89.20585744182793,43.81570714731859,71.09790779052915,4.204539912893511,71.09790779052915,-2.9628635827034984,35.0,48.484848484848484
2D8x8,B_PA2_to_C2,49,-62.24884367455399,151.6466974859408,-91.4365064098234,-65.7,192.39,-51.8,67.87476761631456,1.060543244004915,1.1793345535745836,-0.9202242306245484,89.94743608457432,43.822366874546844,71.49715175046202,4.251858213287924,71.49715175046202,-2.914225178998252,35.0,49.494949494949495
2D8x8,B_PA2_to_C2,50,-61.20693837904393,151.7695790116044,-91.71177513775478,-64.42,192.82,-51.8,68.41330397079662,1.0689578745436972,1.179471514168957,-0.8515800472769988,90.66110282738836,43.822366874546844,71.89945644619901,4.300595535602052,71.89945644619901,-2.865487856684126,35.0,50.505050505050505
2D8x8,B_PA2_to_C2,51,-60.16364981403854,151.89074522038314,-91.98252799904806,-63.14,193.25,-51.8,68.93392129778802,1.0770925202779378,1.1795919337984568,-0.7857316649045775,91.35102332934562,43.81570714731859,72.30729042848728,4.3510452459802025,72.30729042848728,-2.816358249616806,35.0,51.515151515151516
2D8x8,B_PA2_to_C2,52,-59.118995098258246,152.01018632705112,-92.2487417271654,-61.85,193.66,-51.8,69.44376466681702,1.085058822919016,1.179698280729443,-0.7217262113640424,92.02666621490384,43.802394398642875,72.72468764361874,4.403680266638242,72.72468764361874,-2.7663627078935105,35.0,52.52525252525253
2D8x8,B_PA2_to_C2,53,-58.07299161693708,152.12789314608406,-92.5103927357169,-60.56,194.07,-51.8,69.93457344706445,1.092727710110382,1.179788086127363,-0.6605527380997568,92.67708452116766,43.78244203332914,73.14979609060394,4.458262769767476,73.14979609060394,-2.7157376031722977,35.0,53.535353535353536
2D8x8,B_PA2_to_C2,54,-57.02565725142257,152.24385640055144,-92.76745833238854,-59.27,194.47,-51.8,70.40335528752101,1.1000524263675158,1.1798613958932354,-0.6025241992455418,93.2983127936596,43.75587014171797,73.58279691680362,4.514799335591993,73.58279691680362,-2.664474169062643,35.0,54.54545454545454
2D8x8,B_PA2_to_C2,55,-55.97700994133772,152.35806700921157,-93.0199148280702,-57.98,194.86,-51.8,70.85023407660853,1.1070349074470083,1.1799187167210587,-0.5475655562692562,93.89051520894037,43.72270547945182,74.02506835093918,4.5734357925037274,74.02506835093918,-2.6124236586659992,35.0,55.55555555555556
2D8x8,B_PA2_to_C2,56,-54.92706831895261,152.47051600784263,-93.26774021710568,-56.68,195.24,-51.8,71.28674057197634,1.1138553214371303,1.1799615568484834,-0.4942161843157187,94.46897229205766,43.682981440534334,74.48235336013671,4.634822363547494,74.48235336013671,-2.5589321949986528,35.0,56.56565656565656
2D8x8,B_PA2_to_C2,57,-53.87585117730203,152.58119383266,-93.5109122821452,-55.38,195.61,-51.8,71.70057110365245,1.1203214234945695,1.1799883758546292,-0.44393904684046687,95.01737925689912,43.63673802370545,74.951231263256,4.698529866089692,74.951231263256,-2.5044245674692913,35.0,57.57575757575758
2D8x8,B_PA2_to_C2,58,-52.82337771589517,152.6900926983506,-93.74940860700194,-54.08,195.98,-51.8,72.09371616797698,1.1264643151246403,1.179999599372273,-0.3964430967008141,95.53837390317467,43.584021792166006,75.43372636596241,4.7647651800325095,75.43372636596241,-2.4486887590572257,35.0,58.58585858585859
2D8x8,B_PA2_to_C2,59,-51.76966745502341,152.79720389478553,-93.9832074245146,-52.77,196.33,-51.8,72.47219611702985,1.1323780643285914,1.1799951823746189,-0.3509629067082071,96.03993438319233,43.52488582669263,75.93335643941757,4.83389913230944,75.93335643941757,-2.391348056464887,35.0,59.59595959595959
2D8x8,B_PA2_to_C2,60,-50.71474037182839,152.90251849194152,-94.21228796453826,-51.47,196.68,-51.8,72.8196091289248,1.13780639263945,1.1799757245167004,-0.30942447546449126,96.50032505235845,43.45938967218979,76.4449721466582,4.905306076036932,76.4449721466582,-2.3330214648810226,35.0,60.60606060606061
2D8x8,B_PA2_to_C2,61,-49.65861645459795,153.00602810349906,-94.43662804934596,-50.16,197.01,-51.8,73.15187017606706,1.1429979715010479,1.17999484008905,-0.2698826720319233,96.94063638381175,43.38759927773321,76.97573324475113,4.979764282430063,76.97573324475113,-2.2729233092597947,35.0,61.61616161616161
2D8x8,B_PA2_to_C2,62,-48.60131628715884,153.10772344792713,-94.6562074999455,-48.85,197.34,-51.8,73.46227850833108,1.1478481016926732,1.1799996930099872,-0.2331034584366866,97.35198856381871,43.30958693016469,77.52402403232404,5.057045317836691,77.52402403232404,-2.2112738497763953,35.0,62.62626262626263
2D8x8,B_PA2_to_C2,63,-47.54286080845083,153.20759763587284,-94.8710055284514,-47.54,197.66,-51.8,73.749507316903,1.1523360518266095,1.1799887106146019,-0.19920887745580035,97.73262330936532,43.22543118130541,78.09016980183223,5.137140660848889,78.09016980183223,-2.148072656517547,35.0,63.63636363636363
2D8x8,B_PA2_to_C2,64,-46.48327113250459,153.30564221957908,-95.0810017177901,-46.22,197.98,-51.8,74.0215192809495,1.156586238764836,1.1799611328275112,-0.1672314509884889,98.09309273872115,43.1352167688609,78.67792033249373,5.220417739643562,78.67792033249373,-2.0829425632743788,35.0,64.64646464646465
2D8x8,B_PA2_to_C2,65,-45.4225689014876,153.40184895521443,-95.28617699272677,-44.9,198.28,-51.8,74.26840086112989,1.1604437634551545,1.179917492597213,-0.13830988790043747,98.42025945963375,43.03903453109733,79.28401332457197,5.306462106892299,79.28401332457197,-2.0162874831193784,35.0,65.65656565656566
2D8x8,B_PA2_to_C2,66,-44.36077557018651,153.49620909959995,-95.48651027214626,-43.58,198.57,-51.8,74.49145415483753,1.1639289711693364,1.1799425882422814,-0.11226229939907183,98.71584900761768,42.93698131537512,79.9093133110098,5.395317810761985,79.9093133110098,-1.9480520272702004,35.0,66.66666666666666
2D8x8,B_PA2_to_C2,67,-43.29791368497544,153.58871652443105,-95.68198375449376,-42.26,198.86,-51.8,74.69147939246801,1.1670543655073127,1.1799782048600969,-0.08897011525018746,98.98092184556498,42.82915988063183,80.55430015713443,5.486983467722074,80.55430015713443,-1.8782254215513854,35.0,67.67676767676768
2D8x8,B_PA2_to_C2,68,-42.234005550773134,153.6793630286134,-95.8725781010478,-40.94,199.14,-51.8,74.86785475107999,1.1698102304856248,1.1799968367689448,-0.0684835622877832,99.21465393560062,42.71567879391259,81.21869908512701,5.581374336202819,81.21869908512701,-1.8068794214395847,35.0,68.68686868686868
2D8x8,B_PA2_to_C2,69,-41.16907381901202,153.76814085817185,-96.05827437794429,-39.62,199.4,-51.8,75.02068031495413,1.1721981299211583,1.179998803384494,-0.05077138115148788,99.41717790910967,42.59665232105236,81.90228674745535,5.678411169238743,81.90228674745535,-1.7340794475908887,35.0,69.6969696969697
2D8x8,B_PA2_to_C2,70,-40.1031289537576,153.85501755222404,-96.23899125430628,-38.29,199.66,-51.8,75.15427142456572,1.1742854910088394,1.1799836358286728,-0.03531796595342292,99.59421244219538,42.47220031161987,82.60621600296508,5.778159360109427,82.60621600296508,-1.6597454278744337,35.0,70.70707070707071
2D8x8,B_PA2_to_C2,71,-39.03618987823958,153.939976772089,-96.4146819293428,-36.96,199.91,-51.8,75.2632240349294,1.1759878755457718,1.1799965045053329,-0.02273498134765808,99.73859611084131,42.34244807823927,83.3276583679483,5.880264280359081,83.3276583679483,-1.5842164465704607,35.0,71.71717171717171
2D8x8,B_PA2_to_C2,72,-37.96829818015255,154.02304379636783,-96.58541758393568,-35.63,200.15,-51.8,75.34784204191129,1.177310031904864,1.1799998438139931,-0.012974971455738029,99.85073163692714,42.20752627041095,84.06570884361568,5.984579597091816,84.06570884361568,-1.5076224138792982,35.0,72.72727272727273
2D8x8,B_PA2_to_C2,73,-36.899477667861696,154.104211003158,-96.75118039535155,-34.3,200.39,-51.8,75.40886796339382,1.1782635619280284,1.1799997829684596,-0.0059429203053501045,99.93160300289749,42.06757074295857,84.81935542068302,6.090950680187943,84.81935542068302,-1.4301006451432998,35.0,73.73737373737373
2D8x8,B_PA2_to_C2,74,-35.829752775415024,154.18347341545706,-96.91195389931922,-32.97,200.61,-51.8,75.44624948860101,1.1788476482593908,1.1799999487377892,-0.001638236253762365,99.98114088667081,41.92272241923474,85.58699869605412,6.199166391554895,85.58699869605412,-1.3518440577196142,35.0,74.74747474747475
2D8x8,B_PA2_to_C2,75,-34.759148008312394,154.26082338826797,-97.06772212617592,-31.63,200.82,-51.8,75.46048066616859,1.1790700104088843,1.179937278477479,0.0,100.0,41.77312714922318,86.36696145864414,6.309013054453704,86.36696145864414,-1.2730471875187517,35.0,75.75757575757575
2D8x8,B_PA2_to_C2,76,-33.68768816862759,154.33625396422505,-97.21846945332712,-30.3,201.03,-51.8,75.45109495035446,1.1789233585992884,1.1799999582464058,-0.001080411380079368,99.98756207788333,41.61893556268015,87.15690878576035,6.420217000661472,87.15690878576035,-1.1939636275091488,35.0,76.76767676767676
2D8x8,B_PA2_to_C2,77,-32.61539853755643,154.40976009116122,-97.3641813520534,-28.96,201.23,-51.8,75.41781435577275,1.1784033493089492,1.17999740524497,-0.004912500809826814,99.94345873493094,41.460302917463046,87.95428979057051,6.532491106423702,87.95428979057051,-1.114859477299299,35.0,77.77777777777779
2D8x8,B_PA2_to_C2,78,-31.54230429006244,154.48133467447258,-97.50484226081323,-27.62,201.41,-51.8,75.36097861356306,1.1775152908369229,1.1799995632879772,-0.01146075601191007,99.86814018181819,41.29738894319887,88.75650642360166,6.64555211060299,88.75650642360166,-1.0359960104616588,35.0,78.78787878787878
2D8x8,B_PA2_to_C2,79,-30.46843110893605,154.55097297226447,-97.64043783150107,-26.28,201.59,-51.8,75.28076021728783,1.1762618783951224,1.179994981851805,-0.020711421972848434,99.76183500649059,41.13035768045009,89.56061996859277,6.759092099682151,89.56061996859277,-0.9576581750162712,35.0,79.7979797979798
2D8x8,B_PA2_to_C2,80,-29.39380476776233,154.6186681013438,-97.77095418124917,-24.94,201.76,-51.8,75.17754727701758,1.1746491762033997,1.1799846756102863,-0.03262829600875786,99.62505753123587,40.95937731553967,90.36350881814812,6.872794811685191,90.36350881814812,-0.8801382750924622,35.0,80.8080808080808
2D8x8,B_PA2_to_C2,81,-28.31845135645202,154.68441462884485,-97.89637786883976,-23.6,201.93,-51.8,75.05155098969149,1.1726804842139296,1.1799991900483215,-0.04719791155924795,99.45808763359702,40.784620011201675,91.16173234634691,6.986322982563172,91.16173234634691,-0.8037486103091676,35.0,81.81818181818183
2D8x8,B_PA2_to_C2,82,-27.2423972641524,154.74820751656992,-98.01669642786544,-22.26,202.08,-51.8,74.90334170026736,1.1703647140666775,1.179995583822012,-0.06436747405046334,99.26168113298142,40.60626173322803,91.95175437163438,7.099340201441513,91.95175437163438,-0.7287996065710178,35.0,82.82828282828282
2D8x8,B_PA2_to_C2,83,-26.165669006864395,154.81004129594638,-98.13189739193844,-20.91,202.22,-51.8,74.72845072278582,1.1676320425435285,1.1799732471539912,-0.08467177430974202,99.0299161403156,40.42448207328589,92.72789419653967,7.211318658858463,92.72789419653967,-0.6557920542505147,35.0,83.83838383838383
2D8x8,B_PA2_to_C2,84,-25.088293256508223,154.86991089153568,-98.24196809318909,-19.57,202.36,-51.8,74.53596535010207,1.164624458595345,1.179933351274703,-0.10707373285867033,98.7748351085166,40.23946406808398,93.48948259004143,7.322211366254248,93.48948259004143,-0.5847448756033223,35.0,84.84848484848484
2D8x8,B_PA2_to_C2,85,-24.01029697344074,154.9278115916748,-98.34689701737234,-18.22,202.48,-51.8,74.31649898910753,1.1611952967048051,1.1799496194797998,-0.13268650293433676,98.48399895287979,40.051394015070265,94.2286057831009,7.431302574168671,94.2286057831009,-0.5163446940720499,35.0,85.85858585858585
2D8x8,B_PA2_to_C2,86,-22.93170731895633,154.98373900900486,-98.44667307402544,-16.87,202.6,-51.8,74.0750340588671,1.1574224071697985,1.179983976449597,-0.1609541479082133,98.16401036003123,39.86046128484611,94.94273176576627,7.538388063127758,94.94273176576627,-0.45076553161795313,35.0,86.86868686868688
2D8x8,B_PA2_to_C2,87,-21.85255162814546,155.0376874840803,-98.54128635480696,-15.53,202.71,-51.8,73.81890412957338,1.153420377024584,1.1799990178853776,-0.19103947189515272,97.82458775493703,39.66685813048617,95.63013472010033,7.643339293311185,95.63013472010033,-0.38810464811567524,35.0,87.87878787878788
2D8x8,B_PA2_to_C2,88,-20.772857377273507,155.08965376136825,-98.6307256717608,-14.18,202.8,-51.8,73.53526327073672,1.1489884886052613,1.1799956408428702,-0.22447831224804587,97.44870774949223,39.470779493955845,96.28129006454915,7.74532395025724,96.28129006454915,-0.3291619856880774,35.0,88.88888888888889
2D8x8,B_PA2_to_C2,89,-19.692652288997586,155.13963285791397,-98.71498233580527,-12.83,202.89,-51.8,73.23095106425758,1.1442336103790247,1.179984575392127,-0.2604978558587392,97.04543413687719,39.27242280982124,96.89420087026762,7.844201809745024,96.89420087026762,-0.27404429498227334,35.0,89.8989898989899
2D8x8,B_PA2_to_C2,90,-18.61196423594128,155.18762180084667,-98.79404690542012,-11.48,202.98,-51.8,72.90655504620243,1.139164922596913,1.1799993003262037,-0.299059792693343,96.61554551810431,39.07198780644933,97.4644899398896,7.939618152241526,97.4644899398896,-0.22307171314687618,35.0,90.9090909090909
2D8x8,B_PA2_to_C2,91,-17.53082121803602,155.2336156026439,-98.86791142702478,-10.13,203.05,-51.8,72.56223177203088,1.1337848714379826,1.179994954686334,-0.340178710504967,96.1592493599937,38.869676304898334,97.98767279992335,8.031210387140796,97.98767279992335,-0.1765711334377994,35.0,91.91919191919192
2D8x8,B_PA2_to_C2,92,-16.44925130893432,155.27761120152687,-98.93656618480166,-8.779999999999998,203.11,-51.8,72.19850480790062,1.1281016376234472,1.179971639859578,-0.38382727146013346,95.6772394908287,38.66569201570112,98.45950498386806,8.118637212975386,98.45950498386806,-0.1348470404334487,35.0,92.92929292929293
2D8x8,B_PA2_to_C2,93,-15.367282953400316,155.31960635618893,-99.00000520316732,-7.429999999999999,203.16,-51.8,71.81429500382804,1.122098359434813,1.1799292066523688,-0.43017331678501697,95.16808582432571,38.4602403337459,98.87526805829003,8.201513602873865,98.87526805829003,-0.09824652175317716,35.0,93.93939393939394
2D8x8,B_PA2_to_C2,94,-14.28493673047202,155.3595507877873,-99.05810188618948,-6.08,203.21,-51.8,71.41031072771484,1.1157861051205444,1.1798674356475682,-0.47917288813241204,94.63272708747856,38.253528131460996,99.23111092136097,8.27952714045002,99.23111092136097,-0.06704293126680651,35.0,94.94949494949495
2D8x8,B_PA2_to_C2,95,-13.20224339567479,155.3974442967575,-99.1108541938934,-4.73,203.24,-51.8,70.98941774975066,1.109209652339854,1.179786895578093,-0.530519061910389,94.07496099024657,38.04576355051188,99.5242319151017,8.352450601546922,99.5242319151017,-0.041423308551272124,35.0,95.95959595959596
2D8x8,B_PA2_to_C2,96,-12.119239570985169,155.4333259341982,-99.15836949775446,-3.38,203.27,-51.8,70.55316423678008,1.1023931911996887,1.1796877260961698,-0.5840614208741312,93.49683915863443,37.83715579222011,99.75158500522316,8.420026439540344,99.75158500522316,-0.021603897074242005,35.0,96.96969696969697
2D8x8,B_PA2_to_C2,97,-11.03595403858412,155.46719473161767,-99.20064078858212,-2.03,203.29,-51.8,70.10004178053897,1.0953131528209215,1.1795696868409522,-0.6400258083870191,92.89636265458765,37.62791490691537,99.90924985011482,8.481910898792952,99.90924985011482,-0.007886036701932327,35.0,97.97979797979798
2D8x8,B_PA2_to_C2,98,-9.952415705712683,155.49904677165716,-99.23766471970472,-0.68,203.3,-51.8,69.63056590864463,1.0879775923225723,1.179432754627016,-0.6983928479776429,92.27421465374033,37.418251582432575,99.99441481076168,8.53784505006159,99.99441481076168,-0.00048513692135139876,35.0,98.98989898989899
2D8x8,B_PA2_to_C2,99,-8.868653542257167,155.52888109151874,-99.2694358153294,0.68,203.3,-51.8,69.13317303920917,1.0802058287376433,1.1792728122228975,-0.7606615372832835,91.61507113246343,37.20837693196707,100.0,8.587185478829861,100.0,0.0,35.0,100.0
2D8x8,B_PA2_to_C2,100,-7.784696647000554,155.55669596799535,-99.295951680497,2.03,203.29,-51.8,68.63213316662971,1.0723770807285893,1.1790974586802092,-0.823841395050471,90.95109461368665,36.99850228150155,99.93306066745066,8.630500897408762,99.93306066745066,-0.005816223437521694,35.0,101.01010101010101
2D8x8,B_PA2_to_C2,101,-6.700574090627914,155.58248888798403,-99.31720834713164,3.38,203.27,-51.8,68.1162451525069,1.0643163305079204,1.1789030004712644,-0.8893773475665989,90.26744138279211,36.78883895701875,99.78746580407754,8.66719823174882,99.78746580407754,-0.01848013096360007,35.0,102.020202020202
2D8x8,B_PA2_to_C2,102,-5.616315065931505,155.6062589687898,-99.33320358502304,4.73,203.24,-51.8,67.58603871673073,1.0560318549489176,1.178689336241976,-0.9572514892514927,89.56481342297063,36.57959807171401,99.56202118198945,8.697095505688932,99.56202118198945,-0.03812590955434239,35.0,103.03030303030303
2D8x8,B_PA2_to_C2,103,-4.531948766026188,155.62800404835014,-99.34393501923688,6.08,203.21,-51.8,67.04329574797666,1.0475514960621353,1.178456537164193,-1.0272842363638341,88.84557208768797,36.37099031342225,99.25646691159066,8.720073719024631,99.25646691159066,-0.06482375627961975,35.0,104.04040404040404
2D8x8,B_PA2_to_C2,104,-3.4475044580098806,155.64772418831205,-99.34940086171216,7.429999999999999,203.16,-51.8,66.48606717018473,1.0388447995341363,1.178204092802701,-1.0997784641513622,88.10713446726375,36.16322573247312,98.86957799918747,8.735910364157869,98.86957799918747,-0.09874639041117667,35.0,105.05050505050507
2D8x8,B_PA2_to_C2,105,-2.3630114133557245,155.66541793816927,-99.3496006662767,8.779999999999998,203.11,-51.8,65.91762420892417,1.02996287826444,1.1779323471815233,-1.174360420464182,87.35383557989606,35.956513530188225,98.40260411598281,8.744580346428354,98.40260411598281,-0.13986816587790046,35.0,106.06060606060606
2D8x8,B_PA2_to_C2,106,-1.2784989144168657,155.68108421535902,-99.34453342396944,10.13,203.05,-51.8,65.33715620212081,1.0208930656581376,1.1776408960490488,-1.2511867867109996,86.5846011386641,35.751061848233,97.85570411228424,8.745944016687275,97.85570411228424,-0.18827707568697483,35.0,107.07070707070707
2D8x8,B_PA2_to_C2,107,-0.193996270036946,155.69472371767526,-99.33419986729729,11.48,202.98,-51.8,64.74520494117148,1.0116438272058044,1.1773295509115704,-1.3302391466102301,85.8001491238829,35.54707755903579,97.23002723473894,8.739930112604409,97.23002723473894,-0.24399185199018136,35.0,108.08080808080808
2D8x8,B_PA2_to_C2,108,0.8904672233824948,155.70633517500383,-99.31859957134051,12.83,202.89,-51.8,64.14050797933753,1.0021954371771489,1.176997575606507,-1.4117434420846744,84.99880654496522,35.3447660574848,96.52649473205493,8.726428480362618,96.52649473205493,-0.30706929030054714,35.0,109.09090909090908
2D8x8,B_PA2_to_C2,109,1.9748622970068277,155.7159185771087,-99.29773448040478,14.18,202.8,-51.8,63.52717352356593,0.9926120863057176,1.1766457474401177,-1.4952006854017605,84.18601758529117,35.14433105411288,95.74853897082464,8.70553749037783,95.74853897082464,-0.3773568843669056,35.0,110.1010101010101
2D8x8,B_PA2_to_C2,110,3.059159680973665,155.7234744275543,-99.27160608203349,15.53,202.71,-51.8,62.906022711017464,0.9829066048596479,1.1762740354068206,-1.580546796627652,83.3628704133345,34.94597436997828,94.8987660068401,8.677268223295107,94.8987660068401,-0.4547886955857299,35.0,111.11111111111111
2D8x8,B_PA2_to_C2,111,4.143330136585643,155.72900397382435,-99.24021636121546,16.87,202.6,-51.8,62.2883145004599,0.9732549140696859,1.1758904117100315,-1.6662597610333294,82.54428536708988,34.749895733447964,93.98419777662315,8.642026658438072,93.98419777662315,-0.5389032248845315,35.0,112.12121212121211
2D8x8,B_PA2_to_C2,112,5.227344481535621,155.73250618129498,-99.20356807735816,18.22,202.48,-51.8,61.64738768470688,0.963240432573545,1.1754766077227259,-1.7560977837855187,81.69493109569527,34.556292579088016,92.99770085009894,8.598901387375845,92.99770085009894,-0.6305557645036377,35.0,113.13131313131312
2D8x8,B_PA2_to_C2,113,6.311173611409227,155.73398248082182,-99.16166550764348,19.57,202.36,-51.8,60.9979852443079,0.9530935194423109,1.1750405374022417,-1.848081533501626,80.83434495223841,34.365359848863854,91.9483789604833,8.548463623931632,91.9483789604833,-0.7291184584197185,35.0,114.14141414141415
2D8x8,B_PA2_to_C2,114,7.394782462526731,155.73338500105064,-99.11438346663768,20.91,202.22,-51.8,60.35124625196383,0.9429882226869348,1.1745908901128301,-1.9406664906678461,79.97728840206192,34.17728979585014,90.8442795251184,8.491199280702794,90.8442795251184,-0.8340483013828583,35.0,115.15151515151516
2D8x8,B_PA2_to_C2,115,8.478141025309707,155.7307228648241,-99.0617464588014,22.26,202.08,-51.8,59.68787859287135,0.9326231030136148,1.1741116686691715,-2.036668472364591,79.09819559316878,33.99227179064824,89.68206986555455,8.426508653384964,89.68206986555455,-0.9458875352877895,35.0,116.16161616161615
2D8x8,B_PA2_to_C2,116,9.561224891104924,155.72603815765683,-99.00386883744936,23.6,201.93,-51.8,59.03550418591712,0.922429752904955,1.173623719550937,-2.1321258119542392,78.23367100865111,33.810492130706095,88.47666227719148,8.35554477178696,88.47666227719148,-1.0634253839745327,35.0,117.17171717171718
2D8x8,B_PA2_to_C2,117,10.64400526204448,155.71933353831668,-98.94075634454964,24.94,201.76,-51.8,58.37459236505475,0.9121030057039805,1.1731125448878053,-2.2299141272662055,77.35783266912848,33.63213385273245,87.22509910294784,8.277740975039999,87.22509910294784,-1.1871705689036667,35.0,118.18181818181819
2D8x8,B_PA2_to_C2,118,11.726453465486236,155.71061091327692,-98.87241568891406,26.28,201.59,-51.8,57.71116089255124,0.9017368889461131,1.1725806463411768,-2.329195135125599,76.4786552948967,33.45737654839446,85.93439353934411,8.193502644431712,85.93439353934411,-1.3166596721883512,35.0,119.19191919191918
2D8x8,B_PA2_to_C2,119,12.808540831343858,155.6998726481481,-98.79885227901212,27.62,201.41,-51.8,57.043019792236976,0.8912971842537027,1.1720262209724397,-2.4303411745126065,75.59323673618108,33.28639618348403,84.60854225551317,8.10294869137314,84.60854225551317,-1.4517157493498503,35.0,120.2020202020202
2D8x8,B_PA2_to_C2,120,13.890238970931271,155.68712123001086,-98.7200746209666,28.96,201.23,-51.8,56.37384957773523,0.8808413996521129,1.1714508484183466,-2.532837498218163,74.70645439846697,33.11936492073526,83.25388271236622,8.006449929086765,83.25388271236622,-1.5919100630432417,35.0,121.21212121212122
2D8x8,B_PA2_to_C2,121,14.971519467755202,155.67235797569495,-98.63608964081362,30.3,201.03,-51.8,55.69796599935666,0.8702807187399478,1.170850234934923,-2.637604630157735,73.81077553131448,32.95645094647108,81.8732087157432,7.904027491145973,81.8732087157432,-1.7371637744162591,35.0,122.22222222222223
2D8x8,B_PA2_to_C2,122,16.052354114914245,155.6555863167227,-98.54690555049524,31.63,200.82,-51.8,55.0337557870721,0.8599024341730016,1.1702402940386316,-2.7418082983088974,72.93056617348786,32.797818301253976,80.47855252771832,7.796704021563295,80.47855252771832,-1.8863968671540632,35.0,123.23232323232322
2D8x8,B_PA2_to_C2,123,17.13271484254847,155.6368091544556,-98.45253107240914,32.97,200.61,-51.8,54.355298992727356,0.8493015467613649,1.1695942620385984,-2.849553564358634,72.0314772883452,32.64362671471094,79.06492173718914,7.683708847989196,79.06492173718914,-2.0403230923545617,35.0,124.24242424242425
2D8x8,B_PA2_to_C2,124,18.2125737773163,155.61602957632962,-98.35297588894588,34.3,200.39,-51.8,53.6895374545121,0.8388990227267515,1.1689391483683442,-2.9565980956150115,71.14921211810261,32.494031444699395,77.6475263788199,7.566480570790139,77.6475263788199,-2.1974475011270878,35.0,125.25252525252526
2D8x8,B_PA2_to_C2,125,19.29190318721537,155.59325143620617,-98.24824980430816,35.63,200.15,-51.8,53.018488301950455,0.8284138797179759,1.1682569723909275,-3.06584453095786,70.25993981737302,32.34918312097555,76.22424093209035,7.444595796560034,76.22424093209035,-2.358137835977374,35.0,126.26262626262626
2D8x8,B_PA2_to_C2,126,20.370675431420327,155.5684775792159,-98.1383625598915,36.96,199.91,-51.8,52.349621110326474,0.8179628298488512,1.1675526491981054,-3.1761204897682798,69.37355904465703,32.20922759352317,74.8025611739995,7.31872315622984,74.8025611739995,-2.5216706403864917,35.0,127.27272727272727
2D8x8,B_PA2_to_C2,127,21.44886309329527,155.54171133133084,-98.02332482807778,38.29,199.66,-51.8,51.679900011101516,0.8074984376734612,1.16682292541123,-3.2879580500970778,68.48604667617934,32.07430578569485,73.3857832013445,7.189093364899161,73.3857832013445,-2.6877613289890863,35.0,128.2828282828283
2D8x8,B_PA2_to_C2,128,22.526438964794103,155.51295701115404,-97.90314781249332,39.62,199.4,-51.8,51.00977680431576,0.7970277625674338,1.1660671948456014,-3.4013228794381076,67.59800143598225,31.944553552314247,71.97834214176322,7.056100330056302,71.97834214176322,-2.8559632111713817,35.0,129.2929292929293
2D8x8,B_PA2_to_C2,129,23.60337610738463,155.48221867535082,-97.77784391778182,40.94,199.14,-51.8,50.35764011885445,0.7868381268571008,1.1653062791068767,-3.5130839482253777,66.73379187926565,31.82010154288176,70.59132894899328,6.920995935319959,70.59132894899328,-3.0249728404028775,35.0,130.3030303030303
2D8x8,B_PA2_to_C2,130,24.67964765573138,155.44950057050062,-97.64742489607836,42.26,198.86,-51.8,49.70184901008372,0.7765913907825581,1.1645154746247919,-3.626940431150021,65.86473949186848,31.701075070021535,69.22023844240545,6.783182007842768,69.22023844240545,-3.195338180571257,35.0,131.31313131313132
2D8x8,B_PA2_to_C2,131,25.7552268488753,155.41480710488227,-97.51190216737936,43.58,198.57,-51.8,49.04663925591878,0.7663537383737309,1.163697611248707,-3.742206259179965,64.9964575138308,31.58759398330229,67.87022719849158,6.643255118338354,67.87022719849158,-3.3664139397345276,35.0,132.32323232323233
2D8x8,B_PA2_to_C2,132,26.830087607698424,155.37814292595095,-97.37129126067428,44.9,198.28,-51.8,48.39636370597189,0.7561931829058108,1.1628562412957855,-3.8581367075045234,64.13471432825045,31.479772548558998,66.54622011332658,6.501836128051188,66.54622011332658,-3.5375321563166526,35.0,133.33333333333331
2D8x8,B_PA2_to_C2,133,27.904203500133505,155.33951282222966,-97.22560371147092,46.22,197.98,-51.8,47.74745701403523,0.7460540158443004,1.161986690278165,-3.9753864164629347,63.274785149151555,31.37771933283679,65.24981791448164,6.359158601215434,65.24981791448164,-3.708413918520433,35.0,134.34343434343435
2D8x8,B_PA2_to_C2,134,28.977548636205537,155.29892175665495,-97.07485387430688,47.54,197.66,-51.8,47.09630144767047,0.7358797101198511,1.1610835127682098,-4.094655292891155,62.411875768484585,31.281537095073226,63.98230631113713,6.215436112110692,63.98230631113713,-3.8788021871488993,35.0,135.35353535353536
2D8x8,B_PA2_to_C2,135,30.050097475835003,155.2563748690403,-96.9190572997126,48.85,197.34,-51.8,46.463477453477765,0.7259918352105901,1.1601743392968222,-4.212157135323728,61.573259331634326,31.191322682628712,62.75395217801958,6.072145816331735,62.75395217801958,-4.047178351502486,35.0,136.36363636363635
2D8x8,B_PA2_to_C2,136,31.12181509006912,155.21185602608776,-96.7581726374765,50.16,197.01,-51.8,45.830709599342924,0.7161048374897332,1.1592322043768903,-4.3312597145917024,60.734717291418384,31.10716693376943,61.559820719113226,5.928737731177565,61.559820719113226,-4.214053072721904,35.0,137.37373737373736
2D8x8,B_PA2_to_C2,137,32.19266435930694,155.16534617449724,-96.59215188515384,51.47,196.68,-51.8,45.20568120722926,0.7063387688629572,1.158266689544372,-4.450530983838219,59.90643156278813,31.029154586200914,60.404634551106305,5.786006362675309,60.404634551106305,-4.378594776333987,35.0,138.3838383838384
2D8x8,B_PA2_to_C2,138,33.26264053382973,155.11689864444983,-96.42113376138818,52.77,196.33,-51.8,44.59389906937133,0.6967796729589271,1.1572899258096732,-4.5688824133175086,59.09569973010288,30.957364191744336,59.29198835504583,5.64464076534779,59.29198835504583,-4.540079707168847,35.0,139.3939393939394
2D8x8,B_PA2_to_C2,139,34.331719100072526,155.06651938643978,-96.24513495979193,54.08,195.98,-51.8,43.976756026626276,0.6871368129160356,1.156265604699049,-4.689927540672012,58.27786364252845,30.891868037241494,58.21594302642891,5.503955318407402,58.21594302642891,-4.699161262254166,35.0,140.4040404040404
2D8x8,B_PA2_to_C2,140,35.39987582541831,155.01421438336334,-96.06417264235868,55.38,195.61,-51.8,43.37082502549502,0.6776691410233597,1.1552251056583387,-4.8104376719465165,57.47488571847859,30.832732071768117,57.183775211051426,5.36521629178761,57.183775211051426,-4.8545435275823925,35.0,141.41414141414143
2D8x8,B_PA2_to_C2,141,36.46708644216982,154.95998983572957,-95.87826249657256,56.68,195.24,-51.8,42.77242987445211,0.6683192167883142,1.1541581516684558,-4.931112885623775,56.681894280098845,30.780015840228682,56.19473133979367,5.228535205029964,56.19473133979367,-5.006088015065946,35.0,142.42424242424244
2D8x8,B_PA2_to_C2,142,37.53332745825927,154.90385207524594,-95.68742349521644,57.98,194.86,-51.8,42.177612761343525,0.6590251993959926,1.1530576050407784,-5.052751441067581,55.8936444467324,30.73377242339979,55.247698826841194,5.093966448702698,55.247698826841194,-5.1537161293702205,35.0,143.43434343434342
2D8x8,B_PA2_to_C2,143,38.59857531813452,154.84580760475149,-95.4916729379468,59.27,194.47,-51.8,41.598010605368884,0.6499689157088888,1.1519467003261774,-5.172940118518237,55.1255574283913,30.694048384482304,54.347309732273565,4.9624775478025125,54.347309732273565,-5.2964389845788995,35.0,144.44444444444443
2D8x8,B_PA2_to_C2,144,39.66280689849823,154.7858630702206,-95.29102930237936,60.56,194.07,-51.8,41.02200630264653,0.640968848478852,1.1508009424601124,-5.294053404446004,54.36223827426273,30.66088372221615,53.48905798193936,4.833605625714014,53.48905798193936,-5.434701011569878,35.0,145.45454545454547
2D8x8,B_PA2_to_C2,145,40.72599915709653,154.72402525901262,-95.08551026173888,61.85,193.66,-51.8,40.44985268291356,0.6320289481705244,1.149619250460626,-5.416052459337636,53.604022033547096,30.634311830604982,52.67278676435288,4.707563348865618,52.67278676435288,-5.568274075468896,35.0,146.46464646464648
2D8x8,B_PA2_to_C2,146,41.78812967252567,154.66030109872707,-94.87513555586692,63.14,193.25,-51.8,39.88613208826557,0.6232208138791495,1.148408979674875,-5.537952881737063,52.85698121208474,30.614359465291248,51.8998143437007,4.584812540640532,51.8998143437007,-5.696683914187116,35.0,147.47474747474746
2D8x8,B_PA2_to_C2,147,42.8491760867882,154.59469736955518,-94.65992407576108,64.42,192.82,-51.8,39.33290180115013,0.6145765906429708,1.147178600373478,-5.659271587679351,52.12384211433251,30.60104671661553,51.17032327560097,4.465637576140312,51.17032327560097,-5.819636786074111,35.0,148.4848484848485
2D8x8,B_PA2_to_C2,148,43.90911670401592,154.5272213537003,-94.43989668681203,65.7,192.39,-51.8,38.78804009749456,0.6060631265233525,1.1459188409172156,-5.780434626739648,51.40179303798751,30.594386989387274,50.482744243890764,4.350023987030224,50.482744243890764,-5.937140897154531,35.0,149.4949494949495
2D8x8,B_PA2_to_C2,149,44.96792978648344,154.45788129605765,-94.21507258127312,66.98,191.95,-51.8,38.247386541292755,0.5976154147076993,1.1446199416075085,-5.9023560447526044,50.68532058587895,30.594386989387274,49.83459493090335,4.237783535145366,49.83459493090335,-6.04938134903939,35.0,150.5050505050505
2D8x8,B_PA2_to_C2,150,46.02559383187995,154.38668407085044,-93.9854713541777,68.25,191.5,-51.8,37.72098595910984,0.5893904056110912,1.143308349007212,-6.0227306267316045,49.98773613169071,30.60104671661553,49.22872748875481,4.129646559386161,49.22872748875481,-6.155627802828262,35.0,151.5151515151515
2D8x8,B_PA2_to_C2,151,47.08208808186795,154.31363728095752,-93.7511147078041,69.52,191.04,-51.8,37.198763448847956,0.5812306788882493,1.1419561207693676,-6.143821276163443,49.29568844573419,30.614359465291248,48.66018182198254,4.024971002184463,48.66018182198254,-6.256525452643186,35.0,152.52525252525254
2D8x8,B_PA2_to_C2,152,48.13739187572139,154.23874863471048,-93.5120235955986,70.79,190.58,-51.8,36.68514042002286,0.5732053190628572,1.140572594327997,-6.264587629292359,48.61503676648327,30.634311830604982,48.12947779945077,3.9240604172636506,48.12947779945077,-6.3517770070708615,35.0,153.53535353535352
2D8x8,B_PA2_to_C2,153,49.19148480348986,154.1620260381531,-93.26821888920249,72.06,190.1,-51.8,36.17172138043146,0.5651831465692415,1.1391353006631741,-6.387007805702543,47.93465541314584,30.66088372221615,47.63215619531335,3.826311466143175,47.63215619531335,-6.441995171140716,35.0,154.54545454545453
2D8x8,B_PA2_to_C2,154,50.244346869708224,154.08347698062326,-93.01972230558997,73.31999999999998,189.62,-51.8,35.67608224746648,0.5574387851166638,1.137694187497935,-6.506848215143163,47.27783593811806,30.694048384482304,47.173669328231064,3.7329097015713995,47.173669328231064,-6.526006830810012,35.0,155.55555555555557
2D8x8,B_PA2_to_C2,155,51.29595856754602,154.00311012760852,-92.76655613122028,74.58,189.13,-51.8,35.184728271720346,0.5497613792456304,1.1362084768141656,-6.627307317389972,46.626695140433704,30.73377242339979,46.747518800377165,3.642853876938364,46.747518800377165,-6.604828701134554,35.0,156.56565656565658
2D8x8,B_PA2_to_C2,156,52.34630046281263,153.92093409495914,-92.50874189047302,75.84,188.63,-51.8,34.69781951353093,0.5421534298989208,1.134676749450716,-6.748347671860015,45.981445131566865,30.780015840228682,46.35242105293735,3.55607167793546,46.35242105293735,-6.678551542160449,35.0,157.57575757575756
2D8x8,B_PA2_to_C2,157,53.39535361782308,153.83695674326134,-92.24630226351488,77.09,188.12,-51.8,34.22371684857963,0.5347455757590567,1.133128274869495,-6.8678478628672535,45.353165718600096,30.83273207176811,45.9902274876838,3.473070975147965,45.9902274876838,-6.74668884422204,35.0,158.58585858585857
2D8x8,B_PA2_to_C2,158,54.443099474220304,153.75118650031845,-91.97926021080472,78.34,187.6,-51.8,33.753894704647585,0.5274046047601185,1.1315316523238006,-6.987913519121891,44.73055883909915,30.891868037241494,45.65631390069446,3.3931334897513854,45.65631390069446,-6.8099830909101815,35.0,159.5959595959596
2D8x8,B_PA2_to_C2,159,55.48951956414256,153.663631248831,-91.70763814280556,79.58,187.08,-51.8,33.30035041371622,0.5203179752143159,1.1299307684713533,-7.105415273932674,44.12952332100086,30.95736419174433,45.353936850429,3.317020293034098,45.353936850429,-6.867700179482541,35.0,160.6060606060606
2D8x8,B_PA2_to_C2,160,56.53459623990898,153.5743005258712,-91.43146003128533,80.81999999999998,186.54,-51.8,32.84673735330216,0.5132302711453463,1.1282658429212742,-7.224546588065278,43.528396669792784,31.029154586200914,45.075501101272195,3.2434124078776634,45.075501101272195,-6.9211887311316325,35.0,161.6161616161616
2D8x8,B_PA2_to_C2,161,57.57831172533226,153.4832032432207,-91.1507485139026,82.06,186.0,-51.8,32.40138408187431,0.5062716262792861,1.126563667865856,-7.3431200995782655,42.93821586588557,31.10716693376943,44.822900251253934,3.1727898837415496,44.822900251253934,-6.9700009201579185,35.0,162.62626262626264
2D8x8,B_PA2_to_C2,162,58.62064887440875,153.39034780748443,-90.86552767323836,83.29999999999998,185.45,-51.8,31.960318667216352,0.4993799791752555,1.124808765209651,-7.4621693268276506,42.35371731675864,31.1913226826287,44.593342373456245,3.1047246666082624,44.593342373456245,-7.014599501225961,35.0,163.63636363636365
2D8x8,B_PA2_to_C2,163,59.66159077497219,153.29574248131743,-90.57582147899204,84.53,184.89,-51.8,31.53053943979331,0.49266467874677045,1.1230325323202,-7.579763325974459,41.78417518870839,31.281537095073226,44.38827973160696,3.0396045845169564,44.38827973160696,-7.054633714742633,35.0,164.64646464646464
2D8x8,B_PA2_to_C2,164,60.7011208977446,153.19939724981538,-90.28165367028168,85.76,184.33,-51.8,31.108747742298064,0.48607418347340725,1.1212173100577116,-7.696740758938338,41.225218111080935,31.377719332836783,44.205256748987175,2.977050866595671,44.205256748987175,-7.090521653140197,35.0,165.65656565656565
2D8x8,B_PA2_to_C2,165,61.73922307688685,153.10132122517263,-89.98304854624612,86.98,183.75,-51.8,30.693696431206597,0.4795890067376031,1.1193630770717455,-7.813407474322668,40.675193373062605,31.479772548558994,44.04264903969629,2.91683693755704,44.04264903969629,-7.122531346810801,35.0,166.66666666666669
2D8x8,B_PA2_to_C2,166,62.77588159274177,153.0015225529011,-89.6800312508476,88.2,183.17,-51.8,30.286384396676894,0.47322475619807647,1.1174683076743992,-7.929442741814952,40.13542470085971,31.58759398330229,43.89974041967613,2.8589081031724524,43.89974041967613,-7.150760954900429,35.0,167.67676767676767
2D8x8,B_PA2_to_C2,167,63.811080741983474,152.90001146789095,-89.37262530661879,89.40999999999998,182.58,-51.8,29.889098630696132,0.46701716610462707,1.1155494190882445,-8.044134981355441,39.60894280931396,31.701075070021535,43.77635716581011,2.803312569867847,43.77635716581011,-7.175207618546179,35.0,168.68686868686868
2D8x8,B_PA2_to_C2,168,64.84480570796426,152.79679733772667,-89.06085650443455,90.63,181.98,-51.8,29.489520599384832,0.460773759365388,1.1135357212969241,-8.161037095850434,39.07942321470787,31.82010154288176,43.666773585041916,2.7489908619274104,43.666773585041916,-7.196977913795427,35.0,169.6969696969697
2D8x8,B_PA2_to_C2,169,65.8770416411013,152.69188856131194,-88.74474986151313,91.83,181.38,-51.8,29.109309263578524,0.45483295724341444,1.111549975452721,-8.273753341362864,38.57556830621831,31.944553552314247,43.578344396052856,2.6974780762673967,43.578344396052856,-7.214585464960287,35.0,170.7070707070707
2D8x8,B_PA2_to_C2,170,66.90777413228953,152.5852956136748,-88.42433016003714,93.04,180.76,-51.8,28.723190693147444,0.4487998545804288,1.1094468633894694,-8.389737714376086,38.06388514832903,32.07430578569485,43.50047454267583,2.6467345870690053,43.50047454267583,-7.2301201068192436,35.0,171.7171717171717
2D8x8,B_PA2_to_C2,171,67.93698914361468,152.4770279819649,-88.09962274820667,94.24,180.14,-51.8,28.35009192149014,0.44297018627328344,1.1073354177714498,-8.503301917132273,37.56945578826721,32.20922759352316,43.43956921368128,2.5981039914693618,43.43956921368128,-7.242289805146972,35.0,172.72727272727272
2D8x8,B_PA2_to_C2,172,68.96467309574679,152.36709425458267,-87.77065375851993,95.43,179.51,-51.8,27.98582179026566,0.43727846547290095,1.105195387062264,-8.615630059032336,37.08672611571718,32.34918312097555,43.393215139800446,2.5511702238489233,43.393215139800446,-7.251563408688485,35.0,173.73737373737376
2D8x8,B_PA2_to_C2,173,69.99081266367635,152.25550509492143,-87.43744847141123,96.62,178.87,-51.8,27.624899020403408,0.43163904719380325,1.1029890796554125,-8.72837736096042,36.60843235628706,32.49403144469938,43.35855040080098,2.5054231534754745,43.35855040080098,-7.258504918441756,35.0,174.74747474747474
2D8x8,B_PA2_to_C2,174,71.01539471176027,152.1422701375941,-87.10003215903092,97.81,178.22,-51.8,27.267469821010373,0.4260542159532871,1.1007149801676406,-8.841494521805286,36.1347682658418,32.64362671471094,43.334915641969815,2.4607910499473347,43.334915641969815,-7.263240890396424,35.0,175.75757575757575
2D8x8,B_PA2_to_C2,175,72.03840663046354,152.02739826837123,-86.75843102006482,98.99,177.57,-51.8,26.921834081585473,0.420653657524773,1.098431695322797,-8.952298476989856,35.67673283275999,32.79781830125397,43.32482091785778,2.4178364135873283,43.32482091785778,-7.2652644751300315,35.0,176.76767676767676
2D8x8,B_PA2_to_C2,176,73.05983625395466,151.9109002355482,-86.41267103113607,100.17,176.91,-51.8,26.579493691611894,0.41530458893143585,1.09607907025871,-9.06345726699312,35.2230643867716,32.95645094647107,43.324374330728105,2.3758372568477064,43.324374330728105,-7.265354008714527,35.0,177.77777777777777
2D8x8,B_PA2_to_C2,177,74.07967157134375,151.79278529141217,-86.06277821481683,101.35,176.24,-51.8,26.240586022595437,0.4100091566030537,1.0936556748676858,-9.17492074919793,34.77394497217926,33.11936492073526,43.3330337652498,2.3347418971587244,43.3330337652498,-7.263618094971283,35.0,178.78787878787878
2D8x8,B_PA2_to_C2,178,75.0979012617257,151.6730638340782,-85.70877930137463,102.52,175.56,-51.8,25.90945884407308,0.40483529443864186,1.0911978625899812,-9.28522450018257,34.33513623998043,33.28639618348404,43.35190749153377,2.29482866604345,43.35190749153377,-7.259835774679539,35.0,179.7979797979798
2D8x8,B_PA2_to_C2,179,76.11451404738338,151.5517459278318,-85.3507003611686,103.68,174.88,-51.8,25.589072169554008,0.3998292526492814,1.0887305443808903,-9.393300561581025,33.910560791095556,33.45737654839446,43.38160485015326,2.2562746001391827,43.38160485015326,-7.2538877164808815,35.0,180.80808080808083
2D8x8,B_PA2_to_C2,180,77.12949884362655,151.42884061949917,-84.98856747237346,104.84,174.18,-51.8,25.26856508514976,0.394821329455465,1.0861641253357601,-9.502779734003042,33.485825775396215,33.63213385273245,43.41746564001922,2.2182009292237366,43.41746564001922,-7.2467106147199285,35.0,181.8181818181818
2D8x8,B_PA2_to_C2,181,78.14284513143528,151.30435859348498,-84.62240688190954,106.0,173.48,-51.8,24.954615133860546,0.38991586146657103,1.0835494770786334,-9.611373818931057,33.06978025260382,33.810492130706095,43.461584418948846,2.181081250704124,43.461584418948846,-7.237888905057369,35.0,182.82828282828282
2D8x8,B_PA2_to_C2,182,79.15454278227848,151.17830968322968,-84.2522453379742,107.15,172.77,-51.8,24.647726135199527,0.3851207208624926,1.0808983904621232,-9.718854148210923,32.663091882808416,33.99227179064824,43.51371436335043,2.144919320238896,43.51371436335043,-7.2274768684338575,35.0,183.83838383838383
2D8x8,B_PA2_to_C2,183,80.16458218699586,151.05070418164797,-83.87810997663453,108.29,172.06,-51.8,24.350707229644257,0.3804798004631915,1.078238484374291,-9.824159761356222,32.26948333044673,34.17728979585014,43.57451685981163,2.109899191917421,43.57451685981163,-7.2153483901682325,35.0,184.84848484848484
2D8x8,B_PA2_to_C2,184,81.17295358746802,150.9215520382831,-83.50002680614665,109.43,171.33,-51.8,24.05374714381938,0.3758397991221778,1.0754751510742935,-9.930736518686029,31.87595272581329,34.365359848863854,43.63983522187325,2.0752441239926087,43.63983522187325,-7.202337958358741,35.0,185.85858585858585
2D8x8,B_PA2_to_C2,185,82.17964783645431,150.79086341092665,-83.11802254281665,110.57,170.6,-51.8,23.763158036401684,0.3712993443187763,1.0726652852376843,-10.03630821891009,31.49086492243282,34.55629257908801,43.71171623259229,2.0414143183744944,43.71171623259229,-7.188042833504989,35.0,186.86868686868686
2D8x8,B_PA2_to_C2,186,83.18465626890872,150.658648479528,-82.73212435394977,111.7,169.86,-51.8,23.479112659402624,0.366861135303166,1.0698187902308103,-10.140757750700534,31.11444885074669,34.74989573344796,43.7898702283175,2.008403046489558,43.7898702283175,-7.172526836833045,35.0,187.87878787878788
2D8x8,B_PA2_to_C2,187,84.18797034164835,150.52491725041395,-82.34235893159975,112.83,169.12,-51.8,23.20134489352288,0.362521013961295,1.0669283754606271,-10.244128144301222,30.746351850266972,34.94597436997828,43.87385553736409,1.9761729372860368,43.87385553736409,-7.1558839815948,35.0,188.88888888888889
2D8x8,B_PA2_to_C2,188,85.18958182372573,150.3896801787657,-81.948752828512,113.95,168.36,-51.8,22.92707250815223,0.3582355079398786,1.0639717229767718,-10.347419255453516,30.38288691743145,35.144331054112875,43.96228018954697,1.9444985720923855,43.96228018954697,-7.138395802652351,35.0,189.8989898989899
2D8x8,B_PA2_to_C2,189,86.18948264342175,150.25294705232363,-81.55133241463926,115.07,167.6,-51.8,22.659150233012724,0.3540492223908238,1.0609738103472621,-10.449518967558198,30.027837131405345,35.3447660574848,44.05592717974889,1.9135846831913499,44.05592717974889,-7.119913087471814,35.0,190.9090909090909
2D8x8,B_PA2_to_C2,190,87.18766562310678,150.11472854178467,-81.15012523298817,116.18,166.83,-51.8,22.397487843393822,0.3499607475530285,1.0579427364659488,-10.550405153776731,29.681082926676016,35.547077559035785,44.154461823961476,1.8834138794314415,44.154461823961476,-7.100508085163151,35.0,191.91919191919192
2D8x8,B_PA2_to_C2,191,88.18412342149847,149.97503436988703,-80.74515793431173,117.29,166.06,-51.8,22.142174676743828,0.3459714793241223,1.054875490116956,-10.649985893871385,29.342742692958872,35.751061848233,44.2576287740028,1.853983925883208,44.2576287740028,-7.080237166491043,35.0,192.92929292929293
2D8x8,B_PA2_to_C2,192,89.17884914419898,149.83387543735915,-80.33645709844214,118.39,165.27,-51.8,21.890434874237272,0.3420380449099574,1.0517460830513106,-10.749303558122154,29.009137870561524,35.956513530188225,44.36408317559476,1.8250787293967359,44.36408317559476,-7.059369782909517,35.0,193.93939393939394
2D8x8,B_PA2_to_C2,193,90.17183608422484,149.6912608544792,-79.92404961156332,119.48,164.48,-51.8,21.647394330429833,0.33824053641296614,1.0486224559457569,-10.846278777506882,28.687061279395042,36.16322573247312,44.47551887225652,1.7970772239405006,44.47551887225652,-7.037579530628545,35.0,194.94949494949495
2D8x8,B_PA2_to_C2,194,91.16307814813736,149.54720170457475,-79.50796240030589,120.57,163.68,-51.8,21.40828920845018,0.3345045188820341,1.0454385739546939,-10.94275208282426,28.37019989729302,36.37099031342224,44.58984427657928,1.7696165881674844,44.58984427657928,-7.01528088713677,35.0,195.95959595959596
2D8x8,B_PA2_to_C2,195,92.15256960558916,149.401708646659,-79.08822264474281,121.66,162.88,-51.8,21.175819047502046,0.33087217261721946,1.0422333393195022,-11.037587001471055,28.062131145416704,36.579598071714,44.707836650663914,1.7428945247891017,44.707836650663914,-6.992326890454175,35.0,196.96969696969697
2D8x8,B_PA2_to_C2,196,93.1403041376118,149.25479060283303,-78.66485599380155,122.74,162.07,-51.8,20.949603673399174,0.3273375573968621,1.0390125566962696,-11.130875117513423,27.762351218088078,36.78883895701874,44.82909801651452,1.7168783774177978,44.82909801651452,-6.968799985294623,35.0,197.97979797979798
2D8x8,B_PA2_to_C2,197,94.12627702596647,149.10645912989588,-78.23789021098143,123.81,161.25,-51.8,20.729638676182468,0.32390060431535106,1.0357804013062302,-11.222556699089264,27.47085427124273,36.99850228150155,44.953379750647734,1.6915641020211023,44.953379750647734,-6.94475301882518,35.0,198.989898989899
2D8x8,B_PA2_to_C2,198,95.110483,148.956723,-77.807352,124.88,160.42,-51.8,20.52059069072463,0.32063422954257237,1.032614618731706,-11.310594186560651,27.193824515253436,37.20837693196707,45.08222933861323,1.6672931584846653,45.08222933861323,-6.919892320345196,35.0,200.0
