config,condition,scan_id,pa_x,pa_y,pa_z,focus_x,focus_y,focus_z,beam_sum,beam_mean,beam_max,beam_db,beam_percent,geometry_echo_percent,edm_echo_percent,edm_minus_geometry_db,amplitude_percent,amplitude_db,depth_mm,scan_position_mm
1D16,A_PA1_to_C1,0,-126.47159,137.926021,-64.727672,-124.23,120.25,-51.8,3.5851312246057985,0.2240707015378624,0.8373603862475794,-11.546646434619149,26.464742839701017,35.69500936248267,43.04619704237291,1.6265457823006555,43.04619704237291,-7.321304213575383,35.0,0.0
1D16,A_PA1_to_C1,1,-125.5875311773166,139.02719128142945,-65.13280492576665,-123.25,121.26,-51.8,3.614599960721578,0.22591249754509862,0.8377199530600107,-11.475542774643037,26.682275329938072,35.8963478306188,43.308746961678956,1.6305070761550458,43.308746961678956,-7.26848762787407,35.0,1.0101010101010102
1D16,A_PA1_to_C1,2,-124.6997361978672,140.12576271513814,-65.53680832565904,-122.26,122.26,-51.8,3.6507602515054165,0.22817251571908853,0.8381881290898061,-11.389081297352897,26.949203577929413,36.097483567984256,43.58497062898303,1.6371966057339953,43.58497062898303,-7.213264846807066,35.0,2.0202020202020203
1D16,A_PA1_to_C1,3,-123.80814054759924,141.2216765912607,-65.93965723338754,-121.26,123.25,-51.8,3.6883012703639677,0.23051882939774798,0.8386482735119117,-11.300219801974338,27.226324092574224,36.298214047941045,43.86381137403873,1.6444221596325657,43.86381137403873,-7.157872694028197,35.0,3.0303030303030303
1D16,A_PA1_to_C1,4,-122.9126787053178,142.31487245796063,-66.3413259657362,-120.25,124.23,-51.8,3.7296692428089075,0.23310432767555672,0.8391430933842945,-11.203341183342273,27.53169443579661,36.49833715191105,44.150115130597655,1.653175235707426,44.150115130597655,-7.101363191436942,35.0,4.040404040404041
1D16,A_PA1_to_C1,5,-122.01174866453802,143.40418686963125,-66.74131078089212,-119.24,125.21,-51.8,3.771534571116279,0.23572091069476744,0.8396159485731723,-11.106385706300077,27.840736163460583,36.69765137289228,44.436897144682256,1.6621091134966093,44.436897144682256,-7.045125475266393,35.0,5.05050505050505
1D16,A_PA1_to_C1,6,-121.10663104890662,144.49049807357036,-67.13999408581748,-118.22,126.17,-51.8,3.8116968904214668,0.23823105565134167,0.8400208884982429,-11.014380408402054,28.137206609218012,36.89595601835935,44.71949415774107,1.6703622898021688,44.71949415774107,-6.990062351871051,35.0,6.0606060606060606
1D16,A_PA1_to_C1,7,-120.19746436062516,145.57388656308214,-67.53741160967894,-117.19,127.13,-51.8,3.8534022123087515,0.24083763826929697,0.8404249977829146,-10.919860717768358,28.445067200545544,37.09305141234385,45.00441302343578,1.6792508049651693,45.00441302343578,-6.93489796548984,35.0,7.07070707070707
1D16,A_PA1_to_C1,8,-119.2841803722571,146.65428488520172,-67.93353475243892,-116.15,128.08,-51.8,3.89787507146489,0.24361719196655562,0.8408394276782043,-10.820189251724472,28.773357214823296,37.28873909649108,45.29402730597859,1.689264789108408,45.29402730597859,-6.8791812485163595,35.0,8.080808080808081
1D16,A_PA1_to_C1,9,-118.36592519347504,147.73104304627157,-68.32808255362077,-115.1,129.02,-51.8,3.9452515512739432,0.24657822195462145,0.8412627103905217,-10.715253580033263,29.123081193179136,37.48282202989085,45.58849069685867,1.7004586665368935,45.58849069685867,-6.822895715897685,35.0,9.090909090909092
1D16,A_PA1_to_C1,10,-117.44257785267718,148.80403214082943,-68.72100263076132,-114.05,129.95,-51.8,3.990778078569498,0.24942362991059364,0.841631167080073,-10.615596006125674,29.45914918114908,37.67510478748093,45.87794822806377,1.7109903612163118,45.87794822806377,-6.767920260557158,35.0,10.1010101010101
1D16,A_PA1_to_C1,11,-116.514922269347,149.87380453703935,-69.1125338929097,-112.99,130.88,-51.8,4.03673691465845,0.2522960571661531,0.8419820946197795,-10.516138642270214,29.798408388722386,37.865393756823536,46.16697780618429,1.7217793648257615,46.16697780618429,-6.713371088165735,35.0,11.11111111111111
1D16,A_PA1_to_C1,12,-115.58288695538624,150.94028445626716,-69.50264433810658,-111.92,131.79,-51.8,4.083422385631501,0.2552138991019688,0.8423119130338668,-10.416261459662177,30.143031473973043,38.05349733305666,46.456098551708706,1.7329631451958358,46.456098551708706,-6.659145313277202,35.0,12.121212121212121
1D16,A_PA1_to_C1,13,-114.646399475931,152.00339379708413,-69.8913011714731,-110.84,132.7,-51.8,4.13446207120278,0.25840387945017373,0.8426691694481923,-10.308367322482612,30.519796526251326,38.239226111823875,46.752677739348414,1.7459479107730036,46.752677739348414,-6.603870201018884,35.0,13.131313131313133
1D16,A_PA1_to_C1,14,-113.7043365345142,153.06224053959426,-70.27812111471913,-109.76,133.6,-51.8,4.186071498331599,0.26162946864572495,0.843006526265839,-10.200614728608855,30.900767300122695,38.422393079988524,47.04891126235925,1.7593033466223849,47.04891126235925,-6.54900843866451,35.0,14.14141414141414
1D16,A_PA1_to_C1,15,-112.75724424129103,154.11719913348915,-70.66326812092449,-108.67,134.48,-51.8,4.236144517958472,0.2647590323724045,0.843300554014193,-10.09733220864193,31.270396612025554,38.60281380394006,47.3404553620611,1.7722693796789568,47.3404553620611,-6.495351379224788,35.0,15.151515151515152
1D16,A_PA1_to_C1,16,-111.80550111618676,155.16853095706625,-71.04685566781224,-107.57,135.36,-51.8,4.287499499776668,0.2679687187360418,0.8435886476916369,-9.992665917769981,31.649489120000773,38.780306615303076,47.63308143577128,1.7859487781969277,47.63308143577128,-6.441826451958226,35.0,16.161616161616163
1D16,A_PA1_to_C1,17,-110.849031768006,156.216148479111,-71.42884697464699,-106.46,136.24,-51.8,4.341245047868572,0.27132781549178575,0.8438799766659296,-9.88446154716103,32.046228324208684,38.954692793861945,47.92908195200615,1.8007865343556513,47.92908195200615,-6.3880177907030555,35.0,17.17171717171717
1D16,A_PA1_to_C1,18,-109.88775968148192,157.25996132776058,-71.80920414042144,-105.35,137.1,-51.8,4.395204715314377,0.2747002947071486,0.8441494084025405,-9.777165405370932,32.44454811592733,39.12579674751695,48.224044356494,1.8160087118974784,48.224044356494,-6.334727398021038,35.0,18.181818181818183
1D16,A_PA1_to_C1,19,-108.92107988638196,158.2994494986132,-72.1877053882543,-104.23,137.95,-51.8,4.452912979651035,0.2783070612281897,0.8444286869430838,-9.663863403746355,32.87053932230586,39.29344618909063,48.52528976077107,1.8329603515452741,48.52528976077107,-6.280637252278555,35.0,19.19191919191919
1D16,A_PA1_to_C1,20,-107.9486474368608,159.33428339378025,-72.56421201203561,-103.1,138.79,-51.8,4.511007052479162,0.2819379407799476,0.8446903368166794,-9.551277443973948,33.29937849208444,39.457472309806334,48.82603624493731,1.850444175308046,48.82603624493731,-6.22697061643655,35.0,20.2020202020202
1D16,A_PA1_to_C1,21,-106.97120712934904,160.36502322437607,-72.93896483167389,-101.97,139.63,-51.8,4.567588595898734,0.28547428724367085,0.8449257140092205,-9.443007966150942,33.71705246334528,39.61770994926441,49.12253784595046,1.8678285564817776,49.12253784595046,-6.17438408162905,35.0,21.21212121212121
1D16,A_PA1_to_C1,22,-105.9886806011947,161.39156820008367,-73.3119223265337,-100.83,140.45,-51.8,4.625157329674319,0.2890723331046449,0.8451484211996202,-9.334217359048205,34.14201368220432,39.773997761744695,49.420099251578584,1.886087366189789,49.420099251578584,-6.121927734579389,35.0,22.22222222222222
1D16,A_PA1_to_C1,23,-105.00098799462336,162.4138139103925,-73.68304140133728,-99.68,141.27,-51.8,4.685592048229665,0.2928495030143541,0.8453756207274906,-9.221458085540784,34.58813104443081,39.926178378667956,49.72279251746692,1.9059553727948229,49.72279251746692,-6.068889772421975,35.0,23.232323232323232
1D16,A_PA1_to_C1,24,-104.0080483892786,163.43165260561457,-74.05227738223644,-98.53,142.08,-51.8,4.746857501936537,0.29667859387103357,0.8455919786437361,-9.108623672773144,35.04038073230332,40.074098567052765,50.02671075400087,1.9267637399936897,50.02671075400087,-6.015961019024942,35.0,24.242424242424242
1D16,A_PA1_to_C1,25,-103.00947648346532,164.44471236433247,-74.41947317795704,-97.37,142.87,-51.8,4.811910340874489,0.30074439630465555,0.8458116058058401,-8.990397032554142,35.520588162834585,40.21760938380807,50.33822246879562,1.9496324819369881,50.33822246879562,-5.962042484383696,35.0,25.252525252525253
1D16,A_PA1_to_C1,26,-102.00468577891398,165.4524307713405,-74.78439012090907,-96.21,143.66,-51.8,4.876892588027229,0.30480578675170183,0.8460177370817715,-8.873883755357996,36.00027449850903,40.356566325706275,50.6497777987593,1.9732667312750218,50.6497777987593,-5.908449111102399,35.0,26.262626262626267
1D16,A_PA1_to_C1,27,-100.994437870225,166.45540656397864,-75.14728615286857,-95.03,144.44,-51.8,4.94380053084414,0.30898753317775873,0.8462178914962649,-8.755528769180657,36.49417594580616,40.490829474885786,50.96587441845768,1.9984561235448708,50.96587441845768,-5.854410404472419,35.0,27.27272727272727
1D16,A_PA1_to_C1,28,-99.97865204218024,167.45352101051787,-75.50811248064947,-93.86,145.21,-51.8,5.008478615565647,0.3130299134728529,0.8463944694334654,-8.642631088802382,36.97161701345001,40.62026363973638,51.27845446591308,2.0238437851735065,51.27845446591308,-5.801301458802209,35.0,28.28282828282828
1D16,A_PA1_to_C1,29,-98.95724657977786,168.4466515454952,-75.86681827461119,-92.67,145.97,-51.8,5.078036997103163,0.31737731231894767,0.8465795717605323,-8.522830351547713,37.48508348494258,40.74473849102569,51.60260193714753,2.0520013137200053,51.60260193714753,-5.746567991310032,35.0,29.292929292929294
1D16,A_PA1_to_C1,30,-97.93013914227564,169.4346716568485,-76.22335155664793,-91.48,146.72,-51.8,5.147856853603999,0.32174105335024994,0.8467529674363917,-8.404218325830003,38.00048011386308,40.86412869312978,51.92941917376087,2.081424435366267,51.92941917376087,-5.691730698509537,35.0,30.303030303030305
1D16,A_PA1_to_C1,31,-96.89724697053715,170.41745089425962,-76.57765923268899,-90.28,147.46,-51.8,5.2204622849251,0.32627889280781874,0.846924834726401,-8.282568314159601,38.53643931543729,40.97831403023538,52.264704175757494,2.1130882063298113,52.264704175757494,-5.635830068358767,35.0,31.313131313131315
1D16,A_PA1_to_C1,32,-95.85848647488528,171.3948547881875,-76.9296856030413,-89.08,148.19,-51.8,5.295614345947956,0.33097589662174726,0.8470940402845506,-8.158420565187953,39.09119724317872,41.08717952738712,52.60865030099495,2.1470166046466805,52.60865030099495,-5.578856801672955,35.0,32.323232323232325
1D16,A_PA1_to_C1,33,-94.81326018775638,172.36626166812076,-77.2791700240405,-87.87,148.91,-51.8,5.375159214599693,0.3359474509124808,0.8472659513230432,-8.028920909935911,39.67838202420929,41.19061556625749,52.965782542420584,2.183942217990894,52.965782542420584,-5.520092137087468,35.0,33.33333333333333
1D16,A_PA1_to_C1,34,-93.76170417127643,173.33171905220786,-77.62613400929244,-86.65,149.62,-51.8,5.455700160480275,0.34098126003001716,0.8474281974019402,-7.899737686638922,40.27291965400839,41.28851799552326,53.32993942357134,2.2228359145898864,53.32993942357134,-5.460578192467967,35.0,34.34343434343434
1D16,A_PA1_to_C1,35,-92.7040723383632,174.29139429579996,-77.97065069942045,-85.43,150.32,-51.8,5.535529149453915,0.3459705718408697,0.8475767032776067,-7.773564724327665,40.86220175610858,41.380788235736965,53.69847790722789,2.263264334379666,53.69847790722789,-5.400760485584448,35.0,35.35353535353536
1D16,A_PA1_to_C1,36,-91.64028159188727,175.24513757738708,-78.31266006500847,-84.20999999999998,151.01,-51.8,5.616131410908258,0.3510082131817661,0.8477170829853216,-7.648002340928079,41.45719200557206,41.46733337858815,54.07535547739529,2.305865495613938,54.07535547739529,-5.340012338798673,35.0,36.36363636363637
1D16,A_PA1_to_C1,37,-90.57025047081125,176.19279682622724,-78.652099442385,-82.98,151.69,-51.8,5.700357903340369,0.35627236895877307,0.8478569670112626,-7.518705081545156,42.07893562466398,41.54806628045407,54.46738267403622,2.3517138163257902,54.46738267403622,-5.2772698683334704,35.0,37.37373737373738
1D16,A_PA1_to_C1,38,-89.49389790372966,177.13421557530071,-78.9889050592017,-81.73999999999998,152.36,-51.8,5.7884342363902235,0.36177713977438897,0.8479960821339275,-7.385525494505636,42.72909801995665,41.62290565014599,54.87604084872865,2.4010075229231456,54.87604084872865,-5.212344585812887,35.0,38.38383838383838
1D16,A_PA1_to_C1,39,-88.4111426719469,178.0692323141224,-79.32301148830727,-80.5,153.02,-51.8,5.877694115810508,0.36735588223815674,0.8481278645037448,-7.25260794588727,43.38799712483399,41.69177613076248,55.29693204947254,2.4530127922151728,55.29693204947254,-5.145979265748957,35.0,39.39393939393939
1D16,A_PA1_to_C1,40,-87.32190406766502,178.99768111829334,-79.65435128222146,-79.25,153.67,-51.8,5.971180303198141,0.3731987689498838,0.8482588933336184,-7.115543862410522,44.07809401481598,41.75460837556746,55.7374009959006,2.50884598459172,55.7374009959006,-5.077065721228783,35.0,40.4040404040404
1D16,A_PA1_to_C1,41,-86.2261025357334,179.91939200172868,-79.98285537263546,-77.98999999999998,154.31,-51.8,6.069153119531425,0.37932206997071405,0.8483888220991438,-6.974185675277548,44.801310328837154,41.81133911781647,56.199126859603176,2.5687098198295955,56.199126859603176,-5.005408636306317,35.0,41.41414141414141
1D16,A_PA1_to_C1,42,-85.12365930706834,180.83419046085237,-80.30845245386091,-76.73999999999998,154.94,-51.8,6.165711578724135,0.38535697367025845,0.848506529629428,-6.837083458916671,45.514086132967954,41.86191123446095,56.67119179585828,2.630865869721405,56.67119179585828,-4.932753080883755,35.0,42.42424242424242
1D16,A_PA1_to_C1,43,-84.01449627720152,181.7418966549487,-80.63107011321773,-75.47,155.56,-51.8,6.270213353107627,0.39188833456922667,0.8486286436947749,-6.691101193761134,46.28549794806983,41.906273803666224,57.173970994983414,2.6983862157733594,57.173970994983414,-4.8560328598189635,35.0,43.43434343434344
1D16,A_PA1_to_C1,44,-82.89853717976428,182.64232658248503,-80.95063473369008,-74.2,156.17,-51.8,6.376715844060359,0.39854474025377246,0.8487442665500694,-6.544806273190985,47.07167866455436,41.94438215608557,57.69649634982048,2.769512792114236,57.69649634982048,-4.777011176101667,35.0,44.44444444444444
1D16,A_PA1_to_C1,45,-81.77570602721802,183.53529052099293,-81.26706971245501,-72.93,156.77,-51.8,6.486065605020089,0.40537910031375557,0.8488548786661638,-6.397120822498805,47.878877375586264,41.976197919838405,58.24171627989275,2.844621309306037,58.24171627989275,-4.695316712394774,35.0,45.45454545454545
1D16,A_PA1_to_C1,46,-80.64582348921154,184.42047698396848,-81.58024546867004,-71.65,157.35,-51.8,6.600644993256836,0.41254031207855224,0.8489626743433406,-6.245020056607919,48.724680180126335,42.00168905914754,58.81571831987402,2.9245329990394446,58.81571831987402,-4.610131890946505,35.0,46.464646464646464
1D16,A_PA1_to_C1,47,-79.50878396989144,185.297642211527,-81.89006653611777,-70.37,157.93,-51.8,6.718053172372875,0.4198783232733047,0.849065662280764,-6.091878827516995,49.591364569879794,42.020829906596475,59.41476669888968,3.008595414378771,59.41476669888968,-4.522112077199158,35.0,47.474747474747474
1D16,A_PA1_to_C1,48,-78.36470409990349,186.16679159789868,-82.19653532246785,-69.08,158.5,-51.8,6.840194854444942,0.42751217840280886,0.8491650106726277,-5.935378095313206,50.492990759699715,42.03360118897434,60.04391543570316,3.0974481053456815,60.04391543570316,-4.430619907297502,35.0,48.484848484848484
1D16,A_PA1_to_C1,49,-77.21351525637408,187.0277172845943,-82.49957047786444,-67.79,159.06,-51.8,6.965148307301087,0.43532176920631793,0.8492584574558059,-5.778140201583085,51.41537289569369,42.03999004668235,60.700328386415435,3.1905687212896883,60.700328386415435,-4.336179188042664,35.0,49.494949494949495
1D16,A_PA1_to_C1,50,-76.05515221567958,187.88020837156645,-82.79908752134475,-66.49,159.6,-51.8,7.095212134164364,0.44345075838527276,0.8493475188269637,-5.617439873070833,52.375478820704146,42.03999004668235,61.38975511215219,3.2886659284114645,61.38975511215219,-4.238081980920886,35.0,50.505050505050505
1D16,A_PA1_to_C1,51,-74.88955223574898,188.72404937384064,-83.0949989297513,-65.19,160.14,-51.8,7.229922608758219,0.4518701630473887,0.849432626971915,-5.4540745953599155,53.36988539736507,42.03360118897434,62.112204715505136,3.3916069146639587,62.112204715505136,-4.136461097979225,35.0,51.515151515151516
1D16,A_PA1_to_C1,52,-73.71665496632944,189.559018973578,-83.38721635930006,-63.89,160.66,-51.8,7.366472716645541,0.4604045447903463,0.8495102319244805,-5.291555871702689,54.37787178993254,42.020829906596475,62.86278806379815,3.4985802666571275,62.86278806379815,-4.032127224920801,35.0,52.52525252525253
1D16,A_PA1_to_C1,53,-72.53640296667295,190.384890624968,-83.67564995326215,-62.58,161.18,-51.8,7.511801180728188,0.46948757379551176,0.8495862785283106,-5.1218658717622825,55.45065830408835,42.00168905914754,63.65647594047069,3.6115167330934845,63.65647594047069,-3.9231481568924647,35.0,53.535353535353536
1D16,A_PA1_to_C1,54,-71.34874150332857,191.201432346799,-83.96020704576206,-61.26,161.68,-51.8,7.66323233940188,0.4789520212126175,0.8496570300440945,-4.9485077052133235,56.56849372520543,41.976197919838405,64.48840517215102,3.7295707570676533,64.48840517215102,-3.8103672646331583,35.0,54.54545454545454
1D16,A_PA1_to_C1,55,-70.15362113228008,192.0084093828919,-84.24079431973101,-59.94,162.18,-51.8,7.820127565879128,0.4887579728674455,0.8497225326646882,-4.772470814421395,57.72666383429358,41.94438215608557,65.35773954519362,3.8524644347785637,65.35773954519362,-3.6940595334373394,35.0,55.55555555555556
1D16,A_PA1_to_C1,56,-68.95099439080366,192.80558006060815,-84.51731481171478,-58.62,162.66,-51.8,7.979529782741177,0.49872061142132357,0.8497803468114765,-4.59720156489798,58.90334005980502,41.906273803666224,66.25872636427084,3.9792807465699154,66.25872636427084,-3.5751383290224084,35.0,56.56565656565656
1D16,A_PA1_to_C1,57,-67.7408184239931,193.5926979010977,-84.78967186808131,-57.3,163.13,-51.8,8.143102594258856,0.5089439121411785,0.8498317429007526,-4.420949436069389,60.110802805567765,41.86191123446095,67.19490048781542,4.110345252741797,67.19490048781542,-3.453273697863362,35.0,57.57575757575758
1D16,A_PA1_to_C1,58,-66.52304882046394,194.36950405264457,-85.05776186945315,-55.97,163.59,-51.8,8.318459229530621,0.5199037018456638,0.8498789949824768,-4.235889717664093,61.405251451087786,41.81133911781647,68.18179146345854,4.247486617071472,68.18179146345854,-3.3266318390644396,35.0,58.58585858585859
1D16,A_PA1_to_C1,59,-65.29736445794792,195.13533624133385,-85.32131526549605,-54.63,164.04,-51.8,8.503031865204791,0.5314394915752995,0.8499199005258474,-4.045271433344001,62.767730822787726,41.75460837556746,69.21384985970127,4.389771836517341,69.21384985970127,-3.19613986930316,35.0,59.59595959595959
1D16,A_PA1_to_C1,60,-64.06398870106675,195.89027226448488,-85.58037062872329,-53.3,164.48,-51.8,8.684943410384623,0.5428089631490389,0.8499512490740669,-3.8614077053363887,64.11056654096599,41.69177613076248,70.26621947898026,4.5339238158907635,70.26621947898026,-3.065068242073366,35.0,60.60606060606061
1D16,A_PA1_to_C1,61,-62.8228995497926,196.63404521676424,-85.83482177572114,-51.96,164.91,-51.8,8.87556613443034,0.5547228834018962,0.8499756010645063,-3.6728262774118154,65.51770649072554,41.62290565014599,71.36144982021413,4.682625405414224,71.36144982021413,-2.9307267033218087,35.0,61.61616161616161
1D16,A_PA1_to_C1,62,-61.574080991881786,197.36638378280423,-86.08456237099055,-50.61,165.33,-51.8,9.074968736429188,0.5671855460268242,0.8499920384556641,-3.479844814368044,66.98965779539418,41.54806628045407,72.49867212372008,4.835584727907474,72.49867212372008,-2.7933989567517865,35.0,62.62626262626263
1D16,A_PA1_to_C1,63,-60.3175221924691,198.0870113508912,-86.32948341654753,-49.26,165.73,-51.8,9.27710470622916,0.5798190441393225,0.8499994912785565,-3.288498399431213,68.48178629063442,41.46733337858815,73.66422295342333,4.991010075591204,73.66422295342333,-2.654867758821408,35.0,63.63636363636363
1D16,A_PA1_to_C1,64,-59.05321894838989,198.7956474068054,-86.56947528206895,-47.91,166.13,-51.8,9.484900790288876,0.5928062993930547,0.8499979055112487,-3.0960917126860474,70.01569665073343,41.380788235736965,74.86255919933976,5.1493182103848545,74.86255919933976,-2.5147066095792625,35.0,64.64646464646465
1D16,A_PA1_to_C1,65,-57.78117418123128,199.4920086289987,-86.80442607520538,-46.56,166.51,-51.8,9.694925788265977,0.6059328617666235,0.8499870237519727,-2.9058577847198337,71.56606042074685,41.28851799552326,76.08483360522817,5.309376010407468,76.08483360522817,-2.3740380966503825,35.0,65.65656565656566
1D16,A_PA1_to_C1,66,-56.50139772720847,200.1758074461437,-87.03422398879702,-45.2,166.89,-51.8,9.914454216884481,0.6196533885552801,0.8499656018055336,-2.7113713329912703,73.18657667117537,41.19061556625749,77.34386283741995,5.472551525977113,77.34386283741995,-2.2314828291012465,35.0,66.66666666666666
1D16,A_PA1_to_C1,67,-55.21390634241263,200.8467522123485,-87.25875552522025,-43.84,167.25,-51.8,10.135432967068036,0.6334645604417523,0.8499339822709717,-2.519901451655129,74.81779891389519,41.08717952738712,78.62077563257745,5.636619886992332,78.62077563257745,-2.089253519327304,35.0,67.67676767676768
1D16,A_PA1_to_C1,68,-53.9187252008448,201.50454957328992,-87.47790625334092,-42.48,167.6,-51.8,10.35884916998063,0.6474280731237894,0.8498915777734478,-2.3305173739919676,76.46701395956046,40.97831403023538,79.9149559611969,5.801479563994576,79.9149559611969,-1.9474387106940023,35.0,68.68686868686868
1D16,A_PA1_to_C1,69,-52.61588688166932,202.14890215357067,-87.69156066867265,-41.12,167.94,-51.8,10.584028885943209,0.6615018053714505,0.849837986670141,-2.1437272362415474,78.12924691626955,40.86412869312978,81.22211876825409,5.966641420890979,81.22211876825409,-1.806513712984827,35.0,69.6969696969697
1D16,A_PA1_to_C1,70,-51.305433226217545,202.77951170494575,-87.89960339828632,-39.75,168.27,-51.8,10.821584167770364,0.6763490104856478,0.8497685836992849,-1.9509307326882626,79.88283389814066,40.74473849102569,82.5608538381456,6.134052819975119,82.5608538381456,-1.6645164850549157,35.0,70.70707070707071
1D16,A_PA1_to_C1,71,-49.98700076908163,203.3952860211952,-88.10159506690974,-38.38,168.59,-51.8,11.064982130496025,0.6915613831560016,0.8496830925045904,-1.7577332274900923,81.6795504163624,40.62026363973638,83.91437312955459,6.301872335694643,83.91437312955459,-1.523272908281073,35.0,71.71717171717171
1D16,A_PA1_to_C1,72,-48.66072424070704,203.99600512794527,-88.29745317406535,-37.0,168.89,-51.8,11.303658698924519,0.7064786686827824,0.8495850567025168,-1.5723668451588932,83.44141451828712,40.490829474885786,85.25740288744935,6.467508508541999,85.25740288744935,-1.3853580194752908,35.0,72.72727272727273
1D16,A_PA1_to_C1,73,-47.32700018966312,204.58196768582224,-88.48730791743925,-35.63,169.19,-51.8,11.531572623533226,0.7207232889708266,0.8494766358541935,-1.39897679652565,85.12383087252242,40.356566325706275,86.57373434802842,6.629438865649984,86.57373434802842,-1.2522769767274382,35.0,73.73737373737373
1D16,A_PA1_to_C1,74,-45.985910393316935,205.15286772437383,-88.67104090949582,-34.25,169.47,-51.8,11.758419200241718,0.7349012000151074,0.8493527240176261,-1.229768781549905,86.79836827172652,40.21760938380807,87.87922841795461,6.789399669274729,87.87922841795461,-1.1222752970459566,35.0,74.74747474747475
1D16,A_PA1_to_C1,75,-44.63754649554768,205.7083984412187,-88.84853507484068,-32.87,169.75,-51.8,11.980877204658052,0.7488048252911282,0.84921252886222,-1.0669752257127654,88.44051008207508,40.074098567052765,89.16291567285896,6.94640999285194,89.16291567285896,-0.9963147661666909,35.0,75.75757575757575
1D16,A_PA1_to_C1,76,-43.28201139690344,206.24825580764937,-89.01967349375997,-31.49,170.01,-51.8,12.194972707022346,0.7621857941888966,0.8490581127095223,-0.9131309118543706,90.02092152540536,39.926178378667956,90.41236393112851,7.099401635232978,90.41236393112851,-0.8754435099838191,35.0,76.76767676767676
1D16,A_PA1_to_C1,77,-41.919417359232085,206.77213383026503,-89.18434026853464,-30.1,170.26,-51.8,12.411824423838937,0.7757390264899335,0.848889582632819,-0.7600350958307263,91.62167880885171,39.773997761744695,91.64597853381379,7.250283354406145,91.64597853381379,-0.7577317463630334,35.0,77.77777777777779
1D16,A_PA1_to_C1,78,-40.54939109286912,207.2785156165476,-89.34193078350054,-28.71,170.5,-51.8,12.622122625698715,0.7888826641061697,0.8494231136771451,-0.6140996635762879,93.17405931689923,39.617709949264416,92.84023974157095,7.396937703410771,92.84023974157095,-0.6452749347000555,35.0,78.78787878787878
1D16,A_PA1_to_C1,79,-39.17222385924912,207.7673671887726,-89.49243903545896,-27.33,170.73,-51.8,12.807483204593916,0.8004677002871198,0.8497719904484611,-0.4874716648808805,94.54235513252004,39.457472309806334,93.95300780850773,7.535628554712375,93.95300780850773,-0.5417862370322214,35.0,79.7979797979798
1D16,A_PA1_to_C1,80,-37.78842126078582,208.2392299301881,-89.63609218903564,-25.94,170.94,-51.8,12.974338602786371,0.8108961626741482,0.849961068540564,-0.3750430072181864,95.77404929597839,39.29344618909063,94.99301656512745,7.667431187767492,94.99301656512745,-0.44616641605633617,35.0,80.8080808080808
1D16,A_PA1_to_C1,81,-36.398144323079634,208.69380836243155,-89.7727800705817,-24.54,171.15,-51.8,13.12650929367273,0.8204068308545456,0.8499915386567607,-0.2737625577798003,96.89734380034898,39.12579674751696,95.96370039569761,7.792875833401589,95.96370039569761,-0.35786027651692554,35.0,81.81818181818183
1D16,A_PA1_to_C1,82,-35.001565987997985,209.13081320906835,-89.90239448340782,-23.15,171.34,-51.8,13.2565000106896,0.8285312506681,0.8498559833956537,-0.18817003528764617,97.8569100426636,38.95469279386195,96.8453963255002,7.910383940678205,96.8453963255002,-0.27842038438050076,35.0,82.82828282828282
1D16,A_PA1_to_C1,83,-33.59882471196269,209.5498193112597,-90.02477205237446,-21.75,171.53,-51.8,13.373996253817133,0.8358747658635708,0.849832888067534,-0.11152362112417172,98.72424450385702,38.780306615303076,97.65378439724539,8.021556795227458,97.65378439724539,-0.2062184349276945,35.0,83.83838383838383
1D16,A_PA1_to_C1,84,-32.18939736157059,209.9482143116595,-90.1388748450846,-20.36,171.7,-51.8,13.461676379979039,0.8413547737486899,0.849985002619701,-0.054764648116991985,99.3714821768051,38.60281380394006,98.34936871072358,8.123052290817332,98.34936871072358,-0.14456846808641116,35.0,84.84848484848484
1D16,A_PA1_to_C1,85,-30.77429878000518,210.328098954824,-90.24555516389712,-18.96,171.86,-51.8,13.517896718478067,0.8448685449048792,0.8499978298141503,-0.018565086274559044,99.78648980345099,38.422393079988524,98.92499482886018,8.214432510007757,98.92499482886018,-0.09387927527913745,35.0,85.85858585858585
1D16,A_PA1_to_C1,86,-29.353752174889728,210.6892116692296,-90.34471752312658,-17.56,172.01,-51.8,13.546721879760154,0.8466701174850096,0.8499272654294354,-6.327266464770368e-05,99.99927154918116,38.239226111823875,99.38545541701494,8.296274754604593,99.38545541701494,-0.05354335718729625,35.0,86.86868686868688
1D16,A_PA1_to_C1,87,-27.927991414838672,211.031298188544,-90.4362692640794,-16.16,172.14,-51.8,13.546820561685463,0.8466762851053414,0.8499393131643276,0.0,100.0,38.05349733305666,99.72476906585115,8.36816924408849,99.72476906585115,-0.023939214384548206,35.0,87.87878787878788
1D16,A_PA1_to_C1,88,-26.49708986336301,211.3533998370832,-90.5198371965285,-14.76,172.27,-51.8,13.513452851103468,0.8445908031939667,0.8499454454145366,-0.02142095122723826,99.75368603702947,37.86539375682354,99.93028650190331,8.429093103843583,99.93028650190331,-0.00605734914791136,35.0,88.88888888888889
1D16,A_PA1_to_C1,89,-25.060970741497925,211.65367905566976,-90.594698687592,-13.36,172.38,-51.8,13.446901338432616,0.8404313336520385,0.8499996441878841,-0.06430319708901851,99.26241568788879,37.675104787480926,100.0,8.478910621773473,100.0,0.0,35.0,89.8989898989899
1D16,A_PA1_to_C1,90,-23.62047023416736,211.93414305010464,-90.6616657715752,-11.95,172.49,-51.8,13.351968611414678,0.8344980382134174,0.8496777983983371,-0.12584151124963386,98.56164072312373,37.48282202989085,99.94154113514126,8.51827522519576,99.94154113514126,-0.005079157238818261,35.0,90.9090909090909
1D16,A_PA1_to_C1,91,-22.17586800900967,212.19458342861975,-90.72066392626355,-10.55,172.58,-51.8,13.229298709453749,0.8268311693408593,0.849937396273268,-0.20601111201795796,97.65611531660969,37.28873909649108,99.7544190688542,8.547088913714497,99.7544190688542,-0.021357123910272557,35.0,91.91919191919192
1D16,A_PA1_to_C1,92,-20.727453063034623,212.43480425702376,-90.77162563826468,-9.14,172.66,-51.8,13.063656831908022,0.8164785519942513,0.8499875877635518,-0.3154522967305414,96.43337912702576,37.09305141234385,99.40602122260223,8.562402596137986,99.40602122260223,-0.05174617431702325,35.0,92.92929292929293
1D16,A_PA1_to_C1,93,-19.27509516286899,212.65187307593305,-90.81339786387645,-7.74,172.73,-51.8,12.865916374718083,0.8041197734198802,0.849773313662508,-0.4479330800713271,94.9736974527205,36.89595601835936,98.91767731270713,8.565902844363105,98.91767731270713,-0.09452179731011412,35.0,93.93939393939394
1D16,A_PA1_to_C1,94,-17.819519238473163,212.8477616926178,-90.84677561774735,-6.33,172.78,-51.8,12.652437429354608,0.790777339334663,0.8493236363086076,-0.5932636003848157,93.39783731349891,36.69765137289228,98.32240937173297,8.560284834994043,98.32240937173297,-0.14694975376895683,35.0,94.94949494949495
1D16,A_PA1_to_C1,95,-16.361134123678585,213.0228626326401,-90.87192424144814,-4.92,172.83,-51.8,12.417795001810461,0.7761121876131538,0.8491289816650215,-0.7558578443435693,91.66575245657103,36.49833715191105,97.60904815513497,8.544339981648228,97.60904815513497,-0.21019844549614145,35.0,95.95959595959596
1D16,A_PA1_to_C1,96,-14.90026325715754,213.17704027493127,-90.8888001372905,-3.52,172.86,-51.8,12.15022852902695,0.7593892830641844,0.849349338134835,-0.9450586355848232,89.69062868811815,36.298214047941045,96.75389768809751,8.515664241761238,96.75389768809751,-0.2866306118995231,35.0,96.96969696969697
1D16,A_PA1_to_C1,97,-13.43703824777575,213.30785671798188,-90.89645133311062,-2.11,172.89,-51.8,11.849711415772907,0.7406069634858067,0.849545881383625,-1.162592089388707,87.47226968730584,36.097483567984256,95.75776456264354,8.473941433290012,95.75776456264354,-0.3765200192510496,35.0,97.97979797979798
1D16,A_PA1_to_C1,98,-11.971971855513626,213.41633410235175,-90.89529536304708,-0.7,172.9,-51.8,11.549772159298811,0.7218607599561757,0.8497001245413667,-1.3852792244498593,85.25817631308328,35.89634783061881,94.69067104407478,8.42513858955352,94.69067104407478,-0.47385611447559484,35.0,98.98989898989899
1D16,A_PA1_to_C1,99,-10.505520051148409,213.5035449776888,-90.88576482916936,0.7,172.9,-51.8,11.25028615968455,0.7031428849802843,0.8498185512082818,-1.6134761813588696,83.0474287930246,35.69500936248267,93.55410737665085,8.369107184142521,93.55410737665085,-0.5787428117335166,35.0,100.0
1D16,A_PA1_to_C1,100,-9.03802752308437,213.56942533875437,-90.86784563242011,2.11,172.89,-51.8,10.92013705387092,0.6825085658669325,0.8499128399037116,-1.872185784536438,80.6103321745945,35.493670894346536,92.2864699213101,8.299742317297937,92.2864699213101,-0.6972393205945218,35.0,101.01010101010101
1D16,A_PA1_to_C1,101,-7.569807923952865,213.61171415695904,-90.84065939040936,3.52,172.86,-51.8,10.573013398980558,0.6608133374362849,0.849974479435,-2.152771913793748,78.0479327295754,35.29253515698109,90.9183783178392,8.219376494751515,90.9183783178392,-0.8269663850070808,35.0,102.020202020202
1D16,A_PA1_to_C1,102,-6.101304348598901,213.63124009584075,-90.8045463307863,4.92,172.83,-51.8,10.243883615555223,0.6402427259722014,0.8499989532109183,-2.427454852428905,75.61836055116909,35.0918046770243,89.52443927529866,8.13471812319668,89.52443927529866,-0.9611678090927688,35.0,103.03030303030303
1D16,A_PA1_to_C1,103,-4.63290635035838,213.62934326947368,-90.76004220259485,6.33,172.78,-51.8,9.921980806578587,0.6201238004111617,0.8499913899702929,-2.7047799136667807,73.24213649541481,34.89168157305429,88.08587835740468,8.04368777851744,88.08587835740468,-1.1018742138329898,35.0,104.04040404040404
1D16,A_PA1_to_C1,104,-3.164963838314088,213.606033551836,-90.70716071871894,7.74,172.73,-51.8,9.584527444213602,0.5990329652633501,0.849949355538219,-3.0053334598888015,70.75112127285104,34.69236735207306,86.55962435822919,7.9416285328950895,86.55962435822919,-1.2536927387201309,35.0,105.05050505050507
1D16,A_PA1_to_C1,105,-1.697943285825935,213.55919295710223,-90.64508693655804,9.14,172.66,-51.8,9.24565466145738,0.5778534163410862,0.8498702058495667,-3.317994207813486,68.24962816446325,34.49406270660599,84.97853066698198,7.8312973811466176,84.97853066698198,-1.4138156482058122,35.0,106.06060606060606
1D16,A_PA1_to_C1,106,-0.2322283949211495,213.48964013175785,-90.57415246751472,10.55,172.58,-51.8,8.92668459190586,0.5579177869941162,0.8497594033137255,-3.622943764547607,65.89505302191161,34.2969673126215,83.3904361644451,7.7172105168570795,83.3904361644451,-1.5776750925633456,35.0,107.07070707070707
1D16,A_PA1_to_C1,107,1.2318954371084,213.3988401321371,-90.494939805427,11.95,172.49,-51.8,8.630201562684054,0.5393875976677533,0.8496220576544962,-3.916328785422097,63.70647284642489,34.101279628474266,81.80498915780127,7.600182309988336,81.80498915780127,-1.7444041716524303,35.0,108.08080808080808
1D16,A_PA1_to_C1,108,2.6940895608745743,213.2868762750944,-90.40749239818872,13.36,172.38,-51.8,8.326592566755654,0.5204120354222284,0.8494426265561802,-4.227401276052388,61.46529016783314,33.90719669507449,80.16602447300026,7.4739692269020255,80.16602447300026,-1.9201930608073157,35.0,109.09090909090908
1D16,A_PA1_to_C1,109,4.153793231843601,213.15203258624496,-90.31115359116733,14.76,172.27,-51.8,8.026308602207926,0.5016442876379954,0.8492225606628092,-4.546430488695737,59.248652225517574,33.71491393748441,78.49961564078284,7.340909497907239,78.49961564078284,-2.102649393883673,35.0,110.1010101010101
1D16,A_PA1_to_C1,110,5.610639042819751,212.9946945263486,-90.20608538842838,16.16,172.14,-51.8,7.750990499026463,0.4844369061891539,0.8489780274202323,-4.849603474567039,57.216307426029,33.5246249681418,76.85486016889433,7.206148170701001,76.85486016889433,-2.2865732652260102,35.0,111.11111111111111
1D16,A_PA1_to_C1,111,7.064485336711198,212.81660122945664,-90.09297442379186,17.56,172.01,-51.8,7.497235497425943,0.46857721858912144,0.848712080684563,-5.138724509674441,55.343137257094924,33.33652139190868,75.22958299445847,7.069367490080313,75.22958299445847,-2.472226910288466,35.0,112.12121212121211
1D16,A_PA1_to_C1,112,8.51502038884186,212.61790787921868,-89.97189010856013,18.96,171.86,-51.8,7.249364423538144,0.453085276471134,0.8484078926918122,-5.430748922120305,53.51340110048815,33.15079261314147,73.59646217676931,6.927260430122477,73.59646217676931,-2.662861238803182,35.0,113.13131313131312
1D16,A_PA1_to_C1,113,9.961751170364485,212.3978116720477,-89.84253296538209,20.36,171.7,-51.8,7.001003204080009,0.43756270025500055,0.8480524819926928,-5.733542037177112,51.680046784416554,32.96762564497682,71.9472197726172,6.778526926006436,71.9472197726172,-2.8597196733910906,35.0,114.14141414141415
1D16,A_PA1_to_C1,114,11.404091829012076,212.15529861284764,-89.70452284322879,21.75,171.53,-51.8,6.773788771446171,0.42336179821538567,0.847677193660064,-6.020114569025261,50.002793944170996,32.78720492102529,70.33092099785159,6.628838191652999,70.33092099785159,-3.057073907478829,35.0,115.15151515151516
1D16,A_PA1_to_C1,115,12.842164013141216,211.89280589036773,-89.55881087418322,23.15,171.34,-51.8,6.567571298889533,0.4104732061805958,0.8472879014726761,-6.288651639944095,48.480536587785224,32.60971210966227,68.75188425085327,6.478752809156742,68.75188425085327,-3.254307896562187,35.0,116.16161616161615
1D16,A_PA1_to_C1,116,14.27569473601576,211.61054562237044,-89.40548865092514,24.54,171.15,-51.8,6.374218831976464,0.398388676998529,0.8468758451743829,-6.548208184064804,47.05324620601159,32.4353259311034,67.19793984387726,6.326753845744021,67.19793984387726,-3.4528808270636473,35.0,117.17171717171718
1D16,A_PA1_to_C1,117,15.704420609000886,211.30873996345576,-89.24465069119623,25.94,170.94,-51.8,6.178498262221019,0.3861561413888137,0.8464019147188474,-6.819088988173752,45.60847494869531,32.26422197744839,65.64220563804489,6.16923936733694,65.64220563804489,-3.656336693652901,35.0,118.18181818181819
1D16,A_PA1_to_C1,118,17.127467061117866,210.9853888030928,-89.07554022675586,27.33,170.73,-51.8,5.993283089769876,0.37458019311061724,0.8458961033641306,-7.083451728070993,44.2412524952217,32.09657253587472,64.11521465980461,6.010048846423924,64.11521465980461,-3.8607779872423142,35.0,119.19191919191918
1D16,A_PA1_to_C1,119,18.54500242105926,210.64245975846785,-88.89892252982663,28.71,170.5,-51.8,5.830251734848449,0.3643907334280281,0.8453981674430251,-7.323001428385558,43.03778667695782,31.932546415159006,62.644840413427815,5.85303510212105,62.644840413427815,-4.062293855648118,35.0,120.2020202020202
1D16,A_PA1_to_C1,120,19.95695951902884,210.28081088695933,-88.71513602499982,30.1,170.26,-51.8,5.676220153167289,0.3547637595729556,0.8448749279737351,-7.555562939448479,41.900755437931835,31.77230877570093,61.207772294450756,5.695155975051703,61.207772294450756,-4.26386853412448,35.0,121.21212121212122
1D16,A_PA1_to_C1,121,21.36312255140996,209.9007043348374,-88.52429015015632,31.49,170.01,-51.8,5.530304995388036,0.34564406221175226,0.8443257413675092,-7.781765900749731,40.8236380647827,31.61602096322065,59.80566009586211,5.5367015466826075,59.80566009586211,-4.465154235925798,35.0,122.22222222222223
1D16,A_PA1_to_C1,122,22.763287163308185,209.50241116711732,-88.32649553713337,32.87,169.75,-51.8,5.38714979172636,0.3366968619828975,0.8437286605999621,-8.009566536696799,39.766894137232924,31.463840346297385,58.43072368585217,5.376590710550403,58.43072368585217,-4.667174695213131,35.0,123.23232323232322
1D16,A_PA1_to_C1,123,24.15657910066909,209.08432508444196,-88.12115160875746,34.25,169.47,-51.8,5.250269663025342,0.32814185393908385,0.8430962402457343,-8.233115363354539,38.75647159507453,31.31592015791258,57.09309077177526,5.216367546562958,57.09309077177526,-4.868328910826973,35.0,124.24242424242425
1D16,A_PA1_to_C1,124,25.543293466436644,208.6482072407228,-87.90893755362836,35.63,169.19,-51.8,5.126891059924972,0.32043069124531076,0.8424720974635221,-8.43966577901326,37.845714694305336,31.17240934115728,55.81021395211546,5.058866337288023,55.81021395211546,-5.06572625167538,35.0,125.25252525252526
1D16,A_PA1_to_C1,125,26.92344255045924,208.19485717158383,-87.69016649807516,37.0,168.89,-51.8,5.012958130584632,0.3133098831615395,0.8418425748926942,-8.634866019448776,37.00468392386333,31.033452399259065,54.57613849857126,4.903454233172264,54.57613849857126,-5.25994391641132,35.0,126.26262626262626
1D16,A_PA1_to_C1,126,28.296872416348656,207.724568192602,-87.46495907252391,38.38,168.59,-51.8,4.903023199918255,0.30643894999489096,0.8411811943771544,-8.827468600855463,36.193165603636174,30.89918925007955,53.38177056978098,4.7489178015807445,53.38177056978098,-5.452140512081764,35.0,127.27272727272727
1D16,A_PA1_to_C1,127,29.663439688942976,207.23763640733537,-87.2334345109946,39.75,168.27,-51.8,4.799924053637466,0.2999952533523416,0.8405070033177694,-9.012060248503474,35.43210771694366,30.769755085228965,52.234711397758005,4.596703201451178,52.234711397758005,-5.640816009483246,35.0,128.2828282828283
1D16,A_PA1_to_C1,128,31.023012683729167,206.73436170913817,-86.99571479085466,41.12,167.94,-51.8,4.69724020646143,0.2935775129038394,0.8397758910914347,-9.199892173219888,34.674115487634474,30.645280233939648,51.123307560134144,4.445106936494408,51.123307560134144,-5.82762112177945,35.0,129.2929292929293
1D16,A_PA1_to_C1,129,32.37470356525212,206.2133764793259,-86.75128976688967,42.48,167.6,-51.8,4.600555227376257,0.2875347017110161,0.839030400062037,-9.380542594230105,33.96040573821455,30.525890031835562,50.06023266279422,4.296490567343291,50.06023266279422,-6.010142725425721,35.0,130.3030303030303
1D16,A_PA1_to_C1,130,33.719101063085496,205.67660809481976,-86.50089817554122,43.84,167.25,-51.8,4.512691922864187,0.2820432451790117,0.8383015951722621,-9.548033852087997,33.31181587823976,30.411704694729963,49.05223741328971,4.152361137163521,49.05223741328971,-6.1868235682966795,35.0,131.31313131313132
1D16,A_PA1_to_C1,131,35.05617762104751,205.12451340531013,-86.24471920298933,45.2,166.89,-51.8,4.429063827320382,0.2768164892075239,0.8375560432062257,-9.710508786289635,32.694489508830756,30.30283919757822,48.09063397714758,4.011543623129611,48.09063397714758,-6.358789951989444,35.0,132.32323232323233
1D16,A_PA1_to_C1,132,36.38584781708681,204.55739637263824,-85.98287507018212,46.56,166.51,-51.8,4.349092863963631,0.27181830399772694,0.8367896854849963,-9.868773944740342,32.10415937939114,30.19940315870785,47.17470796894867,3.874217209052519,47.17470796894867,-6.525815592361498,35.0,133.33333333333331
1D16,A_PA1_to_C1,133,37.70803641502904,203.97556182960767,-85.71548684828234,47.91,166.13,-51.8,4.2735481996071005,0.2670967624754438,0.8360172828300033,-10.020975434340134,31.54650333004334,30.101500729442087,46.30627884386982,3.7410346896957076,46.30627884386982,-6.687202347086335,35.0,134.34343434343435
1D16,A_PA1_to_C1,134,39.02267691114972,203.37931197772247,-85.44267500237241,49.26,165.73,-51.8,4.201134961868291,0.2625709351167682,0.8352248889085322,-10.16941489511291,31.011962864189563,30.00923048922838,45.48272412209636,3.6118321810192686,45.48272412209636,-6.843070635286495,35.0,135.35353535353536
1D16,A_PA1_to_C1,135,40.32971261578653,202.76894899163807,-85.16455939825487,50.61,165.33,-51.8,4.131356609106271,0.2582097880691419,0.8344115272187563,-10.314893887692385,30.496872607813273,29.922685346377193,44.702861697057784,3.486695200968828,44.702861697057784,-6.993293483911568,35.0,136.36363636363635
1D16,A_PA1_to_C1,136,41.62902929258818,202.1446564938012,-84.8812160005424,51.96,164.91,-51.8,4.062481317362631,0.25390508233516446,0.8335519095269902,-10.46092003045123,29.988448572593974,29.84195244451127,43.962798971812695,3.3651620165918255,43.962798971812695,-7.138293304353817,35.0,137.37373737373736
1D16,A_PA1_to_C1,137,42.92008254787703,201.5058761804476,-84.59244212770967,53.3,164.48,-51.8,3.997597939015844,0.24984987118849025,0.8326912158142126,-10.600765314769895,29.50949206725502,29.767113074819356,43.26836110365549,3.2486745666772565,43.26836110365549,-7.276591089378216,35.0,138.3838383838384
1D16,A_PA1_to_C1,138,44.20344095580125,200.8539741852588,-84.29875593198065,54.63,164.04,-51.8,3.9379838110874763,0.24612398819296727,0.8318553779671328,-10.731269036672783,29.069432145763376,29.698242594202874,42.621516364129306,3.1379629242775984,42.621516364129306,-7.407422065285214,35.0,139.3939393939394
1D16,A_PA1_to_C1,139,45.479083879422326,200.1892406876478,-84.00027201496113,55.97,163.59,-51.8,3.8796310384517376,0.2424769399032336,0.8309870343689386,-10.860939061681524,28.638683304217643,29.635410349397883,42.013274389579,3.0315117072389137,42.013274389579,-7.532269390468831,35.0,140.4040404040404
1D16,A_PA1_to_C1,140,46.74699928704412,199.5119648380151,-83.69710381974916,57.3,163.13,-51.8,3.824198147594785,0.23901238422467405,0.8301156861181919,-10.985939829630864,28.22948846322496,29.57867960714887,41.44614744200177,2.930107689177186,41.44614744200177,-7.650316647238993,35.0,141.41414141414143
1D16,A_PA1_to_C1,141,48.007181537454464,198.82243129729403,-83.3893624432826,58.62,162.66,-51.8,3.771487434313734,0.23571796464460837,0.8292421819375102,-11.106494263603636,27.84038820873327,29.528107490504397,40.918750072409736,2.833734917834056,40.918750072409736,-7.761552819308031,35.0,142.42424242424244
1D16,A_PA1_to_C1,142,49.25963216287593,198.12092114404783,-83.07715879174981,59.94,162.18,-51.8,3.7205311034788062,0.2325331939674254,0.828351436716174,-11.224648773966317,27.4642384649399,29.48374492129912,40.428040993657646,2.7420010431097888,40.428040993657646,-7.866346052009307,35.0,143.43434343434342
1D16,A_PA1_to_C1,143,50.504359087927725,197.4077115489707,-82.76060183738355,61.26,161.68,-51.8,3.671255873166666,0.22945349207291663,0.8274419291717613,-11.340454479344448,27.10049827891052,29.445636568879774,39.97274971594549,2.654861535463855,39.97274971594549,-7.964719513963735,35.0,144.44444444444443
1D16,A_PA1_to_C1,144,51.74137630049833,196.68307631020824,-82.4397969481123,62.58,161.18,-51.8,3.623541716280195,0.2264713572675122,0.8265161541989197,-11.454082254822174,26.748281633911024,29.41382080512694,39.551461889970305,2.5722219623383777,39.551461889970305,-8.056749191991688,35.0,145.45454545454547
1D16,A_PA1_to_C1,145,52.97070413149112,195.9472847727104,-82.11485016116147,63.89,160.66,-51.8,3.578062827112646,0.22362892669454038,0.8255880951693579,-11.563788324124658,26.412565301355638,29.388329665817807,39.1643561921881,2.494321776122492,39.1643561921881,-8.142180165258196,35.0,146.46464646464648
1D16,A_PA1_to_C1,146,54.19236807897806,195.20060217646076,-81.78586373787523,65.19,160.14,-51.8,3.5346445076730806,0.22091528172956754,0.824661114250652,-11.669832731000696,26.092059694583487,29.369188818368862,38.80984933989616,2.4210001080558587,38.80984933989616,-8.221160863817966,35.0,147.47474747474746
1D16,A_PA1_to_C1,147,55.40639861693578,194.44328844032668,-81.45293907592712,66.49,159.6,-51.8,3.492520684798528,0.218282542799908,0.8237157586715929,-11.773967826486727,25.78110981019739,29.356417535991007,38.48513519287807,2.3517992095352875,38.48513519287807,-8.294139669725311,35.0,148.4848484848485
1D16,A_PA1_to_C1,148,56.61283103800743,193.6755986866025,-81.11617586847466,67.79,159.06,-51.8,3.4516030390662547,0.21572518994164092,0.8227546064354481,-11.876330711307226,25.479063691361205,29.350028678282996,38.18879596216553,2.286548719401305,38.18879596216553,-8.361280681829626,35.0,149.4949494949495
1D16,A_PA1_to_C1,149,57.811705742301854,192.89778461982107,-80.77567078527012,69.08,158.5,-51.8,3.4125013465925518,0.21328133416203449,0.8217925977811664,-11.97529093692362,25.190422587010165,29.350028678282996,37.92085306521556,2.225391373996982,37.92085306521556,-8.42243802723395,35.0,150.5050505050505
1D16,A_PA1_to_C1,150,59.0030673546265,192.1100930008785,-80.431518605454,70.37,157.93,-51.8,3.374482806686003,0.21090517541787518,0.8208135996037289,-12.072603171183314,24.909777104674056,29.356417535991007,37.678593059036245,2.1678324314731303,37.678593059036245,-8.478106447787466,35.0,151.5151515151515
1D16,A_PA1_to_C1,151,60.18696445293098,191.3127651870468,-80.0838131635974,71.65,157.35,-51.8,3.338096820922777,0.20863105130767357,0.8198357814360299,-12.166768982152584,24.64118282015141,29.369188818368862,37.46195385542418,2.113969463357842,37.46195385542418,-8.528191508515983,35.0,152.52525252525254
1D16,A_PA1_to_C1,152,61.363448392895926,190.5060368241799,-79.73264497029759,72.93,156.77,-51.8,3.302660052590944,0.206416253286934,0.8188424887409435,-12.259470096308396,24.37959547446781,29.388329665817807,37.26837658318687,2.0633114458701987,37.26837658318687,-8.57319049551049,35.0,153.53535353535352
1D16,A_PA1_to_C1,153,62.53257525076112,189.69013986366625,-79.37810395588245,74.2,156.17,-51.8,3.2687280554299933,0.20429550346437458,0.817849712302012,-12.349171753604528,24.129116057497303,29.41382080512694,37.09787590553761,2.0159520372441326,37.09787590553761,-8.613019117085935,35.0,154.54545454545453
1D16,A_PA1_to_C1,154,63.69440350185478,188.86530081635576,-79.02027652704841,75.47,155.56,-51.8,3.235661215932927,0.20222882599580794,0.8168403557339077,-12.437486699386316,23.885023066477775,29.445636568879774,36.94805570630442,1.9714128441041,36.94805570630442,-8.64816820532349,35.0,155.55555555555557
1D16,A_PA1_to_C1,155,64.8489950311793,188.0317417660356,-78.65924735945033,76.73999999999998,154.94,-51.8,3.203432734127865,0.20021454588299156,0.8158144063657684,-12.524435383759926,23.647118669218585,29.48374492129912,36.817817505083006,1.9295079096077599,36.817817505083006,-8.678839185511336,35.0,156.56565656565658
1D16,A_PA1_to_C1,156,65.99641377848022,187.18967854614155,-78.29510006010506,77.98999999999998,154.31,-51.8,3.173038922464836,0.19831493265405226,0.8148105743902727,-12.607239576227173,23.42275745084538,29.528107490504397,36.708203651806215,1.8905503859816453,36.708203651806215,-8.704737351160443,35.0,157.57575757575756
1D16,A_PA1_to_C1,157,67.13672726207854,186.3393236804872,-77.92791593936606,79.25,153.67,-51.8,3.1428800167184576,0.1964300010449036,0.813771426370759,-12.690191533162212,23.20013026235455,29.578679607148867,36.61498175920329,1.8536007787511788,36.61498175920329,-8.726823557665002,35.0,158.58585858585857
1D16,A_PA1_to_C1,158,68.27000362544098,185.4808832655693,-77.55777279708339,80.5,153.02,-51.8,3.113943556531633,0.19462147228322707,0.8127358875804094,-12.770532840124497,22.98652692971231,29.635410349397883,36.539268397439436,1.8189780477284136,36.539268397439436,-8.74480304997933,35.0,159.5959595959596
1D16,A_PA1_to_C1,159,69.3963146922312,184.6145597302445,-77.1847486605872,81.73999999999998,152.36,-51.8,3.086169706305874,0.19288560664411714,0.8117045676190389,-12.848351486752609,22.78150575814448,29.698242594202867,36.48008049468118,1.786500748456446,36.48008049468118,-8.758884241106369,35.0,160.6060606060606
1D16,A_PA1_to_C1,160,70.51573242914215,183.74054930316348,-76.80891769989609,82.98,151.69,-51.8,3.0590503933691364,0.19119064958557103,0.8106582106802196,-12.925014937236183,22.58131625380101,29.767113074819356,36.435562965062665,1.7557753397936704,36.435562965062665,-8.769490316261802,35.0,161.6161616161616
1D16,A_PA1_to_C1,161,71.62833176385743,182.8590444248774,-76.43035371243633,84.20999999999998,151.01,-51.8,3.0330141534987822,0.1895633845936739,0.8096171324214693,-12.999258826567328,22.389121784613213,29.84195244451127,36.40582609514224,1.7268731249711713,36.40582609514224,-8.77658219597447,35.0,162.62626262626264
1D16,A_PA1_to_C1,162,72.73418891237762,181.9702330772119,-76.04912746341594,85.43,150.32,-51.8,3.0080106273833715,0.18800066421146072,0.8085819381965319,-13.071160239471613,22.204550607918602,29.922685346377186,36.39004351081271,1.699640182147598,36.39004351081271,-8.7803485027328,35.0,163.63636363636365
1D16,A_PA1_to_C1,163,73.83338034769403,181.07429724503453,-75.66530789168684,86.65,149.62,-51.8,2.9835818249924433,0.1864738640620277,0.8075332416936136,-13.141988507250563,22.024221930206426,30.00923048922838,36.38659678501655,1.6737315803503598,36.38659678501655,-8.781171235955403,35.0,164.64646464646464
1D16,A_PA1_to_C1,164,74.92598411421237,180.1714145158533,-75.27896292817486,87.87,148.91,-51.8,2.9597240528221667,0.18498275330138542,0.8064716638094757,-13.211723127488051,21.84810848674831,30.101500729442083,36.394840153168644,1.6490333625933027,36.394840153168644,-8.77920367418874,35.0,165.65656565656565
1D16,A_PA1_to_C1,165,76.01207975140402,179.2617589762031,-74.89015774945686,89.08,148.19,-51.8,2.936821839341954,0.18355136495887212,0.8054180388923609,-13.279195543612028,21.679048792069935,30.199403158707845,36.41496317053301,1.6256303024649625,36.41496317053301,-8.774402498949057,35.0,166.66666666666669
1D16,A_PA1_to_C1,166,77.09174762221413,178.34549973922313,-74.49895691208107,90.28,147.46,-51.8,2.91483622426331,0.18217726401645687,0.8043731655343659,-13.344464403377291,21.516755248883676,30.30283919757822,36.44632510313246,1.603408470783043,36.44632510313246,-8.766925104336012,35.0,167.67676767676767
1D16,A_PA1_to_C1,167,78.16506757020038,177.42280052578397,-74.10542222749868,91.48,146.72,-51.8,2.8933673362369516,0.18083545851480948,0.8033177863013441,-13.408676078938711,21.358276084502634,30.411704694729963,36.48758096514037,1.5820861392012397,36.48758096514037,-8.757098566258962,35.0,168.68686868686868
1D16,A_PA1_to_C1,168,79.23212000205737,176.49382133220942,-73.70961251769542,92.67,145.97,-51.8,2.8722655986575996,0.17951659991609997,0.802245340279556,-13.472255631865341,21.202507153458885,30.525890031835562,36.537931839064484,1.5615125185609666,36.537931839064484,-8.745120774208047,35.0,169.6969696969697
1D16,A_PA1_to_C1,169,80.2922457066076,175.5579947426321,-73.31132774143597,93.86,145.21,-51.8,2.85164541798843,0.17822783862427688,0.8011619207477244,-13.53483710382945,21.05029298205774,30.645280233939648,36.59715061189412,1.5416735247939513,36.59715061189412,-8.731054533479908,35.0,170.7070707070707
1D16,A_PA1_to_C1,170,81.34621913040817,174.61616876514668,-72.91087417856407,95.03,144.44,-51.8,2.8326732792491596,0.17704207995307247,0.8001376248623437,-13.592817848391878,20.910244336304437,30.769755085228965,36.66719477595197,1.5230729215039136,36.66719477595197,-8.71444628943051,35.0,171.7171717171717
1D16,A_PA1_to_C1,171,82.39413102461414,173.66849982189953,-72.50831209760779,96.21,143.66,-51.8,2.8138600910611355,0.17586625569132097,0.799088035697881,-13.650697566900876,20.771369032668737,30.899189250079544,36.744605689065494,1.5049301391137582,36.744605689065494,-8.696128174548752,35.0,172.72727272727272
1D16,A_PA1_to_C1,172,83.43606417922192,172.71513292392234,-72.10369582975609,97.37,142.87,-51.8,2.796159338896736,0.174759958681046,0.7980733676563253,-13.705509245160528,20.640705515839834,31.03345239925906,36.830954464980756,1.4876576222578364,36.830954464980756,-8.675740527325749,35.0,173.73737373737376
1D16,A_PA1_to_C1,173,84.4721014411665,171.75620943958634,-71.69707749993427,98.53,142.08,-51.8,2.778886605086516,0.17368041281790725,0.7970547895394254,-13.759331057994233,20.513201547424746,31.17240934115727,36.92447729156208,1.4708797107571554,36.92447729156208,-8.653712878206253,35.0,174.74747474747474
1D16,A_PA1_to_C1,174,85.50232556270262,170.791866357757,-71.28850885598135,99.68,141.27,-51.8,2.7624101625942385,0.1726506351621399,0.796054896856839,-13.810984304110953,20.391575646961595,31.315920157912576,37.025587441473604,1.4547356111490086,37.025587441473604,-8.629960846240923,35.0,175.75757575757575
1D16,A_PA1_to_C1,175,86.52681905914028,169.82223673745816,-70.87804031093589,100.83,140.45,-51.8,2.7463982125098743,0.17164988828186714,0.7950553823375546,-13.861477410247875,20.273378539297447,31.463840346297378,37.13328119236153,1.4390319317767861,37.13328119236153,-8.60473347398675,35.0,176.76767676767676
1D16,A_PA1_to_C1,176,87.54566407425344,168.8474505459108,-70.46571908527208,101.97,139.63,-51.8,2.7308488198977416,0.17067805124360885,0.7940594133972292,-13.910794401139523,20.158595941112665,31.61602096322064,37.24724670572979,1.4237392922400207,37.24724670572979,-8.578116490368387,35.0,177.77777777777777
1D16,A_PA1_to_C1,177,88.55844803780349,167.867192725398,-70.05143424762115,103.1,138.79,-51.8,2.7157927710286085,0.16973704818928803,0.7930678804687966,-13.958815006048532,20.047455110682563,31.77230877570093,37.36725331525441,1.4088480322013166,37.36725331525441,-8.550176476974867,35.0,178.78787878787878
1D16,A_PA1_to_C1,178,89.56514571001105,166.8815077296887,-69.63520370616975,104.23,137.95,-51.8,2.7013847353358784,0.1688365459584924,0.7920953105835049,-14.00501873589758,19.94109778774377,31.932546415159013,37.49333672659785,1.3944108029911693,37.49333672659785,-8.520918154777995,35.0,179.7979797979798
1D16,A_PA1_to_C1,179,90.56640539812672,165.89102646115222,-69.21725653762716,105.35,137.1,-51.8,2.6879508477887883,0.16799692798679927,0.7911671251535545,-14.048321107597438,19.84193143733765,32.09657253587472,37.62589502917475,1.3805636244994537,37.62589502917475,-8.490263209166784,35.0,180.80808080808083
1D16,A_PA1_to_C1,180,91.56230890900198,164.8958659730496,-68.79763588335707,106.46,136.24,-51.8,2.6752151724185786,0.16720094827616117,0.7902667446082526,-14.089573188269737,19.747919153700924,32.26422197744839,37.764102034892616,1.3671593086586848,37.764102034892616,-8.458416752331154,35.0,181.8181818181818
1D16,A_PA1_to_C1,181,92.55293700046964,163.896139665199,-68.3763832599028,107.57,135.36,-51.8,2.662996418225497,0.16643727613909357,0.789381486101917,-14.129335919281727,19.657722681861326,32.4353259311034,37.90733386680118,1.3540994789021255,37.90733386680118,-8.425535193905544,35.0,182.82828282828282
1D16,A_PA1_to_C1,182,93.5383696865723,162.89195751358884,-67.95353909558447,108.67,134.48,-51.8,2.651423005534716,0.16571393784591976,0.7885258206977541,-14.167167161518355,19.572289995733378,32.60971210966227,38.05560857683814,1.341434135195314,38.05560857683814,-8.391626570523613,35.0,183.83838383838383
1D16,A_PA1_to_C1,183,94.51868676017396,161.8834265470593,-67.52914318940918,109.76,133.6,-51.8,2.640044918426803,0.1650028074016752,0.7876665359398128,-14.204521242710666,19.48829916514621,32.787204921025285,38.20776495778625,1.3289447686863087,38.20776495778625,-8.35696733044552,35.0,184.84848484848484
1D16,A_PA1_to_C1,184,95.49271186178296,160.8696074210233,-67.1028632821566,110.84,132.7,-51.8,2.6293744055941914,0.16433590034963697,0.7868433763006787,-14.239698941743995,19.409531510521838,32.96762564497682,38.36461913515792,1.3168644213718086,38.36461913515792,-8.321382178025717,35.0,185.85858585858585
1D16,A_PA1_to_C1,185,96.46170388940378,159.85160660413624,-66.67509437547085,111.92,131.79,-51.8,2.619617519215881,0.16372609495099255,0.7860763572381192,-14.271989841449301,19.337508069051697,33.15079261314147,38.52636418163626,1.3052821812085982,38.52636418163626,-8.284839487717061,35.0,186.86868686868686
1D16,A_PA1_to_C1,186,97.42578646563032,158.82956069145675,-66.24588697364936,112.99,130.88,-51.8,2.6104970578454805,0.16315606611534253,0.7853471906659659,-14.302283403873401,19.270182593462277,33.33652139190868,38.69220654817784,1.2940643498582052,38.69220654817784,-8.247530050510573,35.0,187.87878787878788
1D16,A_PA1_to_C1,187,98.38503709192018,157.8035656055637,-65.81527629218839,114.05,129.95,-51.8,2.602100944705119,0.16263130904406994,0.7846640270409189,-14.330264757954346,19.208204115913762,33.5246249681418,38.86210410977603,1.28324765380475,38.86210410977603,-8.209473782122261,35.0,188.88888888888889
1D16,A_PA1_to_C1,188,99.33953257020568,156.7737146908155,-65.3832963626497,115.1,129.02,-51.8,2.5941374297952677,0.16213358936220423,0.7840059305548559,-14.356887965285024,19.149418994537204,33.71491393748441,39.03523925020468,1.272695802503013,39.03523925020468,-8.170863089287899,35.0,189.8989898989899
1D16,A_PA1_to_C1,189,100.28870623937988,155.7395876756556,-64.94979971852082,116.15,128.08,-51.8,2.5864682078810874,0.16165426299256797,0.7833612982611875,-14.382604674286593,19.092806286933538,33.90719669507449,39.21111098072768,1.2623452372402086,39.21111098072768,-8.131817050469133,35.0,190.9090909090909
1D16,A_PA1_to_C1,190,101.23243476882728,154.7011333967404,-64.5147688375107,117.19,127.13,-51.8,2.5796430970815614,0.16122769356759759,0.782779705532999,-14.405555087145665,19.04242464373949,34.10127962847426,39.39063033038368,1.2524450908762184,39.39063033038368,-8.09214139076455,35.0,191.91919191919192
1D16,A_PA1_to_C1,191,102.17160842977847,153.6590922034527,-64.07846897385889,118.22,126.17,-51.8,2.5736962746615126,0.16085601716634454,0.7822668750478351,-14.425601687006402,18.998526354890313,34.2969673126215,39.57365304749463,1.2430084470088045,39.57365304749463,-8.051877162411621,35.0,192.92929292929293
1D16,A_PA1_to_C1,192,103.10630135656044,152.6135477256028,-63.64093019392647,119.24,125.21,-51.8,2.568352554682019,0.16052203466762618,0.7818011834645762,-14.443654793948053,18.95908005119742,34.49406270660599,39.75940209478006,1.2339099257039396,39.75940209478006,-8.01120310364849,35.0,193.93939393939394
1D16,A_PA1_to_C1,193,104.0365865316082,151.5645810663427,-63.20218148831107,120.25,124.23,-51.8,2.563562258750844,0.16022264117192775,0.7813788541133513,-14.459870181532917,18.923719016411713,34.692367352073056,39.94756361672763,1.2251272124116273,39.94756361672763,-7.970194059203594,35.0,194.94949494949495
1D16,A_PA1_to_C1,194,104.96171515673508,150.511645489133,-62.76203108739684,121.26,123.25,-51.8,2.559102959490219,0.1599439349681387,0.7809816593142099,-14.474992384282618,18.890801334802813,34.89168157305429,40.137470610419484,1.2165620038354703,40.137470610419484,-7.928999988514959,35.0,195.95959595959596
1D16,A_PA1_to_C1,195,105.88177918168331,149.45485205613636,-62.320520446667565,122.26,122.26,-51.8,2.555488982250501,0.1597180613906563,0.7806575481183523,-14.487267307889635,18.86412365627845,35.09180467702429,40.329966754051824,1.208443212244556,40.329966754051824,-7.887442720044894,35.0,196.96969696969697
1D16,A_PA1_to_C1,196,106.79762797996236,148.3948745970604,-61.877887560531605,123.25,121.26,-51.8,2.5527014296537907,0.15954383935336192,0.780406542409803,-14.496747133294075,18.843546484062898,35.29253515698108,40.524803665834966,1.2007612689600076,40.524803665834966,-7.845581610798589,35.0,197.97979797979798
1D16,A_PA1_to_C1,197,107.70933131348907,147.33178524017583,-61.43415856706641,124.23,120.25,-51.8,2.5505878772771733,0.15941174232982333,0.7802159176046606,-14.50394174156849,18.827944650651187,35.493670894346536,40.72146001374593,1.19344845106093,40.72146001374593,-7.803533186831527,35.0,198.989898989899
1D16,A_PA1_to_C1,198,108.616958,146.265654,-60.989359,125.21,119.24,-51.8,2.549613123939003,0.15935082024618769,0.7801301489757483,-14.507261846019567,18.820749210704733,35.69500936248268,40.920680105995885,1.186706858275066,40.920680105995885,-7.761143137600971,35.0,200.0
1D16,B_PA2_to_C2,0,-111.344089,143.730347,-72.942256,-123.81,161.25,-51.8,4.478622120205992,0.2799138825128745,0.8442311793962731,-9.624382474619255,33.02028947867821,37.674587617799205,47.35087844371811,1.9855906617213797,47.35087844371811,-6.493439192888651,35.0,0.0
1D16,B_PA2_to_C2,1,-110.38386537861794,143.92504987544245,-73.40755896180973,-122.74,162.07,-51.8,4.5807698927057885,0.2862981182941118,0.8447248375199261,-9.428501364766692,33.77341151644242,37.887091939666696,47.7841934434705,2.0158597604689805,47.7841934434705,-6.414314802294129,35.0,1.0101010101010102
1D16,B_PA2_to_C2,2,-109.4218299609588,144.1185327097424,-73.86961573883003,-121.66,162.88,-51.8,4.68816640832416,0.29301040052026,0.8451973920497624,-9.227210515379326,34.56523184410983,38.09938228769529,48.22866269027465,2.0477457061355095,48.22866269027465,-6.333895605139545,35.0,2.0202020202020203
1D16,B_PA2_to_C2,3,-108.45798450643372,144.31078641668583,-74.32840069786123,-120.57,163.68,-51.8,4.797979718449028,0.29987373240306425,0.8456308705019902,-9.026102733576044,35.3748708785297,38.311244903499606,48.67796023364759,2.080122143887605,48.67796023364759,-6.253352568507148,35.0,3.0303030303030303
1D16,B_PA2_to_C2,4,-107.49233079569572,144.50179958697743,-74.78388860572728,-119.48,164.48,-51.8,4.909727556412818,0.30685797227580114,0.8460233062737256,-8.826123019292897,36.19877293124654,38.52246645938435,49.13083805651091,2.1128017306810514,49.13083805651091,-6.172916555197309,35.0,4.040404040404041
1D16,B_PA2_to_C2,5,-106.5248704079047,144.69156262453677,-75.23605239698662,-118.39,165.27,-51.8,5.021919831290959,0.31386998945568495,0.8463741077037527,-8.629875380934783,37.02595175864385,38.73283427314721,49.58387283573945,2.145223349341345,49.58387283573945,-6.093191098155649,35.0,5.05050505050505
1D16,B_PA2_to_C2,6,-105.55560598576687,144.8800661623952,-75.684866540274,-117.29,166.06,-51.8,5.13813070083449,0.32113316880215564,0.8467028271917052,-8.431167942029013,37.882759153843296,38.94213652223188,50.044584693780045,2.178746290619938,50.044584693780045,-6.012858209787275,35.0,6.0606060606060606
1D16,B_PA2_to_C2,7,-104.58453988214106,145.06729927392988,-76.1303048784166,-116.18,166.83,-51.8,5.255591550613239,0.32847447191332746,0.8470027912398002,-8.234838775122384,38.74878248825389,39.150162457015306,50.50679360166074,2.212324597612061,50.50679360166074,-5.933004031576941,35.0,7.07070707070707
1D16,B_PA2_to_C2,8,-103.61167478761368,145.25325172348178,-76.57234104120653,-115.07,167.6,-51.8,5.375011820010132,0.3359382387506332,0.8472758933473094,-8.039682417520517,39.629252364762635,39.35670261301476,50.97183713005868,2.2462316311380905,50.97183713005868,-5.853394265220669,35.0,8.080808080808081
1D16,B_PA2_to_C2,9,-102.63701375124135,145.4379140468565,-77.01094843943008,-113.95,168.36,-51.8,5.497297696440993,0.3435811060275621,0.8475296668488145,-7.844285769092809,40.530849983522046,39.561549021800815,51.441481987145785,2.2808036764936377,51.441481987145785,-5.773730564674933,35.0,9.090909090909092
1D16,B_PA2_to_C2,10,-101.6605600506468,145.62127561992435,-77.4461008038966,-112.83,169.12,-51.8,5.621551407840231,0.35134696299001444,0.8477610020746205,-7.650147159248513,41.446956189645604,39.764495420403904,51.91360225072156,2.315713787166284,51.91360225072156,-5.694376693341181,35.0,10.1010101010101
1D16,B_PA2_to_C2,11,-100.68231730915193,145.80332558276277,-77.877772044352,-111.7,169.86,-51.8,5.747267450003284,0.35920421562520527,0.8479738109584924,-7.458042738813697,42.37384396738623,39.96533745900368,52.38692484531625,2.3507884269308272,52.38692484531625,-5.615541884794659,35.0,11.11111111111111
1D16,B_PA2_to_C2,12,-99.70228929415876,145.98405451638737,-78.30593509369717,-110.57,170.6,-51.8,5.874931941595136,0.367183246349696,0.8481682467621936,-7.267214092754433,43.31509740546761,40.16387290669191,52.862325146595566,2.3862135499228967,52.862325146595566,-5.537074767284133,35.0,12.121212121212121
1D16,B_PA2_to_C2,13,-98.7204801590521,146.16345228221533,-78.73056335422048,-109.43,171.33,-51.8,6.005720428100018,0.3753575267562511,0.8483499853813804,-7.07596865975807,44.279383645511174,40.359901855101896,53.34217491298081,2.422412353377256,53.34217491298081,-5.458585617148625,35.0,13.131313131313133
1D16,B_PA2_to_C2,14,-97.73689414441262,146.34150742262747,-79.15163026818743,-108.29,172.06,-51.8,6.138430455411257,0.38365190346320355,0.848516016882073,-6.886124091726381,45.257837152175604,40.553226919699256,53.82371619926916,2.4589652409736473,53.82371619926916,-5.380526403047243,35.0,14.14141414141414
1D16,B_PA2_to_C2,15,-96.75153606554488,146.5182102967413,-79.56910911524014,-107.15,172.77,-51.8,6.2697568019101135,0.3918598001193821,0.8486640643028196,-6.702256984654097,46.22608896292895,40.74365343853142,54.29965693383592,2.4947423319882858,54.29965693383592,-5.304058285649454,35.0,15.151515151515152
1D16,B_PA2_to_C2,16,-95.76441098545337,146.6935506411538,-79.98297329248382,-106.0,173.48,-51.8,6.405884535379264,0.400367783461204,0.8488047627641674,-6.5156887633763505,47.229740765778736,40.930989668235675,54.783217966129385,2.5319058713758706,54.783217966129385,-5.227049217513276,35.0,16.161616161616163
1D16,B_PA2_to_C2,17,-94.7755246978455,146.8675188399196,-80.39319692783319,-104.84,174.18,-51.8,6.545338946449857,0.4090836841531161,0.848936562704266,-6.328628067181014,48.257919723287614,41.11504697710851,55.27108265771369,2.5699436175182044,55.27108265771369,-5.150040566274496,35.0,17.17171717171717
1D16,B_PA2_to_C2,18,-93.78488196301028,147.04010262552612,-80.79975203414823,-103.68,174.88,-51.8,6.6868728948987926,0.41792955593117453,0.8490571719195209,-6.142809527295673,49.30143083527872,41.29564003504178,55.76043818582623,2.608439527603167,55.76043818582623,-5.073476441049344,35.0,18.181818181818183
1D16,B_PA2_to_C2,19,-92.792435537956,147.21124955115144,-81.20249796185014,-102.52,175.56,-51.8,6.826919333530544,0.426682458345659,0.8491648070027796,-5.962775464457261,50.33397473381726,41.47258700013437,56.2434732322596,2.646220103585875,56.2434732322596,-4.998557358971947,35.0,19.19191919191919
1D16,B_PA2_to_C2,20,-91.79822993559468,147.38097891626882,-81.6014867311795,-101.35,176.24,-51.8,6.971637538861447,0.43572734617884046,0.849266469068126,-5.780574896155647,51.40096295130979,41.64570970179155,56.73340448500451,2.685371564391197,56.73340448500451,-4.9232230860873925,35.0,20.2020202020202
1D16,B_PA2_to_C2,21,-90.80229103355435,147.54929578769315,-81.9967325985091,-100.17,176.91,-51.8,7.119686017356642,0.44498037608479013,0.8493612779661577,-5.598054062173478,52.492504833071486,41.81483382012775,57.227260242948205,2.725451587701323,57.227260242948205,-4.847940909143497,35.0,21.21212121212121
1D16,B_PA2_to_C2,22,-89.80462601702506,147.71619055711744,-82.38820952039464,-98.99,177.57,-51.8,7.267640971799883,0.4542275607374927,0.8494463237122002,-5.419401597826474,53.58335717434821,41.97978906149187,57.71758831926353,2.765358482943532,57.71758831926353,-4.77383647655964,35.0,22.22222222222222
1D16,B_PA2_to_C2,23,-88.80524149658001,147.88165129826228,-82.77589017906962,-97.81,178.22,-51.8,7.415358174137453,0.4634598858835908,0.8495225326232522,-5.244628229804333,54.67245660074561,42.140409329938485,58.204041799198826,2.8050878825639676,58.204041799198826,-4.700937121386822,35.0,23.232323232323232
1D16,B_PA2_to_C2,24,-87.80414478986354,148.0456683441914,-83.15974727592672,-96.62,178.87,-51.8,7.568073473338883,0.4730045920836802,0.8495940258602608,-5.067564096397246,55.79840633530867,42.29653289447246,58.69791896451524,2.846358704630461,58.69791896451524,-4.627545913122165,35.0,24.242424242424242
1D16,B_PA2_to_C2,25,-86.8013441490417,148.20823110062227,-83.53975553399744,-95.43,179.51,-51.8,7.72038187938627,0.4825238674616419,0.849657577665704,-4.894495235741166,56.92135610037825,42.44800255189837,59.187553245442494,2.887462565878385,59.187553245442494,-4.555392259176293,35.0,25.252525252525253
1D16,B_PA2_to_C2,26,-85.79684713155581,148.36932931117394,-83.91588687010773,-94.24,180.14,-51.8,7.8721392243550365,0.4920087015221898,0.849713900341935,-4.725415564214756,58.040242964884214,42.594665785110685,59.6726698319626,2.9284050845561254,59.6726698319626,-4.484490616555289,35.0,26.262626262626267
1D16,B_PA2_to_C2,27,-84.79066219213736,148.52895259434032,-84.28811479164705,-93.04,180.76,-51.8,8.027131371990649,0.5016957107494155,0.8497655426255115,-4.5560634762223104,59.18297960228879,42.73637491666569,60.161512869365865,2.970421363474946,60.161512869365865,-4.413625023276337,35.0,27.27272727272727
1D16,B_PA2_to_C2,28,-83.78279833852454,148.68709051038687,-84.65641348019483,-91.83,181.38,-51.8,8.186974602793924,0.5116859126746203,0.8498127918869813,-4.384802027227385,60.3614826352905,42.87298725748007,60.6576700425954,3.0140395897997863,60.6576700425954,-4.342285512909923,35.0,28.28282828282828
1D16,B_PA2_to_C2,29,-82.7732644843618,148.84373269838642,-85.0207559726652,-90.63,181.98,-51.8,8.340385946510658,0.5212741216569161,0.8498517664391544,-4.223547933598238,61.49256421415041,43.00436525050676,61.13689434609215,3.0558166338317343,61.13689434609215,-4.273932529932296,35.0,29.292929292929294
1D16,B_PA2_to_C2,30,-81.76207001190437,148.99886944655137,-85.38111544941161,-89.40999999999998,182.58,-51.8,8.502522142613028,0.5314076339133142,0.8498881354295553,-4.056315457875307,62.68797297751038,43.13037660924322,61.63209577580017,3.1004737125940403,61.63209577580017,-4.203861280015759,35.0,30.303030303030305
1D16,B_PA2_to_C2,31,-80.74922459345133,149.15248953395547,-85.73746566339398,-88.2,183.17,-51.8,8.659468669731746,0.5412167918582341,0.8499175284778675,-3.8974459848632232,63.84511899676304,43.250894450932726,62.11341631128702,3.143806465664917,62.11341631128702,-4.136291667757654,35.0,31.313131313131315
1D16,B_PA2_to_C2,32,-79.73473816719762,149.3045824755824,-86.08977990629651,-86.98,183.75,-51.8,8.81932145682416,0.55120759105151,0.8499427509844868,-3.7385674389678956,65.02369248702263,43.365797424324555,62.5985911249198,3.1883444425023306,62.5985911249198,-4.068708822551297,35.0,32.323232323232325
1D16,B_PA2_to_C2,33,-78.71862135234821,149.4551382571482,-86.4380323272578,-85.76,184.33,-51.8,8.979319266692343,0.5612074541682714,0.8499630544499723,-3.5824026198851513,66.20333521105735,43.474969831864406,63.08194304007806,3.2333154524752743,63.08194304007806,-4.0018987613370784,35.0,33.33333333333333
1D16,B_PA2_to_C2,34,-77.70088469592274,149.6041466734858,-86.78219602640094,-84.53,184.89,-51.8,9.140541943942567,0.5712838714964105,0.8499790294033852,-3.4278319726548494,67.39200872055297,43.57830174619205,63.566139766597395,3.2791107352318765,63.566139766597395,-3.9354832305599685,35.0,34.34343434343434
1D16,B_PA2_to_C2,35,-76.68153940290324,149.75159744535128,-87.12224516612058,-83.29999999999998,185.45,-51.8,9.301601744560099,0.5813501090350062,0.8499903585547822,-3.276116071913667,68.57948136214401,43.67568912082881,64.0485670804989,3.325393038378235,64.0485670804989,-3.869811640319874,35.0,35.35353535353536
1D16,B_PA2_to_C2,36,-75.66059697847993,149.8974803307656,-87.45815384885604,-82.06,186.0,-51.8,9.465125710660331,0.5915703569162707,0.8499974159487294,-3.1247431621137296,69.78512197043959,43.767033894943616,64.53533609141611,3.3730092160378975,64.53533609141611,-3.804048477108706,35.0,36.36363636363637
1D16,B_PA2_to_C2,37,-74.63806924818577,150.0417851248658,-87.7898962109968,-80.81999999999998,186.54,-51.8,9.626720024405412,0.6016700015253382,0.8499999798198998,-2.977704063428095,70.97653550673621,43.852244092091894,65.01744389240423,3.420761374665202,65.01744389240423,-3.739402168728053,35.0,37.37373737373738
1D16,B_PA2_to_C2,38,-73.61396815521526,150.18450169084596,-88.11744574553933,-79.58,187.08,-51.8,9.78757773973104,0.61172360873319,0.8499983054937279,-2.833766399192065,72.16251820015594,43.93123391282808,65.49801392225142,3.4690945915243048,65.49801392225142,-3.6754373759457204,35.0,38.38383838383838
1D16,B_PA2_to_C2,39,-72.58830630330328,150.32561996117698,-88.44077702518774,-78.34,187.6,-51.8,9.944820603045258,0.6215512876903286,0.8499926638884567,-2.695331826327088,73.32184906704607,44.00392382109836,65.97143211276352,3.5172901542931885,65.97143211276352,-3.612881762404934,35.0,39.39393939393939
1D16,B_PA2_to_C2,40,-71.56109641508871,150.46512977948345,-88.7598640362138,-77.09,188.12,-51.8,10.105236103232434,0.6315772564520271,0.849982771838522,-2.5563415897586457,74.50457136664564,44.070240624326786,66.45302652501157,3.5673868677758422,66.45302652501157,-3.549704696778651,35.0,40.4040404040404
1D16,B_PA2_to_C2,41,-70.53235169037065,150.6030210563669,-89.07468130687656,-75.84,188.63,-51.8,10.263036514686519,0.6414397821679074,0.8499690166450647,-2.421753408614638,75.66801296234533,44.13011754711391,66.93101860229919,3.617847003791427,66.93101860229919,-3.4874513110784795,35.0,41.41414141414141
1D16,B_PA2_to_C2,42,-69.50208597534196,150.73928382249213,-89.3852044178836,-74.58,189.13,-51.8,10.42230622160723,0.6513941388504518,0.8499508580204439,-2.2879943064682235,76.84228747949619,44.18349429847407,67.41501995851716,3.6699321579630535,67.41501995851716,-3.4248666513760995,35.0,42.42424242424242
1D16,B_PA2_to_C2,43,-68.47031288272552,150.8739081752133,-89.69140715404404,-73.31999999999998,189.62,-51.8,10.578641660541916,0.6611651037838697,0.8499289356376588,-2.1586727671713435,77.99492802626376,44.230317132543185,67.89636710997648,3.7225296817037945,67.89636710997648,-3.363069252622521,35.0,43.43434343434344
1D16,B_PA2_to_C2,44,-67.43704656234294,151.00688424031952,-89.9932640606525,-72.06,190.1,-51.8,10.731885606117352,0.6707428503823345,0.8499034269888972,-2.0337501947487993,79.12477540073326,44.270538902696345,68.37563282550003,3.7757310032058515,68.37563282550003,-3.301972823744044,35.0,44.44444444444444
1D16,B_PA2_to_C2,45,-66.40230189331929,151.13820215259082,-90.29075113844432,-70.79,190.58,-51.8,10.887084401670384,0.680442775104399,0.8498732067017601,-1.9090390944814064,80.26903562594457,44.304119109020455,68.86469330161964,3.831050233151194,68.86469330161964,-3.2400676472836114,35.0,45.45454545454545
1D16,B_PA2_to_C2,46,-65.36609387181097,151.2678522055928,-90.58384371028332,-69.52,191.04,-51.8,11.037711436127772,0.6898569647579857,0.8498395514786958,-1.7896901717262996,81.37958886031056,44.33102393909423,69.35048204795994,3.8868344318278414,69.35048204795994,-3.1790103168921027,35.0,46.464646464646464
1D16,B_PA2_to_C2,47,-64.32843764514975,151.39582463511093,-90.87251660833756,-68.25,191.5,-51.8,11.18575662638972,0.6991097891493575,0.8498023436401603,-1.673963571109283,82.47110649836274,44.35122630203441,69.83838944579503,3.9437716598895984,69.83838944579503,-3.1181156904223224,35.0,47.474747474747474
1D16,B_PA2_to_C2,48,-63.28934886231595,151.5221097582287,-91.1567453525607,-66.98,191.95,-51.8,11.329997460334061,0.7081248412708788,0.8497618390718805,-1.5626746398560902,83.53457511966027,44.364705855774,70.32691987172709,4.001679809576912,70.32691987172709,-3.0575680618002643,35.0,48.484848484848484
1D16,B_PA2_to_C2,49,-62.24884367455399,151.6466974859408,-91.4365064098234,-65.7,192.39,-51.8,11.474167386604755,0.7171354616627972,0.849716473825984,-1.452847267436984,84.59752094804355,44.371449027544976,70.82533472970417,4.061700482652142,70.82533472970417,-2.9962272854142027,35.0,49.494949494949495
1D16,B_PA2_to_C2,50,-61.20693837904393,151.7695790116044,-91.71177513775478,-64.42,192.82,-51.8,11.614166099288084,0.7258853812055053,0.8496677735984737,-1.3475102345907894,85.6297129694667,44.371449027544976,71.32601592507375,4.122887092142173,71.32601592507375,-2.9350406759241707,35.0,50.505050505050505
1D16,B_PA2_to_C2,51,-60.16364981403854,151.89074522038314,-91.98252799904806,-63.14,193.25,-51.8,11.750682983515883,0.7344176864697427,0.8496157044189696,-1.2460086944132065,86.63623392947164,44.364705855774,71.83173166770989,4.185574595745742,71.83173166770989,-2.873673275631435,35.0,51.515151515151516
1D16,B_PA2_to_C2,52,-59.118995098258246,152.01018632705112,-92.2487417271654,-61.85,193.66,-51.8,11.885497745626571,0.7428436091016607,0.8495585931544033,-1.146923410086204,87.63020536787674,44.35122630203441,72.34763684209138,4.250374348783884,72.34763684209138,-2.811513001528038,35.0,52.52525252525253
1D16,B_PA2_to_C2,53,-58.07299161693708,152.12789314608406,-92.5103927357169,-60.56,194.07,-51.8,12.01633635518279,0.7510210221989244,0.8494980496993894,-1.051829362531128,88.59486115855894,44.33102393909423,72.8701510843633,4.316838148008794,72.8701510843633,-2.7490066007111498,35.0,53.535353535353536
1D16,B_PA2_to_C2,54,-57.02565725142257,152.24385640055144,-92.76745833238854,-59.27,194.47,-51.8,12.142275026340371,0.7588921891462732,0.849434285762877,-0.9612695790528352,89.52339035047748,44.304119109020455,73.39862401120486,4.384876247709282,73.39862401120486,-2.686241632725524,35.0,54.54545454545454
1D16,B_PA2_to_C2,55,-55.97700994133772,152.35806700921157,-93.0199148280702,-57.98,194.86,-51.8,12.263217488545962,0.7664510930341226,0.849367367551645,-0.8751822790005501,90.41508315355527,44.270538902696345,73.9341950264641,4.454610802288629,73.9341950264641,-2.623093024661266,35.0,55.55555555555556
1D16,B_PA2_to_C2,56,-54.92706831895261,152.47051600784263,-93.26774021710568,-56.68,195.24,-51.8,12.382190341322694,0.7738868963326684,0.8492948667252567,-0.7913213744782119,91.2922542864061,44.230317132543185,74.4847402466065,4.526945085799426,74.4847402466065,-2.558653848526891,35.0,56.56565656565656
1D16,B_PA2_to_C2,57,-53.87585117730203,152.58119383266,-93.5109122821452,-55.38,195.61,-51.8,12.495752723058448,0.780984545191153,0.8492190976203071,-0.7120224418019483,92.12953473073846,44.18349429847407,75.04414008756206,4.601134519207276,75.04414008756206,-2.493664290131877,35.0,57.57575757575758
1D16,B_PA2_to_C2,58,-52.82337771589517,152.6900926983506,-93.74940860700194,-54.08,195.98,-51.8,12.60433823431959,0.7877711396449744,0.8491400206375841,-0.6368699132650986,92.93012136627007,44.13011754711391,75.61460804316606,4.677412420576387,75.61460804316606,-2.4278858942935195,35.0,58.58585858585859
1D16,B_PA2_to_C2,59,-51.76966745502341,152.79720389478553,-93.9832074245146,-52.77,196.33,-51.8,12.709513104455251,0.7943445690284532,0.8492955614559649,-0.5646926250905746,93.70556179516747,44.070240624326786,76.20075189779233,4.756276698289049,76.20075189779233,-2.3608148662654456,35.0,59.59595959595959
1D16,B_PA2_to_C2,60,-50.71474037182839,152.90251849194152,-94.21228796453826,-51.47,196.68,-51.8,12.806620751572071,0.8004137969732544,0.8495185445678093,-0.49857991516265787,94.42152365404456,44.00392382109836,76.7936666465957,4.836680001220533,76.7936666465957,-2.2934919154775906,35.0,60.60606060606061
1D16,B_PA2_to_C2,61,-49.65861645459795,153.00602810349906,-94.43662804934596,-50.16,197.01,-51.8,12.89999166377511,0.8062494789859443,0.8497019646878029,-0.4354822971496619,95.10993505984781,43.93123391282808,77.40377745234193,4.919775079493946,77.40377745234193,-2.224756887976081,35.0,61.61616161616161
1D16,B_PA2_to_C2,62,-48.60131628715884,153.10772344792713,-94.6562074999455,-48.85,197.34,-51.8,12.987672666715241,0.8117295416697026,0.8498410691908718,-0.3766442021088812,95.75639551602285,43.852244092091894,78.02783067365505,5.005154200335915,78.02783067365505,-2.15500934305734,35.0,62.62626262626263
1D16,B_PA2_to_C2,63,-47.54286080845083,153.20759763587284,-94.8710055284514,-47.54,197.66,-51.8,13.06919533822078,0.8168247086387987,0.8499362448707977,-0.32229390659685,96.35745140775418,43.767033894943616,78.66565890494229,5.092761386589548,78.66565890494229,-2.084296306557055,35.0,63.63636363636363
1D16,B_PA2_to_C2,64,-46.48327113250459,153.30564221957908,-95.0810017177901,-46.22,197.98,-51.8,13.146746300908992,0.821671643806812,0.8499894195420398,-0.2709052456559311,96.92922441484976,43.67568912082881,79.32269092749642,5.183153452787533,79.32269092749642,-2.0120512259105783,35.0,64.64646464646465
1D16,B_PA2_to_C2,65,-45.4225689014876,153.40184895521443,-95.28617699272677,-44.9,198.28,-51.8,13.217426191259115,0.8260891369536947,0.8499979452526132,-0.22433301220569346,97.45033791293942,43.57830174619205,79.99320926841487,5.275656380022772,79.99320926841487,-1.938937585769074,35.0,65.65656565656566
1D16,B_PA2_to_C2,66,-44.36077557018651,153.49620909959995,-95.48651027214626,-43.58,198.57,-51.8,13.281530561986202,0.8300956601241376,0.849962917928748,-0.18230837094805222,97.92297097316276,43.474969831864406,80.67822219008113,5.370340606128044,80.67822219008113,-1.8648736076843093,35.0,66.66666666666666
1D16,B_PA2_to_C2,67,-43.29791368497544,153.58871652443105,-95.68198375449376,-42.26,198.86,-51.8,13.339223470008706,0.8337014668755441,0.8498849301521841,-0.14465992448175993,98.34833316551541,43.365797424324555,81.37825926244737,5.467221180166936,81.37825926244737,-1.7898320848866924,35.0,67.67676767676768
1D16,B_PA2_to_C2,68,-42.234005550773134,153.6793630286134,-95.8725781010478,-40.94,199.14,-51.8,13.39025996730441,0.8368912479565256,0.8497647960371563,-0.11149071470080538,98.72461852057555,43.250894450932726,82.09275453473495,5.566194697384855,82.09275453473495,-1.7139034360377159,35.0,68.68686868686868
1D16,B_PA2_to_C2,69,-41.16907381901202,153.76814085817185,-96.05827437794429,-39.62,199.4,-51.8,13.434608903467584,0.839663056466724,0.8498995284450191,-0.08277032707071574,99.05159737051524,43.13037660924322,82.82137569835758,5.667183793464976,82.82137569835758,-1.6371511991448227,35.0,69.6969696969697
1D16,B_PA2_to_C2,70,-40.1031289537576,153.85501755222404,-96.23899125430628,-38.29,199.66,-51.8,13.473482361924614,0.8420926476202883,0.849995953704678,-0.057673726826589694,99.33820624637848,43.00436525050676,83.56623296772528,5.770365669904283,83.56623296772528,-1.5593834938597475,35.0,70.70707070707071
1D16,B_PA2_to_C2,71,-39.03618987823958,153.939976772089,-96.4146819293428,-36.96,199.91,-51.8,13.505270475086698,0.8440794046929186,0.8499646864736675,-0.03720516238473517,99.57257580702021,42.87298725748007,84.32308288361662,5.875254625275481,84.32308288361662,-1.481070477434229,35.0,71.71717171717171
1D16,B_PA2_to_C2,72,-37.96829818015255,154.02304379636783,-96.58541758393568,-35.63,200.15,-51.8,13.530025022173737,0.8456265638858586,0.8498977606105093,-0.021298894657850113,99.75508781379116,42.73637491666569,85.0910029659074,5.9817192408934154,85.0910029659074,-1.4023271458578679,35.0,72.72727272727273
1D16,B_PA2_to_C2,73,-36.899477667861696,154.104211003158,-96.75118039535155,-34.3,200.39,-51.8,13.547938118587673,0.8467461324117296,0.8499999080430978,-0.009806804177048527,99.88715870818055,42.594665785110685,85.8690952462424,6.089633441295122,85.8690952462424,-1.323262259816291,35.0,73.73737373737373
1D16,B_PA2_to_C2,74,-35.829752775415024,154.18347341545706,-96.91195389931922,-32.97,200.61,-51.8,13.558965585297635,0.8474353490811022,0.8499853196085446,-0.002739721550388546,99.96846276402768,42.44800255189837,86.65566514875121,6.1987940281231255,86.65566514875121,-1.2440607969315522,35.0,74.74747474747475
1D16,B_PA2_to_C2,75,-34.759148008312394,154.26082338826797,-97.06772212617592,-31.63,200.82,-51.8,13.563243057266105,0.8477026910791315,0.8499978003872775,0.0,100.0,42.29653289447246,87.44911563076766,6.309013054453706,87.44911563076766,-1.1648915632989212,35.0,75.75757575757575
1D16,B_PA2_to_C2,76,-33.68768816862759,154.33625396422505,-97.21846945332712,-30.3,201.03,-51.8,13.560632474340471,0.8475395296462794,0.8499549086665931,-0.001671976058632402,99.98075251682351,42.140409329938485,88.24696541100164,6.420020604600393,88.24696541100164,-1.086004399350395,35.0,76.76767676767676
1D16,B_PA2_to_C2,77,-32.61539853755643,154.40976009116122,-97.3641813520534,-28.96,201.23,-51.8,13.55105066193324,0.8469406663708275,0.8499986703327157,-0.007811511413089776,99.91010707924805,41.97978906149187,89.04655989368837,6.531537882866992,89.04655989368837,-1.0076570766361803,35.0,77.77777777777779
1D16,B_PA2_to_C2,78,-31.54230429006244,154.48133467447258,-97.50484226081323,-27.62,201.41,-51.8,13.534601318109878,0.8459125823818674,0.8499361617182316,-0.01836154009536651,99.78882823941666,41.81483382012777,89.84536058628608,6.6433056173871705,89.84536058628608,-0.9300868794576476,35.0,78.78787878787878
1D16,B_PA2_to_C2,79,-30.46843110893605,154.55097297226447,-97.64043783150107,-26.28,201.59,-51.8,13.511359110177569,0.8444599443860981,0.8499619702008094,-0.03329015047148382,99.61746650952524,41.64570970179155,90.64048628294586,6.755039187195626,90.64048628294586,-0.8535554632829643,35.0,79.7979797979798
1D16,B_PA2_to_C2,80,-29.39380476776233,154.6186681013438,-97.77095418124917,-24.94,201.76,-51.8,13.4814560626685,0.8425910039167812,0.8499962234003099,-0.05253487726977708,99.39699528901541,41.47258700013437,91.42891078427927,6.866448381333696,91.42891078427927,-0.7783290812241238,35.0,80.8080808080808
1D16,B_PA2_to_C2,81,-28.31845135645202,154.68441462884485,-97.89637786883976,-23.6,201.93,-51.8,13.444987169267904,0.840311698079244,0.8498991850925882,-0.07606304801699938,99.12811495378423,41.295640035041785,92.2072735706226,6.977219584300257,92.2072735706226,-0.7046963843522525,35.0,81.81818181818183
1D16,B_PA2_to_C2,82,-27.2423972641524,154.74820751656992,-98.01669642786544,-22.26,202.08,-51.8,13.40214645286072,0.837634153303795,0.8498042729822739,-0.10378370198375308,98.81225600894115,41.11504697710851,92.97219185253091,7.087045578326761,92.97219185253091,-0.6329386054659372,35.0,82.82828282828282
1D16,B_PA2_to_C2,83,-26.165669006864395,154.81004129594638,-98.13189739193844,-20.91,202.22,-51.8,13.351690780253776,0.834480673765861,0.8499195661778621,-0.13654557607597365,98.44025299761184,40.930989668235675,93.71696330990176,7.195319244980613,93.71696330990176,-0.563635843908532,35.0,83.83838383838383
1D16,B_PA2_to_C2,84,-25.088293256508223,154.86991089153568,-98.24196809318909,-19.57,202.36,-51.8,13.296297379616822,0.8310185862260514,0.8499833947442293,-0.17265649407346026,98.03184476955698,40.74365343853142,94.44316555981239,7.302211325567857,94.44316555981239,-0.49658929206988245,35.0,84.84848484848484
1D16,B_PA2_to_C2,85,-24.01029697344074,154.9278115916748,-98.34689701737234,-18.22,202.48,-51.8,13.233311579607914,0.8270819737254946,0.849999145133,-0.21390012766089248,97.56745878352862,40.553226919699256,95.14069539784504,7.406818072421927,95.14069539784504,-0.4326735715989629,35.0,85.85858585858585
1D16,B_PA2_to_C2,86,-22.93170731895633,154.98373900900486,-98.44667307402544,-16.87,202.6,-51.8,13.16423966877711,0.8227649792985694,0.849964949751226,-0.2593552805375701,97.05820070609705,40.359901855101896,95.80830857242599,7.509061431990788,95.80830857242599,-0.3719365385350939,35.0,86.86868686868688
1D16,B_PA2_to_C2,87,-21.85255162814546,155.0376874840803,-98.54128635480696,-15.53,202.71,-51.8,13.091234291580413,0.8182021432237758,0.8498837177183507,-0.30765898166507716,96.51994170057414,40.16387290669191,96.44606054510628,7.608978178482002,96.44606054510628,-0.3143101387250268,35.0,87.87878787878788
1D16,B_PA2_to_C2,88,-20.772857377273507,155.08965376136825,-98.6307256717608,-14.18,202.8,-51.8,13.010700369289843,0.8131687730806152,0.8497516820319444,-0.36125738269442587,95.92617572623789,39.96533745900368,97.04152874374691,7.7054829031381775,97.04152874374691,-0.2608474085873095,35.0,88.88888888888889
1D16,B_PA2_to_C2,89,-19.692652288997586,155.13963285791397,-98.71498233580527,-12.83,202.89,-51.8,12.924673576815065,0.8077920985509416,0.8495702364796114,-0.41887922129166855,95.29191154538114,39.764495420403904,97.59443324055586,7.7985914072311875,97.59443324055586,-0.2114990732762762,35.0,89.8989898989899
1D16,B_PA2_to_C2,90,-18.61196423594128,155.18762180084667,-98.79404690542012,-11.48,202.98,-51.8,12.833399603980551,0.8020874752487844,0.8493394983738246,-0.48043654101538574,94.61896059663576,39.561549021800815,98.10064463989266,7.8879714657559905,98.10064463989266,-0.1665627754125798,35.0,90.9090909090909
1D16,B_PA2_to_C2,91,-17.53082121803602,155.2336156026439,-98.86791142702478,-10.13,203.05,-51.8,12.737001489576222,0.7960625930985139,0.8493573474980938,-0.5459268981397167,93.90823002875224,39.35670261301476,98.55582730304843,7.973272053800145,98.55582730304843,-0.12635384255861518,35.0,91.91919191919192
1D16,B_PA2_to_C2,92,-16.44925130893432,155.27761120152687,-98.93656618480166,-8.779999999999998,203.11,-51.8,12.635715551177789,0.7897322219486118,0.8494425823348396,-0.615274075626804,93.16146218000996,39.150162457015306,98.95599082072056,8.054170461911625,98.95599082072056,-0.09115816727737791,35.0,92.92929292929293
1D16,B_PA2_to_C2,93,-15.367282953400316,155.31960635618893,-99.00000520316732,-7.429999999999999,203.16,-51.8,12.529334602196805,0.7830834126373003,0.8495219559908712,-0.6887107412406805,92.37712949105182,38.942136522231884,99.29632907680217,8.130268364341548,99.29632907680217,-0.061336136065664286,35.0,93.93939393939394
1D16,B_PA2_to_C2,94,-14.28493673047202,155.3595507877873,-99.05810188618948,-6.08,203.21,-51.8,12.418155539793284,0.7761347212370803,0.849595577448648,-0.7661289868224298,91.55742094543257,38.73283427314721,99.57330907211438,8.201273248871162,99.57330907211438,-0.03714119862583283,35.0,94.94949494949495
1D16,B_PA2_to_C2,95,-13.20224339567479,155.3974442967575,-99.1108541938934,-4.73,203.24,-51.8,12.303058533522307,0.7689411583451442,0.8496626187867946,-0.8470090855696015,90.70882591705313,38.52246645938435,99.78488276834736,8.267013314515324,99.78488276834736,-0.018704971363037313,35.0,95.95959595959596
1D16,B_PA2_to_C2,96,-12.119239570985169,155.4333259341982,-99.15836949775446,-3.38,203.27,-51.8,12.184556428572591,0.761534776785787,0.8497234550350448,-0.9310764185489067,89.83512554576745,38.311244903499606,99.92847275529641,8.32725971188427,99.92847275529641,-0.0062150005104823665,35.0,96.96969696969697
1D16,B_PA2_to_C2,97,-11.03595403858412,155.46719473161767,-99.20064078858212,-2.03,203.29,-51.8,12.06232738713998,0.7538954616962488,0.8497782296069043,-1.0186486579882201,88.93394696394493,38.09938228769529,100.0,8.381641311275054,100.0,0.0,35.0,97.97979797979798
1D16,B_PA2_to_C2,98,-9.952415705712683,155.49904677165716,-99.23766471970472,-0.68,203.3,-51.8,11.936605796733282,0.7460378622958301,0.8498269601910154,-1.1096538573092054,88.00701827973657,37.8870919396667,99.99692382528472,8.429907365512518,99.99692382528472,-0.00026719725059126144,35.0,98.98989898989899
1D16,B_PA2_to_C2,99,-8.868653542257167,155.52888109151874,-99.2694358153294,0.68,203.3,-51.8,11.80442751533246,0.7377767197082787,0.8498706387725428,-1.2063722951605413,87.03248526545123,37.674587617799205,99.91016212471648,8.471223128686079,99.91016212471648,-0.007806725923951553,35.0,100.0
1D16,B_PA2_to_C2,100,-7.784696647000554,155.55669596799535,-99.295951680497,2.03,203.29,-51.8,11.672338898821028,0.7295211811763143,0.8499071690821589,-1.3041131195813807,86.05861333855489,37.462083295931706,99.75157709199827,8.506556910506509,99.75157709199827,-0.02160458611994353,35.0,101.01010101010101
1D16,B_PA2_to_C2,101,-6.700574090627914,155.58248888798403,-99.31720834713164,3.38,203.27,-51.8,11.537444617531873,0.7210902885957421,0.8499376748677452,-1.4050783036951207,85.06405561574766,37.24979294790312,99.51305531003514,8.535123946808566,99.51305531003514,-0.04239879168402357,35.0,102.020202020202
1D16,B_PA2_to_C2,102,-5.616315065931505,155.6062589687898,-99.33320358502304,4.73,203.24,-51.8,11.399976414592489,0.7124985259120306,0.8499621468897895,-1.5091918336322696,84.0505207085063,37.0379303320988,99.19368255441128,8.556746064928543,99.19368255441128,-0.07031972609490232,35.0,103.03030303030303
1D16,B_PA2_to_C2,103,-4.531948766026188,155.62800404835014,-99.34393501923688,6.08,203.21,-51.8,11.260483724003684,0.7037802327502303,0.849980579645279,-1.6161299463523717,83.02205952116455,36.826708776214076,98.7936907591033,8.571326055387836,98.7936907591033,-0.10541579569658402,35.0,104.04040404040404
1D16,B_PA2_to_C2,104,-3.4475044580098806,155.64772418831205,-99.34940086171216,7.429999999999999,203.16,-51.8,11.11855508984282,0.6949096931151763,0.8499929270308937,-1.7263038453705126,81.97563844353866,36.6163409624512,98.31170751526348,8.578605913546882,98.31170751526348,-0.14789521680232925,35.0,105.05050505050507
1D16,B_PA2_to_C2,105,-2.3630114133557245,155.66541793816927,-99.3496006662767,8.779999999999998,203.11,-51.8,10.975110082883266,0.6859443801802041,0.8499991749008047,-1.8390931899512766,80.91803734950894,36.407038713366525,97.74971455491566,8.578602845269366,97.74971455491566,-0.19769004281705616,35.0,106.06060606060606
1D16,B_PA2_to_C2,106,-1.2784989144168657,155.68108421535902,-99.34453342396944,10.13,203.05,-51.8,10.830023079579053,0.6768764424736908,0.8499992837692862,-1.9546832473475917,79.84833003325993,36.1990127785831,97.10791611012016,8.571158157521936,97.10791611012016,-0.25490731063248157,35.0,107.07070707070707
1D16,B_PA2_to_C2,107,-0.193996270036946,155.69472371767526,-99.33419986729729,11.48,202.98,-51.8,10.68351031448723,0.6677193946554518,0.8499932141147196,-2.072991417329827,78.76811076362638,35.992472622583655,96.38773260133419,8.55620162370876,96.38773260133419,-0.3195647166659985,35.0,108.08080808080808
1D16,B_PA2_to_C2,108,0.8904672233824948,155.70633517500383,-99.31859957134051,12.83,202.89,-51.8,10.535344258486347,0.6584590161553967,0.8499809163148563,-2.1942962618982897,77.67570199844165,35.787626213797594,95.59009548653306,8.533600055064834,95.59009548653306,-0.39174209137850213,35.0,109.09090909090908
1D16,B_PA2_to_C2,109,1.9748622970068277,155.7159185771087,-99.29773448040478,14.18,202.8,-51.8,10.386604848423357,0.6491628030264598,0.8499623386804495,-2.317798700424485,76.57906596946991,35.584679815194505,94.71921798896044,8.503500826851534,94.71921798896044,-0.4712379236733721,35.0,110.1010101010101
1D16,B_PA2_to_C2,110,3.059159680973665,155.7234744275543,-99.27160608203349,15.53,202.71,-51.8,10.237546982096415,0.6398466863810259,0.8499374315552083,-2.4433527334463436,75.480082004517,35.38383777659473,93.77797064669099,8.465917902282573,93.77797064669099,-0.5579833923784335,35.0,111.11111111111111
1D16,B_PA2_to_C2,111,4.143330136585643,155.72900397382435,-99.24021636121546,16.87,202.6,-51.8,10.090884068556525,0.6306802542847828,0.8499069430936034,-2.56868655594034,74.39875571020335,35.18530232890651,92.77495348782593,8.421389164900893,92.77495348782593,-0.6513850942018784,35.0,112.12121212121211
1D16,B_PA2_to_C2,112,5.227344481535621,155.73250618129498,-99.20356807735816,18.22,202.48,-51.8,9.940352903599715,0.6212720564749822,0.8498692875673332,-2.69923482923124,73.2889093090053,34.98927338049652,91.69976543286938,8.368666022665144,91.69976543286938,-0.7526355049945084,35.0,113.13131313131312
1D16,B_PA2_to_C2,113,6.311173611409227,155.73398248082182,-99.16166550764348,19.57,202.36,-51.8,9.789530139982572,0.6118456337489108,0.8498249062923526,-2.83203393357206,72.17691298939101,34.79594831589915,90.56362647095159,8.308502554094368,90.56362647095159,-0.8609239040371508,35.0,114.14141414141415
1D16,B_PA2_to_C2,114,7.394782462526731,155.73338500105064,-99.11438346663768,20.91,202.22,-51.8,9.641018802813598,0.6025636751758499,0.8497748803153857,-2.964812292875666,71.0819585117492,34.605521797067,89.37598303663371,8.241508589721324,89.37598303663371,-0.975583368144497,35.0,115.15151515151516
1D16,B_PA2_to_C2,115,8.478141025309707,155.7307228648241,-99.0617464588014,22.26,202.08,-51.8,9.490431019917395,0.5931519387448372,0.849717175580852,-3.1015521519881335,69.97169467396058,34.41818556736274,88.13147241962126,8.166861083966623,88.13147241962126,-1.0973794804862977,35.0,116.16161616161615
1D16,B_PA2_to_C2,116,9.561224891104924,155.72603815765683,-99.00386883744936,23.6,201.93,-51.8,9.34405084035848,0.584003177522405,0.8496544477892661,-3.2365670353037985,68.8924529399529,34.234128258489896,86.84804400663677,8.086015365628839,86.84804400663677,-1.2247991659128241,35.0,117.17171717171718
1D16,B_PA2_to_C2,117,10.64400526204448,155.71933353831668,-98.94075634454964,24.94,201.76,-51.8,9.197475473214848,0.574842217075928,0.8495849589415964,-3.3738981225979074,67.81177211365812,34.05353520055663,85.52077520982935,7.998188498028565,85.52077520982935,-1.3585674216952697,35.0,118.18181818181819
1D16,B_PA2_to_C2,118,11.726453465486236,155.71061091327692,-98.87241568891406,26.28,201.59,-51.8,9.052068829327958,0.5657543018329974,0.8495088082349241,-3.5123139392344367,66.73970812960238,33.876588235464055,84.15737694604051,7.903850507202503,84.15737694604051,-1.498156185197728,35.0,119.19191919191918
1D16,B_PA2_to_C2,119,12.808540831343858,155.6998726481481,-98.79885227901212,27.62,201.41,-51.8,8.907367501847107,0.5567104688654442,0.8494257656920667,-3.65228347236732,65.67284435026951,33.703465533806856,82.76174520401406,7.80310161840749,82.76174520401406,-1.643407198095671,35.0,120.2020202020202
1D16,B_PA2_to_C2,120,13.890238970931271,155.68712123001086,-98.7200746209666,28.96,201.23,-51.8,8.764176472826907,0.5477610295516817,0.8493359032133749,-3.7930486141451434,64.61711580204825,33.53434141547066,81.34060676020677,7.696352521911695,81.34060676020677,-1.7938518459984798,35.0,121.21212121212122
1D16,B_PA2_to_C2,121,14.971519467755202,155.67235797569495,-98.63608964081362,30.3,201.03,-51.8,8.621297181185456,0.538831073824091,0.8492386887900355,-3.9358185753998316,63.56368565235475,33.36938617410654,79.89640829796417,7.583580766687174,79.89640829796417,-1.9494548746552276,35.0,122.22222222222223
1D16,B_PA2_to_C2,122,16.052354114914245,155.6555863167227,-98.54690555049524,31.63,200.82,-51.8,8.482582346153222,0.5301613966345764,0.8491367231296613,-4.076709203599316,62.54095949131377,33.20876590565993,78.44251652808276,7.465975622425899,78.44251652808276,-2.1089696420716284,35.0,123.23232323232322
1D16,B_PA2_to_C2,123,17.13271484254847,155.6368091544556,-98.45253107240914,32.97,200.61,-51.8,8.342610063254636,0.5214131289534147,0.849025131635955,-4.221231990744386,61.50896233320342,33.052642341125946,76.97222794461587,7.3425574621632705,76.97222794461587,-2.2733188539606553,35.0,124.24242424242425
1D16,B_PA2_to_C2,124,18.2125737773163,155.61602957632962,-98.35297588894588,34.3,200.39,-51.8,8.206930896418857,0.5129331810261786,0.8489088490579721,-4.36365535785834,60.50861775290709,32.901172683700054,75.50247284549795,7.214995963875163,75.50247284549795,-2.440776483822234,35.0,125.25252525252526
1D16,B_PA2_to_C2,125,19.29190318721537,155.59325143620617,-98.24824980430816,35.63,200.15,-51.8,8.071834905005337,0.5044896815628336,0.848784720765822,-4.507825478141848,59.51257284798926,32.75450945048773,74.03006702877033,7.082740860398168,74.03006702877033,-2.611837147919408,35.0,126.26262626262626
1D16,B_PA2_to_C2,126,20.370675431420327,155.5684775792159,-98.1383625598915,36.96,199.91,-51.8,7.938817705445587,0.49617610659034916,0.8486532796138656,-4.6521542981106245,58.53185460089946,32.61280031893272,72.56293081808784,6.946534483761891,72.56293081808784,-2.785703688634613,35.0,127.27272727272727
1D16,B_PA2_to_C2,127,21.44886309329527,155.54171133133084,-98.02332482807778,38.29,199.66,-51.8,7.807252774277442,0.48795329839234014,0.8485139758737934,-4.7973060765254125,57.56184373688518,32.47618797811834,71.10422692254605,6.806607448418999,71.10422692254605,-2.9620916212494173,35.0,128.2828282828283
1D16,B_PA2_to_C2,128,22.526438964794103,155.51295701115404,-97.90314781249332,39.62,199.4,-51.8,7.677213736650563,0.4798258585406602,0.8483665952624675,-4.94319825605841,56.60308308445246,32.34480998509165,69.65842966194172,6.6633815121479945,69.65842966194172,-3.1405264048598576,35.0,129.2929292929293
1D16,B_PA2_to_C2,129,23.60337610738463,155.48221867535082,-97.77784391778182,40.94,199.14,-51.8,7.552186831811142,0.47201167698819635,0.8482152465969103,-5.085816383464017,55.681276225196605,32.21879862635519,68.23716015213532,6.518232038748415,68.23716015213532,-3.319581112754593,35.0,130.3030303030303
1D16,B_PA2_to_C2,130,24.67964765573138,155.44950057050062,-97.64742489607836,42.26,198.86,-51.8,7.427953329073038,0.46424708306706486,0.8480551621015626,-5.22988756334618,54.76531901486299,32.09828078466569,66.83514599461267,6.370462585418448,66.83514599461267,-3.4999019787757453,35.0,131.31313131313132
1D16,B_PA2_to_C2,131,25.7552268488753,155.41480710488227,-97.51190216737936,43.58,198.57,-51.8,7.305304376842807,0.45658152355267545,0.8478866334099237,-5.374504578020045,53.861044486179935,31.983377811273854,65.45767278100286,6.2207246490351595,65.45767278100286,-3.6807887848178904,35.0,132.32323232323233
1D16,B_PA2_to_C2,132,26.830087607698424,155.37814292595095,-97.37129126067428,44.9,198.28,-51.8,7.185013980806417,0.44906337380040107,0.8477101311362083,-5.518718539471372,52.97415928086063,31.874205403734003,64.10970902322559,6.069688774988684,64.10970902322559,-3.8615238851593254,35.0,133.33333333333331
1D16,B_PA2_to_C2,133,27.904203500133505,155.33951282222966,-97.22560371147092,46.22,197.98,-51.8,7.066379935498725,0.4416487459686703,0.8475247389332793,-5.66333120452207,52.09948613073864,31.770873489406366,62.792742917126944,5.917605982628034,62.792742917126944,-4.0418109128880015,35.0,134.34343434343435
1D16,B_PA2_to_C2,134,28.977548636205537,155.29892175665495,-97.07485387430688,47.54,197.66,-51.8,6.948720596550103,0.43429503728438146,0.8473293251866939,-5.809173903401331,51.23199936188958,31.6734861147696,61.50800845627964,5.764715983048298,61.50800845627964,-4.221366691991462,35.0,135.35353535353536
1D16,B_PA2_to_C2,135,30.050097475835003,155.2563748690403,-96.9190572997126,48.85,197.34,-51.8,6.835680141933228,0.42723000887082674,0.8471297350121461,-5.951636233523646,50.3985670172829,31.582141340654797,60.2657824515536,5.612584534211075,60.2657824515536,-4.398584009403313,35.0,136.36363636363635
1D16,B_PA2_to_C2,136,31.12181509006912,155.21185602608776,-96.7581726374765,50.16,197.01,-51.8,6.723913397890977,0.42024458736818604,0.8469199275620447,-6.094828665886848,49.57452557254616,31.49693114350652,59.06093788605203,5.460641965042043,59.06093788605203,-4.573993214637592,35.0,137.37373737373736
1D16,B_PA2_to_C2,137,32.19266435930694,155.16534617449724,-96.59215188515384,51.47,196.68,-51.8,6.614730037828605,0.4134206273642878,0.846701772766311,-6.237028403345515,48.76953107675055,31.417941322770332,57.898102457922285,5.3097321242059925,57.898102457922285,-4.746713390583472,35.0,138.3838383838384
1D16,B_PA2_to_C2,138,33.26264053382973,155.11689864444983,-96.42113376138818,52.77,196.33,-51.8,6.50900833685864,0.406813021053665,0.8464786697061779,-6.376974334252667,47.99005893632226,31.34525141450005,56.78067497023639,5.160575864684912,56.78067497023639,-4.9159889836118955,35.0,139.3939393939394
1D16,B_PA2_to_C2,139,34.331719100072526,155.06651938643978,-96.24513495979193,54.08,195.98,-51.8,6.403484816275622,0.40021780101722637,0.8462411868465198,-6.518943208613772,47.212047953716684,31.278934611271623,55.70281682513364,5.0125041061210895,55.70281682513364,-5.082456850320649,35.0,140.4040404040404
1D16,B_PA2_to_C2,140,35.39987582541831,155.01421438336334,-96.06417264235868,55.38,195.61,-51.8,6.300953423054212,0.39380958894088824,0.8459974311181211,-6.659145504113325,46.45609753103011,31.219057688484497,54.67149644550111,4.866823422799918,54.67149644550111,-5.2447807723502535,35.0,141.41414141414143
1D16,B_PA2_to_C2,141,36.46708644216982,154.95998983572957,-95.87826249657256,56.68,195.24,-51.8,6.200717168017192,0.3875448230010745,0.8457442468415436,-6.798432441793589,45.717068859098134,31.165680937124336,53.6858725441688,4.723667915708406,53.6858725441688,-5.402799680167676,35.0,142.42424242424244
1D16,B_PA2_to_C2,142,37.53332745825927,154.90385207524594,-95.68742349521644,57.98,194.86,-51.8,6.102059822375832,0.3813787388984895,0.8454799825965961,-6.937741670296997,44.989681277641296,31.118858103055224,52.74480811062078,4.5831212873218234,52.74480811062078,-5.5564056665312656,35.0,143.43434343434342
1D16,B_PA2_to_C2,143,38.59857531813452,154.84580760475149,-95.4916729379468,59.27,194.47,-51.8,6.006840888469222,0.3754275555293264,0.8452105145031386,-7.0743483233647755,44.28764465185364,31.07863633290207,51.85249177728997,4.446153534089956,51.85249177728997,-5.7046073740716245,35.0,144.44444444444443
1D16,B_PA2_to_C2,144,39.66280689849823,154.7858630702206,-95.29102930237936,60.56,194.07,-51.8,5.913082916186026,0.3695676822616266,0.8449294574873605,-7.210991511450681,43.59637950319166,31.045056126577954,51.004599963571785,4.312337926673066,51.004599963571785,-5.847813086390995,35.0,145.45454545454547
1D16,B_PA2_to_C2,145,40.72599915709653,154.72402525901262,-95.08551026173888,61.85,193.66,-51.8,5.820785457808096,0.363799091113006,0.8446363524316168,-7.347639042593668,42.915882530688584,31.018151296504175,50.200874748263544,4.18190749561827,50.200874748263544,-5.985774304496411,35.0,146.46464646464648
1D16,B_PA2_to_C2,146,41.78812967252567,154.66030109872707,-94.87513555586692,63.14,193.25,-51.8,5.730636416571421,0.35816477603571384,0.8443326670845736,-7.483213784629995,42.25122555406395,30.997948933563997,49.44235768741737,4.055324273768987,49.44235768741737,-6.11801655683883,35.0,147.47474747474746
1D16,B_PA2_to_C2,147,42.8491760867882,154.59469736955518,-94.65992407576108,64.42,192.82,-51.8,5.64290064851052,0.3526812905319075,0.8440212243764336,-7.617222811144262,41.60436132188535,30.984469379824418,48.72900695314078,3.932869957959631,48.72900695314078,-6.244248780034961,35.0,148.4848484848485
1D16,B_PA2_to_C2,148,43.90911670401592,154.5272213537003,-94.43989668681203,65.7,192.39,-51.8,5.557180943111714,0.3473238089444821,0.8436987763860346,-7.750180135235274,40.97236125348811,30.977726208053436,48.05919931794105,3.814539880751344,48.05919931794105,-6.364469379213581,35.0,149.4949494949495
1D16,B_PA2_to_C2,149,44.96792978648344,154.45788129605765,-94.21507258127312,66.98,191.95,-51.8,5.47277521298323,0.34204845081145185,0.8433628136438526,-7.883118681419258,40.35004895124513,30.977726208053436,47.4305201105432,3.7001670006938614,47.4305201105432,-6.478842259271063,35.0,150.5050505050505
1D16,B_PA2_to_C2,150,46.02559383187995,154.38668407085044,-93.9854713541777,68.25,191.5,-51.8,5.3911951467894905,0.33694969667434316,0.8430205207155163,-8.013569841998718,39.748569896056814,30.984469379824418,46.84522255993921,3.5904248701542354,46.84522255993921,-6.586693867840356,35.0,151.5151515151515
1D16,B_PA2_to_C2,151,47.08208808186795,154.31363728095752,-93.7511147078041,69.52,191.04,-51.8,5.310825851669941,0.3319266157293713,0.842664002468382,-8.14402967780093,39.156017696113054,30.997948933563997,46.298707795038936,3.48471822966426,46.298707795038936,-6.688622600943557,35.0,152.52525252525254
1D16,B_PA2_to_C2,152,48.13739187572139,154.23874863471048,-93.5120235955986,70.79,190.58,-51.8,5.232305411145787,0.3270190881966117,0.8422953260347181,-8.27340917119117,38.57709685695513,31.018151296504175,45.791163833398414,3.383315435027436,45.791163833398414,-6.784366365087245,35.0,153.53535353535352
1D16,B_PA2_to_C2,153,49.19148480348986,154.1620260381531,-93.26821888920249,72.06,190.1,-51.8,5.154314342321458,0.3221446463950911,0.8419085769635193,-8.403852869826917,38.002079005435114,31.045056126577954,45.31848502177542,3.285658676043743,45.31848502177542,-6.8744923370203175,35.0,154.54545454545453
1D16,B_PA2_to_C2,154,50.244346869708224,154.08347698062326,-93.01972230558997,73.31999999999998,189.62,-51.8,5.079475336056905,0.3174672085035566,0.8415172048538778,-8.530893772116507,37.45030089493034,31.07863633290207,44.88503314159424,3.1927919119211086,44.88503314159424,-6.9579689962404725,35.0,155.55555555555557
1D16,B_PA2_to_C2,155,51.29595856754602,154.00311012760852,-92.76655613122028,74.58,189.13,-51.8,5.005700881938219,0.3128563051211387,0.8411096552526641,-8.657972998704638,36.906371586820185,31.118858103055224,44.484958666001276,3.1037907812920738,44.484958666001276,-7.0357361725610135,35.0,156.56565656565658
1D16,B_PA2_to_C2,156,52.34630046281263,153.92093409495914,-92.50874189047302,75.84,188.63,-51.8,4.9329839686923584,0.3083114980432724,0.840685223126038,-8.78507680843114,36.370239387914374,31.165680937124336,44.11688465229639,3.0185643321246496,44.11688465229639,-7.107903263751431,35.0,157.57575757575756
1D16,B_PA2_to_C2,157,53.39535361782308,153.83695674326134,-92.24630226351488,77.09,188.12,-51.8,4.862532830702845,0.3039083019189278,0.840252366459443,-8.910019958144503,35.850812450772146,31.21905768848449,43.78204935167093,2.9375259187248153,43.78204935167093,-7.174078276425359,35.0,158.58585858585857
1D16,B_PA2_to_C2,158,54.443099474220304,153.75118650031845,-91.97926021080472,78.34,187.6,-51.8,4.793043967003303,0.29956524793770645,0.8398015362047716,-9.035042633534406,35.33848023489907,31.278934611271623,43.4762651055963,2.8600055222705296,43.4762651055963,-7.234955434171209,35.0,159.5959595959596
1D16,B_PA2_to_C2,159,55.48951956414256,153.663631248831,-91.70763814280556,79.58,187.08,-51.8,4.726252926548932,0.2953908079093083,0.8393453807150922,-9.15693170433206,34.84603871355813,31.345251414500048,43.20192006365252,2.7866258283536682,43.20192006365252,-7.28993901994314,35.0,160.6060606060606
1D16,B_PA2_to_C2,160,56.53459623990898,153.5743005258712,-91.43146003128533,80.81999999999998,186.54,-51.8,4.659720765938147,0.2912325478711342,0.8388663297840925,-9.280073043237469,34.35550587911819,31.417941322770332,42.95240229710705,2.7161946873087532,42.95240229710705,-7.340250827480713,35.0,161.6161616161616
1D16,B_PA2_to_C2,161,57.57831172533226,153.4832032432207,-91.1507485139026,82.06,186.0,-51.8,4.594646384691632,0.287165399043227,0.8383714224206351,-9.402229037451761,33.8757210594275,31.49693114350652,42.728985164052176,2.6490867440104546,42.728985164052176,-7.385548435669181,35.0,162.62626262626264
1D16,B_PA2_to_C2,162,58.62064887440875,153.39034780748443,-90.86552767323836,83.29999999999998,185.45,-51.8,4.530423537893465,0.28315147111834155,0.8378559437558805,-9.524494789970259,33.40221449077715,31.58214134065479,42.52907436684325,2.5848871540449188,42.52907436684325,-7.426281389569471,35.0,163.63636363636365
1D16,B_PA2_to_C2,163,59.66159077497219,153.29574248131743,-90.57582147899204,84.53,184.89,-51.8,4.4680441199128715,0.27925275749455447,0.83732941176977,-9.644921831623332,32.942299279369244,31.6734861147696,42.35356572687993,2.523882260142478,42.35356572687993,-7.462200414897281,35.0,164.64646464646464
1D16,B_PA2_to_C2,164,60.7011208977446,153.19939724981538,-90.28165367028168,85.76,184.33,-51.8,4.407003814336711,0.27543773839604446,0.8367856426795415,-9.764402362159295,32.492257166885985,31.77087348940636,42.20016427770694,2.465699727433285,42.20016427770694,-7.493717168082751,35.0,165.65656565656565
1D16,B_PA2_to_C2,165,61.73922307688685,153.10132122517263,-89.98304854624612,86.98,183.75,-51.8,4.347098857770282,0.27169367861064264,0.8362251311946167,-9.883280557477473,32.050585832725695,31.874205403733995,42.067269348344254,2.410099104227047,42.067269348344254,-7.521113555920965,35.0,166.66666666666669
1D16,B_PA2_to_C2,166,62.77588159274177,153.0015225529011,-89.6800312508476,88.2,183.17,-51.8,4.288454838661833,0.26802842741636457,0.8356462534360742,-10.001254071725672,31.618211223933063,31.983377811273854,41.95403922207734,2.3569890315032156,41.95403922207734,-7.544524402349833,35.0,167.67676767676767
1D16,B_PA2_to_C2,167,63.811080741983474,152.90001146789095,-89.37262530661879,89.40999999999998,182.58,-51.8,4.231379794133746,0.2644612371333591,0.8350544454978298,-10.117630732874982,31.19740445753429,32.09828078466569,41.860075418263406,2.306364693414355,41.860075418263406,-7.56399987077984,35.0,168.68686868686868
1D16,B_PA2_to_C2,168,64.84480570796426,152.79679733772667,-89.06085650443455,90.63,181.98,-51.8,4.174092233425222,0.2608807645890764,0.8344261490451412,-10.23603006443583,30.775030837400468,32.21879862635519,41.78051518863129,2.2572889693195015,41.78051518863129,-7.580524182183506,35.0,169.6969696969697
1D16,B_PA2_to_C2,169,65.8770416411013,152.69188856131194,-88.74474986151313,91.83,181.38,-51.8,4.119677963819393,0.2574798727387121,0.833801020792636,-10.35000552095159,30.373841613141323,32.34480998509165,41.72106157434115,2.2110149236092282,41.72106157434115,-7.592892993398623,35.0,170.7070707070707
1D16,B_PA2_to_C2,170,66.90777413228953,152.5852956136748,-88.42433016003714,93.04,180.76,-51.8,4.064508979480962,0.25403181121756013,0.8331312351429253,-10.467109143117648,29.96708797682072,32.47618797811834,41.67296296118512,2.1657866703406596,41.67296296118512,-7.602912399327758,35.0,171.7171717171717
1D16,B_PA2_to_C2,171,67.93698914361468,152.4770279819649,-88.09962274820667,94.24,180.14,-51.8,4.0112773915403075,0.2507048369712692,0.8324518907946548,-10.581616975121577,29.574618508302734,32.61280031893271,41.64117125865425,2.1226969042560784,41.64117125865425,-7.609541268140426,35.0,172.72727272727272
1D16,B_PA2_to_C2,172,68.96467309574679,152.36709425458267,-87.77065375851993,95.43,179.51,-51.8,3.9593712905560925,0.24746070565975578,0.831756323708541,-10.694746296481783,29.19192168008061,32.754509450487724,41.62354846226205,2.081360040913036,41.62354846226205,-7.613217967404542,35.0,173.73737373737376
1D16,B_PA2_to_C2,173,69.99081266367635,152.25550509492143,-87.43744847141123,96.62,178.87,-51.8,3.9080009628047936,0.2442500601752996,0.8310312062161859,-10.80817764928935,28.813175037154544,32.90117268370004,41.61761913470172,2.041317076099936,41.61761913470172,-7.6144553715974626,35.0,174.74747474747474
1D16,B_PA2_to_C2,174,71.01539471176027,152.1422701375941,-87.10003215903092,97.81,178.22,-51.8,3.8571796105521514,0.24107372565950946,0.8302753234900853,-10.921873642742106,28.438475918086436,33.05264234112594,41.62268740708897,2.0024786641936454,41.62268740708897,-7.613397651930283,35.0,175.75757575757575
1D16,B_PA2_to_C2,175,72.03840663046354,152.02739826837123,-86.75843102006482,98.99,177.57,-51.8,3.8080778681199394,0.23800486675749621,0.8295081843302768,-11.03315448376996,28.07645525514545,33.208765905659924,41.64060088564082,1.9652850220144646,41.64060088564082,-7.609660242483064,35.0,176.76767676767676
1D16,B_PA2_to_C2,176,73.05983625395466,151.9109002355482,-86.41267103113607,100.17,176.91,-51.8,3.7594819218208544,0.2349676201138034,0.8287086484464061,-11.144710874554146,27.71816376030232,33.36938617410653,41.66809649302941,1.9291088655319717,41.66809649302941,-7.603926775810431,35.0,177.77777777777777
1D16,B_PA2_to_C2,177,74.07967157134375,151.79278529141217,-86.06277821481683,101.35,176.24,-51.8,3.7114058850930145,0.2319628678183134,0.8278754253247593,-11.256501848888249,27.363705490072586,33.53434141547066,41.70460246903059,1.89388408446207,41.70460246903059,-7.596320283448107,35.0,178.78787878787878
1D16,B_PA2_to_C2,178,75.0979012617257,151.6730638340782,-85.70877930137463,102.52,175.56,-51.8,3.66446009544116,0.2290287559650725,0.8270207830239354,-11.367070955040932,27.017580382282052,33.70346553380686,41.7508712571136,1.8598196719177038,41.7508712571136,-7.586689144585455,35.0,179.7979797979798
1D16,B_PA2_to_C2,179,76.11451404738338,151.5517459278318,-85.3507003611686,103.68,174.88,-51.8,3.6190587515176293,0.22619117196985183,0.8261530054175856,-11.475358220782283,26.682842268898412,33.876588235464055,41.80726526207164,1.827041892040055,41.80726526207164,-7.574964800360178,35.0,180.80808080808083
1D16,B_PA2_to_C2,180,77.12949884362655,151.42884061949917,-84.98856747237346,104.84,174.18,-51.8,3.5736597188990835,0.22335373243119272,0.82523949944172,-11.58500695104036,26.348121196461204,34.05353520055663,41.86995167478056,1.7948051125242002,41.86995167478056,-7.561950807199633,35.0,181.8181818181818
1D16,B_PA2_to_C2,181,78.14284513143528,151.30435859348498,-84.62240688190954,106.0,173.48,-51.8,3.5292057340764162,0.22057535837977602,0.8242974244626692,-11.693731366642993,26.020367836627017,34.234128258489896,41.9404950229414,1.7634855741391908,41.9404950229414,-7.547328957402472,35.0,182.82828282828282
1D16,B_PA2_to_C2,182,79.15454278227848,151.17830968322968,-84.2522453379742,107.15,172.77,-51.8,3.4857638427371462,0.21786024017107164,0.8233307001953684,-11.801311675689362,25.700076508396357,34.41818556736274,42.018594597132754,1.7330710123259578,42.018594597132754,-7.531169552126963,35.0,183.83838383838383
1D16,B_PA2_to_C2,183,80.16458218699586,151.05070418164797,-83.87810997663453,108.29,172.06,-51.8,3.4437287612321366,0.21523304757700853,0.8223489453521087,-11.90669213520528,25.390157403300833,34.60552179706699,42.10468199640957,1.7036997900883293,42.10468199640957,-7.513392167777495,35.0,184.84848484848484
1D16,B_PA2_to_C2,184,81.17295358746802,150.9215520382831,-83.50002680614665,109.43,171.33,-51.8,3.40171077798999,0.2126069236243744,0.8213162120493218,-12.013323169415607,25.080364361439532,34.79594831589915,42.195355942860935,1.6747195534904447,42.195355942860935,-7.494706904641074,35.0,185.85858585858585
1D16,B_PA2_to_C2,185,82.17964783645431,150.79086341092665,-83.11802254281665,110.57,170.6,-51.8,3.3606012454212486,0.21003757783882804,0.8202527262662259,-12.118931210152489,24.777269206429995,34.98927338049651,42.29216346335204,1.64649957023492,42.29216346335204,-7.4748019574247335,35.0,186.86868686868686
1D16,B_PA2_to_C2,186,83.18465626890872,150.658648479528,-82.73212435394977,111.7,169.86,-51.8,3.320421967079839,0.20752637294248993,0.819161594335032,-12.223405322514742,24.481032692996102,35.1853023289065,42.39479128766576,1.6190242900220622,42.39479128766576,-7.453749969080711,35.0,187.87878787878788
1D16,B_PA2_to_C2,187,84.18797034164835,150.52491725041395,-82.34235893159975,112.83,169.12,-51.8,3.2811347845096708,0.20507092403185442,0.8180393524659576,-12.326789470681806,24.191373483880025,35.38383777659473,42.50281310955195,1.5922548027373242,42.50281310955195,-7.431646491923683,35.0,188.88888888888889
1D16,B_PA2_to_C2,188,85.18958182372573,150.3896801787657,-81.948752828512,113.95,168.36,-51.8,3.2423441934513475,0.20264651209070922,0.8168763103953839,-12.430088573898619,23.905375578404588,35.584679815194505,42.61504544061269,1.5659978679049784,42.61504544061269,-7.408740882619926,35.0,189.8989898989899
1D16,B_PA2_to_C2,189,86.18948264342175,150.25294705232363,-81.55133241463926,115.07,167.6,-51.8,3.204453816073558,0.20027836350459738,0.8156815227687395,-12.532190555510567,23.626014829520194,35.787626213797594,42.73204454932558,1.5404155961632156,42.73204454932558,-7.38492655028012,35.0,190.9090909090909
1D16,B_PA2_to_C2,190,87.18766562310678,150.11472854178467,-81.15012523298817,116.18,166.83,-51.8,3.1674492149370286,0.1979655759335643,0.8144572429491423,-12.633077682489827,23.35318479189357,35.99247262258365,42.85347540271896,1.515487316909282,42.85347540271896,-7.3602790234654805,35.0,191.91919191919192
1D16,B_PA2_to_C2,191,88.18412342149847,149.97503436988703,-80.74515793431173,117.29,166.06,-51.8,3.131343186284618,0.19570894914278864,0.8132019084997559,-12.732657536900803,23.086979810533546,36.1990127785831,42.97907240747891,1.4912062307414786,42.97907240747891,-7.334859237412941,35.0,192.92929292929293
1D16,B_PA2_to_C2,192,89.17884914419898,149.83387543735915,-80.33645709844214,118.39,165.27,-51.8,3.095741872748378,0.19348386704677362,0.8119035342967197,-12.831976061263193,22.824496027076105,36.407038713366525,43.107700865198595,1.467390098500161,43.107700865198595,-7.308902789586261,35.0,193.93939393939394
1D16,B_PA2_to_C2,193,90.17183608422484,149.6912608544792,-79.92404961156332,119.48,164.48,-51.8,3.0613696208095096,0.19133560130059435,0.8105894271534781,-12.92895552598792,22.57107395247534,36.61634096245119,43.240650280580475,1.4443454609257427,43.240650280580475,-7.282155669423471,35.0,194.94949494949495
1D16,B_PA2_to_C2,194,91.16307814813736,149.54720170457475,-79.50796240030589,120.57,163.68,-51.8,3.027553298460247,0.18922208115376543,0.8092319397341092,-13.0254349420462,22.321750673326797,36.82670877621407,43.3761984742431,1.4217715994825726,43.3761984742431,-7.254970251601849,35.0,195.95959595959596
1D16,B_PA2_to_C2,195,92.15256960558916,149.401708646659,-79.08822264474281,121.66,162.88,-51.8,2.9946743125881987,0.18716714453676242,0.8078468684873703,-13.120278942864251,22.079338252247062,37.0379303320988,43.514908178308104,1.3998272199374813,43.514908178308104,-7.227238571085963,35.0,196.96969696969697
1D16,B_PA2_to_C2,196,93.1403041376118,149.25479060283303,-78.66485599380155,122.74,162.07,-51.8,2.962677923047227,0.18516737019045168,0.8064353352511207,-13.213582064703893,21.843433097367225,37.24979294790311,43.656405793333555,1.37848229111482,43.656405793333555,-7.1990404473777705,35.0,197.97979797979798
1D16,B_PA2_to_C2,197,94.12627702596647,149.10645912989588,-78.23789021098143,123.81,161.25,-51.8,2.931563366159283,0.1832227103849552,0.8049985310941231,-13.3052851709602,21.614029578189893,37.462083295931706,43.80043964323291,1.357730891033471,43.80043964323291,-7.170430605592982,35.0,198.989898989899
1D16,B_PA2_to_C2,198,95.110483,148.956723,-77.807352,124.88,160.42,-51.8,2.901990580132582,0.18137441125828638,0.8035708591954316,-13.393350922481662,21.395993331977685,37.67458761779921,43.94819022880327,1.3378497682542685,43.94819022880327,-7.14118008635576,35.0,200.0
