condition,probe_type,scan_id,element_id,frequency_mhz,pitch_x_mm,pitch_y_mm,pa_x,pa_y,pa_z,focus_x,focus_y,focus_z,element_x,element_y,element_z,distance_mm,delay_us
B_PA2_to_C2,1D,0,1,5.0,0.6,0.6,-111.344089,143.730347,-72.942256,-123.81,161.25,-51.8,-115.32790251182183,142.92255605557204,-71.01178877854143,27.87353596884324,1.5553353935213785
B_PA2_to_C2,1D,0,2,5.0,0.6,0.6,-111.344089,143.730347,-72.942256,-123.81,161.25,-51.8,-114.79672737691226,143.0302615148291,-71.26918440806924,28.146884292253855,1.4707074296171623
B_PA2_to_C2,1D,0,3,5.0,0.6,0.6,-111.344089,143.730347,-72.942256,-123.81,161.25,-51.8,-114.26555224200267,143.13796697408617,-71.52658003759704,28.43026878727417,1.382972291839975
B_PA2_to_C2,1D,0,4,5.0,0.6,0.6,-111.344089,143.730347,-72.942256,-123.81,161.25,-51.8,-113.7343771070931,143.24567243334323,-71.78397566712485,28.723392405351163,1.2922219456861068
B_PA2_to_C2,1D,0,5,5.0,0.6,0.6,-111.344089,143.730347,-72.942256,-123.81,161.25,-51.8,-113.20320197218352,143.3533778926003,-72.04137129665267,29.025960091389127,1.1985477394824038
B_PA2_to_C2,1D,0,6,5.0,0.6,0.6,-111.344089,143.730347,-72.942256,-123.81,161.25,-51.8,-112.67202683727395,143.46108335185735,-72.29876692618048,29.337679648909578,1.102040136534896
B_PA2_to_C2,1D,0,7,5.0,0.6,0.6,-111.344089,143.730347,-72.942256,-123.81,161.25,-51.8,-112.14085170236436,143.56878881111442,-72.55616255570828,29.65826251042317,1.0027884766235662
B_PA2_to_C2,1D,0,8,5.0,0.6,0.6,-111.344089,143.730347,-72.942256,-123.81,161.25,-51.8,-111.60967656745478,143.67649427037148,-72.81355818523609,29.987424415783046,0.9008807659858338
B_PA2_to_C2,1D,0,9,5.0,0.6,0.6,-111.344089,143.730347,-72.942256,-123.81,161.25,-51.8,-111.07850143254521,143.7841997296285,-73.07095381476391,30.324886002216587,0.7964034946441796
B_PA2_to_C2,1D,0,10,5.0,0.6,0.6,-111.344089,143.730347,-72.942256,-123.81,161.25,-51.8,-110.54732629763564,143.89190518888557,-73.32834944429172,30.67037331045321,0.6894414797102417
B_PA2_to_C2,1D,0,11,5.0,0.6,0.6,-111.344089,143.730347,-72.942256,-123.81,161.25,-51.8,-110.01615116272605,143.99961064814264,-73.58574507381952,31.023618211899297,0.5800777331325051
B_PA2_to_C2,1D,0,12,5.0,0.6,0.6,-111.344089,143.730347,-72.942256,-123.81,161.25,-51.8,-109.48497602781647,144.1073161073997,-73.84314070334733,31.384358762173534,0.4683933522426482
B_PA2_to_C2,1D,0,13,5.0,0.6,0.6,-111.344089,143.730347,-72.942256,-123.81,161.25,-51.8,-108.9538008929069,144.21502156665676,-74.10053633287515,31.75233948653151,0.35446743138878567
B_PA2_to_C2,1D,0,14,5.0,0.6,0.6,-111.344089,143.730347,-72.942256,-123.81,161.25,-51.8,-108.42262575799732,144.32272702591382,-74.35793196240296,32.127311602794855,0.2383769929171624
B_PA2_to_C2,1D,0,15,5.0,0.6,0.6,-111.344089,143.730347,-72.942256,-123.81,161.25,-51.8,-107.89145062308774,144.43043248517088,-74.61532759193076,32.50903318738049,0.12019693576990775
B_PA2_to_C2,1D,0,16,5.0,0.6,0.6,-111.344089,143.730347,-72.942256,-123.81,161.25,-51.8,-107.36027548817816,144.53813794442794,-74.87272322145857,32.89726928991729,0.0
B_PA2_to_C2,1D,1,1,5.0,0.6,0.6,-110.38386537861794,143.92504987544245,-73.40755896180973,-122.74,162.07,-51.8,-114.37144485475764,143.11978828599942,-71.4838220530727,28.576145468579874,1.5209639287734689
B_PA2_to_C2,1D,1,2,5.0,0.6,0.6,-110.38386537861794,143.92504987544245,-73.40755896180973,-122.74,162.07,-51.8,-113.83976759127235,143.22715649792517,-71.74032030757097,28.842386554194448,1.4385363480878421
B_PA2_to_C2,1D,1,3,5.0,0.6,0.6,-110.38386537861794,143.92504987544245,-73.40755896180973,-122.74,162.07,-51.8,-113.30809032778706,143.3345247098509,-71.99681856206924,29.118558247992212,1.3530342757046334
B_PA2_to_C2,1D,1,4,5.0,0.6,0.6,-110.38386537861794,143.92504987544245,-73.40755896180973,-122.74,162.07,-51.8,-112.77641306430176,143.44189292177663,-72.2533168165675,29.404380740662692,1.2645443398933391
B_PA2_to_C2,1D,1,5,5.0,0.6,0.6,-110.38386537861794,143.92504987544245,-73.40755896180973,-122.74,162.07,-51.8,-112.24473580081647,143.54926113370237,-72.50981507106577,29.69957540171229,1.1731528039646708
B_PA2_to_C2,1D,1,6,5.0,0.6,0.6,-110.38386537861794,143.92504987544245,-73.40755896180973,-122.74,162.07,-51.8,-111.71305853733118,143.65662934562812,-72.76631332556406,30.003865606653637,1.078945310174781
B_PA2_to_C2,1D,1,7,5.0,0.6,0.6,-110.38386537861794,143.92504987544245,-73.40755896180973,-122.74,162.07,-51.8,-111.18138127384589,143.76399755755384,-73.02281158006232,30.316977481969946,0.9820066490861397
B_PA2_to_C2,1D,1,8,5.0,0.6,0.6,-110.38386537861794,143.92504987544245,-73.40755896180973,-122.74,162.07,-51.8,-110.6497040103606,143.87136576947958,-73.27930983456059,30.638640569424933,0.8824205538988377
B_PA2_to_C2,1D,1,9,5.0,0.6,0.6,-110.38386537861794,143.92504987544245,-73.40755896180973,-122.74,162.07,-51.8,-110.11802674687529,143.97873398140533,-73.53580808905886,30.968588412172586,0.7802695189924425
B_PA2_to_C2,1D,1,10,5.0,0.6,0.6,-110.38386537861794,143.92504987544245,-73.40755896180973,-122.74,162.07,-51.8,-109.58634948339,144.08610219333107,-73.79230634355713,31.306559065836172,0.675634641697215
B_PA2_to_C2,1D,1,11,5.0,0.6,0.6,-110.38386537861794,143.92504987544245,-73.40755896180973,-122.74,162.07,-51.8,-109.0546722199047,144.1934704052568,-74.0488045980554,31.652295538283298,0.5685954861408291
B_PA2_to_C2,1D,1,12,5.0,0.6,0.6,-110.38386537861794,143.92504987544245,-73.40755896180973,-122.74,162.07,-51.8,-108.52299495641941,144.30083861718254,-74.30530285255368,32.00554616223519,0.4592299678894687
B_PA2_to_C2,1D,1,13,5.0,0.6,0.6,-110.38386537861794,143.92504987544245,-73.40755896180973,-122.74,162.07,-51.8,-107.99131769293412,144.40820682910828,-74.56180110705195,32.36606490513029,0.34761425801482737
B_PA2_to_C2,1D,1,14,5.0,0.6,0.6,-110.38386537861794,143.92504987544245,-73.40755896180973,-122.74,162.07,-51.8,-107.45964042944883,144.515575041034,-74.81829936155022,32.73361162082862,0.2338227051670465
B_PA2_to_C2,1D,1,15,5.0,0.6,0.6,-110.38386537861794,143.92504987544245,-73.40755896180973,-122.74,162.07,-51.8,-106.92796316596353,144.62294325295974,-75.07479761604849,33.10795224781178,0.11792777421250733
B_PA2_to_C2,1D,1,16,5.0,0.6,0.6,-110.38386537861794,143.92504987544245,-73.40755896180973,-122.74,162.07,-51.8,-106.39628590247824,144.7303114648855,-75.33129587054675,33.48885895851818,0.0
B_PA2_to_C2,1D,2,1,5.0,0.6,0.6,-109.4218299609588,144.1185327097424,-73.86961573883003,-121.66,162.88,-51.8,-113.41692466002038,143.31835133122962,-71.95939896919066,29.27469481480535,1.4864052640740386
B_PA2_to_C2,1D,2,2,5.0,0.6,0.6,-109.4218299609588,144.1185327097424,-73.86961573883003,-121.66,162.88,-51.8,-112.88424536681217,143.425042181698,-72.2140945384759,29.533785888701434,1.4061913093074505
B_PA2_to_C2,1D,2,3,5.0,0.6,0.6,-109.4218299609588,144.1185327097424,-73.86961573883003,-121.66,162.88,-51.8,-112.35156607360396,143.53173303216636,-72.46879010776117,29.802705604346208,1.322934431398851
B_PA2_to_C2,1D,2,4,5.0,0.6,0.6,-109.4218299609588,144.1185327097424,-73.86961573883003,-121.66,162.88,-51.8,-111.81888678039574,143.63842388263473,-72.72348567704641,30.081190364727885,1.236716239330221
B_PA2_to_C2,1D,2,5,5.0,0.6,0.6,-109.4218299609588,144.1185327097424,-73.86961573883003,-121.66,162.88,-51.8,-111.28620748718754,143.7451147331031,-72.97818124633166,30.368977035433147,1.1476181988641958
B_PA2_to_C2,1D,2,6,5.0,0.6,0.6,-109.4218299609588,144.1185327097424,-73.86961573883003,-121.66,162.88,-51.8,-110.75352819397934,143.85180558357146,-73.2328768156169,30.665803733121596,1.0557213884343355
B_PA2_to_C2,1D,2,7,5.0,0.6,0.6,-109.4218299609588,144.1185327097424,-73.86961573883003,-121.66,162.88,-51.8,-110.22084890077112,143.95849643403983,-73.48757238490217,30.971410542918505,0.9611062770421022
B_PA2_to_C2,1D,2,8,5.0,0.6,0.6,-109.4218299609588,144.1185327097424,-73.86961573883003,-121.66,162.88,-51.8,-109.68816960756291,144.0651872845082,-73.74226795418741,31.285540165349104,0.8638525239676138
B_PA2_to_C2,1D,2,9,5.0,0.6,0.6,-109.4218299609588,144.1185327097424,-73.86961573883003,-121.66,162.88,-51.8,-109.1554903143547,144.1718781349766,-73.99696352347266,31.607938494266588,0.7640387998445544
B_PA2_to_C2,1D,2,10,5.0,0.6,0.6,-109.4218299609588,144.1185327097424,-73.86961573883003,-121.66,162.88,-51.8,-108.62281102114649,144.27856898544496,-74.2516590927579,31.938355127918033,0.6617426284354373
B_PA2_to_C2,1D,2,11,5.0,0.6,0.6,-109.4218299609588,144.1185327097424,-73.86961573883003,-121.66,162.88,-51.8,-108.09013172793827,144.38525983591333,-74.50635466204317,32.27654381585298,0.5570402482698196
B_PA2_to_C2,1D,2,12,5.0,0.6,0.6,-109.4218299609588,144.1185327097424,-73.86961573883003,-121.66,162.88,-51.8,-107.55745243473007,144.4919506863817,-74.76105023132841,32.62226284481728,0.4500064931725145
B_PA2_to_C2,1D,2,13,5.0,0.6,0.6,-109.4218299609588,144.1185327097424,-73.86961573883003,-121.66,162.88,-51.8,-107.02477314152186,144.59864153685007,-75.01574580061366,32.97527536709912,0.3407146906084755
B_PA2_to_C2,1D,2,14,5.0,0.6,0.6,-109.4218299609588,144.1185327097424,-73.86961573883003,-121.66,162.88,-51.8,-106.49209384831364,144.70533238731844,-75.2704413698989,33.3353496750174,0.22923657670188824
B_PA2_to_C2,1D,2,15,5.0,0.6,0.6,-109.4218299609588,144.1185327097424,-73.86961573883003,-121.66,162.88,-51.8,-105.95941455510544,144.8120232377868,-75.52513693918416,33.70225942537609,0.11564222674563673
B_PA2_to_C2,1D,2,16,5.0,0.6,0.6,-109.4218299609588,144.1185327097424,-73.86961573883003,-121.66,162.88,-51.8,-105.42673526189722,144.91871408825517,-75.77983250846941,34.075783817764496,0.0
B_PA2_to_C2,1D,3,1,5.0,0.6,0.6,-108.45798450643372,144.31078641668583,-74.32840069786123,-120.57,163.68,-51.8,-112.46058674584036,143.51572783945025,-72.43180976361603,29.96718253712724,1.4526379253809996
B_PA2_to_C2,1D,3,2,5.0,0.6,0.6,-108.45798450643372,144.31078641668583,-74.32840069786123,-120.57,163.68,-51.8,-111.9269064472528,143.62173564974833,-72.68468855484872,30.219319167366205,1.3745770491460245
B_PA2_to_C2,1D,3,3,5.0,0.6,0.6,-108.45798450643372,144.31078641668583,-74.32840069786123,-120.57,163.68,-51.8,-111.39322614866525,143.7277434600464,-72.93756734608142,30.481182271440687,1.2935048807019136
B_PA2_to_C2,1D,3,4,5.0,0.6,0.6,-108.45798450643372,144.31078641668583,-74.32840069786123,-120.57,163.68,-51.8,-110.85954585007771,143.8337512703445,-73.19044613731411,30.752523382487368,1.2094983447741487
B_PA2_to_C2,1D,3,5,5.0,0.6,0.6,-108.45798450643372,144.31078641668583,-74.32840069786123,-120.57,163.68,-51.8,-110.32586555149015,143.93975908064255,-73.4433249285468,31.033093885658197,1.1226344119039222
B_PA2_to_C2,1D,3,6,5.0,0.6,0.6,-108.45798450643372,144.31078641668583,-74.32840069786123,-120.57,163.68,-51.8,-109.7921852529026,144.04576689094063,-73.69620371977949,31.322645766948213,1.0329898666128958
B_PA2_to_C2,1D,3,7,5.0,0.6,0.6,-108.45798450643372,144.31078641668583,-74.32840069786123,-120.57,163.68,-51.8,-109.25850495431504,144.1517747012387,-73.9490825110122,31.620932300730196,0.940641094544171
B_PA2_to_C2,1D,3,8,5.0,0.6,0.6,-108.45798450643372,144.31078641668583,-74.32840069786123,-120.57,163.68,-51.8,-108.72482465572749,144.2577825115368,-74.20196130224488,31.927708675897883,0.8456638886099022
B_PA2_to_C2,1D,3,9,5.0,0.6,0.6,-108.45798450643372,144.31078641668583,-74.32840069786123,-120.57,163.68,-51.8,-108.19114435713995,144.36379032183487,-74.45484009347757,32.242732561286545,0.7481332739384889
B_PA2_to_C2,1D,3,10,5.0,0.6,0.6,-108.45798450643372,144.31078641668583,-74.32840069786123,-120.57,163.68,-51.8,-107.65746405855239,144.46979813213295,-74.70771888471026,32.56576461169444,0.6481233512115878
B_PA2_to_C2,1D,3,11,5.0,0.6,0.6,-108.45798450643372,144.31078641668583,-74.32840069786123,-120.57,163.68,-51.8,-107.12378375996484,144.57580594243103,-74.96059767594296,32.89656891637688,0.5457071578114512
B_PA2_to_C2,1D,3,12,5.0,0.6,0.6,-108.45798450643372,144.31078641668583,-74.32840069786123,-120.57,163.68,-51.8,-106.59010346137728,144.6818137527291,-75.21347646717565,33.2349133923285,0.44095654606172374
B_PA2_to_C2,1D,3,13,5.0,0.6,0.6,-108.45798450643372,144.31078641668583,-74.32840069786123,-120.57,163.68,-51.8,-106.05642316278973,144.78782156302717,-75.46635525840834,33.58057012501754,0.3339420777369444
B_PA2_to_C2,1D,3,14,5.0,0.6,0.6,-108.45798450643372,144.31078641668583,-74.32840069786123,-120.57,163.68,-51.8,-105.52274286420219,144.89382937332525,-75.71923404964103,33.93331565949403,0.22473293393617233
B_PA2_to_C2,1D,3,15,5.0,0.6,0.6,-108.45798450643372,144.31078641668583,-74.32840069786123,-120.57,163.68,-51.8,-104.98906256561463,144.99983718362333,-75.97211284087373,34.292931244973886,0.11339683936036593
B_PA2_to_C2,1D,3,16,5.0,0.6,0.6,-108.45798450643372,144.31078641668583,-74.32840069786123,-120.57,163.68,-51.8,-104.45538226702708,145.1058449939214,-76.22499163210642,34.65920303610787,0.0
B_PA2_to_C2,1D,4,1,5.0,0.6,0.6,-107.49233079569571,144.50179958697743,-74.78388860572728,-119.48,164.48,-51.8,-111.50243329026495,143.71190745275857,-72.90103215890275,30.66282434528995,1.4197934503777905
B_PA2_to_C2,1D,4,2,5.0,0.6,0.6,-107.49233079569571,144.50179958697743,-74.78388860572728,-119.48,164.48,-51.8,-110.96775295765572,143.81722640398775,-73.15207968514602,30.90824921070078,1.3438105199100399
B_PA2_to_C2,1D,4,3,5.0,0.6,0.6,-107.49233079569571,144.50179958697743,-74.78388860572728,-119.48,164.48,-51.8,-110.43307262504648,143.92254535521693,-73.40312721138929,31.163294782668036,1.2648490425207974
B_PA2_to_C2,1D,4,4,5.0,0.6,0.6,-107.49233079569571,144.50179958697743,-74.78388860572728,-119.48,164.48,-51.8,-109.89839229243725,144.0278643064461,-73.65417473763256,31.427726837175864,1.1829815333852451
B_PA2_to_C2,1D,4,5,5.0,0.6,0.6,-107.49233079569571,144.50179958697743,-74.78388860572728,-119.48,164.48,-51.8,-109.36371195982802,144.13318325767528,-73.90522226387584,31.701310486994444,1.098280713007977
B_PA2_to_C2,1D,4,6,5.0,0.6,0.6,-107.49233079569571,144.50179958697743,-74.78388860572728,-119.48,164.48,-51.8,-108.82903162721878,144.23850220890446,-74.15626979011911,31.983810889784593,1.010819287995547
B_PA2_to_C2,1D,4,7,5.0,0.6,0.6,-107.49233079569571,144.50179958697743,-74.78388860572728,-119.48,164.48,-51.8,-108.29435129460956,144.34382116013364,-74.40731731636238,32.27499390354989,0.9206697481301287
B_PA2_to_C2,1D,4,8,5.0,0.6,0.6,-107.49233079569571,144.50179958697743,-74.78388860572728,-119.48,164.48,-51.8,-107.75967096200033,144.44914011136282,-74.65836484260565,32.57462668880277,0.8279041799403828
B_PA2_to_C2,1D,4,9,5.0,0.6,0.6,-107.49233079569571,144.50179958697743,-74.78388860572728,-119.48,164.48,-51.8,-107.22499062939109,144.55445906259203,-74.90941236884892,32.882478257508815,0.7325940967496578
B_PA2_to_C2,1D,4,10,5.0,0.6,0.6,-107.49233079569571,144.50179958697743,-74.78388860572728,-119.48,164.48,-51.8,-106.69031029678186,144.6597780138212,-75.16045989509219,33.19831996948369,0.6348102849927297
B_PA2_to_C2,1D,4,11,5.0,0.6,0.6,-107.49233079569571,144.50179958697743,-74.78388860572728,-119.48,164.48,-51.8,-106.15562996417263,144.7650969650504,-75.41150742133546,33.52192597743899,0.5346226664307174
B_PA2_to_C2,1D,4,12,5.0,0.6,0.6,-107.49233079569571,144.50179958697743,-74.78388860572728,-119.48,164.48,-51.8,-105.62094963156339,144.87041591627957,-75.66255494757873,33.85307362231055,0.4321001757584071
B_PA2_to_C2,1D,4,13,5.0,0.6,0.6,-107.49233079569571,144.50179958697743,-74.78388860572728,-119.48,164.48,-51.8,-105.08626929895416,144.97573486750875,-75.91360247382201,34.19154378085696,0.32731065298862205
B_PA2_to_C2,1D,4,14,5.0,0.6,0.6,-107.49233079569571,144.50179958697743,-74.78388860572728,-119.48,164.48,-51.8,-104.55158896634494,145.08105381873793,-76.16465000006528,34.537121167794766,0.22032074991190242
B_PA2_to_C2,1D,4,15,5.0,0.6,0.6,-107.49233079569571,144.50179958697743,-74.78388860572728,-119.48,164.48,-51.8,-104.0169086337357,145.1863727699671,-76.41569752630855,34.889594594945024,0.111195849865382
B_PA2_to_C2,1D,4,16,5.0,0.6,0.6,-107.49233079569571,144.50179958697743,-74.78388860572728,-119.48,164.48,-51.8,-103.48222830112647,145.2916917211963,-76.66674505255182,35.24875719001021,0.0
B_PA2_to_C2,1D,5,1,5.0,0.6,0.6,-106.5248704079047,144.69156262453677,-75.23605239698662,-118.39,165.27,-51.8,-110.54246408777989,143.90687633616196,-73.36703970247021,31.354490493355943,1.3882456565401462
B_PA2_to_C2,1D,5,2,5.0,0.6,0.6,-106.5248704079047,144.69156262453677,-75.23605239698662,-118.39,165.27,-51.8,-110.0067849304632,144.01150117461194,-73.6162413950724,31.59351920598915,1.3142429591304836
B_PA2_to_C2,1D,5,3,5.0,0.6,0.6,-106.5248704079047,144.69156262453677,-75.23605239698662,-118.39,165.27,-51.8,-109.4711057731465,144.11612601306192,-73.86544308767458,31.842060824332062,1.2372950896744737
B_PA2_to_C2,1D,5,4,5.0,0.6,0.6,-106.5248704079047,144.69156262453677,-75.23605239698662,-118.39,165.27,-51.8,-108.93542661582981,144.2207508515119,-74.11464478027678,32.099894380849925,1.157470459173588
B_PA2_to_C2,1D,5,5,5.0,0.6,0.6,-106.5248704079047,144.69156262453677,-75.23605239698662,-118.39,165.27,-51.8,-108.39974745851312,144.32537568996187,-74.36384647287896,32.36679781787161,1.0748378161328187
B_PA2_to_C2,1D,5,6,5.0,0.6,0.6,-106.5248704079047,144.69156262453677,-75.23605239698662,-118.39,165.27,-51.8,-107.86406830119643,144.43000052841182,-74.61304816548115,32.64254865515615,0.9894660398837356
B_PA2_to_C2,1D,5,7,5.0,0.6,0.6,-106.5248704079047,144.69156262453677,-75.23605239698662,-118.39,165.27,-51.8,-107.32838914387973,144.5346253668618,-74.86224985808335,32.926924612321365,0.9014239478821207
B_PA2_to_C2,1D,5,8,5.0,0.6,0.6,-106.5248704079047,144.69156262453677,-75.23605239698662,-118.39,165.27,-51.8,-106.79270998656304,144.63925020531178,-75.11145155068553,33.21970418511808,0.8107801172949021
B_PA2_to_C2,1D,5,9,5.0,0.6,0.6,-106.5248704079047,144.69156262453677,-75.23605239698662,-118.39,165.27,-51.8,-106.25703082924636,144.74387504376176,-75.36065324328771,33.52066717516239,0.7176027209963554
B_PA2_to_C2,1D,5,10,5.0,0.6,0.6,-106.5248704079047,144.69156262453677,-75.23605239698662,-118.39,165.27,-51.8,-105.72135167192967,144.84849988221174,-75.6098549358899,33.82959517329858,0.6219593779201347
B_PA2_to_C2,1D,5,11,5.0,0.6,0.6,-106.5248704079047,144.69156262453677,-75.23605239698662,-118.39,165.27,-51.8,-105.18567251461297,144.95312472066172,-75.8590566284921,34.14627199725505,0.5239170175620949
B_PA2_to_C2,1D,5,12,5.0,0.6,0.6,-106.5248704079047,144.69156262453677,-75.23605239698662,-118.39,165.27,-51.8,-104.64999335729628,145.05774955911167,-76.10825832109428,34.47048408467428,0.42354175829917295
B_PA2_to_C2,1D,5,13,5.0,0.6,0.6,-106.5248704079047,144.69156262453677,-75.23605239698662,-118.39,165.27,-51.8,-104.11431419997959,145.16237439756165,-76.35746001369647,34.802020842948764,0.32089879908106766
B_PA2_to_C2,1D,5,14,5.0,0.6,0.6,-106.5248704079047,144.69156262453677,-75.23605239698662,-118.39,165.27,-51.8,-103.5786350426629,145.26699923601163,-76.60666170629867,35.14067495758012,0.21605232396300167
B_PA2_to_C2,1D,5,15,5.0,0.6,0.6,-106.5248704079047,144.69156262453677,-75.23605239698662,-118.39,165.27,-51.8,-103.0429558853462,145.3716240744616,-76.85586339890085,35.48624266100253,0.10906541887866439
B_PA2_to_C2,1D,5,16,5.0,0.6,0.6,-106.5248704079047,144.69156262453677,-75.23605239698662,-118.39,165.27,-51.8,-102.50727672802951,145.4762489129116,-77.10506509150304,35.83852396398061,0.0
B_PA2_to_C2,1D,6,1,5.0,0.6,0.6,-105.55560598576687,144.8800661623952,-75.684866540274,-117.29,166.06,-51.8,-109.58068020755975,144.10062787516844,-73.82980496030865,32.046215726169294,1.3569540419466666
B_PA2_to_C2,1D,6,2,5.0,0.6,0.6,-105.55560598576687,144.8800661623952,-75.684866540274,-117.29,166.06,-51.8,-109.04400364465403,144.204552980132,-74.07714650430404,32.27891380924801,1.2849112917674965
B_PA2_to_C2,1D,6,3,5.0,0.6,0.6,-105.55560598576687,144.8800661623952,-75.684866540274,-117.29,166.06,-51.8,-108.50732708174831,144.30847808509557,-74.32448804829941,32.521017989010474,1.2099564373518739
B_PA2_to_C2,1D,6,4,5.0,0.6,0.6,-105.55560598576687,144.8800661623952,-75.684866540274,-117.29,166.06,-51.8,-107.9706505188426,144.41240319005914,-74.57182959229479,32.77231980464953,1.1321540176493805
B_PA2_to_C2,1D,6,5,5.0,0.6,0.6,-105.55560598576687,144.8800661623952,-75.684866540274,-117.29,166.06,-51.8,-107.43397395593688,144.5163282950227,-74.81917113629018,33.03260933857489,1.0515690226260475
B_PA2_to_C2,1D,6,6,5.0,0.6,0.6,-105.55560598576687,144.8800661623952,-75.684866540274,-117.29,166.06,-51.8,-106.89729739303117,144.62025339998627,-75.06651268028556,33.30167584449146,0.9682666988128688
B_PA2_to_C2,1D,6,7,5.0,0.6,0.6,-105.55560598576687,144.8800661623952,-75.684866540274,-117.29,166.06,-51.8,-106.36062083012544,144.72417850494983,-75.31385422428093,33.579308336954576,0.882312366780944
B_PA2_to_C2,1D,6,8,5.0,0.6,0.6,-105.55560598576687,144.8800661623952,-75.684866540274,-117.29,166.06,-51.8,-105.82394426721973,144.8281036099134,-75.5611957682763,33.865296141108054,0.793771250943955
B_PA2_to_C2,1D,6,9,5.0,0.6,0.6,-105.55560598576687,144.8800661623952,-75.684866540274,-117.29,166.06,-51.8,-105.28726770431402,144.932028714877,-75.8085373122717,34.159429401874206,0.7027083219141854
B_PA2_to_C2,1D,6,10,5.0,0.6,0.6,-105.55560598576687,144.8800661623952,-75.684866540274,-117.29,166.06,-51.8,-104.75059114140831,145.03595381984056,-76.05587885626707,34.46149955237452,0.6091881514806516
B_PA2_to_C2,1D,6,11,5.0,0.6,0.6,-105.55560598576687,144.8800661623952,-75.684866540274,-117.29,166.06,-51.8,-104.21391457850258,145.13987892480412,-76.30322040026245,34.77129974181279,0.5132747801375341
B_PA2_to_C2,1D,6,12,5.0,0.6,0.6,-105.55560598576687,144.8800661623952,-75.684866540274,-117.29,166.06,-51.8,-103.67723801559687,145.2438040297677,-76.55056194425782,35.088625223449135,0.41503159696838665
B_PA2_to_C2,1D,6,13,5.0,0.6,0.6,-105.55560598576687,144.8800661623952,-75.684866540274,-117.29,166.06,-51.8,-103.14056145269114,145.34772913473125,-76.79790348825321,35.41327370363199,0.3145212315866992
B_PA2_to_C2,1D,6,14,5.0,0.6,0.6,-105.55560598576687,144.8800661623952,-75.684866540274,-117.29,166.06,-51.8,-102.60388488978543,145.45165423969482,-77.04524503224859,35.74504565313959,0.21180545774533677
B_PA2_to_C2,1D,6,15,5.0,0.6,0.6,-105.55560598576687,144.8800661623952,-75.684866540274,-117.29,166.06,-51.8,-102.06720832687972,145.55557934465838,-77.29258657624396,36.083744582314544,0.10694510815556768
B_PA2_to_C2,1D,6,16,5.0,0.6,0.6,-105.55560598576687,144.8800661623952,-75.684866540274,-117.29,166.06,-51.8,-101.530531763974,145.65950444962195,-77.53992812023935,36.429177281657026,0.0
B_PA2_to_C2,1D,7,1,5.0,0.6,0.6,-104.58453988214106,145.06729927392988,-76.1303048784166,-116.18,166.83,-51.8,-108.61708391769128,144.29315294100263,-74.28930350509725,32.72424097168737,1.326655849411912
B_PA2_to_C2,1D,7,2,5.0,0.6,0.6,-104.58453988214106,145.06729927392988,-76.1303048784166,-116.18,166.83,-51.8,-108.07941137961791,144.3963724520596,-74.53477035487317,32.95082645466111,1.2565055450856768
B_PA2_to_C2,1D,7,3,5.0,0.6,0.6,-104.58453988214106,145.06729927392988,-76.1303048784166,-116.18,166.83,-51.8,-107.54173884154454,144.49959196311656,-74.78023720464908,33.186713921648334,1.1834753695478373
B_PA2_to_C2,1D,7,4,5.0,0.6,0.6,-104.58453988214106,145.06729927392988,-76.1303048784166,-116.18,166.83,-51.8,-107.00406630347119,144.60281147417354,-75.02570405442499,33.43170647438534,1.1076262820131628
B_PA2_to_C2,1D,7,5,5.0,0.6,0.6,-104.58453988214106,145.06729927392988,-76.1303048784166,-116.18,166.83,-51.8,-106.46639376539783,144.70603098523048,-75.2711709042009,33.68560545190767,1.029019787424204
B_PA2_to_C2,1D,7,6,5.0,0.6,0.6,-104.58453988214106,145.06729927392988,-76.1303048784166,-116.18,166.83,-51.8,-105.92872122732446,144.80925049628746,-75.51663775397681,33.948211021108655,0.9477177536158496
B_PA2_to_C2,1D,7,7,5.0,0.6,0.6,-104.58453988214106,145.06729927392988,-76.1303048784166,-116.18,166.83,-51.8,-105.39104868925111,144.91247000734444,-75.76210460375273,34.21932273447058,0.8637822386431182
B_PA2_to_C2,1D,7,8,5.0,0.6,0.6,-104.58453988214106,145.06729927392988,-76.1303048784166,-116.18,166.83,-51.8,-104.85337615117774,145.0156895184014,-76.00757145352864,34.49874005348583,0.7772753287312746
B_PA2_to_C2,1D,7,9,5.0,0.6,0.6,-104.58453988214106,145.06729927392988,-76.1303048784166,-116.18,166.83,-51.8,-104.31570361310438,145.11890902945837,-76.25303830330455,34.7862628367883,0.6882589871515616
B_PA2_to_C2,1D,7,10,5.0,0.6,0.6,-104.58453988214106,145.06729927392988,-76.1303048784166,-116.18,166.83,-51.8,-103.77803107503101,145.2221285405153,-76.49850515308046,35.08169179247563,0.5967949141833486
B_PA2_to_C2,1D,7,11,5.0,0.6,0.6,-104.58453988214106,145.06729927392988,-76.1303048784166,-116.18,166.83,-51.8,-103.24035853695766,145.3253480515723,-76.74397200285638,35.38482889451896,0.5029444181947031
B_PA2_to_C2,1D,7,12,5.0,0.6,0.6,-104.58453988214106,145.06729927392988,-76.1303048784166,-116.18,166.83,-51.8,-102.70268599888429,145.42856756262927,-76.98943885263229,35.69547776352791,0.40676829775849477
B_PA2_to_C2,1D,7,13,5.0,0.6,0.6,-104.58453988214106,145.06729927392988,-76.1303048784166,-116.18,166.83,-51.8,-102.16501346081093,145.53178707368622,-77.2349057024082,36.013444012460795,0.3083267346213798
B_PA2_to_C2,1D,7,14,5.0,0.6,0.6,-104.58453988214106,145.06729927392988,-76.1303048784166,-116.18,166.83,-51.8,-101.62734092273757,145.6350065847432,-77.48037255218411,36.3385355581479,0.20767919725694917
B_PA2_to_C2,1D,7,15,5.0,0.6,0.6,-104.58453988214106,145.06729927392988,-76.1303048784166,-116.18,166.83,-51.8,-101.08966838466421,145.73822609580014,-77.72583940196002,36.67056289972807,0.10488435466247026
B_PA2_to_C2,1D,7,16,5.0,0.6,0.6,-104.58453988214106,145.06729927392988,-76.1303048784166,-116.18,166.83,-51.8,-100.55199584659084,145.84144560685712,-77.97130625173594,37.00933936528785,0.0
B_PA2_to_C2,1D,8,1,5.0,0.6,0.6,-103.61167478761367,145.25325172348178,-76.57234104120653,-115.07,167.6,-51.8,-107.65167647916773,144.48443826019502,-74.74550985280698,33.40444791957698,1.2971265617643049
B_PA2_to_C2,1D,8,2,5.0,0.6,0.6,-103.61167478761367,145.25325172348178,-76.57234104120653,-115.07,167.6,-51.8,-107.11300958696052,144.5869467219666,-74.98908734459357,33.625110995891085,1.228809819871394
B_PA2_to_C2,1D,8,3,5.0,0.6,0.6,-103.61167478761367,145.25325172348178,-76.57234104120653,-115.07,167.6,-51.8,-106.57434269475331,144.68945518373815,-75.23266483638018,33.854970656614995,1.1576458382231234
B_PA2_to_C2,1D,8,4,5.0,0.6,0.6,-103.61167478761367,145.25325172348178,-76.57234104120653,-115.07,167.6,-51.8,-106.03567580254611,144.79196364550972,-75.47624232816679,34.09384089296082,1.083692204679524
B_PA2_to_C2,1D,8,5,5.0,0.6,0.6,-103.61167478761367,145.25325172348178,-76.57234104120653,-115.07,167.6,-51.8,-105.49700891033889,144.8944721072813,-75.7198198199534,34.341533680207014,1.00700713122869
B_PA2_to_C2,1D,8,6,5.0,0.6,0.6,-103.61167478761367,145.25325172348178,-76.57234104120653,-115.07,167.6,-51.8,-104.95834201813169,144.99698056905285,-75.96339731174001,34.59785953181294,0.9276492824342881
B_PA2_to_C2,1D,8,7,5.0,0.6,0.6,-103.61167478761367,145.25325172348178,-76.57234104120653,-115.07,167.6,-51.8,-104.41967512592448,145.09948903082443,-76.20697480352662,34.86262802568569,0.8456776125046428
B_PA2_to_C2,1D,8,8,5.0,0.6,0.6,-103.61167478761367,145.25325172348178,-76.57234104120653,-115.07,167.6,-51.8,-103.88100823371727,145.201997492596,-76.45055229531323,35.13564830100037,0.761151211478424
B_PA2_to_C2,1D,8,9,5.0,0.6,0.6,-103.61167478761367,145.25325172348178,-76.57234104120653,-115.07,167.6,-51.8,-103.34234134151006,145.30450595436756,-76.69412978709983,35.416729524419054,0.6741291608844051
B_PA2_to_C2,1D,8,10,5.0,0.6,0.6,-103.61167478761367,145.25325172348178,-76.57234104120653,-115.07,167.6,-51.8,-102.80367444930285,145.40701441613913,-76.93770727888644,35.705681324967344,0.5846703991047502
B_PA2_to_C2,1D,8,11,5.0,0.6,0.6,-103.61167478761367,145.25325172348178,-76.57234104120653,-115.07,167.6,-51.8,-102.26500755709564,145.5095228779107,-77.18128477067305,36.002314197206644,0.4928335965538828
B_PA2_to_C2,1D,8,12,5.0,0.6,0.6,-103.61167478761367,145.25325172348178,-76.57234104120653,-115.07,167.6,-51.8,-101.72634066488844,145.61203133968226,-77.42486226245965,36.30643987268173,0.39867704067924237
B_PA2_to_C2,1D,8,13,5.0,0.6,0.6,-103.61167478761367,145.25325172348178,-76.57234104120653,-115.07,167.6,-51.8,-101.18767377268122,145.71453980145384,-77.66843975424626,36.61787165992747,0.3022585306960419
B_PA2_to_C2,1D,8,14,5.0,0.6,0.6,-103.61167478761367,145.25325172348178,-76.57234104120653,-115.07,167.6,-51.8,-100.64900688047402,145.81704826322542,-77.91201724603287,36.936424753584156,0.20363528188592284
B_PA2_to_C2,1D,8,15,5.0,0.6,0.6,-103.61167478761367,145.25325172348178,-76.57234104120653,-115.07,167.6,-51.8,-100.11033998826682,145.91955672499697,-78.15559473781948,37.26191651339811,0.10286383921906328
B_PA2_to_C2,1D,8,16,5.0,0.6,0.6,-103.61167478761367,145.25325172348178,-76.57234104120653,-115.07,167.6,-51.8,-99.5716730960596,146.02206518676854,-78.39917222960608,37.59416671407568,0.0
B_PA2_to_C2,1D,9,1,5.0,0.6,0.6,-102.63701375124137,145.4379140468565,-77.01094843943008,-113.95,168.36,-51.8,-106.68445974317231,144.67447516939362,-75.19839719249103,34.077516824182304,1.2681141615799199
B_PA2_to_C2,1D,9,2,5.0,0.6,0.6,-102.63701375124137,145.4379140468565,-77.01094843943008,-113.95,168.36,-51.8,-106.14480027758152,144.77626701972198,-75.4400706920829,34.29236863091513,1.2015965743561345
B_PA2_to_C2,1D,9,3,5.0,0.6,0.6,-102.63701375124137,145.4379140468565,-77.01094843943008,-113.95,168.36,-51.8,-105.60514081199074,144.87805887005038,-75.68174419167478,34.51631410992076,1.1322636087197147
B_PA2_to_C2,1D,9,4,5.0,0.6,0.6,-102.63701375124137,145.4379140468565,-77.01094843943008,-113.95,168.36,-51.8,-105.06548134639993,144.97985072037875,-75.92341769126665,34.749177445672856,1.0601696967221628
B_PA2_to_C2,1D,9,5,5.0,0.6,0.6,-102.63701375124137,145.4379140468565,-77.01094843943008,-113.95,168.36,-51.8,-104.52582188080915,145.08164257070715,-76.16509119085852,34.990780593850744,0.9853699604441797
B_PA2_to_C2,1D,9,6,5.0,0.6,0.6,-102.63701375124137,145.4379140468565,-77.01094843943008,-113.95,168.36,-51.8,-103.98616241521835,145.18343442103554,-76.4067646904504,35.24094380097027,0.9079200511192482
B_PA2_to_C2,1D,9,7,5.0,0.6,0.6,-102.63701375124137,145.4379140468565,-77.01094843943008,-113.95,168.36,-51.8,-103.44650294962756,145.2852262713639,-76.64843819004227,35.49948610049572,0.8278759955386139
B_PA2_to_C2,1D,9,8,5.0,0.6,0.6,-102.63701375124137,145.4379140468565,-77.01094843943008,-113.95,168.36,-51.8,-102.90684348403677,145.3870181216923,-76.89011168963414,35.766225783767446,0.7452940502532499
B_PA2_to_C2,1D,9,9,5.0,0.6,0.6,-102.63701375124137,145.4379140468565,-77.01094843943008,-113.95,168.36,-51.8,-102.36718401844597,145.48880997202068,-77.13178518922602,36.040980844471704,0.6602305639671027
B_PA2_to_C2,1D,9,10,5.0,0.6,0.6,-102.63701375124137,145.4379140468565,-77.01094843943008,-113.95,168.36,-51.8,-101.82752455285518,145.59060182234907,-77.37345868881789,36.323569395747974,0.5727418484016926
B_PA2_to_C2,1D,9,11,5.0,0.6,0.6,-102.63701375124137,145.4379140468565,-77.01094843943008,-113.95,168.36,-51.8,-101.2878650872644,145.69239367267744,-77.61513218840976,36.61381005937326,0.4828840578056308
B_PA2_to_C2,1D,9,12,5.0,0.6,0.6,-102.63701375124137,145.4379140468565,-77.01094843943008,-113.95,168.36,-51.8,-100.74820562167359,145.79418552300584,-77.85680568800164,36.91152232677495,0.39071307718591086
B_PA2_to_C2,1D,9,13,5.0,0.6,0.6,-102.63701375124137,145.4379140468565,-77.01094843943008,-113.95,168.36,-51.8,-100.2085461560828,145.89597737333423,-78.09847918759351,37.216526891908494,0.2962844192498295
B_PA2_to_C2,1D,9,14,5.0,0.6,0.6,-102.63701375124137,145.4379140468565,-77.01094843943008,-113.95,168.36,-51.8,-99.668886690492,145.9977692236626,-78.34015268718538,37.528645956286404,0.19965312996874296
B_PA2_to_C2,1D,9,15,5.0,0.6,0.6,-102.63701375124137,145.4379140468565,-77.01094843943008,-113.95,168.36,-51.8,-99.12922722490121,146.099561073991,-78.58182618677726,37.84770350666518,0.10087370260689354
B_PA2_to_C2,1D,9,16,5.0,0.6,0.6,-102.63701375124137,145.4379140468565,-77.01094843943008,-113.95,168.36,-51.8,-98.58956775931043,146.20135292431937,-78.82349968636913,38.173525566085445,0.0
B_PA2_to_C2,1D,10,1,5.0,0.6,0.6,-101.6605600506468,145.62127561992435,-77.4461008038966,-112.83,169.12,-51.8,-105.71543581234766,144.86325593559505,-75.6479382096521,34.752421685943766,1.2398154494198064
B_PA2_to_C2,1D,10,2,5.0,0.6,0.6,-101.6605600506468,145.62127561992435,-77.4461008038966,-112.83,169.12,-51.8,-105.17478571078755,144.96432522683895,-75.88769322221803,34.961634606067555,1.1750436475238963
B_PA2_to_C2,1D,10,3,5.0,0.6,0.6,-101.6605600506468,145.62127561992435,-77.4461008038966,-112.83,169.12,-51.8,-104.63413560922743,145.06539451808285,-76.12744823478396,35.179837629226,1.1074885319949654
B_PA2_to_C2,1D,10,4,5.0,0.6,0.6,-101.6605600506468,145.62127561992435,-77.4461008038966,-112.83,169.12,-51.8,-104.09348550766731,145.16646380932676,-76.36720324734989,35.4068645450177,1.0372015611616234
B_PA2_to_C2,1D,10,5,5.0,0.6,0.6,-101.6605600506468,145.62127561992435,-77.4461008038966,-112.83,169.12,-51.8,-103.55283540610719,145.2675331005707,-76.60695825991583,35.64254674121584,0.964234936951673
B_PA2_to_C2,1D,10,6,5.0,0.6,0.6,-101.6605600506468,145.62127561992435,-77.4461008038966,-112.83,169.12,-51.8,-103.01218530454709,145.3686023918146,-76.84671327248176,35.88671369030997,0.8886414542599912
B_PA2_to_C2,1D,10,7,5.0,0.6,0.6,-101.6605600506468,145.62127561992435,-77.4461008038966,-112.83,169.12,-51.8,-102.47153520298697,145.4696716830585,-77.0864682850477,36.13919341630091,0.8104743564299781
B_PA2_to_C2,1D,10,8,5.0,0.6,0.6,-101.6605600506468,145.62127561992435,-77.4461008038966,-112.83,169.12,-51.8,-101.93088510142685,145.5707409743024,-77.32622329761364,36.39981294005963,0.7297871973715502
B_PA2_to_C2,1D,10,9,5.0,0.6,0.6,-101.6605600506468,145.62127561992435,-77.4461008038966,-112.83,169.12,-51.8,-101.39023499986673,145.6718102655463,-77.56597831017956,36.668398701904856,0.6466337107321625
B_PA2_to_C2,1D,10,10,5.0,0.6,0.6,-101.6605600506468,145.62127561992435,-77.4461008038966,-112.83,169.12,-51.8,-100.84958489830662,145.7728795567902,-77.8057333227455,36.94477696038214,0.5610676864357895
B_PA2_to_C2,1D,10,11,5.0,0.6,0.6,-101.6605600506468,145.62127561992435,-77.4461008038966,-112.83,169.12,-51.8,-100.3089347967465,145.8739488480341,-78.04548833531143,37.228774166535615,0.4731428548093266
B_PA2_to_C2,1D,10,12,5.0,0.6,0.6,-101.6605600506468,145.62127561992435,-77.4461008038966,-112.83,169.12,-51.8,-99.7682846951864,145.975018139278,-78.28524334787737,37.52021731324906,0.3829127784274551
B_PA2_to_C2,1D,10,13,5.0,0.6,0.6,-101.6605600506468,145.62127561992435,-77.4461008038966,-112.83,169.12,-51.8,-99.22763459362628,146.07608743052194,-78.5249983604433,37.8189342594944,0.2904307517261131
B_PA2_to_C2,1D,10,14,5.0,0.6,0.6,-101.6605600506468,145.62127561992435,-77.4461008038966,-112.83,169.12,-51.8,-98.68698449206616,146.17715672176584,-78.76475337300924,38.12475402956044,0.1957497083620119
B_PA2_to_C2,1D,10,15,5.0,0.6,0.6,-101.6605600506468,145.62127561992435,-77.4461008038966,-112.83,169.12,-51.8,-98.14633439050604,146.27822601300974,-79.00450838557516,38.43750708754419,0.09892213623082036
B_PA2_to_C2,1D,10,16,5.0,0.6,0.6,-101.6605600506468,145.62127561992435,-77.4461008038966,-112.83,169.12,-51.8,-97.60568428894592,146.37929530425365,-79.2442633981411,38.75702558756974,0.0
B_PA2_to_C2,1D,11,1,5.0,0.6,0.6,-100.68231730915193,145.80332558276277,-77.877772044352,-111.7,169.86,-51.8,-104.74460731375707,145.0507671941432,-76.0941084577406,35.41298103226425,1.2122982799071753
B_PA2_to_C2,1D,11,2,5.0,0.6,0.6,-100.68231730915193,145.80332558276277,-77.877772044352,-111.7,169.86,-51.8,-104.20296864647639,145.1511083126258,-76.33193026928879,35.61671532119931,1.149222648657931
B_PA2_to_C2,1D,11,3,5.0,0.6,0.6,-100.68231730915193,145.80332558276277,-77.877772044352,-111.7,169.86,-51.8,-103.6613299791957,145.25144943110843,-76.56975208083698,35.829339862062774,1.0833946174308515
B_PA2_to_C2,1D,11,4,5.0,0.6,0.6,-100.68231730915193,145.80332558276277,-77.877772044352,-111.7,169.86,-51.8,-103.11969131191502,145.35179054959102,-76.80757389238516,36.05069735290911,1.0148628865186726
B_PA2_to_C2,1D,11,5,5.0,0.6,0.6,-100.68231730915193,145.80332558276277,-77.877772044352,-111.7,169.86,-51.8,-102.57805264463433,145.45213166807363,-77.04539570393335,36.28062794813362,0.9436769437247072
B_PA2_to_C2,1D,11,6,5.0,0.6,0.6,-100.68231730915193,145.80332558276277,-77.877772044352,-111.7,169.86,-51.8,-102.03641397735365,145.55247278655625,-77.28321751548154,36.51896971425591,0.869886923253409
B_PA2_to_C2,1D,11,7,5.0,0.6,0.6,-100.68231730915193,145.80332558276277,-77.877772044352,-111.7,169.86,-51.8,-101.49477531007295,145.65281390503884,-77.52103932702973,36.765559069196655,0.7935434697113823
B_PA2_to_C2,1D,11,8,5.0,0.6,0.6,-100.68231730915193,145.80332558276277,-77.877772044352,-111.7,169.86,-51.8,-100.95313664279227,145.75315502352146,-77.75886113857791,37.02023120336277,0.7146976077404492
B_PA2_to_C2,1D,11,9,5.0,0.6,0.6,-100.68231730915193,145.80332558276277,-77.877772044352,-111.7,169.86,-51.8,-100.41149797551158,145.85349614200408,-77.99668295012609,37.282820481158346,0.6334006177108602
B_PA2_to_C2,1D,11,10,5.0,0.6,0.6,-100.68231730915193,145.80332558276277,-77.877772044352,-111.7,169.86,-51.8,-99.8698593082309,145.9538372604867,-78.23450476167427,37.55316082182865,0.5497039178129342
B_PA2_to_C2,1D,11,11,5.0,0.6,0.6,-100.68231730915193,145.80332558276277,-77.877772044352,-111.7,169.86,-51.8,-99.3282206409502,146.05417837896928,-78.47232657322246,37.831086058821704,0.46365895279960334
B_PA2_to_C2,1D,11,12,5.0,0.6,0.6,-100.68231730915193,145.80332558276277,-77.877772044352,-111.7,169.86,-51.8,-98.78658197366953,146.1545194974519,-78.71014838477065,38.11643027711042,0.3753170895523237
B_PA2_to_C2,1D,11,13,5.0,0.6,0.6,-100.68231730915193,145.80332558276277,-77.877772044352,-111.7,169.86,-51.8,-98.24494330638883,146.25486061593452,-78.94797019631883,38.40902812815845,0.28472951956841364
B_PA2_to_C2,1D,11,14,5.0,0.6,0.6,-100.68231730915193,145.80332558276277,-77.877772044352,-111.7,169.86,-51.8,-97.70330463910815,146.3552017344171,-79.18579200786702,38.708715122430945,0.191947168400457
B_PA2_to_C2,1D,11,15,5.0,0.6,0.6,-100.68231730915193,145.80332558276277,-77.877772044352,-111.7,169.86,-51.8,-97.16166597182746,146.45554285289973,-79.42361381941521,39.01532789954943,0.09702061201702428
B_PA2_to_C2,1D,11,16,5.0,0.6,0.6,-100.68231730915193,145.80332558276277,-77.877772044352,-111.7,169.86,-51.8,-96.62002730454678,146.55588397138234,-79.6614356309634,39.32870447636442,0.0
B_PA2_to_C2,1D,12,1,5.0,0.6,0.6,-99.70228929415877,145.98405451638737,-78.30593509369717,-110.57,170.6,-51.8,-103.77197692918588,145.23699802613248,-76.53688191369508,36.07503726415017,1.1854198329408998
B_PA2_to_C2,1D,12,2,5.0,0.6,0.6,-99.70228929415877,145.98405451638737,-78.30593509369717,-110.57,170.6,-51.8,-103.22935191118226,145.33660555816647,-76.7727556710287,36.27344398995531,1.123993602041475
B_PA2_to_C2,1D,12,3,5.0,0.6,0.6,-99.70228929415877,145.98405451638737,-78.30593509369717,-110.57,170.6,-51.8,-102.68672689317866,145.43621309020045,-77.00862942836231,36.480640950715575,1.059845936171424
B_PA2_to_C2,1D,12,4,5.0,0.6,0.6,-99.70228929415877,145.98405451638737,-78.30593509369717,-110.57,170.6,-51.8,-102.14410187517504,145.53582062223444,-77.24450318569592,36.6964792515253,0.9930229328247613
B_PA2_to_C2,1D,12,5,5.0,0.6,0.6,-99.70228929415877,145.98405451638737,-78.30593509369717,-110.57,170.6,-51.8,-101.60147685717142,145.63542815426842,-77.48037694302953,36.920807341392575,0.9235715118132202
B_PA2_to_C2,1D,12,6,5.0,0.6,0.6,-99.70228929415877,145.98405451638737,-78.30593509369717,-110.57,170.6,-51.8,-101.05885183916782,145.7350356863024,-77.71625070036315,37.15347143972995,0.8515392832257973
B_PA2_to_C2,1D,12,7,5.0,0.6,0.6,-99.70228929415877,145.98405451638737,-78.30593509369717,-110.57,170.6,-51.8,-100.5162268211642,145.8346432183364,-77.95212445769675,37.3943159491577,0.7769744196258745
B_PA2_to_C2,1D,12,8,5.0,0.6,0.6,-99.70228929415877,145.98405451638737,-78.30593509369717,-110.57,170.6,-51.8,-99.97360180316058,145.93425075037038,-78.18799821503036,37.64318385296375,0.6999255329986145
B_PA2_to_C2,1D,12,9,5.0,0.6,0.6,-99.70228929415877,145.98405451638737,-78.30593509369717,-110.57,170.6,-51.8,-99.43097678515697,146.03385828240437,-78.42387197236398,37.89991709582796,0.6204415568796637
B_PA2_to_C2,1D,12,10,5.0,0.6,0.6,-99.70228929415877,145.98405451638737,-78.30593509369717,-110.57,170.6,-51.8,-98.88835176715335,146.13346581443835,-78.65974572969759,38.16435694667517,0.5385716340167512
B_PA2_to_C2,1D,12,11,5.0,0.6,0.6,-99.70228929415877,145.98405451638737,-78.30593509369717,-110.57,170.6,-51.8,-98.34572674914973,146.23307334647234,-78.8956194870312,38.43634434276801,0.4543650098394014
B_PA2_to_C2,1D,12,12,5.0,0.6,0.6,-99.70228929415877,145.98405451638737,-78.30593509369717,-110.57,170.6,-51.8,-97.80310173114613,146.33268087850632,-79.13149324436482,38.715720214383666,0.3678709319398177
B_PA2_to_C2,1D,12,13,5.0,0.6,0.6,-99.70228929415877,145.98405451638737,-78.30593509369717,-110.57,170.6,-51.8,-97.26047671314251,146.4322884105403,-79.36736700169843,39.00232578963769,0.2791385557001824
B_PA2_to_C2,1D,12,14,5.0,0.6,0.6,-99.70228929415877,145.98405451638737,-78.30593509369717,-110.57,170.6,-51.8,-96.71785169513889,146.5318959425743,-79.60324075903203,39.296002879219635,0.18821685613920636
B_PA2_to_C2,1D,12,15,5.0,0.6,0.6,-99.70228929415877,145.98405451638737,-78.30593509369717,-110.57,170.6,-51.8,-96.17522667713529,146.63150347460828,-79.83911451636564,39.59659414098943,0.0951545459937595
B_PA2_to_C2,1D,12,16,5.0,0.6,0.6,-99.70228929415877,145.98405451638737,-78.30593509369717,-110.57,170.6,-51.8,-95.63260165913167,146.73111100664227,-80.07498827369926,39.903943324549275,0.0
B_PA2_to_C2,1D,13,1,5.0,0.6,0.6,-98.7204801590521,146.16345228221533,-78.73056335422048,-109.43,171.33,-51.8,-102.79754784956094,145.4219425175768,-76.97623091253372,36.72954487877065,1.1589077038232407
B_PA2_to_C2,1D,13,2,5.0,0.6,0.6,-98.7204801590521,146.16345228221533,-78.73056335422048,-109.43,171.33,-51.8,-102.25393882415976,145.52081048619527,-77.21014190475863,36.92269531032182,1.099108808606161
B_PA2_to_C2,1D,13,3,5.0,0.6,0.6,-98.7204801590521,146.16345228221533,-78.73056335422048,-109.43,171.33,-51.8,-101.71032979875858,145.61967845481374,-77.44405289698352,37.12453893257253,1.0366185230796265
B_PA2_to_C2,1D,13,4,5.0,0.6,0.6,-98.7204801590521,146.16345228221533,-78.73056335422048,-109.43,171.33,-51.8,-101.16672077335741,145.7185464234322,-77.67796388920843,37.33493475196289,0.971480498500565
B_PA2_to_C2,1D,13,5,5.0,0.6,0.6,-98.7204801590521,146.16345228221533,-78.73056335422048,-109.43,171.33,-51.8,-100.62311174795623,145.8174143920507,-77.91187488143333,37.553739027033764,0.9037392368687165
B_PA2_to_C2,1D,13,6,5.0,0.6,0.6,-98.7204801590521,146.16345228221533,-78.73056335422048,-109.43,171.33,-51.8,-100.07950272255505,145.91628236066916,-78.14578587365823,37.780805667531645,0.833439967364729
B_PA2_to_C2,1D,13,7,5.0,0.6,0.6,-98.7204801590521,146.16345228221533,-78.73056335422048,-109.43,171.33,-51.8,-99.53589369715387,146.01515032928762,-78.37969686588313,38.015986622275435,0.7606285262675794
B_PA2_to_C2,1D,13,8,5.0,0.6,0.6,-98.7204801590521,146.16345228221533,-78.73056335422048,-109.43,171.33,-51.8,-98.99228467175269,146.11401829790609,-78.61360785810803,38.259132254172435,0.6853512408505527
B_PA2_to_C2,1D,13,9,5.0,0.6,0.6,-98.7204801590521,146.16345228221533,-78.73056335422048,-109.43,171.33,-51.8,-98.44867564635152,146.21288626652458,-78.84751885033293,38.51009170100078,0.6076548176838816
B_PA2_to_C2,1D,13,10,5.0,0.6,0.6,-98.7204801590521,146.16345228221533,-78.73056335422048,-109.43,171.33,-51.8,-97.90506662095034,146.31175423514304,-79.08142984255782,38.768713220801146,0.5275862357023442
B_PA2_to_C2,1D,13,11,5.0,0.6,0.6,-98.7204801590521,146.16345228221533,-78.73056335422048,-109.43,171.33,-51.8,-97.36145759554915,146.4106222037615,-79.31534083478273,39.03484452093995,0.44519264432810246
B_PA2_to_C2,1D,13,12,5.0,0.6,0.6,-98.7204801590521,146.16345228221533,-78.73056335422048,-109.43,171.33,-51.8,-96.81784857014797,146.50949017237997,-79.54925182700762,39.30833307011616,0.36052126687416575
B_PA2_to_C2,1D,13,13,5.0,0.6,0.6,-98.7204801590521,146.16345228221533,-78.73056335422048,-109.43,171.33,-51.8,-96.27423954474679,146.60835814099846,-79.78316281923253,39.58902639278238,0.27361930939236423
B_PA2_to_C2,1D,13,14,5.0,0.6,0.6,-98.7204801590521,146.16345228221533,-78.73056335422048,-109.43,171.33,-51.8,-95.73063051934562,146.70722610961693,-80.01707381145744,39.876772345635665,0.18453387507246255
B_PA2_to_C2,1D,13,15,5.0,0.6,0.6,-98.7204801590521,146.16345228221533,-78.73056335422048,-109.43,171.33,-51.8,-95.18702149394444,146.8060940782354,-80.25098480368233,40.1714193760052,0.09331188424598125
B_PA2_to_C2,1D,13,16,5.0,0.6,0.6,-98.7204801590521,146.16345228221533,-78.73056335422048,-109.43,171.33,-51.8,-94.64341246854326,146.90496204685385,-80.48489579590724,40.47281676211972,0.0
B_PA2_to_C2,1D,14,1,5.0,0.6,0.6,-97.73689414441262,146.34150742262747,-79.15163026818743,-108.29,172.06,-51.8,-101.82132295394268,145.6055881754941,-77.41212914384764,37.38530255311406,1.1329891090806097
B_PA2_to_C2,1D,14,2,5.0,0.6,0.6,-97.73689414441262,146.34150742262747,-79.15163026818743,-108.29,172.06,-51.8,-101.27673244600534,145.70371074177854,-77.64406262709294,37.5733346712806,1.0747748310104743
B_PA2_to_C2,1D,14,3,5.0,0.6,0.6,-97.73689414441262,146.34150742262747,-79.15163026818743,-108.29,172.06,-51.8,-100.732141938068,145.80183330806298,-77.87599611033825,37.769963061303585,1.0138991684646577
B_PA2_to_C2,1D,14,4,5.0,0.6,0.6,-97.73689414441262,146.34150742262747,-79.15163026818743,-108.29,172.06,-51.8,-100.18755143013065,145.89995587434746,-78.10792959358355,37.97505419330452,0.9504034619628197
B_PA2_to_C2,1D,14,5,5.0,0.6,0.6,-97.73689414441262,146.34150742262747,-79.15163026818743,-108.29,172.06,-51.8,-99.64296092219331,145.9980784406319,-78.33986307682886,38.18847172009632,0.8843299242563809
B_PA2_to_C2,1D,14,6,5.0,0.6,0.6,-97.73689414441262,146.34150742262747,-79.15163026818743,-108.29,172.06,-51.8,-99.09837041425597,146.09620100691635,-78.57179656007416,38.41007685033676,0.8157215248011358
B_PA2_to_C2,1D,14,7,5.0,0.6,0.6,-97.73689414441262,146.34150742262747,-79.15163026818743,-108.29,172.06,-51.8,-98.55377990631862,146.1943235732008,-78.80373004331948,38.63972871256936,0.7446218770511059
B_PA2_to_C2,1D,14,8,5.0,0.6,0.6,-97.73689414441262,146.34150742262747,-79.15163026818743,-108.29,172.06,-51.8,-98.00918939838128,146.29244613948524,-79.03566352656478,38.877284708594765,0.6710751290556232
B_PA2_to_C2,1D,14,9,5.0,0.6,0.6,-97.73689414441262,146.34150742262747,-79.15163026818743,-108.29,172.06,-51.8,-97.46459889044395,146.3905687057697,-79.26759700981009,39.12260085481684,0.5951258577794398
B_PA2_to_C2,1D,14,10,5.0,0.6,0.6,-97.73689414441262,146.34150742262747,-79.15163026818743,-108.29,172.06,-51.8,-96.92000838250661,146.48869127205415,-79.49953049305539,39.37553211040449,0.5168189675046246
B_PA2_to_C2,1D,14,11,5.0,0.6,0.6,-97.73689414441262,146.34150742262747,-79.15163026818743,-108.29,172.06,-51.8,-96.37541787456927,146.5868138383386,-79.7314639763007,39.63593269130519,0.4361995926127662
B_PA2_to_C2,1D,14,12,5.0,0.6,0.6,-97.73689414441262,146.34150742262747,-79.15163026818743,-108.29,172.06,-51.8,-95.83082736663192,146.68493640462304,-79.963397459546,39.90365636933357,0.3533130049878821
B_PA2_to_C2,1D,14,13,5.0,0.6,0.6,-97.73689414441262,146.34150742262747,-79.15163026818743,-108.29,172.06,-51.8,-95.28623685869458,146.7830589709075,-80.19533094279132,40.17855675573771,0.2682045262249897
B_PA2_to_C2,1D,14,14,5.0,0.6,0.6,-97.73689414441262,146.34150742262747,-79.15163026818743,-108.29,172.06,-51.8,-94.74164635075724,146.88118153719196,-80.42726442603661,40.46048756881477,0.1809194447769844
B_PA2_to_C2,1D,14,15,5.0,0.6,0.6,-97.73689414441262,146.34150742262747,-79.15163026818743,-108.29,172.06,-51.8,-94.19705584281989,146.9793041034764,-80.65919790928193,40.749302885305845,0.09150293812340138
B_PA2_to_C2,1D,14,16,5.0,0.6,0.6,-97.73689414441262,146.34150742262747,-79.15163026818743,-108.29,172.06,-51.8,-93.65246533488255,147.07742666976085,-80.89113139252723,41.04485737544443,0.0
B_PA2_to_C2,1D,15,1,5.0,0.6,0.6,-96.75153606554488,146.5182102967413,-79.56910911524014,-107.15,172.77,-51.8,-100.84330537032689,145.78792287756622,-77.84454997104172,38.02795637668427,1.1082414623323213
B_PA2_to_C2,1D,15,2,5.0,0.6,0.6,-96.75153606554488,146.5182102967413,-79.56910911524014,-107.15,172.77,-51.8,-100.29773612968928,145.88529453345623,-78.07449119026816,38.2111213585607,1.0515340376027762
B_PA2_to_C2,1D,15,3,5.0,0.6,0.6,-96.75153606554488,146.5182102967413,-79.56910911524014,-107.15,172.77,-51.8,-99.75216688905168,145.98266618934625,-78.30443240949462,38.40278798173782,0.9921945257832334
B_PA2_to_C2,1D,15,4,5.0,0.6,0.6,-96.75153606554488,146.5182102967413,-79.56910911524014,-107.15,172.77,-51.8,-99.20659764841409,146.08003784523626,-78.53437362872108,38.6028296121147,0.9302621324777007
B_PA2_to_C2,1D,15,5,5.0,0.6,0.6,-96.75153606554488,146.5182102967413,-79.56910911524014,-107.15,172.77,-51.8,-98.66102840777648,146.17740950112628,-78.76431484794755,38.811116749632596,0.8657769505836139
B_PA2_to_C2,1D,15,6,5.0,0.6,0.6,-96.75153606554488,146.5182102967413,-79.56910911524014,-107.15,172.77,-51.8,-98.11545916713888,146.27478115701626,-78.99425606717399,39.02751737742571,0.7987798521956542
B_PA2_to_C2,1D,15,7,5.0,0.6,0.6,-96.75153606554488,146.5182102967413,-79.56910911524014,-107.15,172.77,-51.8,-97.56988992650129,146.37215281290628,-79.22419728640045,39.25189730365805,0.7293123827738768
B_PA2_to_C2,1D,15,8,5.0,0.6,0.6,-96.75153606554488,146.5182102967413,-79.56910911524014,-107.15,172.77,-51.8,-97.02432068586369,146.4695244687963,-79.45413850562691,39.48412049455541,0.6574166580378513
B_PA2_to_C2,1D,15,9,5.0,0.6,0.6,-96.75153606554488,146.5182102967413,-79.56910911524014,-107.15,172.77,-51.8,-96.47875144522608,146.5668961246863,-79.68407972485336,39.72404939731375,0.5831352639950218
B_PA2_to_C2,1D,15,10,5.0,0.6,0.6,-96.75153606554488,146.5182102967413,-79.56910911524014,-107.15,172.77,-51.8,-95.93318220458848,146.66426778057632,-79.91402094407982,39.97154525173971,0.5065111604575723
B_PA2_to_C2,1D,15,11,5.0,0.6,0.6,-96.75153606554488,146.5182102967413,-79.56910911524014,-107.15,172.77,-51.8,-95.38761296395089,146.76163943646634,-80.14396216330628,40.22646838965022,0.42758758834905564
B_PA2_to_C2,1D,15,12,5.0,0.6,0.6,-96.75153606554488,146.5182102967413,-79.56910911524014,-107.15,172.77,-51.8,-94.84204372331328,146.85901109235633,-80.37390338253273,40.48867852122593,0.3464079810500742
B_PA2_to_C2,1D,15,13,5.0,0.6,0.6,-96.75153606554488,146.5182102967413,-79.56910911524014,-107.15,172.77,-51.8,-94.29647448267568,146.95638274824634,-80.60384460175919,40.75803500767468,0.2630158799823512
B_PA2_to_C2,1D,15,14,5.0,0.6,0.6,-96.75153606554488,146.5182102967413,-79.56910911524014,-107.15,172.77,-51.8,-93.75090524203809,147.05375440413636,-80.83378582098565,41.03439711971515,0.17745485458282317
B_PA2_to_C2,1D,15,15,5.0,0.6,0.6,-96.75153606554488,146.5182102967413,-79.56910911524014,-107.15,172.77,-51.8,-93.20533600140048,147.15112606002637,-81.06372704021211,41.31762428153559,0.08976842677463637
B_PA2_to_C2,1D,15,16,5.0,0.6,0.6,-96.75153606554488,146.5182102967413,-79.56910911524014,-107.15,172.77,-51.8,-92.65976676076288,147.2484977159164,-81.29366825943856,41.60757630001767,0.0
B_PA2_to_C2,1D,16,1,5.0,0.6,0.6,-95.76441098545335,146.6935506411538,-79.98297329248382,-106.0,173.48,-51.8,-99.86349814546472,145.96893630561408,-78.27346502419135,38.66988015231437,1.083458621067857
B_PA2_to_C2,1D,16,2,5.0,0.6,0.6,-95.76441098545335,146.6935506411538,-79.98297329248382,-106.0,173.48,-51.8,-99.31695319079653,146.0655515503527,-78.50139945996368,38.84816381211501,1.0282624415630153
B_PA2_to_C2,1D,16,3,5.0,0.6,0.6,-95.76441098545335,146.6935506411538,-79.98297329248382,-106.0,173.48,-51.8,-98.77040823612835,146.16216679509134,-78.729333895736,39.03485663034369,0.9704628074364887
B_PA2_to_C2,1D,16,4,5.0,0.6,0.6,-95.76441098545335,146.6935506411538,-79.98297329248382,-106.0,173.48,-51.8,-98.22386328146017,146.25878203982995,-78.95726833150833,39.22983855090475,0.9100968877581419
B_PA2_to_C2,1D,16,5,5.0,0.6,0.6,-95.76441098545335,146.6935506411538,-79.98297329248382,-106.0,173.48,-51.8,-97.67731832679199,146.3553972845686,-79.18520276728067,39.4329866141105,0.8472027505427402
B_PA2_to_C2,1D,16,6,5.0,0.6,0.6,-95.76441098545335,146.6935506411538,-79.98297329248382,-106.0,173.48,-51.8,-97.13077337212381,146.4520125293072,-79.413137203053,39.64417528322645,0.7818192616523518
B_PA2_to_C2,1D,16,7,5.0,0.6,0.6,-95.76441098545335,146.6935506411538,-79.98297329248382,-106.0,173.48,-51.8,-96.58422841745562,146.54862777404585,-79.64107163882532,39.86327676528546,0.7139859854730908
B_PA2_to_C2,1D,16,8,5.0,0.6,0.6,-95.76441098545335,146.6935506411538,-79.98297329248382,-106.0,173.48,-51.8,-96.03768346278744,146.64524301878447,-79.86900607459765,40.09016132474792,0.6437430878066959
B_PA2_to_C2,1D,16,9,5.0,0.6,0.6,-95.76441098545335,146.6935506411538,-79.98297329248382,-106.0,173.48,-51.8,-95.49113850811926,146.7418582635231,-80.09694051036999,40.32469758873436,0.5711312413712655
B_PA2_to_C2,1D,16,10,5.0,0.6,0.6,-95.76441098545335,146.6935506411538,-79.98297329248382,-106.0,173.48,-51.8,-94.94459355345109,146.83847350826173,-80.32487494614232,40.56675284270907,0.49619153425835094
B_PA2_to_C2,1D,16,11,5.0,0.6,0.6,-95.76441098545335,146.6935506411538,-79.98297329248382,-106.0,173.48,-51.8,-94.39804859878289,146.93508875300037,-80.55280938191464,40.816193315643844,0.4189653816469665
B_PA2_to_C2,1D,16,12,5.0,0.6,0.6,-95.76441098545335,146.6935506411538,-79.98297329248382,-106.0,173.48,-51.8,-93.85150364411471,147.031703997739,-80.78074381768697,41.07288445384101,0.33949444102864845
B_PA2_to_C2,1D,16,13,5.0,0.6,0.6,-95.76441098545335,146.6935506411538,-79.98297329248382,-106.0,173.48,-51.8,-93.30495868944654,147.12831924247763,-81.00867825345931,41.336691182739095,0.25782053115308123
B_PA2_to_C2,1D,16,14,5.0,0.6,0.6,-95.76441098545335,146.6935506411538,-79.98297329248382,-106.0,173.48,-51.8,-92.75841373477836,147.22493448721625,-81.23661268923163,41.6074781561645,0.17398555486038703
B_PA2_to_C2,1D,16,15,5.0,0.6,0.6,-95.76441098545335,146.6935506411538,-79.98297329248382,-106.0,173.48,-51.8,-92.21186878011018,147.3215497319549,-81.46454712500396,41.885109992624706,0.08803142592533852
B_PA2_to_C2,1D,16,16,5.0,0.6,0.6,-95.76441098545335,146.6935506411538,-79.98297329248382,-106.0,173.48,-51.8,-91.66532382544199,147.4181649766935,-81.69248156077629,42.16945149836355,0.0
B_PA2_to_C2,1D,17,1,5.0,0.6,0.6,-94.7755246978455,146.8675188399196,-80.39319692783319,-104.84,174.18,-51.8,-98.88190773148601,146.14862299511674,-78.698851288551,39.304009476306696,1.058918656581124
B_PA2_to_C2,1D,17,2,5.0,0.6,0.6,-94.7755246978455,146.8675188399196,-80.39319692783319,-104.84,174.18,-51.8,-98.33438999366727,146.2444757744238,-78.92476404045529,39.47745305313691,1.005220954776103
B_PA2_to_C2,1D,17,3,5.0,0.6,0.6,-94.7755246978455,146.8675188399196,-80.39319692783319,-104.84,174.18,-51.8,-97.78687225584854,146.34032855373084,-79.15067679235958,39.65921630859151,0.9489475010749882
B_PA2_to_C2,1D,17,4,5.0,0.6,0.6,-94.7755246978455,146.8675188399196,-80.39319692783319,-104.84,174.18,-51.8,-97.2393545180298,146.4361813330379,-79.37658954426387,39.84918539770509,0.8901335415971001
B_PA2_to_C2,1D,17,5,5.0,0.6,0.6,-94.7755246978455,146.8675188399196,-80.39319692783319,-104.84,174.18,-51.8,-96.69183678021106,146.53203411234495,-79.60250229616817,40.047243544465026,0.8288152299067182
B_PA2_to_C2,1D,17,6,5.0,0.6,0.6,-94.7755246978455,146.8675188399196,-80.39319692783319,-104.84,174.18,-51.8,-96.14431904239234,146.62788689165197,-79.82841504807246,40.253271347292,0.7650295324370671
B_PA2_to_C2,1D,17,7,5.0,0.6,0.6,-94.7755246978455,146.8675188399196,-80.39319692783319,-104.84,174.18,-51.8,-95.5968013045736,146.72373967095902,-80.05432779997675,40.467147080165425,0.6988141352626318
B_PA2_to_C2,1D,17,8,5.0,0.6,0.6,-94.7755246978455,146.8675188399196,-80.39319692783319,-104.84,174.18,-51.8,-95.04928356675487,146.81959245026607,-80.28024055188104,40.68874698804036,0.6302073526388128
B_PA2_to_C2,1D,17,9,5.0,0.6,0.6,-94.7755246978455,146.8675188399196,-80.39319692783319,-104.84,174.18,-51.8,-94.50176582893613,146.91544522957312,-80.50615330378534,40.917945575331444,0.5592480376880129
B_PA2_to_C2,1D,17,10,5.0,0.6,0.6,-94.7755246978455,146.8675188399196,-80.39319692783319,-104.84,174.18,-51.8,-93.95424809111739,147.01129800888017,-80.73206605568963,41.15461588637183,0.485975495570246
B_PA2_to_C2,1D,17,11,5.0,0.6,0.6,-94.7755246978455,146.8675188399196,-80.39319692783319,-104.84,174.18,-51.8,-93.40673035329866,147.10715078818723,-80.95797880759392,41.398629776887915,0.4104293994352357
B_PA2_to_C2,1D,17,12,5.0,0.6,0.6,-94.7755246978455,146.8675188399196,-80.39319692783319,-104.84,174.18,-51.8,-92.85921261547993,147.20300356749425,-81.1838915594982,41.64985817566314,0.33264970941194605
B_PA2_to_C2,1D,17,13,5.0,0.6,0.6,-94.7755246978455,146.8675188399196,-80.39319692783319,-104.84,174.18,-51.8,-92.3116948776612,147.2988563468013,-81.40980431140251,41.90817133569391,0.2526765948513372
B_PA2_to_C2,1D,17,14,5.0,0.6,0.6,-94.7755246978455,146.8675188399196,-80.39319692783319,-104.84,174.18,-51.8,-91.76417713984246,147.39470912610835,-81.6357170633068,42.17343907426686,0.17055035999903012
B_PA2_to_C2,1D,17,15,5.0,0.6,0.6,-94.7755246978455,146.8675188399196,-80.39319692783319,-104.84,174.18,-51.8,-91.21665940202372,147.4905619054154,-81.86162981521109,42.44553100150734,0.08631137323727067
B_PA2_to_C2,1D,17,16,5.0,0.6,0.6,-94.7755246978455,146.8675188399196,-80.39319692783319,-104.84,174.18,-51.8,-90.66914166420499,147.58641468472246,-82.08754256711538,42.724316737063724,0.0
B_PA2_to_C2,1D,18,1,5.0,0.6,0.6,-93.78488196301028,147.04010262552612,-80.79975203414823,-103.68,174.88,-51.8,-97.89864995232992,146.3270593466801,-79.12091844723692,39.93904121440916,1.0348258108925137
B_PA2_to_C2,1D,18,2,5.0,0.6,0.6,-93.78488196301028,147.04010262552612,-80.79975203414823,-103.68,174.88,-51.8,-97.35014755375397,146.42213178385956,-79.34476292549175,40.107745636223534,0.9825953397425522
B_PA2_to_C2,1D,18,3,5.0,0.6,0.6,-93.78488196301028,147.04010262552612,-80.79975203414823,-103.68,174.88,-51.8,-96.80164515517802,146.51720422103904,-79.5686074037466,40.28468079696973,0.9278166522050295
B_PA2_to_C2,1D,18,4,5.0,0.6,0.6,-93.78488196301028,147.04010262552612,-80.79975203414823,-103.68,174.88,-51.8,-96.25314275660206,146.6122766582185,-79.79245188200144,40.46973874152733,0.8705231709178474
B_PA2_to_C2,1D,18,5,5.0,0.6,0.6,-93.78488196301028,147.04010262552612,-80.79975203414823,-103.68,174.88,-51.8,-95.70464035802611,146.70734909539797,-80.01629636025628,40.66280856877954,0.8107492305920854
B_PA2_to_C2,1D,18,6,5.0,0.6,0.6,-93.78488196301028,147.04010262552612,-80.79975203414823,-103.68,174.88,-51.8,-95.15613795945016,146.80242153257745,-80.24014083851112,40.86377671722163,0.7485299895883415
B_PA2_to_C2,1D,18,7,5.0,0.6,0.6,-93.78488196301028,147.04010262552612,-80.79975203414823,-103.68,174.88,-51.8,-94.6076355608742,146.8974939697569,-80.46398531676597,41.07252724740323,0.6839013424732965
B_PA2_to_C2,1D,18,8,5.0,0.6,0.6,-93.78488196301028,147.04010262552612,-80.79975203414823,-103.68,174.88,-51.8,-94.05913316229825,146.9925664069364,-80.6878297950208,41.28894211992375,0.6168998339530098
B_PA2_to_C2,1D,18,9,5.0,0.6,0.6,-93.78488196301028,147.04010262552612,-80.79975203414823,-103.68,174.88,-51.8,-93.5106307637223,147.08763884411584,-80.91167427327565,41.51290146781057,0.5475625745453261
B_PA2_to_C2,1D,18,10,5.0,0.6,0.6,-93.78488196301028,147.04010262552612,-80.79975203414823,-103.68,174.88,-51.8,-92.96212836514636,147.18271128129533,-81.13551875153048,41.74428386222337,0.4759271583184539
B_PA2_to_C2,1D,18,11,5.0,0.6,0.6,-93.78488196301028,147.04010262552612,-80.79975203414823,-103.68,174.88,-51.8,-92.4136259665704,147.27778371847478,-81.35936322978533,41.98296657054642,0.40203158298624153
B_PA2_to_C2,1D,18,12,5.0,0.6,0.6,-93.78488196301028,147.04010262552612,-80.79975203414823,-103.68,174.88,-51.8,-91.86512356799444,147.37285615565426,-81.58320770804018,42.228825806045705,0.3259141726149437
B_PA2_to_C2,1D,18,13,5.0,0.6,0.6,-93.78488196301028,147.04010262552612,-80.79975203414823,-103.68,174.88,-51.8,-91.3166211694185,147.46792859283374,-81.80705218629501,42.48173696838543,0.24761350315992203
B_PA2_to_C2,1D,18,14,5.0,0.6,0.6,-93.78488196301028,147.04010262552612,-80.79975203414823,-103.68,174.88,-51.8,-90.76811877084253,147.5630010300132,-82.03089666454986,42.74157487441029,0.16716833101600237
B_PA2_to_C2,1D,18,15,5.0,0.6,0.6,-93.78488196301028,147.04010262552612,-80.79975203414823,-103.68,174.88,-51.8,-90.21961637226659,147.65807346719268,-82.2547411428047,43.008213978710565,0.08461752473108675
B_PA2_to_C2,1D,18,16,5.0,0.6,0.6,-93.78488196301028,147.04010262552612,-80.79975203414823,-103.68,174.88,-51.8,-89.67111397369064,147.75314590437213,-82.47858562105954,43.28152858359198,0.0
B_PA2_to_C2,1D,19,1,5.0,0.6,0.6,-92.792435537956,147.21124955115144,-81.20249796185014,-102.52,175.56,-51.8,-96.91359448408471,146.50412754099,-79.53936014330098,40.560419232583094,1.011729940348781
B_PA2_to_C2,1D,19,2,5.0,0.6,0.6,-92.792435537956,147.21124955115144,-81.20249796185014,-102.52,175.56,-51.8,-96.36410662460088,146.59841047567818,-79.76111185244088,40.724592902192406,0.9609021788598309
B_PA2_to_C2,1D,19,3,5.0,0.6,0.6,-92.792435537956,147.21124955115144,-81.20249796185014,-102.52,175.56,-51.8,-95.81461876511706,146.69269341036636,-79.98286356158076,40.89691095639991,0.9075529360711307
B_PA2_to_C2,1D,19,4,5.0,0.6,0.6,-92.792435537956,147.21124955115144,-81.20249796185014,-102.52,175.56,-51.8,-95.26513090563323,146.78697634505457,-80.20461527072065,41.07727089890594,0.8517139445831958
B_PA2_to_C2,1D,19,5,5.0,0.6,0.6,-92.792435537956,147.21124955115144,-81.20249796185014,-102.52,175.56,-51.8,-94.7156430461494,146.88125927974275,-80.42636697986053,41.26556728349323,0.7934178502837224
B_PA2_to_C2,1D,19,6,5.0,0.6,0.6,-92.792435537956,147.21124955115144,-81.20249796185014,-102.52,175.56,-51.8,-94.16615518666556,146.97554221443096,-80.64811868900043,41.46169198133271,0.7326981295903856
B_PA2_to_C2,1D,19,7,5.0,0.6,0.6,-92.792435537956,147.21124955115144,-81.20249796185014,-102.52,175.56,-51.8,-93.61666732718174,147.06982514911914,-80.8698703981403,41.66553444612599,0.6695890073633652
B_PA2_to_C2,1D,19,8,5.0,0.6,0.6,-92.792435537956,147.21124955115144,-81.20249796185014,-102.52,175.56,-51.8,-93.06717946769791,147.16410808380735,-81.0916221072802,41.87698197587445,0.604125375862294
B_PA2_to_C2,1D,19,9,5.0,0.6,0.6,-92.792435537956,147.21124955115144,-81.20249796185014,-102.52,175.56,-51.8,-92.51769160821408,147.25839101849553,-81.31337381642008,42.09591997016001,0.5363427150927702
B_PA2_to_C2,1D,19,10,5.0,0.6,0.6,-92.792435537956,147.21124955115144,-81.20249796185014,-102.52,175.56,-51.8,-91.96820374873025,147.35267395318374,-81.53512552555998,42.32223218192205,0.46627701485684625
B_PA2_to_C2,1D,19,11,5.0,0.6,0.6,-92.792435537956,147.21124955115144,-81.20249796185014,-102.52,175.56,-51.8,-91.41871588924643,147.44695688787192,-81.75687723469986,42.55580096281729,0.39396469879020835
B_PA2_to_C2,1D,19,12,5.0,0.6,0.6,-92.792435537956,147.21124955115144,-81.20249796185014,-102.52,175.56,-51.8,-90.8692280297626,147.54123982256013,-81.97862894383975,42.79650750135252,0.3194425506368841
B_PA2_to_C2,1D,19,13,5.0,0.6,0.6,-92.792435537956,147.21124955115144,-81.20249796185014,-102.52,175.56,-51.8,-90.31974017027876,147.6355227572483,-82.20038065297963,43.04423205308378,0.24274764298014695
B_PA2_to_C2,1D,19,14,5.0,0.6,0.6,-92.792435537956,147.21124955115144,-81.20249796185014,-102.52,175.56,-51.8,-89.77025231079493,147.72980569193652,-82.42213236211953,43.298854162276946,0.16391726861693812
B_PA2_to_C2,1D,19,15,5.0,0.6,0.6,-92.792435537956,147.21124955115144,-81.20249796185014,-102.52,175.56,-51.8,-89.22076445131111,147.8240886266247,-82.64388407125941,43.56025287452461,0.08298887473221406
B_PA2_to_C2,1D,19,16,5.0,0.6,0.6,-92.792435537956,147.21124955115144,-81.20249796185014,-102.52,175.56,-51.8,-88.67127659182728,147.91837156131288,-82.8656357803993,43.82830693990966,0.0
B_PA2_to_C2,1D,20,1,5.0,0.6,0.6,-91.79822993559468,147.38097891626882,-81.6014867311795,-101.35,176.24,-51.8,-95.92663480588168,146.6797274612944,-79.95390680174152,41.1808823459682,0.9885781583175195
B_PA2_to_C2,1D,20,2,5.0,0.6,0.6,-91.79822993559468,147.38097891626882,-81.6014867311795,-101.35,176.24,-51.8,-95.37618082317674,146.77322765529098,-80.17358412566658,41.34050633589977,0.9391589663882431
B_PA2_to_C2,1D,20,3,5.0,0.6,0.6,-91.79822993559468,147.38097891626882,-81.6014867311795,-101.35,176.24,-51.8,-94.8257268404718,146.86672784928757,-80.39326144959165,41.50819024511504,0.8872444434113778
B_PA2_to_C2,1D,20,4,5.0,0.6,0.6,-91.79822993559468,147.38097891626882,-81.6014867311795,-101.35,176.24,-51.8,-94.27527285776688,146.96022804328416,-80.61293877351672,41.683836804458835,0.8328647036764565
B_PA2_to_C2,1D,20,5,5.0,0.6,0.6,-91.79822993559468,147.38097891626882,-81.6014867311795,-101.35,176.24,-51.8,-93.72481887506194,147.05372823728075,-80.83261609744177,41.86734579665697,0.77605077420335
B_PA2_to_C2,1D,20,6,5.0,0.6,0.6,-91.79822993559468,147.38097891626882,-81.6014867311795,-101.35,176.24,-51.8,-93.174364892357,147.14722843127734,-81.05229342136684,42.05861430638134,0.7168345173227415
B_PA2_to_C2,1D,20,7,5.0,0.6,0.6,-91.79822993559468,147.38097891626882,-81.6014867311795,-101.35,176.24,-51.8,-92.62391090965208,147.24072862527393,-81.27197074529191,42.2575369690312,0.6552485536540527
B_PA2_to_C2,1D,20,8,5.0,0.6,0.6,-91.79822993559468,147.38097891626882,-81.6014867311795,-101.35,176.24,-51.8,-92.07345692694715,147.33422881927052,-81.49164806921698,42.464006217090876,0.5913261858337204
B_PA2_to_C2,1D,20,9,5.0,0.6,0.6,-91.79822993559468,147.38097891626882,-81.6014867311795,-101.35,176.24,-51.8,-91.52300294424221,147.4277290132671,-81.71132539314203,42.67791252300452,0.5251013233217545
B_PA2_to_C2,1D,20,10,5.0,0.6,0.6,-91.79822993559468,147.38097891626882,-81.6014867311795,-101.35,176.24,-51.8,-90.97254896153727,147.5212292072637,-81.9310027170671,42.899144637595285,0.45660840858777263
B_PA2_to_C2,1D,20,11,5.0,0.6,0.6,-91.79822993559468,147.38097891626882,-81.6014867311795,-101.35,176.24,-51.8,-90.42209497883235,147.6147294012603,-82.15068004099217,43.1275898231447,0.3858823449501827
B_PA2_to_C2,1D,20,12,5.0,0.6,0.6,-91.79822993559468,147.38097891626882,-81.6014867311795,-101.35,176.24,-51.8,-89.87164099612741,147.70822959525688,-82.37035736491724,43.363134080339584,0.31295842631399573
B_PA2_to_C2,1D,20,13,5.0,0.6,0.6,-91.79822993559468,147.38097891626882,-81.6014867311795,-101.35,176.24,-51.8,-89.32118701342247,147.80172978925347,-82.5900346888423,43.60566236838516,0.23787226902434355
B_PA2_to_C2,1D,20,14,5.0,0.6,0.6,-91.79822993559468,147.38097891626882,-81.6014867311795,-101.35,176.24,-51.8,-88.77073303071755,147.89522998325006,-82.80971201276736,43.85505881767457,0.16065974602452648
B_PA2_to_C2,1D,20,15,5.0,0.6,0.6,-91.79822993559468,147.38097891626882,-81.6014867311795,-101.35,176.24,-51.8,-88.22027904801261,147.98873017724665,-83.02938933669243,44.11120693449444,0.08135692347967449
B_PA2_to_C2,1D,20,16,5.0,0.6,0.6,-91.79822993559468,147.38097891626882,-81.6014867311795,-101.35,176.24,-51.8,-87.66982506530768,148.08223037124324,-83.24906666061749,44.37398979733379,0.0
B_PA2_to_C2,1D,21,1,5.0,0.6,0.6,-90.80229103355435,147.54929578769315,-81.9967325985091,-100.17,176.91,-51.8,-94.93787346749725,146.85392427450842,-80.36473492978709,41.793383659110475,0.9655865656074702
B_PA2_to_C2,1D,21,2,5.0,0.6,0.6,-90.80229103355435,147.54929578769315,-81.9967325985091,-100.17,176.91,-51.8,-94.38646247630487,146.9466404762664,-80.58233461895003,41.948480381936555,0.9175690043610061
B_PA2_to_C2,1D,21,3,5.0,0.6,0.6,-90.80229103355435,147.54929578769315,-81.9967325985091,-100.17,176.91,-51.8,-93.83505148511249,147.03935667802435,-80.79993430811297,42.11155536227356,0.8670813943495475
B_PA2_to_C2,1D,21,4,5.0,0.6,0.6,-90.80229103355435,147.54929578769315,-81.9967325985091,-100.17,176.91,-51.8,-93.2836404939201,147.13207287978233,-81.01753399727589,42.282516288720856,0.8141523149541019
B_PA2_to_C2,1D,21,5,5.0,0.6,0.6,-90.80229103355435,147.54929578769315,-81.9967325985091,-100.17,176.91,-51.8,-92.7322295027277,147.22478908154028,-81.23513368643883,42.46126790831923,0.7588112562549156
B_PA2_to_C2,1D,21,6,5.0,0.6,0.6,-90.80229103355435,147.54929578769315,-81.9967325985091,-100.17,176.91,-51.8,-92.18081851153532,147.31750528329823,-81.45273337560177,42.647712260544246,0.7010885465877266
B_PA2_to_C2,1D,21,7,5.0,0.6,0.6,-90.80229103355435,147.54929578769315,-81.9967325985091,-100.17,176.91,-51.8,-91.62940752034294,147.4102214850562,-81.67033306476469,42.84174891077964,0.6410152802609783
B_PA2_to_C2,1D,21,8,5.0,0.6,0.6,-90.80229103355435,147.54929578769315,-81.9967325985091,-100.17,176.91,-51.8,-91.07799652915055,147.50293768681416,-81.88793275392763,43.04327518219779,0.5786232457661971
B_PA2_to_C2,1D,21,9,5.0,0.6,0.6,-90.80229103355435,147.54929578769315,-81.9967325985091,-100.17,176.91,-51.8,-90.52658553795816,147.59565388857214,-82.10553244309057,43.25218638504322,0.5139448547923795
B_PA2_to_C2,1D,21,10,5.0,0.6,0.6,-90.80229103355435,147.54929578769315,-81.9967325985091,-100.17,176.91,-51.8,-89.97517454676577,147.6883700903301,-82.3231321322535,43.4683760423901,0.44701307233204446
B_PA2_to_C2,1D,21,11,5.0,0.6,0.6,-90.80229103355435,147.54929578769315,-81.9967325985091,-100.17,176.91,-51.8,-89.42376355557339,147.78108629208808,-82.54073182141643,43.69173611152052,0.3778613481430604
B_PA2_to_C2,1D,21,12,5.0,0.6,0.6,-90.80229103355435,147.54929578769315,-81.9967325985091,-100.17,176.91,-51.8,-88.872352564381,147.87380249384603,-82.75833151057937,43.92215720015198,0.3065235498051475
B_PA2_to_C2,1D,21,13,5.0,0.6,0.6,-90.80229103355435,147.54929578769315,-81.9967325985091,-100.17,176.91,-51.8,-88.3209415731886,147.96651869560398,-82.9759311997423,44.159528776822086,0.23303389758529924
B_PA2_to_C2,1D,21,14,5.0,0.6,0.6,-90.80229103355435,147.54929578769315,-81.9967325985091,-100.17,176.91,-51.8,-87.76953058199622,148.05923489736196,-83.19353088890523,44.4037393748217,0.15742690130059067
B_PA2_to_C2,1D,21,15,5.0,0.6,0.6,-90.80229103355435,147.54929578769315,-81.9967325985091,-100.17,176.91,-51.8,-87.21811959080384,148.1519510991199,-83.41113057806817,44.654676789147246,0.07973729934221652
B_PA2_to_C2,1D,21,16,5.0,0.6,0.6,-90.80229103355435,147.54929578769315,-81.9967325985091,-100.17,176.91,-51.8,-86.66670859961145,148.2446673008779,-83.6287302672311,44.9122282660226,0.0
B_PA2_to_C2,1D,22,1,5.0,0.6,0.6,-89.80462601702506,147.71619055711744,-82.38820952039464,-98.99,177.57,-51.8,-93.94735727412257,147.02674368230964,-80.77190486523675,42.399174799390906,0.9432563271368863
B_PA2_to_C2,1D,22,2,5.0,0.6,0.6,-89.80462601702506,147.71619055711744,-82.38820952039464,-98.99,177.57,-51.8,-93.39499310650956,147.118669932284,-80.98741215259113,42.54988405620412,0.8965971145012155
B_PA2_to_C2,1D,22,3,5.0,0.6,0.6,-89.80462601702506,147.71619055711744,-82.38820952039464,-98.99,177.57,-51.8,-92.84262893889657,147.2105961822584,-81.20291943994552,42.70849145923467,0.8474926553586304
B_PA2_to_C2,1D,22,4,5.0,0.6,0.6,-89.80462601702506,147.71619055711744,-82.38820952039464,-98.99,177.57,-51.8,-92.29026477128356,147.30252243223276,-81.4184267272999,42.87490935559666,0.7959700868255091
B_PA2_to_C2,1D,22,5,5.0,0.6,0.6,-89.80462601702506,147.71619055711744,-82.38820952039464,-98.99,177.57,-51.8,-91.73790060367057,147.39444868220713,-81.63393401465429,43.049047164574255,0.7420574524671188
B_PA2_to_C2,1D,22,6,5.0,0.6,0.6,-89.80462601702506,147.71619055711744,-82.38820952039464,-98.99,177.57,-51.8,-91.18553643605756,147.48637493218152,-81.84944130200867,43.23081159664766,0.6857836344877359
B_PA2_to_C2,1D,22,7,5.0,0.6,0.6,-89.80462601702506,147.71619055711744,-82.38820952039464,-98.99,177.57,-51.8,-90.63317226844455,147.57830118215588,-82.06494858936306,43.420106872645476,0.6271782858816017
B_PA2_to_C2,1D,22,8,5.0,0.6,0.6,-89.80462601702506,147.71619055711744,-82.38820952039464,-98.99,177.57,-51.8,-90.08080810083156,147.67022743213025,-82.28045587671744,43.61683494201595,0.5662717628566867
B_PA2_to_C2,1D,22,9,5.0,0.6,0.6,-89.80462601702506,147.71619055711744,-82.38820952039464,-98.99,177.57,-51.8,-89.52844393321855,147.76215368210464,-82.49596316407184,43.82089569926853,0.5030950578249271
B_PA2_to_C2,1D,22,10,5.0,0.6,0.6,-89.80462601702506,147.71619055711744,-82.38820952039464,-98.99,177.57,-51.8,-88.97607976560556,147.854079932079,-82.71147045142622,44.03218719769983,0.4376797332331961
B_PA2_to_C2,1D,22,11,5.0,0.6,0.6,-89.80462601702506,147.71619055711744,-82.38820952039464,-98.99,177.57,-51.8,-88.42371559799255,147.94600618205337,-82.92697773878061,44.250605859585576,0.37005785648838163
B_PA2_to_C2,1D,22,12,5.0,0.6,0.6,-89.80462601702506,147.71619055711744,-82.38820952039464,-98.99,177.57,-51.8,-87.87135143037955,148.03793243202776,-83.14248502613499,44.476046682090534,0.3002619362082086
B_PA2_to_C2,1D,22,13,5.0,0.6,0.6,-89.80462601702506,147.71619055711744,-82.38820952039464,-98.99,177.57,-51.8,-87.31898726276656,148.12985868200212,-83.35799231348938,44.70840343821959,0.2283248600072625
B_PA2_to_C2,1D,22,14,5.0,0.6,0.6,-89.80462601702506,147.71619055711744,-82.38820952039464,-98.99,177.57,-51.8,-86.76662309515355,148.2217849319765,-83.57349960084376,44.94756887220614,0.15427983400523537
B_PA2_to_C2,1D,22,15,5.0,0.6,0.6,-89.80462601702506,147.71619055711744,-82.38820952039464,-98.99,177.57,-51.8,-86.21425892754056,148.31371118195088,-83.78900688819814,45.19343488880682,0.07816032422174324
B_PA2_to_C2,1D,22,16,5.0,0.6,0.6,-89.80462601702506,147.71619055711744,-82.38820952039464,-98.99,177.57,-51.8,-85.66189475992755,148.40563743192524,-84.00451417555253,45.44589273604305,0.0
B_PA2_to_C2,1D,23,1,5.0,0.6,0.6,-88.80524149658001,147.88165129826228,-82.77589017906962,-97.81,178.22,-51.8,-92.95509256063585,147.19817387957556,-81.17539189281625,42.998110085760466,0.9215556027205878
B_PA2_to_C2,1D,23,2,5.0,0.6,0.6,-88.80524149658001,147.88165129826228,-82.77589017906962,-97.81,178.22,-51.8,-92.4017790854284,147.28930420206711,-81.3887916643167,43.14456383090934,0.8762138859562292
B_PA2_to_C2,1D,23,3,5.0,0.6,0.6,-88.80524149658001,147.88165129826228,-82.77589017906962,-97.81,178.22,-51.8,-91.84846561022096,147.3804345245587,-81.60219143581715,43.29883722886381,0.8284512240508217
B_PA2_to_C2,1D,23,4,5.0,0.6,0.6,-88.80524149658001,147.88165129826228,-82.77589017906962,-97.81,178.22,-51.8,-91.29515213501351,147.47156484705025,-81.8155912073176,43.46084700720726,0.7782933979382971
B_PA2_to_C2,1D,23,5,5.0,0.6,0.6,-88.80524149658001,147.88165129826228,-82.77589017906962,-97.81,178.22,-51.8,-90.74183865980606,147.5626951695418,-82.02899097881804,43.63050698532061,0.7257670889248775
B_PA2_to_C2,1D,23,6,5.0,0.6,0.6,-88.80524149658001,147.88165129826228,-82.77589017906962,-97.81,178.22,-51.8,-90.18852518459862,147.65382549203338,-82.24239075031849,43.807728279475334,0.6708998151927634
B_PA2_to_C2,1D,23,7,5.0,0.6,0.6,-88.80524149658001,147.88165129826228,-82.77589017906962,-97.81,178.22,-51.8,-89.63521170939117,147.74495581452493,-82.45579052181894,43.99241950859918,0.6137198680955986
B_PA2_to_C2,1D,23,8,5.0,0.6,0.6,-88.80524149658001,147.88165129826228,-82.77589017906962,-97.81,178.22,-51.8,-89.08189823418373,147.8360861370165,-82.66919029331939,44.18448699976961,0.5542562485381897
B_PA2_to_C2,1D,23,9,5.0,0.6,0.6,-88.80524149658001,147.88165129826228,-82.77589017906962,-97.81,178.22,-51.8,-88.5285847589763,147.92721645950806,-82.88259006481985,44.383834992540294,0.492538603717545
B_PA2_to_C2,1D,23,10,5.0,0.6,0.6,-88.80524149658001,147.88165129826228,-82.77589017906962,-97.81,178.22,-51.8,-87.97527128376885,148.01834678199964,-83.0959898363203,44.590365841258546,0.4285971644858879
B_PA2_to_C2,1D,23,11,5.0,0.6,0.6,-88.80524149658001,147.88165129826228,-82.77589017906962,-97.81,178.22,-51.8,-87.4219578085614,148.1094771044912,-83.30938960782075,44.80398021459155,0.36246268357783684
B_PA2_to_C2,1D,23,12,5.0,0.6,0.6,-88.80524149658001,147.88165129826228,-82.77589017906962,-97.81,178.22,-51.8,-86.86864433335396,148.20060742698277,-83.5227893793212,45.02457729153871,0.2941663749254637
B_PA2_to_C2,1D,23,13,5.0,0.6,0.6,-88.80524149658001,147.88165129826228,-82.77589017906962,-97.81,178.22,-51.8,-86.31533085814651,148.29173774947432,-83.73618915082164,45.252054953272314,0.22373985426490606
B_PA2_to_C2,1D,23,14,5.0,0.6,0.6,-88.80524149658001,147.88165129826228,-82.77589017906962,-97.81,178.22,-51.8,-85.76201738293906,148.38286807196587,-83.94958892232209,45.48630997021204,0.15121508121855065
B_PA2_to_C2,1D,23,15,5.0,0.6,0.6,-88.80524149658001,147.88165129826228,-82.77589017906962,-97.81,178.22,-51.8,-85.20870390773162,148.47399839445745,-84.16298869382254,45.727238183805106,0.07662430301636469
B_PA2_to_C2,1D,23,16,5.0,0.6,0.6,-88.80524149658001,147.88165129826228,-82.77589017906962,-97.81,178.22,-51.8,-84.65539043252417,148.565128716949,-84.37638846532299,45.97473468254796,0.0
B_PA2_to_C2,1D,24,1,5.0,0.6,0.6,-87.80414478986354,148.0456683441914,-83.15974727592672,-96.62,178.87,-51.8,-91.96108324231828,147.36820243512526,-81.57516447766204,43.596205968469135,0.899692445948471
B_PA2_to_C2,1D,24,2,5.0,0.6,0.6,-87.80414478986354,148.0456683441914,-83.15974727592672,-96.62,178.87,-51.8,-91.40682478199099,147.45853122300073,-81.78644218409733,43.738361668474454,0.8556813933152458
B_PA2_to_C2,1D,24,3,5.0,0.6,0.6,-87.80414478986354,148.0456683441914,-83.15974727592672,-96.62,178.87,-51.8,-90.85256632166369,147.5488600108762,-81.99771989053262,43.888260253049076,0.8092731627967868
B_PA2_to_C2,1D,24,4,5.0,0.6,0.6,-87.80414478986354,148.0456683441914,-83.15974727592672,-96.62,178.87,-51.8,-90.29830786133638,147.63918879875172,-82.2089975969679,44.045822669538786,0.760492228899043
B_PA2_to_C2,1D,24,5,5.0,0.6,0.6,-87.80414478986354,148.0456683441914,-83.15974727592672,-96.62,178.87,-51.8,-89.7440494010091,147.7295175866272,-82.4202753034032,44.210966979173264,0.7093639596623635
B_PA2_to_C2,1D,24,6,5.0,0.6,0.6,-87.80414478986354,148.0456683441914,-83.15974727592672,-96.62,178.87,-51.8,-89.18979094068179,147.81984637450267,-82.6315530098385,44.38360854899747,0.655914557240008
B_PA2_to_C2,1D,24,7,5.0,0.6,0.6,-87.80414478986354,148.0456683441914,-83.15974727592672,-96.62,178.87,-51.8,-88.63553248035448,147.91017516237818,-82.84283071627378,44.56366024495441,0.6001709981202126
B_PA2_to_C2,1D,24,8,5.0,0.6,0.6,-87.80414478986354,148.0456683441914,-83.15974727592672,-96.62,178.87,-51.8,-88.0812740200272,148.00050395025366,-83.05410842270908,44.75103262523472,0.5421609732656272
B_PA2_to_C2,1D,24,9,5.0,0.6,0.6,-87.80414478986354,148.0456683441914,-83.15974727592672,-96.62,178.87,-51.8,-87.52701555969989,148.09083273812914,-83.26538612914436,44.94563413304916,0.4819128284314349
B_PA2_to_C2,1D,24,10,5.0,0.6,0.6,-87.80414478986354,148.0456683441914,-83.15974727592672,-96.62,178.87,-51.8,-86.9727570993726,148.18116152600462,-83.47666383557966,45.14737128802745,0.41945550490874517
B_PA2_to_C2,1D,24,11,5.0,0.6,0.6,-87.80414478986354,148.0456683441914,-83.15974727592672,-96.62,178.87,-51.8,-86.4184986390453,148.27149031388012,-83.68794154201494,45.35614887549532,0.3548184809248838
B_PA2_to_C2,1D,24,12,5.0,0.6,0.6,-87.80414478986354,148.0456683441914,-83.15974727592672,-96.62,178.87,-51.8,-85.86424017871799,148.3618191017556,-83.89921924845024,45.571870132936034,0.28803171391537497
B_PA2_to_C2,1D,24,13,5.0,0.6,0.6,-87.80414478986354,148.0456683441914,-83.15974727592672,-96.62,178.87,-51.8,-85.3099817183907,148.45214788963108,-84.11049695488553,45.794436932997435,0.21912558386540582
B_PA2_to_C2,1D,24,14,5.0,0.6,0.6,-87.80414478986354,148.0456683441914,-83.15974727592672,-96.62,178.87,-51.8,-84.7557232580634,148.54247667750658,-84.32177466132082,46.02374996246361,0.14813083790064674
B_PA2_to_C2,1D,24,15,5.0,0.6,0.6,-87.80414478986354,148.0456683441914,-83.15974727592672,-96.62,178.87,-51.8,-84.2014647977361,148.63280546538206,-84.53305236775611,46.25970889666796,0.07507853628939287
B_PA2_to_C2,1D,24,16,5.0,0.6,0.6,-87.80414478986354,148.0456683441914,-83.15974727592672,-96.62,178.87,-51.8,-83.6472063374088,148.72313425325754,-84.7443300741914,46.5022125688827,0.0
B_PA2_to_C2,1D,25,1,5.0,0.6,0.6,-86.8013441490417,148.20823110062227,-83.53975553399744,-95.43,179.51,-51.8,-90.9653371074317,147.53681997141425,-81.97119895610355,44.1873138166761,0.8784211573904877
B_PA2_to_C2,1D,25,2,5.0,0.6,0.6,-86.8013441490417,148.20823110062227,-83.53975553399744,-95.43,179.51,-51.8,-90.41013804631302,147.62634145530865,-82.18033983315607,44.325294636432965,0.8357026373419227
B_PA2_to_C2,1D,25,3,5.0,0.6,0.6,-86.8013441490417,148.20823110062227,-83.53975553399744,-95.43,179.51,-51.8,-89.85493898519437,147.71586293920305,-82.38948071020859,44.470943175063994,0.7906102105211712
B_PA2_to_C2,1D,25,4,5.0,0.6,0.6,-86.8013441490417,148.20823110062227,-83.53975553399744,-95.43,179.51,-51.8,-89.2997399240757,147.80538442309745,-82.5986215872611,44.624184352803006,0.7431671214378852
B_PA2_to_C2,1D,25,5,5.0,0.6,0.6,-86.8013441490417,148.20823110062227,-83.53975553399744,-95.43,179.51,-51.8,-88.74454086295702,147.89490590699185,-82.80776246431363,44.78494023023953,0.6933974999405113
B_PA2_to_C2,1D,25,6,5.0,0.6,0.6,-86.8013441490417,148.20823110062227,-83.53975553399744,-95.43,179.51,-51.8,-88.18934180183837,147.98442739088625,-83.01690334136615,44.95313018800031,0.6413263055873273
B_PA2_to_C2,1D,25,7,5.0,0.6,0.6,-86.8013441490417,148.20823110062227,-83.53975553399744,-95.43,179.51,-51.8,-87.6341427407197,148.07394887478065,-83.22604421841866,45.12867110798282,0.5869792715370146
B_PA2_to_C2,1D,25,8,5.0,0.6,0.6,-86.8013441490417,148.20823110062227,-83.53975553399744,-95.43,179.51,-51.8,-87.07894367960102,148.16347035867506,-83.43518509547118,45.311477555313296,0.5303828482148862
B_PA2_to_C2,1D,25,9,5.0,0.6,0.6,-86.8013441490417,148.20823110062227,-83.53975553399744,-95.43,179.51,-51.8,-86.52374461848237,148.2529918425695,-83.64432597252369,45.501461960236355,0.4715641470003167
B_PA2_to_C2,1D,25,10,5.0,0.6,0.6,-86.8013441490417,148.20823110062227,-83.53975553399744,-95.43,179.51,-51.8,-85.9685455573637,148.3425133264639,-83.85346684957621,45.69853479918162,0.41055088416896446
B_PA2_to_C2,1D,25,11,5.0,0.6,0.6,-86.8013441490417,148.20823110062227,-83.53975553399744,-95.43,179.51,-51.8,-85.41334649624503,148.4320348103583,-84.06260772662873,45.902604774295675,0.3473713253101245
B_PA2_to_C2,1D,25,12,5.0,0.6,0.6,-86.8013441490417,148.20823110062227,-83.53975553399744,-95.43,179.51,-51.8,-84.85814743512637,148.5215562942527,-84.27174860368125,46.11357899077418,0.282054230425139
B_PA2_to_C2,1D,25,13,5.0,0.6,0.6,-86.8013441490417,148.20823110062227,-83.53975553399744,-95.43,179.51,-51.8,-84.3029483740077,148.6110777781471,-84.48088948073377,46.3313631313773,0.21462879989785577
B_PA2_to_C2,1D,25,14,5.0,0.6,0.6,-86.8013441490417,148.20823110062227,-83.53975553399744,-95.43,179.51,-51.8,-83.74774931288903,148.7005992620415,-84.69003035778628,46.55586162756228,0.145124621512414
B_PA2_to_C2,1D,25,15,5.0,0.6,0.6,-86.8013441490417,148.20823110062227,-83.53975553399744,-95.43,179.51,-51.8,-83.19255025177037,148.7901207459359,-84.8991712348388,46.78697782671909,0.07357161867748907
B_PA2_to_C2,1D,25,16,5.0,0.6,0.6,-86.8013441490417,148.20823110062227,-83.53975553399744,-95.43,179.51,-51.8,-82.6373511906517,148.8796422298303,-85.10831211189132,47.024614155047374,0.0
B_PA2_to_C2,1D,26,1,5.0,0.6,0.6,-85.79684713155581,148.36932931117394,-83.91588687010773,-94.24,180.14,-51.8,-89.96786128452845,147.70401579161557,-82.36346976881221,44.77130693960019,0.8577130414111647
B_PA2_to_C2,1D,26,2,5.0,0.6,0.6,-85.79684713155581,148.36932931117394,-83.91588687010773,-94.24,180.14,-51.8,-89.4117260641321,147.79272426089003,-82.57045871565161,44.90522916669521,0.8162510515984653
B_PA2_to_C2,1D,26,3,5.0,0.6,0.6,-85.79684713155581,148.36932931117394,-83.91588687010773,-94.24,180.14,-51.8,-88.85559084373574,147.88143273016448,-82.77744766249101,45.04674558663406,0.7724379184904606
B_PA2_to_C2,1D,26,4,5.0,0.6,0.6,-85.79684713155581,148.36932931117394,-83.91588687010773,-94.24,180.14,-51.8,-88.2994556233394,147.97014119943893,-82.98443660933042,45.19578486297652,0.7262957276723636
B_PA2_to_C2,1D,26,5,5.0,0.6,0.6,-85.79684713155581,148.36932931117394,-83.91588687010773,-94.24,180.14,-51.8,-87.74332040294304,148.05884966871338,-83.19142555616982,45.352272829638636,0.6778474407800665
B_PA2_to_C2,1D,26,6,5.0,0.6,0.6,-85.79684713155581,148.36932931117394,-83.91588687010773,-94.24,180.14,-51.8,-87.18718518254668,148.14755813798783,-83.39841450300922,45.516132659173714,0.6271168434007848
B_PA2_to_C2,1D,26,7,5.0,0.6,0.6,-85.79684713155581,148.36932931117394,-83.91588687010773,-94.24,180.14,-51.8,-86.63104996215034,148.23626660726228,-83.60540344984862,45.68728503293911,0.5741284923898267
B_PA2_to_C2,1D,26,8,5.0,0.6,0.6,-85.79684713155581,148.36932931117394,-83.91588687010773,-94.24,180.14,-51.8,-86.07491474175399,148.32497507653673,-83.81239239668803,45.86564831237583,0.5189076628428531
B_PA2_to_C2,1D,26,9,5.0,0.6,0.6,-85.79684713155581,148.36932931117394,-83.91588687010773,-94.24,180.14,-51.8,-85.51877952135763,148.41368354581115,-84.01938134352743,46.05113871065586,0.4614802949542991
B_PA2_to_C2,1D,26,10,5.0,0.6,0.6,-85.79684713155581,148.36932931117394,-83.91588687010773,-94.24,180.14,-51.8,-84.96264430096127,148.5023920150856,-84.22637029036683,46.243670463984465,0.40187294098259585
B_PA2_to_C2,1D,26,11,5.0,0.6,0.6,-85.79684713155581,148.36932931117394,-83.91588687010773,-94.24,180.14,-51.8,-84.40650908056493,148.59110048436006,-84.43335923720623,46.443156001881604,0.3401127125314698
B_PA2_to_C2,1D,26,12,5.0,0.6,0.6,-85.79684713155581,148.36932931117394,-83.91588687010773,-94.24,180.14,-51.8,-83.85037386016857,148.6798089536345,-84.64034818404564,46.649506115806126,0.276227228344311
B_PA2_to_C2,1D,26,13,5.0,0.6,0.6,-85.79684713155581,148.36932931117394,-83.91588687010773,-94.24,180.14,-51.8,-83.29423863977222,148.76851742290896,-84.84733713088504,46.86263012552917,0.2102445627953795
B_PA2_to_C2,1D,26,14,5.0,0.6,0.6,-85.79684713155581,148.36932931117394,-83.91588687010773,-94.24,180.14,-51.8,-82.73810341937588,148.8572258921834,-85.05432607772444,47.08243604270786,0.14219319524779728
B_PA2_to_C2,1D,26,15,5.0,0.6,0.6,-85.79684713155581,148.36932931117394,-83.91588687010773,-94.24,180.14,-51.8,-82.18196819897952,148.94593436145786,-85.26131502456384,47.30883073115629,0.07210196043404338
B_PA2_to_C2,1D,26,16,5.0,0.6,0.6,-85.79684713155581,148.36932931117394,-83.91588687010773,-94.24,180.14,-51.8,-81.62583297858316,149.0346428307323,-85.46830397140324,47.54172006335825,0.0
B_PA2_to_C2,1D,27,1,5.0,0.6,0.6,-84.79066219213736,148.52895259434032,-84.28811479164705,-93.04,180.76,-51.8,-88.96866122714668,147.8697798929298,-82.75194572114201,45.34716443196182,0.8370211087402772
B_PA2_to_C2,1D,27,2,5.0,0.6,0.6,-84.79066219213736,148.52895259434032,-84.28811479164705,-93.04,180.76,-51.8,-88.41159468914545,147.9576695864512,-82.95676826387601,45.47701864601556,0.7968185656895841
B_PA2_to_C2,1D,27,3,5.0,0.6,0.6,-84.79066219213736,148.52895259434032,-84.28811479164705,-93.04,180.76,-51.8,-87.8545281511442,148.04555927997262,-83.16159080661002,45.614396059146806,0.7542868588378049
B_PA2_to_C2,1D,27,4,5.0,0.6,0.6,-84.79066219213736,148.52895259434032,-84.28811479164705,-93.04,180.76,-51.8,-87.29746161314296,148.133448973494,-83.36641334934403,45.759228913426526,0.7094469658719476
B_PA2_to_C2,1D,27,5,5.0,0.6,0.6,-84.79066219213736,148.52895259434032,-84.28811479164705,-93.04,180.76,-51.8,-86.74039507514172,148.22133866701543,-83.57123589207802,45.91144665181038,0.662320731078184
B_PA2_to_C2,1D,27,6,5.0,0.6,0.6,-84.79066219213736,148.52895259434032,-84.28811479164705,-93.04,180.76,-51.8,-86.18332853714047,148.30922836053682,-83.77605843481203,46.070976075753954,0.6129308165445693
B_PA2_to_C2,1D,27,7,5.0,0.6,0.6,-84.79066219213736,148.52895259434032,-84.28811479164705,-93.04,180.76,-51.8,-85.62626199913923,148.3971180540582,-83.98088097754604,46.237741505001694,0.5613006526907807
B_PA2_to_C2,1D,27,8,5.0,0.6,0.6,-84.79066219213736,148.52895259434032,-84.28811479164705,-93.04,180.76,-51.8,-85.06919546113798,148.48500774757963,-84.18570352028004,46.41166493882779,0.5074543883483358
B_PA2_to_C2,1D,27,9,5.0,0.6,0.6,-84.79066219213736,148.52895259434032,-84.28811479164705,-93.04,180.76,-51.8,-84.51212892313674,148.57289744110102,-84.39052606301405,46.59266621802921,0.4514168406079584
B_PA2_to_C2,1D,27,10,5.0,0.6,0.6,-84.79066219213736,148.52895259434032,-84.28811479164705,-93.04,180.76,-51.8,-83.95506238513549,148.66078713462244,-84.59534860574806,46.780663186997906,0.39321344464241825
B_PA2_to_C2,1D,27,11,5.0,0.6,0.6,-84.79066219213736,148.52895259434032,-84.28811479164705,-93.04,180.76,-51.8,-83.39799584713425,148.74867682814383,-84.80017114848206,46.97557185523135,0.3328702037032709
B_PA2_to_C2,1D,27,12,5.0,0.6,0.6,-84.79066219213736,148.52895259434032,-84.28811479164705,-93.04,180.76,-51.8,-82.840929309133,148.83656652166522,-85.00499369121607,47.17730655767312,0.2704136394798127
B_PA2_to_C2,1D,27,13,5.0,0.6,0.6,-84.79066219213736,148.52895259434032,-84.28811479164705,-93.04,180.76,-51.8,-82.28386277113177,148.92445621518664,-85.20981623395006,47.38578011331382,0.20587074299662333
B_PA2_to_C2,1D,27,14,5.0,0.6,0.6,-84.79066219213736,148.52895259434032,-84.28811479164705,-93.04,180.76,-51.8,-81.72679623313053,149.01234590870803,-85.41463877668407,47.60090398152108,0.13926892621419107
B_PA2_to_C2,1D,27,15,5.0,0.6,0.6,-84.79066219213736,148.52895259434032,-84.28811479164705,-93.04,180.76,-51.8,-81.16972969512928,149.10023560222945,-85.61946131941808,47.82258841560807,0.0706359744844729
B_PA2_to_C2,1D,27,16,5.0,0.6,0.6,-84.79066219213736,148.52895259434032,-84.28811479164705,-93.04,180.76,-51.8,-80.61266315712804,149.18812529575084,-85.82428386215209,48.05074261319292,0.0
B_PA2_to_C2,1D,28,1,5.0,0.6,0.6,-83.78279833852454,148.68709051038687,-84.65641348019483,-91.83,181.38,-51.8,-87.96774501395298,148.03410178890604,-83.13660196114408,45.92220120544162,0.8161243087018892
B_PA2_to_C2,1D,28,2,5.0,0.6,0.6,-83.78279833852454,148.68709051038687,-84.65641348019483,-91.83,181.38,-51.8,-87.40975212389586,148.12116695177014,-83.3392434970175,46.04793640740474,0.7771970015925618
B_PA2_to_C2,1D,28,3,5.0,0.6,0.6,-83.78279833852454,148.68709051038687,-84.65641348019483,-91.83,181.38,-51.8,-86.85175923383872,148.20823211463426,-83.54188503289095,46.1811252700464,0.7359620595982399
B_PA2_to_C2,1D,28,4,5.0,0.6,0.6,-83.78279833852454,148.68709051038687,-84.65641348019483,-91.83,181.38,-51.8,-86.2937663437816,148.29529727749838,-83.74452656876437,46.32170349884646,0.6924393881431143
B_PA2_to_C2,1D,28,5,5.0,0.6,0.6,-83.78279833852454,148.68709051038687,-84.65641348019483,-91.83,181.38,-51.8,-85.73577345372448,148.38236244036247,-83.94716810463781,46.46960403169338,0.6466497494908161
B_PA2_to_C2,1D,28,6,5.0,0.6,0.6,-83.78279833852454,148.68709051038687,-84.65641348019483,-91.83,181.38,-51.8,-85.17778056366735,148.4694276032266,-84.14980964051125,46.62475718638865,0.598614717077421
B_PA2_to_C2,1D,28,7,5.0,0.6,0.6,-83.78279833852454,148.68709051038687,-84.65641348019483,-91.83,181.38,-51.8,-84.61978767361023,148.5564927660907,-84.35245117638468,46.78709081057537,0.5483566290939148
B_PA2_to_C2,1D,28,8,5.0,0.6,0.6,-83.78279833852454,148.68709051038687,-84.65641348019483,-91.83,181.38,-51.8,-84.06179478355311,148.6435579289548,-84.55509271225812,46.95653043341634,0.49589854152705115
B_PA2_to_C2,1D,28,9,5.0,0.6,0.6,-83.78279833852454,148.68709051038687,-84.65641348019483,-91.83,181.38,-51.8,-83.50380189349598,148.73062309181893,-84.75773424813154,47.13299941836591,0.44126418086155006
B_PA2_to_C2,1D,28,10,5.0,0.6,0.6,-83.78279833852454,148.68709051038687,-84.65641348019483,-91.83,181.38,-51.8,-82.94580900343885,148.81768825468302,-84.96037578400498,47.316419116401974,0.3844778966398579
B_PA2_to_C2,1D,28,11,5.0,0.6,0.6,-83.78279833852454,148.68709051038687,-84.65641348019483,-91.83,181.38,-51.8,-82.38781611338173,148.90475341754714,-85.1630173198784,47.50670901910946,0.32556461406788273
B_PA2_to_C2,1D,28,12,5.0,0.6,0.6,-83.78279833852454,148.68709051038687,-84.65641348019483,-91.83,181.38,-51.8,-81.82982322332461,148.99181858041126,-85.36565885575185,47.7037869110374,0.2645497868456097
B_PA2_to_C2,1D,28,13,5.0,0.6,0.6,-83.78279833852454,148.68709051038687,-84.65641348019483,-91.83,181.38,-51.8,-81.27183033326749,149.07888374327536,-85.56830039162529,47.907569020782006,0.20145935039217022
B_PA2_to_C2,1D,28,14,5.0,0.6,0.6,-83.78279833852454,148.68709051038687,-84.65641348019483,-91.83,181.38,-51.8,-80.71383744321037,149.16594890613948,-85.77094192749871,48.11797017028376,0.13631967562382563
B_PA2_to_C2,1D,28,15,5.0,0.6,0.6,-83.78279833852454,148.68709051038687,-84.65641348019483,-91.83,181.38,-51.8,-80.15584455315323,149.2530140690036,-85.97358346337215,48.33490392186215,0.06915752343237358
B_PA2_to_C2,1D,28,16,5.0,0.6,0.6,-83.78279833852454,148.68709051038687,-84.65641348019483,-91.83,181.38,-51.8,-79.59785166309611,149.3400792318677,-86.17622499924558,48.55828272254872,0.0
B_PA2_to_C2,1D,29,1,5.0,0.6,0.6,-82.7732644843618,148.84373269838642,-85.0207559726652,-90.63,181.98,-51.8,-86.96512078208288,148.1969696081476,-83.51741360169281,46.48353265103235,0.7964557688137415
B_PA2_to_C2,1D,29,2,5.0,0.6,0.6,-82.7732644843618,148.84373269838642,-85.0207559726652,-90.63,181.98,-51.8,-86.40620660905341,148.28320468684612,-83.7178592511558,46.605409387351,0.7587230331113712
B_PA2_to_C2,1D,29,3,5.0,0.6,0.6,-82.7732644843618,148.84373269838642,-85.0207559726652,-90.63,181.98,-51.8,-85.84729243602393,148.36943976554463,-83.91830490061878,46.734671932148814,0.7187036693968789
B_PA2_to_C2,1D,29,4,5.0,0.6,0.6,-82.7732644843618,148.84373269838642,-85.0207559726652,-90.63,181.98,-51.8,-85.28837826299446,148.45567484424313,-84.11875055008177,46.87125917925155,0.6764165959904584
B_PA2_to_C2,1D,29,5,5.0,0.6,0.6,-82.7732644843618,148.84373269838642,-85.0207559726652,-90.63,181.98,-51.8,-84.72946408996498,148.54190992294164,-84.31919619954475,47.01510729001442,0.6318815771784241
B_PA2_to_C2,1D,29,6,5.0,0.6,0.6,-82.7732644843618,148.84373269838642,-85.0207559726652,-90.63,181.98,-51.8,-84.1705499169355,148.62814500164015,-84.51964184900774,47.16614983157478,0.585119180410512
B_PA2_to_C2,1D,29,7,5.0,0.6,0.6,-82.7732644843618,148.84373269838642,-85.0207559726652,-90.63,181.98,-51.8,-83.61163574390602,148.71438008033866,-84.72008749847072,47.324317917721274,0.5361507326871386
B_PA2_to_C2,1D,29,8,5.0,0.6,0.6,-82.7732644843618,148.84373269838642,-85.0207559726652,-90.63,181.98,-51.8,-83.05272157087654,148.80061515903716,-84.92053314793371,47.489540351750605,0.484998276331309
B_PA2_to_C2,1D,29,9,5.0,0.6,0.6,-82.7732644843618,148.84373269838642,-85.0207559726652,-90.63,181.98,-51.8,-82.49380739784706,148.88685023773567,-85.12097879739669,47.66174377069667,0.43168452433562443
B_PA2_to_C2,1D,29,10,5.0,0.6,0.6,-82.7732644843618,148.84373269838642,-85.0207559726652,-90.63,181.98,-51.8,-81.93489322481759,148.97308531643418,-85.32142444685968,47.84085279033535,0.37623281546915877
B_PA2_to_C2,1D,29,11,5.0,0.6,0.6,-82.7732644843618,148.84373269838642,-85.0207559726652,-90.63,181.98,-51.8,-81.37597905178811,149.0593203951327,-85.52187009632266,48.0267901503893,0.31866706932242295
B_PA2_to_C2,1D,29,12,5.0,0.6,0.6,-82.7732644843618,148.84373269838642,-85.0207559726652,-90.63,181.98,-51.8,-80.81706487875863,149.1455554738312,-85.72231574578565,48.21947685938252,0.259011741460748
B_PA2_to_C2,1D,29,13,5.0,0.6,0.6,-82.7732644843618,148.84373269838642,-85.0207559726652,-90.63,181.98,-51.8,-80.25815070572915,149.2317905525297,-85.92276139524863,48.41883233862129,0.19729177884812366
B_PA2_to_C2,1D,29,14,5.0,0.6,0.6,-82.7732644843618,148.84373269838642,-85.0207559726652,-90.63,181.98,-51.8,-79.69923653269967,149.3180256312282,-86.12320704471162,48.62477456480918,0.13353257569397847
B_PA2_to_C2,1D,29,15,5.0,0.6,0.6,-82.7732644843618,148.84373269838642,-85.0207559726652,-90.63,181.98,-51.8,-79.1403223596702,149.40426070992672,-86.3236526941746,48.83722021083415,0.06775992986581514
B_PA2_to_C2,1D,29,16,5.0,0.6,0.6,-82.7732644843618,148.84373269838642,-85.0207559726652,-90.63,181.98,-51.8,-78.58140818664073,149.49049578862522,-86.52409834363759,49.05608478430073,0.0
B_PA2_to_C2,1D,30,1,5.0,0.6,0.6,-81.76207001190437,148.99886944655137,-85.38111544941161,-89.40999999999998,182.58,-51.8,-85.9607963476957,148.35837542136878,-83.89435233417176,47.04321466891695,0.7760395705235208
B_PA2_to_C2,1D,30,2,5.0,0.6,0.6,-81.76207001190437,148.99886944655137,-85.38111544941161,-89.40999999999998,182.58,-51.8,-85.40096616959019,148.44377462472644,-84.09258741620374,47.16105848216303,0.7395554178157582
B_PA2_to_C2,1D,30,3,5.0,0.6,0.6,-81.76207001190437,148.99886944655137,-85.38111544941161,-89.40999999999998,182.58,-51.8,-84.84113599148468,148.52917382808414,-84.29082249823573,47.286222390144445,0.700804981908199
B_PA2_to_C2,1D,30,4,5.0,0.6,0.6,-81.76207001190437,148.99886944655137,-85.38111544941161,-89.40999999999998,182.58,-51.8,-84.28130581337916,148.6145730314418,-84.4890575802677,47.41864842762177,0.6598062086954055
B_PA2_to_C2,1D,30,5,5.0,0.6,0.6,-81.76207001190437,148.99886944655137,-85.38111544941161,-89.40999999999998,182.58,-51.8,-83.72147563527366,148.6999722347995,-84.68729266229968,47.55827593042659,0.616577879653665
B_PA2_to_C2,1D,30,6,5.0,0.6,0.6,-81.76207001190437,148.99886944655137,-85.38111544941161,-89.40999999999998,182.58,-51.8,-83.16164545716815,148.78537143815717,-84.88552774433165,47.70504166486799,0.5711395717770689
B_PA2_to_C2,1D,30,7,5.0,0.6,0.6,-81.76207001190437,148.99886944655137,-85.38111544941161,-89.40999999999998,182.58,-51.8,-82.60181527906263,148.87077064151484,-85.08376282636364,47.85887995993,0.5235116166495128
B_PA2_to_C2,1D,30,8,5.0,0.6,0.6,-81.76207001190437,148.99886944655137,-85.38111544941161,-89.40999999999998,182.58,-51.8,-82.04198510095712,148.95616984487253,-85.28199790839562,48.01972284167399,0.47371505883403664
B_PA2_to_C2,1D,30,9,5.0,0.6,0.6,-81.76207001190437,148.99886944655137,-85.38111544941161,-89.40999999999998,182.58,-51.8,-81.48215492285162,149.0415690482302,-85.4802329904276,48.18750016926988,0.42177161375790817
B_PA2_to_C2,1D,30,10,5.0,0.6,0.6,-81.76207001190437,148.99886944655137,-85.38111544941161,-89.40999999999998,182.58,-51.8,-80.9223247447461,149.1269682515879,-85.67846807245958,48.36213977209425,0.3677036252673904
B_PA2_to_C2,1D,30,11,5.0,0.6,0.6,-81.76207001190437,148.99886944655137,-85.38111544941161,-89.40999999999998,182.58,-51.8,-80.36249456664059,149.21236745494556,-85.87670315449157,48.543567587351674,0.3115340230205117
B_PA2_to_C2,1D,30,12,5.0,0.6,0.6,-81.76207001190437,148.99886944655137,-85.38111544941161,-89.40999999999998,182.58,-51.8,-79.80266438853508,149.29776665830323,-86.07493823652354,48.73170779769551,0.25328627988000463
B_PA2_to_C2,1D,30,13,5.0,0.6,0.6,-81.76207001190437,148.99886944655137,-85.38111544941161,-89.40999999999998,182.58,-51.8,-79.24283421042958,149.38316586166093,-86.27317331855552,48.926482968349305,0.1929843694608735
B_PA2_to_C2,1D,30,14,5.0,0.6,0.6,-81.76207001190437,148.99886944655137,-85.38111544941161,-89.40999999999998,182.58,-51.8,-78.68300403232406,149.4685650650186,-86.47140840058749,49.1278141832544,0.13065272397941996
B_PA2_to_C2,1D,30,15,5.0,0.6,0.6,-81.76207001190437,148.99886944655137,-85.38111544941161,-89.40999999999998,182.58,-51.8,-78.12317385421855,149.5539642683763,-86.66964348261948,49.335621179798366,0.06631619254165955
B_PA2_to_C2,1D,30,16,5.0,0.6,0.6,-81.76207001190437,148.99886944655137,-85.38111544941161,-89.40999999999998,182.58,-51.8,-77.56334367611304,149.63936347173396,-86.86787856465146,49.54982248170793,0.0
B_PA2_to_C2,1D,31,1,5.0,0.6,0.6,-80.74922459345133,149.15248953395547,-85.73746566339398,-88.2,183.17,-51.8,-84.95478024000089,148.5183096098241,-84.26739167627503,47.59624586506745,0.756608303476483
B_PA2_to_C2,1D,31,2,5.0,0.6,0.6,-80.74922459345133,149.15248953395547,-85.73746566339398,-88.2,183.17,-51.8,-84.39403948712761,148.6028669330416,-84.46340154122421,47.71026958776904,0.7213068413397679
B_PA2_to_C2,1D,31,3,5.0,0.6,0.6,-80.74922459345133,149.15248953395547,-85.73746566339398,-88.2,183.17,-51.8,-83.83329873425434,148.68742425625913,-84.6594114061734,47.83154845734402,0.6837592037004558
B_PA2_to_C2,1D,31,4,5.0,0.6,0.6,-80.74922459345133,149.15248953395547,-85.73746566339398,-88.2,183.17,-51.8,-83.27255798138107,148.77198157947666,-84.85542127112261,47.9600274344886,0.6439824305906772
B_PA2_to_C2,1D,31,5,5.0,0.6,0.6,-80.74922459345133,149.15248953395547,-85.73746566339398,-88.2,183.17,-51.8,-82.7118172285078,148.85653890269415,-85.0514311360718,48.09564881781459,0.6019943862173065
B_PA2_to_C2,1D,31,6,5.0,0.6,0.6,-80.74922459345133,149.15248953395547,-85.73746566339398,-88.2,183.17,-51.8,-82.15107647563451,148.94109622591168,-85.24744100102099,48.23835236506528,0.5578137214338099
B_PA2_to_C2,1D,31,7,5.0,0.6,0.6,-80.74922459345133,149.15248953395547,-85.73746566339398,-88.2,183.17,-51.8,-81.59033572276124,149.0256535491292,-85.44345086597019,48.38807541725388,0.5114598353073099
B_PA2_to_C2,1D,31,8,5.0,0.6,0.6,-80.74922459345133,149.15248953395547,-85.73746566339398,-88.2,183.17,-51.8,-81.02959496988797,149.11021087234673,-85.63946073091938,48.544753025177684,0.4629528359500945
B_PA2_to_C2,1D,31,9,5.0,0.6,0.6,-80.74922459345133,149.15248953395547,-85.73746566339398,-88.2,183.17,-51.8,-80.4688542170147,149.19476819556422,-85.83547059586857,48.70831807776931,0.4123135007824068
B_PA2_to_C2,1D,31,10,5.0,0.6,0.6,-80.74922459345133,149.15248953395547,-85.73746566339398,-88.2,183.17,-51.8,-79.90811346414142,149.27932551878175,-86.03148046081776,48.87870143175654,0.3595632363900769
B_PA2_to_C2,1D,31,11,5.0,0.6,0.6,-80.74922459345133,149.15248953395547,-85.73746566339398,-88.2,183.17,-51.8,-79.34737271126815,149.36388284199927,-86.22749032576696,49.055832042117565,0.30472403813588933
B_PA2_to_C2,1D,31,12,5.0,0.6,0.6,-80.74922459345133,149.15248953395547,-85.73746566339398,-88.2,183.17,-51.8,-78.78663195839486,149.4484401652168,-86.42350019071615,49.23963709283505,0.2478184496784639
B_PA2_to_C2,1D,31,13,5.0,0.6,0.6,-80.74922459345133,149.15248953395547,-85.73746566339398,-88.2,183.17,-51.8,-78.22589120552159,149.5329974884343,-86.61951005566534,49.43004212747294,0.18886952254599088
B_PA2_to_C2,1D,31,14,5.0,0.6,0.6,-80.74922459345133,149.15248953395547,-85.73746566339398,-88.2,183.17,-51.8,-77.66515045264832,149.61755481165181,-86.81551992061455,49.62697117912193,0.12790077590543625
B_PA2_to_C2,1D,31,15,5.0,0.6,0.6,-80.74922459345133,149.15248953395547,-85.73746566339398,-88.2,183.17,-51.8,-77.10440969977505,149.70211213486934,-87.01152978556374,49.830346899284656,0.06493615666001062
B_PA2_to_C2,1D,31,16,5.0,0.6,0.6,-80.74922459345133,149.15248953395547,-85.73746566339398,-88.2,183.17,-51.8,-76.54366894690178,149.78666945808686,-87.20753965051293,50.04009068529649,0.0
B_PA2_to_C2,1D,32,1,5.0,0.6,0.6,-79.73473816719762,149.3045824755824,-86.08977990629651,-86.98,183.75,-51.8,-83.94708043033366,148.67675918554554,-84.63650409810137,48.14111365277508,0.7371162686896593
B_PA2_to_C2,1D,32,2,5.0,0.6,0.6,-79.73473816719762,149.3045824755824,-86.08977990629651,-86.98,183.75,-51.8,-83.38543479524886,148.76046895755044,-84.83027420586073,48.25129216607673,0.7030052738594286
B_PA2_to_C2,1D,32,3,5.0,0.6,0.6,-79.73473816719762,149.3045824755824,-86.08977990629651,-86.98,183.75,-51.8,-82.82378916016404,148.84417872955535,-85.02404431362008,48.36866307499916,0.6666675311589838
B_PA2_to_C2,1D,32,4,5.0,0.6,0.6,-79.73473816719762,149.3045824755824,-86.08977990629651,-86.98,183.75,-51.8,-82.26214352507924,148.9278885015603,-85.21781442137943,48.49317415502386,0.628119209169915
B_PA2_to_C2,1D,32,5,5.0,0.6,0.6,-79.73473816719762,149.3045824755824,-86.08977990629651,-86.98,183.75,-51.8,-81.70049788999444,149.0115982735652,-85.41158452913878,48.62477055571741,0.5873772894505489
B_PA2_to_C2,1D,32,6,5.0,0.6,0.6,-79.73473816719762,149.3045824755824,-86.08977990629651,-86.98,183.75,-51.8,-81.13885225490964,149.0953080455701,-85.60535463689813,48.763394914247435,0.544459531391718
B_PA2_to_C2,1D,32,7,5.0,0.6,0.6,-79.73473816719762,149.3045824755824,-86.08977990629651,-86.98,183.75,-51.8,-80.57720661982482,149.17901781757504,-85.79912474465749,48.908987471931376,0.499384436133532
B_PA2_to_C2,1D,32,8,5.0,0.6,0.6,-79.73473816719762,149.3045824755824,-86.08977990629651,-86.98,183.75,-51.8,-80.01556098474002,149.26272758957995,-85.99289485241684,49.061486193308795,0.452171209700893
B_PA2_to_C2,1D,32,9,5.0,0.6,0.6,-79.73473816719762,149.3045824755824,-86.08977990629651,-86.98,183.75,-51.8,-79.45391534965522,149.34643736158486,-86.18666496017619,49.22082688723258,0.40283972551396197
B_PA2_to_C2,1D,32,10,5.0,0.6,0.6,-79.73473816719762,149.3045824755824,-86.08977990629651,-86.98,183.75,-51.8,-78.89226971457042,149.43014713358977,-86.38043506793554,49.38694332948342,0.35141048642701556
B_PA2_to_C2,1D,32,11,5.0,0.6,0.6,-79.73473816719762,149.3045824755824,-86.08977990629651,-86.98,183.75,-51.8,-78.3306240794856,149.5138569055947,-86.5742051756949,49.559767386422386,0.29790458644591133
B_PA2_to_C2,1D,32,12,5.0,0.6,0.6,-79.73473816719762,149.3045824755824,-86.08977990629651,-86.98,183.75,-51.8,-77.7689784444008,149.59756667759962,-86.76797528345425,49.73922913921149,0.24234367226971898
B_PA2_to_C2,1D,32,13,5.0,0.6,0.6,-79.73473816719762,149.3045824755824,-86.08977990629651,-86.98,183.75,-51.8,-77.207332809316,149.68127644960452,-86.9617453912136,49.92525700814843,0.18474990479698228
B_PA2_to_C2,1D,32,14,5.0,0.6,0.6,-79.73473816719762,149.3045824755824,-86.08977990629651,-86.98,183.75,-51.8,-76.6456871742312,149.76498622160946,-87.15551549897295,50.11777787668125,0.12514592073109299
B_PA2_to_C2,1D,32,15,5.0,0.6,0.6,-79.73473816719762,149.3045824755824,-86.08977990629651,-86.98,183.75,-51.8,-76.08404153914638,149.84869599361437,-87.3492856067323,50.31671721468969,0.06355479441269196
B_PA2_to_C2,1D,32,16,5.0,0.6,0.6,-79.73473816719762,149.3045824755824,-86.08977990629651,-86.98,183.75,-51.8,-75.52239590406158,149.93240576561928,-87.54305571449166,50.52199920064268,0.0
B_PA2_to_C2,1D,33,1,5.0,0.6,0.6,-78.71862135234821,149.4551382571482,-86.4380323272578,-85.76,184.33,-51.8,-82.93770629578032,148.8337135503952,-85.00166413840738,48.685749403956834,0.7178774427037187
B_PA2_to_C2,1D,33,2,5.0,0.6,0.6,-78.71862135234821,149.4551382571482,-86.4380323272578,-85.76,184.33,-51.8,-82.37516163665603,148.91657017796226,-85.19317989692077,48.79213672441976,0.6849401917864029
B_PA2_to_C2,1D,33,3,5.0,0.6,0.6,-78.71862135234821,149.4551382571482,-86.4380323272578,-85.76,184.33,-51.8,-81.81261697753175,148.99942680552934,-85.38469565543416,48.90565424615091,0.6497954482163877
B_PA2_to_C2,1D,33,4,5.0,0.6,0.6,-78.71862135234821,149.4551382571482,-86.4380323272578,-85.76,184.33,-51.8,-81.25007231840748,149.0822834330964,-85.57621141394755,49.02625244043896,0.6124585459600258
B_PA2_to_C2,1D,33,5,5.0,0.6,0.6,-78.71862135234821,149.4551382571482,-86.4380323272578,-85.76,184.33,-51.8,-80.68752765928319,149.16514006066348,-85.76772717246094,49.153879190387755,0.5729456202792846
B_PA2_to_C2,1D,33,6,5.0,0.6,0.6,-78.71862135234821,149.4551382571482,-86.4380323272578,-85.76,184.33,-51.8,-80.1249830001589,149.24799668823053,-85.95924293097433,49.288479897160784,0.5312735748387176
B_PA2_to_C2,1D,33,7,5.0,0.6,0.6,-78.71862135234821,149.4551382571482,-86.4380323272578,-85.76,184.33,-51.8,-79.56243834103464,149.3308533157976,-86.15075868948772,49.42999758934254,0.48746004784746155
B_PA2_to_C2,1D,33,8,5.0,0.6,0.6,-78.71862135234821,149.4551382571482,-86.4380323272578,-85.76,184.33,-51.8,-78.99989368191035,149.41370994336467,-86.3422744480011,49.578373034943354,0.4415233773828149
B_PA2_to_C2,1D,33,9,5.0,0.6,0.6,-78.71862135234821,149.4551382571482,-86.4380323272578,-85.76,184.33,-51.8,-78.43734902278607,149.49656657093175,-86.5337902065145,49.73354485557595,0.3934825660414525
B_PA2_to_C2,1D,33,10,5.0,0.6,0.6,-78.71862135234821,149.4551382571482,-86.4380323272578,-85.76,184.33,-51.8,-77.87480436366178,149.5794231984988,-86.72530596502789,49.895449642338875,0.34335724506221865
B_PA2_to_C2,1D,33,11,5.0,0.6,0.6,-78.71862135234821,149.4551382571482,-86.4380323272578,-85.76,184.33,-51.8,-77.31225970453751,149.66227982606588,-86.91682172354128,50.06402207294936,0.2911676380620687
B_PA2_to_C2,1D,33,12,5.0,0.6,0.6,-78.71862135234821,149.4551382571482,-86.4380323272578,-85.76,184.33,-51.8,-76.74971504541323,149.74513645363294,-87.10833748205467,50.239195029681255,0.2369345245227823
B_PA2_to_C2,1D,33,13,5.0,0.6,0.6,-78.71862135234821,149.4551382571482,-86.4380323272578,-85.76,184.33,-51.8,-76.18717038628894,149.82799308120002,-87.29985324056805,50.420899717675965,0.18067920316219066
B_PA2_to_C2,1D,33,14,5.0,0.6,0.6,-78.71862135234821,149.4551382571482,-86.4380323272578,-85.76,184.33,-51.8,-75.62462572716467,149.91084970876707,-87.49136899908144,50.60906578321244,0.12242345531807963
B_PA2_to_C2,1D,33,15,5.0,0.6,0.6,-78.71862135234821,149.4551382571482,-86.4380323272578,-85.76,184.33,-51.8,-75.06208106804038,149.99370633633416,-87.68288475759483,50.803621431538836,0.0621895084678048
B_PA2_to_C2,1D,33,16,5.0,0.6,0.6,-78.71862135234821,149.4551382571482,-86.4380323272578,-85.76,184.33,-51.8,-74.4995364089161,150.0765629639012,-87.87440051610822,51.00449354388984,0.0
B_PA2_to_C2,1D,34,1,5.0,0.6,0.6,-77.70088469592274,149.60414667348581,-86.78219602640094,-84.53,184.89,-51.8,-81.92666716104934,148.9891630497413,-85.36284487183958,49.21495698962447,0.6987322917426724
B_PA2_to_C2,1D,34,2,5.0,0.6,0.6,-77.70088469592274,149.60414667348581,-86.78219602640094,-84.53,184.89,-51.8,-81.36322949903246,149.07116086624058,-85.55209169244776,49.317556365977154,0.6669677789399842
B_PA2_to_C2,1D,34,3,5.0,0.6,0.6,-77.70088469592274,149.60414667348581,-86.78219602640094,-84.53,184.89,-51.8,-80.79979183701558,149.15315868273984,-85.74133851305595,49.42722671091392,0.6330141117768981
B_PA2_to_C2,1D,34,4,5.0,0.6,0.6,-77.70088469592274,149.60414667348581,-86.78219602640094,-84.53,184.89,-51.8,-80.2363541749987,149.2351564992391,-85.93058533366413,49.54392106760254,0.5968858279723719
B_PA2_to_C2,1D,34,5,5.0,0.6,0.6,-77.70088469592274,149.60414667348581,-86.78219602640094,-84.53,184.89,-51.8,-79.67291651298181,149.31715431573838,-86.1198321542723,49.66758992717059,0.5585982553506845
B_PA2_to_C2,1D,34,6,5.0,0.6,0.6,-77.70088469592274,149.60414667348581,-86.78219602640094,-84.53,184.89,-51.8,-79.10947885096493,149.39915213223765,-86.30907897488049,49.79818132818031,0.5181674810442694
B_PA2_to_C2,1D,34,7,5.0,0.6,0.6,-77.70088469592274,149.60414667348581,-86.78219602640094,-84.53,184.89,-51.8,-78.54604118894805,149.4811499487369,-86.49832579548867,49.93564095928953,0.475610319710146
B_PA2_to_C2,1D,34,8,5.0,0.6,0.6,-77.70088469592274,149.60414667348581,-86.78219602640094,-84.53,184.89,-51.8,-77.98260352693117,149.56314776523618,-86.68757261609684,50.079912264657786,0.4309442808964441
B_PA2_to_C2,1D,34,9,5.0,0.6,0.6,-77.70088469592274,149.60414667348581,-86.78219602640094,-84.53,184.89,-51.8,-77.4191658649143,149.64514558173545,-86.87681943670503,50.23093655165678,0.3841875356955171
B_PA2_to_C2,1D,34,10,5.0,0.6,0.6,-77.70088469592274,149.60414667348581,-86.78219602640094,-84.53,184.89,-51.8,-76.85572820289742,149.72714339823472,-87.06606625731321,50.38865310044829,0.33535888281888937
B_PA2_to_C2,1D,34,11,5.0,0.6,0.6,-77.70088469592274,149.60414667348581,-86.78219602640094,-84.53,184.89,-51.8,-76.29229054088054,149.80914121473398,-87.25531307792139,50.55299927499915,0.2844777142272914
B_PA2_to_C2,1D,34,12,5.0,0.6,0.6,-77.70088469592274,149.60414667348581,-86.78219602640094,-84.53,184.89,-51.8,-75.72885287886366,149.89113903123325,-87.44455989852958,50.72391063511185,0.23156398044626947
B_PA2_to_C2,1D,34,13,5.0,0.6,0.6,-77.70088469592274,149.60414667348581,-86.78219602640094,-84.53,184.89,-51.8,-75.16541521684678,149.97313684773252,-87.63380671913775,50.901321049060805,0.17663815569427221
B_PA2_to_C2,1D,34,14,5.0,0.6,0.6,-77.70088469592274,149.60414667348581,-86.78219602640094,-84.53,184.89,-51.8,-74.6019775548299,150.0551346642318,-87.82305353974593,51.085162806438305,0.11972120294582034
B_PA2_to_C2,1D,34,15,5.0,0.6,0.6,-77.70088469592274,149.60414667348581,-86.78219602640094,-84.53,184.89,-51.8,-74.03853989281302,150.13713248073105,-88.01230036035412,51.2753667308295,0.06083453904761704
B_PA2_to_C2,1D,34,16,5.0,0.6,0.6,-77.70088469592274,149.60414667348581,-86.78219602640094,-84.53,184.89,-51.8,-73.47510223079614,150.21913029723032,-88.2015471809623,51.4718622919533,0.0
B_PA2_to_C2,1D,35,1,5.0,0.6,0.6,-76.68153940290324,149.75159744535128,-87.12224516612058,-83.29999999999998,185.45,-51.8,-80.91397225247738,149.1430974792226,-85.72001837809121,49.74386339876734,0.6798182905893988
B_PA2_to_C2,1D,35,2,5.0,0.6,0.6,-76.68153940290324,149.75159744535128,-87.12224516612058,-83.29999999999998,185.45,-51.8,-80.34964787253416,149.22423080803975,-85.90698194982846,49.842724132526534,0.649211252273858
B_PA2_to_C2,1D,35,3,5.0,0.6,0.6,-76.68153940290324,149.75159744535128,-87.12224516612058,-83.29999999999998,185.45,-51.8,-79.78532349259095,149.30536413685692,-86.09394552156571,49.94859709808733,0.616433244360298
B_PA2_to_C2,1D,35,4,5.0,0.6,0.6,-76.68153940290324,149.75159744535128,-87.12224516612058,-83.29999999999998,185.45,-51.8,-79.22099911264772,149.38649746567407,-86.28090909330297,50.06143780578996,0.5814980407371948
B_PA2_to_C2,1D,35,5,5.0,0.6,0.6,-76.68153940290324,149.75159744535128,-87.12224516612058,-83.29999999999998,185.45,-51.8,-78.6566747327045,149.46763079449124,-86.4678726650402,50.18119925130219,0.5444201938293816
B_PA2_to_C2,1D,35,6,5.0,0.6,0.6,-76.68153940290324,149.75159744535128,-87.12224516612058,-83.29999999999998,185.45,-51.8,-78.09235035276129,149.5487641233084,-86.65483623677746,50.30783200869233,0.5052150057828992
B_PA2_to_C2,1D,35,7,5.0,0.6,0.6,-76.68153940290324,149.75159744535128,-87.12224516612058,-83.29999999999998,185.45,-51.8,-77.52802597281807,149.62989745212553,-86.84179980851471,50.44128432673702,0.4638984986483212
B_PA2_to_C2,1D,35,8,5.0,0.6,0.6,-76.68153940290324,149.75159744535128,-87.12224516612058,-83.29999999999998,185.45,-51.8,-76.96370159287486,149.7110307809427,-87.02876338025196,50.5815022280541,0.4204873836894727
B_PA2_to_C2,1D,35,9,5.0,0.6,0.6,-76.68153940290324,149.75159744535128,-87.12224516612058,-83.29999999999998,185.45,-51.8,-76.39937721293163,149.79216410975985,-87.2157269519892,50.72842961064889,0.3749990299449557
B_PA2_to_C2,1D,35,10,5.0,0.6,0.6,-76.68153940290324,149.75159744535128,-87.12224516612058,-83.29999999999998,185.45,-51.8,-75.83505283298841,149.87329743857703,-87.40269052372645,50.882008351464215,0.32745143216931183
B_PA2_to_C2,1D,35,11,5.0,0.6,0.6,-76.68153940290324,149.75159744535128,-87.12224516612058,-83.29999999999998,185.45,-51.8,-75.2707284530452,149.95443076739417,-87.5896540954637,51.04217841152935,0.27786317827917806
B_PA2_to_C2,1D,35,12,5.0,0.6,0.6,-76.68153940290324,149.75159744535128,-87.12224516612058,-83.29999999999998,185.45,-51.8,-74.70640407310198,150.03556409621132,-87.77661766720095,51.20887794230909,0.22625341642786623
B_PA2_to_C2,1D,35,13,5.0,0.6,0.6,-76.68153940290324,149.75159744535128,-87.12224516612058,-83.29999999999998,185.45,-51.8,-74.14207969315876,150.1166974250285,-87.96358123893819,51.382043392864645,0.17264182182862164
B_PA2_to_C2,1D,35,14,5.0,0.6,0.6,-76.68153940290324,149.75159744535128,-87.12224516612058,-83.29999999999998,185.45,-51.8,-73.57775531321553,150.19783075384564,-88.15054481067544,51.561609617448354,0.11704856344357317
B_PA2_to_C2,1D,35,15,5.0,0.6,0.6,-76.68153940290324,149.75159744535128,-87.12224516612058,-83.29999999999998,185.45,-51.8,-73.01343093327232,150.2789640826628,-88.3375083824127,51.747509983167866,0.05949427065115387
B_PA2_to_C2,1D,35,16,5.0,0.6,0.6,-76.68153940290324,149.75159744535128,-87.12224516612058,-83.29999999999998,185.45,-51.8,-72.4491065533291,150.36009741147996,-88.52447195414994,51.939676477371094,0.0
B_PA2_to_C2,1D,36,1,5.0,0.6,0.6,-75.66059697847993,149.8974803307656,-87.45815384885604,-82.06,186.0,-51.8,-79.89963179559562,149.29550644134014,-86.07315881069495,50.26466405974899,0.6607992679677483
B_PA2_to_C2,1D,36,2,5.0,0.6,0.6,-75.66059697847993,149.8974803307656,-87.45815384885604,-82.06,186.0,-51.8,-79.33442715331354,149.37576962659688,-86.2578248157831,50.35975266839479,0.6313600702445896
B_PA2_to_C2,1D,36,3,5.0,0.6,0.6,-75.66059697847993,149.8974803307656,-87.45815384885604,-82.06,186.0,-51.8,-78.76922251103144,149.4560328118536,-86.44249082087124,50.46179668426772,0.5997674956709282
B_PA2_to_C2,1D,36,4,5.0,0.6,0.6,-75.66059697847993,149.8974803307656,-87.45815384885604,-82.06,186.0,-51.8,-78.20401786874935,149.53629599711033,-86.62715682595939,50.57075400255415,0.5660345797927739
B_PA2_to_C2,1D,36,5,5.0,0.6,0.6,-75.66059697847993,149.8974803307656,-87.45815384885604,-82.06,186.0,-51.8,-77.63881322646725,149.61655918236707,-86.81182283104754,50.68658004017751,0.530175125420218
B_PA2_to_C2,1D,36,6,5.0,0.6,0.6,-75.66059697847993,149.8974803307656,-87.45815384885604,-82.06,186.0,-51.8,-77.07360858418517,149.69682236762378,-86.99648883613568,50.80922782282562,0.49220367568396206
B_PA2_to_C2,1D,36,7,5.0,0.6,0.6,-75.66059697847993,149.8974803307656,-87.45815384885604,-82.06,186.0,-51.8,-76.50840394190307,149.77708555288052,-87.18115484122383,50.93864807525099,0.4521354860785838
B_PA2_to_C2,1D,36,8,5.0,0.6,0.6,-75.66059697847993,149.8974803307656,-87.45815384885604,-82.06,186.0,-51.8,-75.94319929962097,149.85734873813723,-87.36582084631198,51.07478931446264,0.4099864956105801
B_PA2_to_C2,1D,36,9,5.0,0.6,0.6,-75.66059697847993,149.8974803307656,-87.45815384885604,-82.06,186.0,-51.8,-75.37799465733889,149.93761192339397,-87.55048685140011,51.21759794542517,0.3657732971701684
B_PA2_to_C2,1D,36,10,5.0,0.6,0.6,-75.66059697847993,149.8974803307656,-87.45815384885604,-82.06,186.0,-51.8,-74.81279001505679,150.01787510865068,-87.73515285648826,51.36701835888177,0.3195131072455233
B_PA2_to_C2,1D,36,11,5.0,0.6,0.6,-75.66059697847993,149.8974803307656,-87.45815384885604,-82.06,186.0,-51.8,-74.2475853727747,150.09813829390743,-87.9198188615764,51.522993030919416,0.27122373509764586
B_PA2_to_C2,1D,36,12,5.0,0.6,0.6,-75.66059697847993,149.8974803307656,-87.45815384885604,-82.06,186.0,-51.8,-73.68238073049261,150.17840147916414,-88.10448486666455,51.685462623900804,0.220923551512076
B_PA2_to_C2,1D,36,13,5.0,0.6,0.6,-75.66059697847993,149.8974803307656,-87.45815384885604,-82.06,186.0,-51.8,-73.11717608821051,150.25866466442088,-88.2891508717527,51.85436608839338,0.16863145724192918
B_PA2_to_C2,1D,36,14,5.0,0.6,0.6,-75.66059697847993,149.8974803307656,-87.45815384885604,-82.06,186.0,-51.8,-72.55197144592842,150.33892784967762,-88.47381687684084,52.02964076573656,0.11436685125332957
B_PA2_to_C2,1D,36,15,5.0,0.6,0.6,-75.66059697847993,149.8974803307656,-87.45815384885604,-82.06,186.0,-51.8,-71.98676680364632,150.41919103493433,-88.65848288192899,52.21122249089818,0.05814959888131099
B_PA2_to_C2,1D,36,16,5.0,0.6,0.6,-75.66059697847993,149.8974803307656,-87.45815384885604,-82.06,186.0,-51.8,-71.42156216136424,150.49945422019107,-88.84314888701714,52.39904569528482,0.0
B_PA2_to_C2,1D,37,1,5.0,0.6,0.6,-74.63806924818577,150.0417851248658,-87.7898962109968,-80.81999999999998,186.54,-51.8,-78.88365671436495,149.4463795119716,-86.42224156776398,50.77780733161198,0.6421577397168647
B_PA2_to_C2,1D,37,2,5.0,0.6,0.6,-74.63806924818577,150.0417851248658,-87.7898962109968,-80.81999999999998,186.54,-51.8,-78.31757838554107,149.52576692702416,-86.60459552019502,50.86919925889799,0.6138630253868289
B_PA2_to_C2,1D,37,3,5.0,0.6,0.6,-74.63806924818577,150.0417851248658,-87.7898962109968,-80.81999999999998,186.54,-51.8,-77.75150005671718,149.60515434207673,-86.78694947262606,50.96749110047137,0.5834321146829975
B_PA2_to_C2,1D,37,4,5.0,0.6,0.6,-74.63806924818577,150.0417851248658,-87.7898962109968,-80.81999999999998,186.54,-51.8,-77.18542172789329,149.68454175712927,-86.9693034250571,51.07264301866305,0.5508773412490413
B_PA2_to_C2,1D,37,5,5.0,0.6,0.6,-74.63806924818577,150.0417851248658,-87.7898962109968,-80.81999999999998,186.54,-51.8,-76.6193433990694,149.76392917218183,-87.15165737748815,51.184612734169946,0.5162117946524791
B_PA2_to_C2,1D,37,6,5.0,0.6,0.6,-74.63806924818577,150.0417851248658,-87.7898962109968,-80.81999999999998,186.54,-51.8,-76.0532650702455,149.8433165872344,-87.33401132991919,51.303355607427015,0.47944929519208657
B_PA2_to_C2,1D,37,7,5.0,0.6,0.6,-74.63806924818577,150.0417851248658,-87.7898962109968,-80.81999999999998,186.54,-51.8,-75.48718674142161,149.92270400228696,-87.51636528235024,51.42882472327433,0.44060436768517697
B_PA2_to_C2,1D,37,8,5.0,0.6,0.6,-74.63806924818577,150.0417851248658,-87.7898962109968,-80.81999999999998,186.54,-51.8,-74.92110841259772,150.00209141733953,-87.69871923478128,51.560970978565116,0.39969221434437685
B_PA2_to_C2,1D,37,9,5.0,0.6,0.6,-74.63806924818577,150.0417851248658,-87.7898962109968,-80.81999999999998,186.54,-51.8,-74.35503008377383,150.0814788323921,-87.88107318721232,51.699743172356236,0.3567286868548649
B_PA2_to_C2,1D,37,10,5.0,0.6,0.6,-74.63806924818577,150.0417851248658,-87.7898962109968,-80.81999999999998,186.54,-51.8,-73.78895175494993,150.16086624744466,-88.06342713964337,51.84508809832187,0.3117302577633403
B_PA2_to_C2,1D,37,11,5.0,0.6,0.6,-74.63806924818577,150.0417851248658,-87.7898962109968,-80.81999999999998,186.54,-51.8,-73.22287342612604,150.24025366249722,-88.24578109207441,51.996950639031866,0.264713991289657
B_PA2_to_C2,1D,37,12,5.0,0.6,0.6,-74.63806924818577,150.0417851248658,-87.7898962109968,-80.81999999999998,186.54,-51.8,-72.65679509730215,150.3196410775498,-88.42813504450545,52.15527386173978,0.21569751367110612
B_PA2_to_C2,1D,37,13,5.0,0.6,0.6,-74.63806924818577,150.0417851248658,-87.7898962109968,-80.81999999999998,186.54,-51.8,-72.09071676847826,150.39902849260235,-88.6104889969365,52.31999911533101,0.16469898314750608
B_PA2_to_C2,1D,37,14,5.0,0.6,0.6,-74.63806924818577,150.0417851248658,-87.7898962109968,-80.81999999999998,186.54,-51.8,-71.52463843965437,150.4784159076549,-88.79284294936754,52.49106612808888,0.11173705969305558
B_PA2_to_C2,1D,37,15,5.0,0.6,0.6,-74.63806924818577,150.0417851248658,-87.7898962109968,-80.81999999999998,186.54,-51.8,-70.95856011083048,150.55780332270746,-88.97519690179858,52.668413105945774,0.0568308745980417
B_PA2_to_C2,1D,37,16,5.0,0.6,0.6,-74.63806924818577,150.0417851248658,-87.7898962109968,-80.81999999999998,186.54,-51.8,-70.3924817820066,150.63719073776002,-89.15755085422963,52.85197683089745,0.0
B_PA2_to_C2,1D,38,1,5.0,0.6,0.6,-73.61396815521526,150.18450169084596,-88.11744574553933,-79.58,187.08,-51.8,-77.86605732931868,149.5957062705144,-86.76723923967843,51.29052247659059,0.6237227663090632
B_PA2_to_C2,1D,38,2,5.0,0.6,0.6,-73.61396815521526,150.18450169084596,-88.11744574553933,-79.58,187.08,-51.8,-77.29911210610489,149.6742123265586,-86.94726677379322,51.37826157747348,0.5965589579861863
B_PA2_to_C2,1D,38,3,5.0,0.6,0.6,-73.61396815521526,150.18450169084596,-88.11744574553933,-79.58,187.08,-51.8,-76.73216688289111,149.7527183826028,-87.127294307908,51.47284555496161,0.5672759928195834
B_PA2_to_C2,1D,38,4,5.0,0.6,0.6,-73.61396815521526,150.18450169084596,-88.11744574553933,-79.58,187.08,-51.8,-76.16522165967731,149.831224438647,-87.30732184202279,51.57423674982088,0.5358855300148573
B_PA2_to_C2,1D,38,5,5.0,0.6,0.6,-73.61396815521526,150.18450169084596,-88.11744574553933,-79.58,187.08,-51.8,-75.59827643646352,149.90973049469125,-87.48734937613757,51.68239509860408,0.5023999731160309
B_PA2_to_C2,1D,38,6,5.0,0.6,0.6,-73.61396815521526,150.18450169084596,-88.11744574553933,-79.58,187.08,-51.8,-75.03133121324973,149.98823655073545,-87.66737691025236,51.79727820966908,0.4668324464705229
B_PA2_to_C2,1D,38,7,5.0,0.6,0.6,-73.61396815521526,150.18450169084596,-88.11744574553933,-79.58,187.08,-51.8,-74.46438599003595,150.06674260677966,-87.84740444436714,51.91884144250045,0.42919677067133577
B_PA2_to_C2,1D,38,8,5.0,0.6,0.6,-73.61396815521526,150.18450169084596,-88.11744574553933,-79.58,187.08,-51.8,-73.89744076682216,150.14524866282386,-88.02743197848193,52.047037990006174,0.3895074370782332
B_PA2_to_C2,1D,38,9,5.0,0.6,0.6,-73.61396815521526,150.18450169084596,-88.11744574553933,-79.58,187.08,-51.8,-73.33049554360836,150.22375471886807,-88.20745951259673,52.18181896345499,0.34777958152132626
B_PA2_to_C2,1D,38,10,5.0,0.6,0.6,-73.61396815521526,150.18450169084596,-88.11744574553933,-79.58,187.08,-51.8,-72.76355032039457,150.30226077491227,-88.38748704671151,52.32313347971845,0.30402895729115187
B_PA2_to_C2,1D,38,11,5.0,0.6,0.6,-73.61396815521526,150.18450169084596,-88.11744574553933,-79.58,187.08,-51.8,-72.1966050971808,150.38076683095647,-88.5675145808263,52.47092875048122,0.25827190751939355
B_PA2_to_C2,1D,38,12,5.0,0.6,0.6,-73.61396815521526,150.18450169084596,-88.11744574553933,-79.58,187.08,-51.8,-71.629659873967,150.45927288700068,-88.74754211494108,52.625150173084734,0.21052533705390886
B_PA2_to_C2,1D,38,13,5.0,0.6,0.6,-73.61396815521526,150.18450169084596,-88.11744574553933,-79.58,187.08,-51.8,-71.06271465075321,150.5377789430449,-88.92756964905587,52.78574142267362,0.1608066839304172
B_PA2_to_C2,1D,38,14,5.0,0.6,0.6,-73.61396815521526,150.18450169084596,-88.11744574553933,-79.58,187.08,-51.8,-70.49576942753941,150.61628499908912,-89.10759718317065,52.95264454531997,0.10913389054145384
B_PA2_to_C2,1D,38,15,5.0,0.6,0.6,-73.61396815521526,150.18450169084596,-88.11744574553933,-79.58,187.08,-51.8,-69.92882420432564,150.69479105513332,-89.28762471728544,53.12580005180767,0.05552537460098961
B_PA2_to_C2,1D,38,16,5.0,0.6,0.6,-73.61396815521526,150.18450169084596,-88.11744574553933,-79.58,187.08,-51.8,-69.36187898111184,150.77329711117753,-89.46765225140022,53.30514701176887,0.0
B_PA2_to_C2,1D,39,1,5.0,0.6,0.6,-72.58830630330328,150.32561996117698,-88.44077702518774,-78.34,187.6,-51.8,-76.8468446415623,149.74347668797793,-87.10812537113584,51.78812206888707,0.605790541392274
B_PA2_to_C2,1D,39,2,5.0,0.6,0.6,-72.58830630330328,150.32561996117698,-88.44077702518774,-78.34,187.6,-51.8,-76.27903952979443,149.82109579107114,-87.28581225834276,51.87230506659138,0.5797276938058005
B_PA2_to_C2,1D,39,3,5.0,0.6,0.6,-72.58830630330328,150.32561996117698,-88.44077702518774,-78.34,187.6,-51.8,-75.71123441802656,149.89871489416436,-87.46349914554968,51.96328009682505,0.5515620497706095
B_PA2_to_C2,1D,39,4,5.0,0.6,0.6,-72.58830630330328,150.32561996117698,-88.44077702518774,-78.34,187.6,-51.8,-75.1434293062587,149.97633399725757,-87.6411860327566,52.061011552991054,0.5213046330009483
B_PA2_to_C2,1D,39,5,5.0,0.6,0.6,-72.58830630330328,150.32561996117698,-88.44077702518774,-78.34,187.6,-51.8,-74.57562419449083,150.05395310035075,-87.81887291996352,52.16546146081951,0.488967200236722
B_PA2_to_C2,1D,39,6,5.0,0.6,0.6,-72.58830630330328,150.32561996117698,-88.44077702518774,-78.34,187.6,-51.8,-74.00781908272296,150.13157220344397,-87.99655980717044,52.276589549432344,0.4545622192420353
B_PA2_to_C2,1D,39,7,5.0,0.6,0.6,-72.58830630330328,150.32561996117698,-88.44077702518774,-78.34,187.6,-51.8,-73.44001397095509,150.20919130653718,-88.17424669437736,52.39435332571051,0.4181028457813021
B_PA2_to_C2,1D,39,8,5.0,0.6,0.6,-72.58830630330328,150.32561996117698,-88.44077702518774,-78.34,187.6,-51.8,-72.87220885918723,150.2868104096304,-88.35193358158428,52.5187081516574,0.379602899667713
B_PA2_to_C2,1D,39,9,5.0,0.6,0.6,-72.58830630330328,150.32561996117698,-88.44077702518774,-78.34,187.6,-51.8,-72.30440374741934,150.36442951272358,-88.52962046879121,52.64960732444776,0.33907683998029725
B_PA2_to_C2,1D,39,10,5.0,0.6,0.6,-72.58830630330328,150.32561996117698,-88.44077702518774,-78.34,187.6,-51.8,-71.73659863565148,150.4420486158168,-88.70730735599813,52.78700215884698,0.2965397395471001
B_PA2_to_C2,1D,39,11,5.0,0.6,0.6,-72.58830630330328,150.32561996117698,-88.44077702518774,-78.34,187.6,-51.8,-71.16879352388361,150.51966771891,-88.88499424320504,52.93084207168529,0.252007258792208
B_PA2_to_C2,1D,39,12,5.0,0.6,0.6,-72.58830630330328,150.32561996117698,-88.44077702518774,-78.34,187.6,-51.8,-70.60098841211574,150.5972868220032,-89.06268113041196,53.081074668070386,0.2054956190444983
B_PA2_to_C2,1D,39,13,5.0,0.6,0.6,-72.58830630330328,150.32561996117698,-88.44077702518774,-78.34,187.6,-51.8,-70.03318330034787,150.6749059250964,-89.24036801761889,53.237645829026285,0.15702157540490091
B_PA2_to_C2,1D,39,14,5.0,0.6,0.6,-72.58830630330328,150.32561996117698,-88.44077702518774,-78.34,187.6,-51.8,-69.46537818858,150.7525250281896,-89.41805490482581,53.400499800249186,0.1066023892677812
B_PA2_to_C2,1D,39,15,5.0,0.6,0.6,-72.58830630330328,150.32561996117698,-88.44077702518774,-78.34,187.6,-51.8,-68.89757307681214,150.83014413128282,-89.59574179203273,53.569579281678024,0.05425580059011992
B_PA2_to_C2,1D,39,16,5.0,0.6,0.6,-72.58830630330328,150.32561996117698,-88.44077702518774,-78.34,187.6,-51.8,-68.32976796504427,150.90776323437603,-89.77342867923964,53.74482551758411,0.0
B_PA2_to_C2,1D,40,1,5.0,0.6,0.6,-71.56109641508871,150.46512977948345,-88.7598640362138,-77.09,188.12,-51.8,-75.82603013303869,149.88968065389005,-87.44487404182327,52.28491161499254,0.5875568392981592
B_PA2_to_C2,1D,40,2,5.0,0.6,0.6,-71.56109641508871,150.46512977948345,-88.7598640362138,-77.09,188.12,-51.8,-75.25737230397868,149.96640720396917,-87.62020604107533,52.36546885441446,0.5626165174957052
B_PA2_to_C2,1D,40,3,5.0,0.6,0.6,-71.56109641508871,150.46512977948345,-88.7598640362138,-77.09,188.12,-51.8,-74.6887144749187,150.04313375404828,-87.7955380403274,52.452766124368694,0.5355894989340229
B_PA2_to_C2,1D,40,4,5.0,0.6,0.6,-71.56109641508871,150.46512977948345,-88.7598640362138,-77.09,188.12,-51.8,-74.1200566458587,150.1198603041274,-87.97087003957948,52.546769832719406,0.5064861836551664
B_PA2_to_C2,1D,40,5,5.0,0.6,0.6,-71.56109641508871,150.46512977948345,-88.7598640362138,-77.09,188.12,-51.8,-73.5513988167987,150.19658685420654,-88.14620203883155,52.64744405579303,0.47531769353949116
B_PA2_to_C2,1D,40,6,5.0,0.6,0.6,-71.56109641508871,150.46512977948345,-88.7598640362138,-77.09,188.12,-51.8,-72.98274098773871,150.27331340428566,-88.32153403808363,52.75475060468893,0.44209585177605604
B_PA2_to_C2,1D,40,7,5.0,0.6,0.6,-71.56109641508871,150.46512977948345,-88.7598640362138,-77.09,188.12,-51.8,-72.41408315867871,150.35003995436477,-88.49686603733569,52.86864909488416,0.40683316131313774
B_PA2_to_C2,1D,40,8,5.0,0.6,0.6,-71.56109641508871,150.46512977948345,-88.7598640362138,-77.09,188.12,-51.8,-71.8454253296187,150.4267665044439,-88.67219803658776,52.989097018849684,0.3695427823764419
B_PA2_to_C2,1D,40,9,5.0,0.6,0.6,-71.56109641508871,150.46512977948345,-88.7598640362138,-77.09,188.12,-51.8,-71.27676750055872,150.503493054523,-88.84753003583984,53.11604982138765,0.3302385091448734
B_PA2_to_C2,1D,40,10,5.0,0.6,0.6,-71.56109641508871,150.46512977948345,-88.7598640362138,-77.09,188.12,-51.8,-70.70810967149872,150.58021960460212,-89.0228620350919,53.249460977395856,0.28893474567484034
B_PA2_to_C2,1D,40,11,5.0,0.6,0.6,-71.56109641508871,150.46512977948345,-88.7598640362138,-77.09,188.12,-51.8,-70.13945184243872,150.65694615468124,-89.19819403434397,53.38928207176299,0.24564648116489352
B_PA2_to_C2,1D,40,12,5.0,0.6,0.6,-71.56109641508871,150.46512977948345,-88.7598640362138,-77.09,188.12,-51.8,-69.57079401337873,150.73367270476035,-89.37352603359605,53.53546288109727,0.2003892646527312
B_PA2_to_C2,1D,40,13,5.0,0.6,0.6,-71.56109641508871,150.46512977948345,-88.7598640362138,-77.09,188.12,-51.8,-69.00213618431873,150.8103992548395,-89.54885803284812,53.68795145699275,0.15317917923617586
B_PA2_to_C2,1D,40,14,5.0,0.6,0.6,-71.56109641508871,150.46512977948345,-88.7598640362138,-77.09,188.12,-51.8,-68.43347835525873,150.8871258049186,-89.7241900321002,53.846694210540726,0.1040328159086279
B_PA2_to_C2,1D,40,15,5.0,0.6,0.6,-71.56109641508871,150.46512977948345,-88.7598640362138,-77.09,188.12,-51.8,-67.86482052619874,150.96385235499773,-89.89952203135226,54.01163599779726,0.05296724709855383
B_PA2_to_C2,1D,40,16,5.0,0.6,0.6,-71.56109641508871,150.46512977948345,-88.7598640362138,-77.09,188.12,-51.8,-67.29616269713874,151.04057890507684,-90.07485403060433,54.1827202059256,0.0
B_PA2_to_C2,1D,41,1,5.0,0.6,0.6,-70.53235169037065,150.6030210563669,-89.07468130687656,-75.84,188.63,-51.8,-74.8036246671057,150.03430769155773,-87.7774564740506,52.77384686509774,0.5696511294430984
B_PA2_to_C2,1D,41,2,5.0,0.6,0.6,-70.53235169037065,150.6030210563669,-89.07468130687656,-75.84,188.63,-51.8,-74.23412160354101,150.11013614019896,-87.95041978509406,52.85084301920207,0.5458133108349479
B_PA2_to_C2,1D,41,3,5.0,0.6,0.6,-70.53235169037065,150.6030210563669,-89.07468130687656,-75.84,188.63,-51.8,-73.66461853997635,150.18596458884016,-88.12338309613752,52.934528454874275,0.5199045072212591
B_PA2_to_C2,1D,41,4,5.0,0.6,0.6,-70.53235169037065,150.6030210563669,-89.07468130687656,-75.84,188.63,-51.8,-73.09511547641168,150.2617930374814,-88.29634640718098,53.024871500452,0.4919345240702597
B_PA2_to_C2,1D,41,5,5.0,0.6,0.6,-70.53235169037065,150.6030210563669,-89.07468130687656,-75.84,188.63,-51.8,-72.525612412847,150.33762148612263,-88.46930971822444,53.12183818863011,0.4619138775754905
B_PA2_to_C2,1D,41,6,5.0,0.6,0.6,-70.53235169037065,150.6030210563669,-89.07468130687656,-75.84,188.63,-51.8,-71.95610934928233,150.41344993476386,-88.6422730292679,53.22539231831507,0.4298537755058405
B_PA2_to_C2,1D,41,7,5.0,0.6,0.6,-70.53235169037065,150.6030210563669,-89.07468130687656,-75.84,188.63,-51.8,-71.38660628571766,150.48927838340506,-88.81523634031136,53.335495519757835,0.3957660970405925
B_PA2_to_C2,1D,41,8,5.0,0.6,0.6,-70.53235169037065,150.6030210563669,-89.07468130687656,-75.84,188.63,-51.8,-70.81710322215298,150.5651068320463,-88.98819965135482,53.452107322702076,0.35966337167085527
B_PA2_to_C2,1D,41,9,5.0,0.6,0.6,-70.53235169037065,150.6030210563669,-89.07468130687656,-75.84,188.63,-51.8,-70.24760015858831,150.64093528068753,-89.1611629623983,53.57518522727863,0.3215587572508696
B_PA2_to_C2,1D,41,10,5.0,0.6,0.6,-70.53235169037065,150.6030210563669,-89.07468130687656,-75.84,188.63,-51.8,-69.67809709502363,150.71676372932876,-89.33412627344175,53.70468477737085,0.28146601728423803
B_PA2_to_C2,1D,41,11,5.0,0.6,0.6,-70.53235169037065,150.6030210563669,-89.07468130687656,-75.84,188.63,-51.8,-69.10859403145896,150.79259217796996,-89.50708958448521,53.8405596361732,0.23939949753119194
B_PA2_to_C2,1D,41,12,5.0,0.6,0.6,-70.53235169037065,150.6030210563669,-89.07468130687656,-75.84,188.63,-51.8,-68.5390909678943,150.8684206266112,-89.68005289552868,53.9827616636633,0.19537410202341832
B_PA2_to_C2,1D,41,13,5.0,0.6,0.6,-70.53235169037065,150.6030210563669,-89.07468130687656,-75.84,188.63,-51.8,-67.96958790432961,150.94424907525243,-89.85301620657214,54.13124099570809,0.1494052685730196
B_PA2_to_C2,1D,41,14,5.0,0.6,0.6,-70.53235169037065,150.6030210563669,-89.07468130687656,-75.84,188.63,-51.8,-67.40008484076495,151.02007752389366,-90.0259795176156,54.28594612452639,0.10150894386147158
B_PA2_to_C2,1D,41,15,5.0,0.6,0.6,-70.53235169037065,150.6030210563669,-89.07468130687656,-75.84,188.63,-51.8,-66.83058177720028,151.09590597253487,-90.19894282865906,54.44682398023356,0.0517015581936171
B_PA2_to_C2,1D,41,16,5.0,0.6,0.6,-70.53235169037065,150.6030210563669,-89.07468130687656,-75.84,188.63,-51.8,-66.2610787136356,151.1717344211761,-90.37190613970252,54.61382001319894,0.0
B_PA2_to_C2,1D,42,1,5.0,0.6,0.6,-69.50208597534196,150.73928382249213,-89.3852044178836,-74.58,189.13,-51.8,-73.77964126069645,150.17734744056773,-88.1058497823718,53.254712880153356,0.5515778273818448
B_PA2_to_C2,1D,42,2,5.0,0.6,0.6,-69.50208597534196,150.73928382249213,-89.3852044178836,-74.58,189.13,-51.8,-73.20930055598252,150.25227229149098,-88.27643040044003,53.32810238046115,0.5288566198562101
B_PA2_to_C2,1D,42,3,5.0,0.6,0.6,-69.50208597534196,150.73928382249213,-89.3852044178836,-74.58,189.13,-51.8,-72.63895985126858,150.32719714241424,-88.44701101850828,53.40813199367977,0.5040796498194879
B_PA2_to_C2,1D,42,4,5.0,0.6,0.6,-69.50208597534196,150.73928382249213,-89.3852044178836,-74.58,189.13,-51.8,-72.06861914655465,150.4021219933375,-88.61759163657652,53.49477191845662,0.4772561436966214
B_PA2_to_C2,1D,42,5,5.0,0.6,0.6,-69.50208597534196,150.73928382249213,-89.3852044178836,-74.58,189.13,-51.8,-71.49827844184072,150.47704684426074,-88.78817225464476,53.587990092567104,0.44839602787294197
B_PA2_to_C2,1D,42,6,5.0,0.6,0.6,-69.50208597534196,150.73928382249213,-89.3852044178836,-74.58,189.13,-51.8,-70.92793773712678,150.551971695184,-88.958752872713,53.687752250531446,0.41750991085611844
B_PA2_to_C2,1D,42,7,5.0,0.6,0.6,-69.50208597534196,150.73928382249213,-89.3852044178836,-74.58,189.13,-51.8,-70.35759703241285,150.62689654610725,-89.12933349078124,53.79402198449023,0.38460906442925236
B_PA2_to_C2,1D,42,8,5.0,0.6,0.6,-69.50208597534196,150.73928382249213,-89.3852044178836,-74.58,189.13,-51.8,-69.78725632769893,150.7018213970305,-89.29991410884948,53.90676080809524,0.3497054038704235
B_PA2_to_C2,1D,42,9,5.0,0.6,0.6,-69.50208597534196,150.73928382249213,-89.3852044178836,-74.58,189.13,-51.8,-69.21691562298498,150.77674624795375,-89.47049472691772,54.02592822316492,0.3128114673163438
B_PA2_to_C2,1D,42,10,5.0,0.6,0.6,-69.50208597534196,150.73928382249213,-89.3852044178836,-74.58,189.13,-51.8,-68.64657491827106,150.851671098877,-89.64107534498596,54.15148178884805,0.27394039434943096
B_PA2_to_C2,1D,42,11,5.0,0.6,0.6,-69.50208597534196,150.73928382249213,-89.3852044178836,-74.58,189.13,-51.8,-68.07623421355713,150.92659594980026,-89.81165596305419,54.28337719303504,0.2331059038890615
B_PA2_to_C2,1D,42,12,5.0,0.6,0.6,-69.50208597534196,150.73928382249213,-89.3852044178836,-74.58,189.13,-51.8,-67.50589350884319,151.0015208007235,-89.98223658112244,54.42156832575382,0.1903222714683892
B_PA2_to_C2,1D,42,13,5.0,0.6,0.6,-69.50208597534196,150.73928382249213,-89.3852044178836,-74.58,189.13,-51.8,-66.93555280412926,151.07644565164676,-90.15281719919068,54.56600735428666,0.14560430597834184
B_PA2_to_C2,1D,42,14,5.0,0.6,0.6,-69.50208597534196,150.73928382249213,-89.3852044178836,-74.58,189.13,-51.8,-66.36521209941533,151.15137050257002,-90.32339781725892,54.716644799744806,0.09896732596034141
B_PA2_to_C2,1D,42,15,5.0,0.6,0.6,-69.50208597534196,150.73928382249213,-89.3852044178836,-74.58,189.13,-51.8,-65.79487139470139,151.22629535349327,-90.49397843532716,54.87342961484015,0.05042713552834854
B_PA2_to_C2,1D,42,16,5.0,0.6,0.6,-69.50208597534196,150.73928382249213,-89.3852044178836,-74.58,189.13,-51.8,-65.22453068998746,151.30122020441652,-90.6645590533954,55.03630926259671,0.0
B_PA2_to_C2,1D,43,1,5.0,0.6,0.6,-68.47031288272552,150.8739081752133,-89.69140715404404,-73.31999999999998,189.62,-51.8,-72.75409287602888,150.31878980368361,-88.43002990573005,53.727688063629564,0.5338061272588845
B_PA2_to_C2,1D,43,2,5.0,0.6,0.6,-68.47031288272552,150.8739081752133,-89.69140715404404,-73.31999999999998,189.62,-51.8,-72.1829222102551,150.39280558655426,-88.59821353883859,53.79753012081655,0.512183199337219
B_PA2_to_C2,1D,43,3,5.0,0.6,0.6,-68.47031288272552,150.8739081752133,-89.69140715404404,-73.31999999999998,189.62,-51.8,-71.61175154448131,150.46682136942488,-88.76639717194712,53.873964301299075,0.4885193663704932
B_PA2_to_C2,1D,43,4,5.0,0.6,0.6,-68.47031288272552,150.8739081752133,-89.69140715404404,-73.31999999999998,189.62,-51.8,-71.04058087870753,150.5408371522955,-88.93458080505565,53.95696259033796,0.46282330165257335
B_PA2_to_C2,1D,43,5,5.0,0.6,0.6,-68.47031288272552,150.8739081752133,-89.69140715404404,-73.31999999999998,189.62,-51.8,-70.46941021293375,150.6148529351661,-89.10276443816419,54.04649474676978,0.43510436777275174
B_PA2_to_C2,1D,43,6,5.0,0.6,0.6,-68.47031288272552,150.8739081752133,-89.69140715404404,-73.31999999999998,189.62,-51.8,-69.89823954715997,150.68886871803673,-89.27094807127271,54.14252835664489,0.4053726000095601
B_PA2_to_C2,1D,43,7,5.0,0.6,0.6,-68.47031288272552,150.8739081752133,-89.69140715404404,-73.31999999999998,189.62,-51.8,-69.3270688813862,150.76288450090738,-89.43913170438124,54.24502889009809,0.3736386887237373
B_PA2_to_C2,1D,43,8,5.0,0.6,0.6,-68.47031288272552,150.8739081752133,-89.69140715404404,-73.31999999999998,189.62,-51.8,-68.75589821561242,150.836900283778,-89.60731533748978,54.353959761226776,0.3399139608201196
B_PA2_to_C2,1D,43,9,5.0,0.6,0.6,-68.47031288272552,150.8739081752133,-89.69140715404404,-73.31999999999998,189.62,-51.8,-68.18472754983863,150.9109160666486,-89.7754989705983,54.46928239074334,0.304210360350595
B_PA2_to_C2,1D,43,10,5.0,0.6,0.6,-68.47031288272552,150.8739081752133,-89.69140715404404,-73.31999999999998,189.62,-51.8,-67.61355688406485,150.98493184951923,-89.94368260370685,54.59095627116296,0.26654042833213865
B_PA2_to_C2,1D,43,11,5.0,0.6,0.6,-68.47031288272552,150.8739081752133,-89.69140715404404,-73.31999999999998,189.62,-51.8,-67.04238621829107,151.05894763238987,-90.11186623681537,54.71893903428233,0.2269172818555525
B_PA2_to_C2,1D,43,12,5.0,0.6,0.6,-68.47031288272552,150.8739081752133,-89.69140715404404,-73.31999999999998,189.62,-51.8,-66.4712155525173,151.1329634152605,-90.2800498699239,54.85318652070259,0.18535459256135312
B_PA2_to_C2,1D,43,13,5.0,0.6,0.6,-68.47031288272552,150.8739081752133,-89.69140715404404,-73.31999999999998,189.62,-51.8,-65.90004488674352,151.2069791981311,-90.44823350303244,54.99365285114704,0.14186656455997593
B_PA2_to_C2,1D,43,14,5.0,0.6,0.6,-68.47031288272552,150.8739081752133,-89.69140715404404,-73.31999999999998,189.62,-51.8,-65.32887422096974,151.28099498100173,-90.61641713614097,55.14029049932504,0.09646791187329029
B_PA2_to_C2,1D,43,15,5.0,0.6,0.6,-68.47031288272552,150.8739081752133,-89.69140715404404,-73.31999999999998,189.62,-51.8,-64.75770355519595,151.35501076387234,-90.7846007692495,55.29305036609428,0.04917383547414644
B_PA2_to_C2,1D,43,16,5.0,0.6,0.6,-68.47031288272552,150.8739081752133,-89.69140715404404,-73.31999999999998,189.62,-51.8,-64.18653288942217,151.429026546743,-90.95278440235803,55.45188185467576,0.0
B_PA2_to_C2,1D,44,1,5.0,0.6,0.6,-67.43704656234294,151.00688424031952,-89.9932640606525,-72.06,190.1,-51.8,-71.72699102898385,150.45862482988827,-88.74996679450466,54.1927076871725,0.516323887782395
B_PA2_to_C2,1D,44,2,5.0,0.6,0.6,-67.43704656234294,151.00688424031952,-89.9932640606525,-72.06,190.1,-51.8,-71.15499843343171,150.53172608461244,-88.91573976332437,54.259058844191614,0.49578173390650804
B_PA2_to_C2,1D,44,3,5.0,0.6,0.6,-67.43704656234294,151.00688424031952,-89.9932640606525,-72.06,190.1,-51.8,-70.5830058378796,150.6048273393366,-89.08151273214408,54.331955301162985,0.47321317137667407
B_PA2_to_C2,1D,44,4,5.0,0.6,0.6,-67.43704656234294,151.00688424031952,-89.9932640606525,-72.06,190.1,-51.8,-70.01101324232748,150.67792859406077,-89.2472857009638,54.41137075132087,0.4486263447024079
B_PA2_to_C2,1D,44,5,5.0,0.6,0.6,-67.43704656234294,151.00688424031952,-89.9932640606525,-72.06,190.1,-51.8,-69.43902064677536,150.75102984878495,-89.41305866978351,54.49727669551772,0.42203007714920204
B_PA2_to_C2,1D,44,6,5.0,0.6,0.6,-67.43704656234294,151.00688424031952,-89.9932640606525,-72.06,190.1,-51.8,-68.86702805122324,150.8241311035091,-89.57883163860322,54.58964249212431,0.393433855289576
B_PA2_to_C2,1D,44,7,5.0,0.6,0.6,-67.43704656234294,151.00688424031952,-89.9932640606525,-72.06,190.1,-51.8,-68.29503545567113,150.89723235823328,-89.74460460742294,54.68843541013098,0.36284781256305365
B_PA2_to_C2,1D,44,8,5.0,0.6,0.6,-67.43704656234294,151.00688424031952,-89.9932640606525,-72.06,190.1,-51.8,-67.72304286011901,150.97033361295743,-89.91037757624265,54.79362068524211,0.3302827119094509
B_PA2_to_C2,1D,44,9,5.0,0.6,0.6,-67.43704656234294,151.00688424031952,-89.9932640606525,-72.06,190.1,-51.8,-67.15105026456688,151.0434348676816,-90.07615054506236,54.90516157874699,0.29574992754261586
B_PA2_to_C2,1D,44,10,5.0,0.6,0.6,-67.43704656234294,151.00688424031952,-89.9932640606525,-72.06,190.1,-51.8,-66.57905766901476,151.11653612240576,-90.24192351388207,55.02301943894428,0.2592614259335484
B_PA2_to_C2,1D,44,11,5.0,0.6,0.6,-67.43704656234294,151.00688424031952,-89.9932640606525,-72.06,190.1,-51.8,-66.00706507346264,151.18963737712994,-90.4076964827018,55.14715376489129,0.22082974607379313
B_PA2_to_C2,1D,44,12,5.0,0.6,0.6,-67.43704656234294,151.00688424031952,-89.9932640606525,-72.06,190.1,-51.8,-65.43507247791052,151.2627386318541,-90.5734694515215,55.27752227224632,0.18046797909081036
B_PA2_to_C2,1D,44,13,5.0,0.6,0.6,-67.43704656234294,151.00688424031952,-89.9932640606525,-72.06,190.1,-51.8,-64.8630798823584,151.33583988657827,-90.73924242034121,55.41408096096885,0.13818974728816968
B_PA2_to_C2,1D,44,14,5.0,0.6,0.6,-67.43704656234294,151.00688424031952,-89.9932640606525,-72.06,190.1,-51.8,-64.29108728680629,151.40894114130245,-90.90501538916094,55.556784184642424,0.09400918268334735
B_PA2_to_C2,1D,44,15,5.0,0.6,0.6,-67.43704656234294,151.00688424031952,-89.9932640606525,-72.06,190.1,-51.8,-63.71909469125416,151.4820423960266,-91.07078835798065,55.70558472118446,0.047940905116156785
B_PA2_to_C2,1D,44,16,5.0,0.6,0.6,-67.43704656234294,151.00688424031952,-89.9932640606525,-72.06,190.1,-51.8,-63.147102095702046,151.55514365075078,-91.23656132680036,55.86043384470964,0.0
B_PA2_to_C2,1D,45,1,5.0,0.6,0.6,-66.40230189331929,151.13820215259082,-90.29075113844432,-70.79,190.58,-51.8,-70.69834886086815,150.5968423035874,-89.06563483110808,54.65701088307884,0.4985211161820722
B_PA2_to_C2,1D,45,2,5.0,0.6,0.6,-66.40230189331929,151.13820215259082,-90.29075113844432,-70.79,190.58,-51.8,-70.12554259852831,150.66902361678785,-89.22898367208624,54.71979859452142,0.4790821962308094
B_PA2_to_C2,1D,45,3,5.0,0.6,0.6,-66.40230189331929,151.13820215259082,-90.29075113844432,-70.79,190.58,-51.8,-69.55273633618846,150.7412049299883,-89.39233251306442,54.78908538912634,0.4576311762292846
B_PA2_to_C2,1D,45,4,5.0,0.6,0.6,-66.40230189331929,151.13820215259082,-90.29075113844432,-70.79,190.58,-51.8,-68.9799300738486,150.81338624318877,-89.55568135404258,54.86484664454066,0.4341756791969864
B_PA2_to_C2,1D,45,5,5.0,0.6,0.6,-66.40230189331929,151.13820215259082,-90.29075113844432,-70.79,190.58,-51.8,-68.40712381150877,150.88556755638922,-89.71903019502074,54.94705557972105,0.40872399647859936
B_PA2_to_C2,1D,45,6,5.0,0.6,0.6,-66.40230189331929,151.13820215259082,-90.29075113844432,-70.79,190.58,-51.8,-67.83431754916892,150.9577488695897,-89.88237903599891,55.03568330122687,0.3812850734117852
B_PA2_to_C2,1D,45,7,5.0,0.6,0.6,-66.40230189331929,151.13820215259082,-90.29075113844432,-70.79,190.58,-51.8,-67.26151128682906,151.02993018279014,-90.04572787697707,55.13069885268036,0.35186849401441833
B_PA2_to_C2,1D,45,8,5.0,0.6,0.6,-66.40230189331929,151.13820215259082,-90.29075113844432,-70.79,190.58,-51.8,-66.68870502448921,151.10211149599058,-90.20907671795524,55.23206926720129,0.32048446475097236
B_PA2_to_C2,1D,45,9,5.0,0.6,0.6,-66.40230189331929,151.13820215259082,-90.29075113844432,-70.79,190.58,-51.8,-66.11589876214937,151.17429280919106,-90.3724255589334,55.339759622615894,0.2871437974399491
B_PA2_to_C2,1D,45,10,5.0,0.6,0.6,-66.40230189331929,151.13820215259082,-90.29075113844432,-70.79,190.58,-51.8,-65.54309249980952,151.2464741223915,-90.53577439991157,55.45373309923236,0.25185789136673975
B_PA2_to_C2,1D,45,11,5.0,0.6,0.6,-66.40230189331929,151.13820215259082,-90.29075113844432,-70.79,190.58,-51.8,-64.97028623746967,151.31865543559195,-90.69912324088973,55.573951039969145,0.21463871466804463
B_PA2_to_C2,1D,45,12,5.0,0.6,0.6,-66.40230189331929,151.13820215259082,-90.29075113844432,-70.79,190.58,-51.8,-64.39747997512981,151.39083674879242,-90.8624720818679,55.700373012618826,0.17549878505514016
B_PA2_to_C2,1D,45,13,5.0,0.6,0.6,-66.40230189331929,151.13820215259082,-90.29075113844432,-70.79,190.58,-51.8,-63.82467371278997,151.46301806199287,-91.02582092284607,55.83295687402616,0.13445114994451046
B_PA2_to_C2,1D,45,14,5.0,0.6,0.6,-66.40230189331929,151.13820215259082,-90.29075113844432,-70.79,190.58,-51.8,-63.25186745045012,151.53519937519334,-91.18916976382422,55.97165883595778,0.09150936606475213
B_PA2_to_C2,1D,45,15,5.0,0.6,0.6,-66.40230189331929,151.13820215259082,-90.29075113844432,-70.79,190.58,-51.8,-62.679061188110275,151.6073806883938,-91.3525186048024,56.11643353244076,0.04668747860872102
B_PA2_to_C2,1D,45,16,5.0,0.6,0.6,-66.40230189331929,151.13820215259082,-90.29075113844432,-70.79,190.58,-51.8,-62.10625492577042,151.67956200159423,-91.51586744578056,56.26723408834693,0.0
B_PA2_to_C2,1D,46,1,5.0,0.6,0.6,-65.36609387181097,151.2678522055928,-90.58384371028333,-69.52,191.04,-51.8,-69.6681808101384,150.73343230899278,-89.37701176291425,55.10601754447908,0.48111362419882653
B_PA2_to_C2,1D,46,2,5.0,0.6,0.6,-65.36609387181097,151.2678522055928,-90.58384371028333,-69.52,191.04,-51.8,-69.0945692183614,150.80468829520612,-89.53792268923013,55.16531617085321,0.46275491634305865
B_PA2_to_C2,1D,46,3,5.0,0.6,0.6,-65.36609387181097,151.2678522055928,-90.58384371028333,-69.52,191.04,-51.8,-68.52095762658442,150.87594428141944,-89.69883361554601,55.23106957906902,0.442397824016183
B_PA2_to_C2,1D,46,4,5.0,0.6,0.6,-65.36609387181097,151.2678522055928,-90.58384371028333,-69.52,191.04,-51.8,-67.94734603480742,150.94720026763278,-89.85974454186189,55.30325474568134,0.4200494752197983
B_PA2_to_C2,1D,46,5,5.0,0.6,0.6,-65.36609387181097,151.2678522055928,-90.58384371028333,-69.52,191.04,-51.8,-67.37373444303044,151.01845625384613,-90.02065546817776,55.38184652107122,0.39571765621364463
B_PA2_to_C2,1D,46,6,5.0,0.6,0.6,-65.36609387181097,151.2678522055928,-90.58384371028333,-69.52,191.04,-51.8,-66.80012285125345,151.08971224005944,-90.18156639449364,55.466817672381865,0.36941079822273437
B_PA2_to_C2,1D,46,7,5.0,0.6,0.6,-65.36609387181097,151.2678522055928,-90.58384371028333,-69.52,191.04,-51.8,-66.22651125947645,151.1609682262728,-90.34247732080952,55.55813892958452,0.34113796317546985
B_PA2_to_C2,1D,46,8,5.0,0.6,0.6,-65.36609387181097,151.2678522055928,-90.58384371028333,-69.52,191.04,-51.8,-65.65289966769947,151.23222421248613,-90.5033882471254,55.6557790344972,0.31090882852758384
B_PA2_to_C2,1D,46,9,5.0,0.6,0.6,-65.36609387181097,151.2678522055928,-90.58384371028333,-69.52,191.04,-51.8,-65.07928807592248,151.30348019869945,-90.66429917344126,55.7597047925699,0.27873367122953496
B_PA2_to_C2,1D,46,10,5.0,0.6,0.6,-65.36609387181097,151.2678522055928,-90.58384371028333,-69.52,191.04,-51.8,-64.5056764841455,151.3747361849128,-90.82521009975714,55.86988112724337,0.2446233508971929
B_PA2_to_C2,1D,46,11,5.0,0.6,0.6,-65.36609387181097,151.2678522055928,-90.58384371028333,-69.52,191.04,-51.8,-63.9320648923685,151.44599217112614,-90.98612102607302,55.98627113668196,0.20858929224747413
B_PA2_to_C2,1D,46,12,5.0,0.6,0.6,-65.36609387181097,151.2678522055928,-90.58384371028333,-69.52,191.04,-51.8,-63.35845330059151,151.51724815733945,-91.1470319523889,56.10883615267591,0.170643466862348
B_PA2_to_C2,1D,46,13,5.0,0.6,0.6,-65.36609387181097,151.2678522055928,-90.58384371028333,-69.52,191.04,-51.8,-62.784841708814525,151.5885041435528,-91.30794287870478,56.23753580150533,0.130798374345499
B_PA2_to_C2,1D,46,14,5.0,0.6,0.6,-65.36609387181097,151.2678522055928,-90.58384371028333,-69.52,191.04,-51.8,-62.21123011703754,151.65976012976614,-91.46885380502066,56.37232806655546,0.08906702293679203
B_PA2_to_C2,1D,46,15,5.0,0.6,0.6,-65.36609387181097,151.2678522055928,-90.58384371028333,-69.52,191.04,-51.8,-61.63761852526054,151.73101611597946,-91.62976473133654,56.51316935247148,0.04546290965009803
B_PA2_to_C2,1D,46,16,5.0,0.6,0.6,-65.36609387181097,151.2678522055928,-90.58384371028333,-69.52,191.04,-51.8,-61.064006933483554,151.8022721021928,-91.79067565765241,56.6600145506413,0.0
B_PA2_to_C2,1D,47,1,5.0,0.6,0.6,-64.32843764514975,151.39582463511093,-90.87251660833755,-68.25,191.5,-51.8,-68.63650065771174,150.86838503459796,-89.68407201661017,55.554301633760105,0.4638438973332626
B_PA2_to_C2,1D,47,2,5.0,0.6,0.6,-64.32843764514975,151.39582463511093,-90.87251660833755,-68.25,191.5,-51.8,-68.0620922560368,150.93871031466637,-89.84253129550716,55.61014042085702,0.4465563471484586
B_PA2_to_C2,1D,47,3,5.0,0.6,0.6,-64.32843764514975,151.39582463511093,-90.87251660833755,-68.25,191.5,-51.8,-67.48768385436188,151.00903559473477,-90.00099057440414,55.67238997240976,0.4272840401661888
B_PA2_to_C2,1D,47,4,5.0,0.6,0.6,-64.32843764514975,151.39582463511093,-90.87251660833755,-68.25,191.5,-51.8,-66.91327545268695,151.07936087480314,-90.15944985330113,55.74102881049746,0.40603362589754965
B_PA2_to_C2,1D,47,5,5.0,0.6,0.6,-64.32843764514975,151.39582463511093,-90.87251660833755,-68.25,191.5,-51.8,-66.33886705101202,151.14968615487155,-90.31790913219811,55.816033363768724,0.382812401974558
B_PA2_to_C2,1D,47,6,5.0,0.6,0.6,-64.32843764514975,151.39582463511093,-90.87251660833755,-68.25,191.5,-51.8,-65.76445864933707,151.22001143493995,-90.4763684110951,55.89737800718365,0.3576283018460984
B_PA2_to_C2,1D,47,7,5.0,0.6,0.6,-64.32843764514975,151.39582463511093,-90.87251660833755,-68.25,191.5,-51.8,-65.19005024766214,151.29033671500832,-90.63482768999208,55.98503510484401,0.33048988151781344
B_PA2_to_C2,1D,47,8,5.0,0.6,0.6,-64.32843764514975,151.39582463511093,-90.87251660833755,-68.25,191.5,-51.8,-64.61564184598721,151.36066199507673,-90.79328696888906,56.0789750557484,0.301406305386422
B_PA2_to_C2,1D,47,9,5.0,0.6,0.6,-64.32843764514975,151.39582463511093,-90.87251660833755,-68.25,191.5,-51.8,-64.04123344431228,151.43098727514513,-90.95174624778603,56.17916634230064,0.2703873312216416
B_PA2_to_C2,1D,47,10,5.0,0.6,0.6,-64.32843764514975,151.39582463511093,-90.87251660833755,-68.25,191.5,-51.8,-63.46682504263735,151.50131255521353,-91.11020552668302,56.28557558139137,0.23744329435144707
B_PA2_to_C2,1D,47,11,5.0,0.6,0.6,-64.32843764514975,151.39582463511093,-90.87251660833755,-68.25,191.5,-51.8,-62.892416640962416,151.5716378352819,-91.26866480558,56.39816757786691,0.20258509110824718
B_PA2_to_C2,1D,47,12,5.0,0.6,0.6,-64.32843764514975,151.39582463511093,-90.87251660833755,-68.25,191.5,-51.8,-62.31800823928749,151.6419631153503,-91.42712408447699,56.51690538019392,0.16582416159523916
B_PA2_to_C2,1D,47,13,5.0,0.6,0.6,-64.32843764514975,151.39582463511093,-90.87251660833755,-68.25,191.5,-51.8,-61.74359983761256,151.7122883954187,-91.58558336337397,56.64175033812451,0.12717247183344682
B_PA2_to_C2,1D,47,14,5.0,0.6,0.6,-64.32843764514975,151.39582463511093,-90.87251660833755,-68.25,191.5,-51.8,-61.16919143593762,151.78261367548708,-91.74404264227095,56.772662162162746,0.08664249535102186
B_PA2_to_C2,1D,47,15,5.0,0.6,0.6,-64.32843764514975,151.39582463511093,-90.87251660833755,-68.25,191.5,-51.8,-60.59478303426269,151.8529389555555,-91.90250192116794,56.909598984632645,0.044247194276749724
B_PA2_to_C2,1D,47,16,5.0,0.6,0.6,-64.32843764514975,151.39582463511093,-90.87251660833755,-68.25,191.5,-51.8,-60.02037463258776,151.9232642356239,-92.06096120006492,57.05251742214655,0.0
B_PA2_to_C2,1D,48,1,5.0,0.6,0.6,-63.28934886231595,151.5221097582287,-91.1567453525607,-66.98,191.95,-51.8,-67.60332196710768,151.0016914715319,-89.98678772170173,55.994493105301004,0.44682567883526403
B_PA2_to_C2,1D,48,2,5.0,0.6,0.6,-63.28934886231595,151.5221097582287,-91.1567453525607,-66.98,191.95,-51.8,-67.02812555313545,151.0710805764248,-90.14278207248293,56.046920578796616,0.4305942628923489
B_PA2_to_C2,1D,48,3,5.0,0.6,0.6,-63.28934886231595,151.5221097582287,-91.1567453525607,-66.98,191.95,-51.8,-66.45292913916322,151.1404696813177,-90.29877642326412,56.10571588182677,0.4123913826972547
B_PA2_to_C2,1D,48,4,5.0,0.6,0.6,-63.28934886231595,151.5221097582287,-91.1567453525607,-66.98,191.95,-51.8,-65.87773272519098,151.20985878621062,-90.45477077404531,56.170859018343336,0.39222322897695605
B_PA2_to_C2,1D,48,5,5.0,0.6,0.6,-63.28934886231595,151.5221097582287,-91.1567453525607,-66.98,191.95,-51.8,-65.30253631121876,151.27924789110352,-90.61076512482651,56.242327931060395,0.37009663061254017
B_PA2_to_C2,1D,48,6,5.0,0.6,0.6,-63.28934886231595,151.5221097582287,-91.1567453525607,-66.98,191.95,-51.8,-64.72733989724652,151.34863699599643,-90.76675947560771,56.32009853818857,0.3460190432663559
B_PA2_to_C2,1D,48,7,5.0,0.6,0.6,-63.28934886231595,151.5221097582287,-91.1567453525607,-66.98,191.95,-51.8,-64.15214348327429,151.41802610088934,-90.92275382638891,56.40414477321329,0.31999853706675196
B_PA2_to_C2,1D,48,8,5.0,0.6,0.6,-63.28934886231595,151.5221097582287,-91.1567453525607,-66.98,191.95,-51.8,-63.576947069302065,151.48741520578224,-91.07874817717011,56.494438627567035,0.29204378339686343
B_PA2_to_C2,1D,48,9,5.0,0.6,0.6,-63.28934886231595,151.5221097582287,-91.1567453525607,-66.98,191.95,-51.8,-63.00175065532983,151.55680431067518,-91.2347425279513,56.59095019603636,0.2621640408367014
B_PA2_to_C2,1D,48,10,5.0,0.6,0.6,-63.28934886231595,151.5221097582287,-91.1567453525607,-66.98,191.95,-51.8,-62.4265542413576,151.62619341556808,-91.3907368787325,56.69364772473722,0.23036914031012046
B_PA2_to_C2,1D,48,11,5.0,0.6,0.6,-63.28934886231595,151.5221097582287,-91.1567453525607,-66.98,191.95,-51.8,-61.85135782738537,151.695582520461,-91.5467312295137,56.80249766148436,0.19666946949056907
B_PA2_to_C2,1D,48,12,5.0,0.6,0.6,-63.28934886231595,151.5221097582287,-91.1567453525607,-66.98,191.95,-51.8,-61.27616141341314,151.7649716253539,-91.7027255802949,56.91746470837637,0.16107595652090723
B_PA2_to_C2,1D,48,13,5.0,0.6,0.6,-63.28934886231595,151.5221097582287,-91.1567453525607,-66.98,191.95,-51.8,-60.700964999440906,151.8343607302468,-91.8587199310761,57.038511876412095,0.12360005310427624
B_PA2_to_C2,1D,48,14,5.0,0.6,0.6,-63.28934886231595,151.5221097582287,-91.1567453525607,-66.98,191.95,-51.8,-60.12576858546868,151.9037498351397,-92.0147142818573,57.16560054195126,0.0842537170240405
B_PA2_to_C2,1D,48,15,5.0,0.6,0.6,-63.28934886231595,151.5221097582287,-91.1567453525607,-66.98,191.95,-51.8,-59.55057217149645,151.9731389400326,-92.17070863263848,57.29869050482978,0.043049394151431386
B_PA2_to_C2,1D,48,16,5.0,0.6,0.6,-63.28934886231595,151.5221097582287,-91.1567453525607,-66.98,191.95,-51.8,-58.97537575752422,152.04252804492552,-92.32670298341968,57.4377400479389,0.0
B_PA2_to_C2,1D,49,1,5.0,0.6,0.6,-62.24884367455399,151.6466974859408,-91.43650640982341,-65.7,192.39,-51.8,-66.5686595544345,151.13333971181223,-90.28513567905338,56.42669807627935,0.4295823212819414
B_PA2_to_C2,1D,49,2,5.0,0.6,0.6,-62.24884367455399,151.6466974859408,-91.43650640982341,-65.7,192.39,-51.8,-65.99268410378377,151.20178741502937,-90.4386517764894,56.4756578627832,0.4144244926429792
B_PA2_to_C2,1D,49,3,5.0,0.6,0.6,-62.24884367455399,151.6466974859408,-91.43650640982341,-65.7,192.39,-51.8,-65.41670865313303,151.27023511824652,-90.59216787392539,56.530943794321225,0.39730810516990545
B_PA2_to_C2,1D,49,4,5.0,0.6,0.6,-62.24884367455399,151.6466974859408,-91.43650640982341,-65.7,192.39,-51.8,-64.8407332024823,151.33868282146366,-90.74568397136139,56.592537330634535,0.3782388988809551
B_PA2_to_C2,1D,49,5,5.0,0.6,0.6,-62.24884367455399,151.6466974859408,-91.43650640982341,-65.7,192.39,-51.8,-64.26475775183157,151.40713052468078,-90.8992000687974,56.66041790140472,0.3572232422957562
B_PA2_to_C2,1D,49,6,5.0,0.6,0.6,-62.24884367455399,151.6466974859408,-91.43650640982341,-65.7,192.39,-51.8,-63.68878230118083,151.47557822789793,-91.0527161662334,56.734562940101895,0.33426812195607525
B_PA2_to_C2,1D,49,7,5.0,0.6,0.6,-62.24884367455399,151.6466974859408,-91.43650640982341,-65.7,192.39,-51.8,-63.11280685053009,151.54402593111507,-91.2062322636694,56.81494792083279,0.3093811310177159
B_PA2_to_C2,1D,49,8,5.0,0.6,0.6,-62.24884367455399,151.6466974859408,-91.43650640982341,-65.7,192.39,-51.8,-62.536831399879354,151.61247363433222,-91.3597483611054,56.90154639805056,0.2825704569564884
B_PA2_to_C2,1D,49,9,5.0,0.6,0.6,-62.24884367455399,151.6466974859408,-91.43650640982341,-65.7,192.39,-51.8,-61.96085594922862,151.68092133754936,-91.51326445854141,56.99433004897997,0.25384486843345044
B_PA2_to_C2,1D,49,10,5.0,0.6,0.6,-62.24884367455399,151.6466974859408,-91.43650640982341,-65.7,192.39,-51.8,-61.384880498577886,151.7493690407665,-91.66678055597741,57.09326871860306,0.2232137013674773
B_PA2_to_C2,1D,49,11,5.0,0.6,0.6,-62.24884367455399,151.6466974859408,-91.43650640982341,-65.7,192.39,-51.8,-60.80890504792715,151.81781674398366,-91.82029665341342,57.19833046704404,0.19068684426500937
B_PA2_to_C2,1D,49,12,5.0,0.6,0.6,-62.24884367455399,151.6466974859408,-91.43650640982341,-65.7,192.39,-51.8,-60.23292959727642,151.8862644472008,-91.97381275084942,57.309481619185284,0.15627472285905242
B_PA2_to_C2,1D,49,13,5.0,0.6,0.6,-62.24884367455399,151.6466974859408,-91.43650640982341,-65.7,192.39,-51.8,-59.65695414662568,151.95471215041792,-92.12732884828543,57.42668681634261,0.11998828411065432
B_PA2_to_C2,1D,49,14,5.0,0.6,0.6,-62.24884367455399,151.6466974859408,-91.43650640982341,-65.7,192.39,-51.8,-59.08097869597494,152.02315985363506,-92.28084494572143,57.54990906982266,0.08183897962766551
B_PA2_to_C2,1D,49,15,5.0,0.6,0.6,-62.24884367455399,151.6466974859408,-91.43650640982341,-65.7,192.39,-51.8,-58.50500324532421,152.0916075568522,-92.43436104315742,57.67910981618401,0.04183874855603875
B_PA2_to_C2,1D,49,16,5.0,0.6,0.6,-62.24884367455399,151.6466974859408,-91.43650640982341,-65.7,192.39,-51.8,-57.92902779467347,152.16005526006936,-92.58787714059343,57.81424897402002,0.0
B_PA2_to_C2,1D,50,1,5.0,0.6,0.6,-61.20693837904393,151.7695790116044,-91.71177513775478,-64.42,192.82,-51.8,-65.53252827639629,151.26331892971706,-90.57909125890306,56.85079928733918,0.4125694297411542
B_PA2_to_C2,1D,50,2,5.0,0.6,0.6,-61.20693837904393,151.7695790116044,-91.71177513775478,-64.42,192.82,-51.8,-64.95578295674932,151.3308202739687,-90.7301157760833,56.8963356645656,0.3984714801354521
B_PA2_to_C2,1D,50,3,5.0,0.6,0.6,-61.20693837904393,151.7695790116044,-91.71177513775478,-64.42,192.82,-51.8,-64.37903763710233,151.39832161822034,-90.88114029326353,56.948157516292945,0.38242756319199955
B_PA2_to_C2,1D,50,4,5.0,0.6,0.6,-61.20693837904393,151.7695790116044,-91.71177513775478,-64.42,192.82,-51.8,-63.802292317455354,151.465822962472,-91.03216481044375,57.0062477009854,0.36444298588783397
B_PA2_to_C2,1D,50,5,5.0,0.6,0.6,-61.20693837904393,151.7695790116044,-91.71177513775478,-64.42,192.82,-51.8,-63.22554699780837,151.53332430672364,-91.18318932762398,57.07058707768561,0.3445236742159423
B_PA2_to_C2,1D,50,6,5.0,0.6,0.6,-61.20693837904393,151.7695790116044,-91.71177513775478,-64.42,192.82,-51.8,-62.64880167816139,151.60082565097528,-91.33421384480421,57.14115453713978,0.3226761635490156
B_PA2_to_C2,1D,50,7,5.0,0.6,0.6,-61.20693837904393,151.7695790116044,-91.71177513775478,-64.42,192.82,-51.8,-62.07205635851441,151.66832699522695,-91.48523836198444,57.21792703587645,0.29890758808874907
B_PA2_to_C2,1D,50,8,5.0,0.6,0.6,-61.20693837904393,151.7695790116044,-91.71177513775478,-64.42,192.82,-51.8,-61.49531103886743,151.7358283394786,-91.63626287916468,57.30087963311274,0.2732256694397428
B_PA2_to_C2,1D,50,9,5.0,0.6,0.6,-61.20693837904393,151.7695790116044,-91.71177513775478,-64.42,192.82,-51.8,-60.91856571922044,151.80332968373023,-91.7872873963449,57.38998553035248,0.2456387043500392
B_PA2_to_C2,1D,50,10,5.0,0.6,0.6,-61.20693837904393,151.7695790116044,-91.71177513775478,-64.42,192.82,-51.8,-60.34182039957346,151.87083102798186,-91.93831191352513,57.48521611353358,0.21615555166239275
B_PA2_to_C2,1D,50,11,5.0,0.6,0.6,-61.20693837904393,151.7695790116044,-91.71177513775478,-64.42,192.82,-51.8,-59.765075079926476,151.93833237223353,-92.08933643070536,57.586540997573834,0.18478561852299435
B_PA2_to_C2,1D,50,12,5.0,0.6,0.6,-61.20693837904393,151.7695790116044,-91.71177513775478,-64.42,192.82,-51.8,-59.188329760279494,152.00583371648517,-92.24036094788559,57.693928073159015,0.15153884589600253
B_PA2_to_C2,1D,50,13,5.0,0.6,0.6,-61.20693837904393,151.7695790116044,-91.71177513775478,-64.42,192.82,-51.8,-58.61158444063251,152.0733350607368,-92.39138546506582,57.80734355561099,0.11642569343409193
B_PA2_to_C2,1D,50,14,5.0,0.6,0.6,-61.20693837904393,151.7695790116044,-91.71177513775478,-64.42,192.82,-51.8,-58.03483912098553,152.14083640498848,-92.54240998224604,57.92675203567027,0.07945712375629554
B_PA2_to_C2,1D,50,15,5.0,0.6,0.6,-61.20693837904393,151.7695790116044,-91.71177513775478,-64.42,192.82,-51.8,-57.45809380133855,152.20833774924012,-92.69343449942627,58.05211653202339,0.04064458618567102
B_PA2_to_C2,1D,50,16,5.0,0.6,0.6,-61.20693837904393,151.7695790116044,-91.71177513775478,-64.42,192.82,-51.8,-56.88134848169157,152.27583909349175,-92.8444590166065,58.18339854540311,0.0
B_PA2_to_C2,1D,51,1,5.0,0.6,0.6,-60.16364981403854,151.89074522038314,-91.98252799904806,-63.14,193.25,-51.8,-64.49494326941716,151.39162204002625,-90.86862806897139,57.274054997834526,0.3956757474844821
B_PA2_to_C2,1D,51,2,5.0,0.6,0.6,-60.16364981403854,151.89074522038314,-91.98252799904806,-63.14,193.25,-51.8,-63.917437475366675,151.45817179740718,-91.01714805964828,57.31619330935641,0.3826298306046425
B_PA2_to_C2,1D,51,3,5.0,0.6,0.6,-60.16364981403854,151.89074522038314,-91.98252799904806,-63.14,193.25,-51.8,-63.339931681316195,151.52472155478807,-91.16566805032517,57.364576657167554,0.3676504659572295
B_PA2_to_C2,1D,51,4,5.0,0.6,0.6,-60.16364981403854,151.89074522038314,-91.98252799904806,-63.14,193.25,-51.8,-62.762425887265714,151.591271312169,-91.31418804100205,57.41918925443471,0.3507425411067153
B_PA2_to_C2,1D,51,5,5.0,0.6,0.6,-60.16364981403854,151.89074522038314,-91.98252799904806,-63.14,193.25,-51.8,-62.18492009321523,151.65782106954993,-91.46270803167894,57.48001334565893,0.3319115531116026
B_PA2_to_C2,1D,51,6,5.0,0.6,0.6,-60.16364981403854,151.89074522038314,-91.98252799904806,-63.14,193.25,-51.8,-61.607414299164745,151.72437082693085,-91.61122802235583,57.54702923520611,0.3111635996914224
B_PA2_to_C2,1D,51,7,5.0,0.6,0.6,-60.16364981403854,151.89074522038314,-91.98252799904806,-63.14,193.25,-51.8,-61.029908505114264,151.79092058431175,-91.75974801303272,57.62021531874215,0.28850536949450856
B_PA2_to_C2,1D,51,8,5.0,0.6,0.6,-60.16364981403854,151.89074522038314,-91.98252799904806,-63.14,193.25,-51.8,-60.45240271106378,151.85747034169268,-91.90826800370961,57.699548117457084,0.26394413150226725
B_PA2_to_C2,1D,51,9,5.0,0.6,0.6,-60.16364981403854,151.89074522038314,-91.98252799904806,-63.14,193.25,-51.8,-59.8748969170133,151.9240200990736,-92.05678799438651,57.78500231495439,0.23748772360836412
B_PA2_to_C2,1D,51,10,5.0,0.6,0.6,-60.16364981403854,151.89074522038314,-91.98252799904806,-63.14,193.25,-51.8,-59.29739112296282,151.99056985645453,-92.2053079850634,57.87655079667259,0.20914454041387387
B_PA2_to_C2,1D,51,11,5.0,0.6,0.6,-60.16364981403854,151.89074522038314,-91.98252799904806,-63.14,193.25,-51.8,-58.71988532891234,152.05711961383543,-92.35382797574029,57.97416469170007,0.17892352028152914
B_PA2_to_C2,1D,51,12,5.0,0.6,0.6,-60.16364981403854,151.89074522038314,-91.98252799904806,-63.14,193.25,-51.8,-58.14237953486185,152.12366937121635,-92.50234796641718,58.077813416836726,0.14683413169433024
B_PA2_to_C2,1D,51,13,5.0,0.6,0.6,-60.16364981403854,151.89074522038314,-91.98252799904806,-63.14,193.25,-51.8,-57.56487374081137,152.19021912859728,-92.65086795709406,58.1874647227514,0.1128863589653264
B_PA2_to_C2,1D,51,14,5.0,0.6,0.6,-60.16364981403854,151.89074522038314,-91.98252799904806,-63.14,193.25,-51.8,-56.98736794676089,152.2567688859782,-92.79938794777095,58.30308474207841,0.07709068734705582
B_PA2_to_C2,1D,51,15,5.0,0.6,0.6,-60.16364981403854,151.89074522038314,-91.98252799904806,-63.14,193.25,-51.8,-56.40986215271041,152.3233186433591,-92.94790793844784,58.424638039293974,0.03945808758991731
B_PA2_to_C2,1D,51,16,5.0,0.6,0.6,-60.16364981403854,151.89074522038314,-91.98252799904806,-63.14,193.25,-51.8,-55.83235635865993,152.38986840074003,-93.09642792912473,58.5520876622094,0.0
B_PA2_to_C2,1D,52,1,5.0,0.6,0.6,-59.118995098258246,152.01018632705112,-92.24874172716541,-61.85,193.66,-51.8,-63.455920517292476,151.5182394040823,-91.15372294435105,57.68208106866676,0.3786406512012839
B_PA2_to_C2,1D,52,2,5.0,0.6,0.6,-59.118995098258246,152.01018632705112,-92.24874172716541,-61.85,193.66,-51.8,-62.87766379475458,151.58383232714482,-91.29972544872629,57.72077866274872,0.3666599719189456
B_PA2_to_C2,1D,52,3,5.0,0.6,0.6,-59.118995098258246,152.01018632705112,-92.24874172716541,-61.85,193.66,-51.8,-62.29940707221668,151.64942525020732,-91.44572795310154,57.765682740324415,0.3527577807190383
B_PA2_to_C2,1D,52,4,5.0,0.6,0.6,-59.118995098258246,152.01018632705112,-92.24874172716541,-61.85,193.66,-51.8,-61.72115034967879,151.71501817326984,-91.59173045747679,57.816778840381595,0.3369385546951449
B_PA2_to_C2,1D,52,5,5.0,0.6,0.6,-59.118995098258246,152.01018632705112,-92.24874172716541,-61.85,193.66,-51.8,-61.142893627140886,151.78061109633234,-91.73773296185203,57.8740505624013,0.3192073714073089
B_PA2_to_C2,1D,52,6,5.0,0.6,0.6,-59.118995098258246,152.01018632705112,-92.24874172716541,-61.85,193.66,-51.8,-60.56463690460299,151.84620401939483,-91.8837354662273,57.9374795924121,0.29956990081572954
B_PA2_to_C2,1D,52,7,5.0,0.6,0.6,-59.118995098258246,152.01018632705112,-92.24874172716541,-61.85,193.66,-51.8,-59.98638018206509,151.91179694245736,-92.02973797060254,58.00704573190185,0.27803239632974197
B_PA2_to_C2,1D,52,8,5.0,0.6,0.6,-59.118995098258246,152.01018632705112,-92.24874172716541,-61.85,193.66,-51.8,-59.4081234595272,151.97738986551985,-92.17574047497779,58.082726929481694,0.2546016850047117
B_PA2_to_C2,1D,52,9,5.0,0.6,0.6,-59.118995098258246,152.01018632705112,-92.24874172716541,-61.85,193.66,-51.8,-58.829866736989295,152.04298278858238,-92.32174297935303,58.16449931518813,0.22928515692222362
B_PA2_to_C2,1D,52,10,5.0,0.6,0.6,-59.118995098258246,152.01018632705112,-92.24874172716541,-61.85,193.66,-51.8,-58.2516100144514,152.10857571164487,-92.46774548372828,58.25233723730153,0.20209075379113983
B_PA2_to_C2,1D,52,11,5.0,0.6,0.6,-59.118995098258246,152.01018632705112,-92.24874172716541,-61.85,193.66,-51.8,-57.6733532919135,152.1741686347074,-92.61374798810353,58.346213301551025,0.17302695680987057
B_PA2_to_C2,1D,52,12,5.0,0.6,0.6,-59.118995098258246,152.01018632705112,-92.24874172716541,-61.85,193.66,-51.8,-57.095096569375606,152.2397615577699,-92.75975049247879,58.44609841257051,0.14210277383170222
B_PA2_to_C2,1D,52,13,5.0,0.6,0.6,-59.118995098258246,152.01018632705112,-92.24874172716541,-61.85,193.66,-51.8,-56.516839846837705,152.3053544808324,-92.90575299685403,58.551961817463145,0.10932772587732842
B_PA2_to_C2,1D,52,14,5.0,0.6,0.6,-59.118995098258246,152.01018632705112,-92.24874172716541,-61.85,193.66,-51.8,-55.93858312429981,152.37094740389492,-93.05175550122928,58.663771151328525,0.07471183303974627
B_PA2_to_C2,1D,52,15,5.0,0.6,0.6,-59.118995098258246,152.01018632705112,-92.24874172716541,-61.85,193.66,-51.8,-55.36032640176191,152.4365403269574,-93.19775800560453,58.78149248460123,0.03826559982838518
B_PA2_to_C2,1D,52,16,5.0,0.6,0.6,-59.118995098258246,152.01018632705112,-92.24874172716541,-61.85,193.66,-51.8,-54.782069679224016,152.50213325001994,-93.34376050997977,58.90509037204691,0.0
B_PA2_to_C2,1D,53,1,5.0,0.6,0.6,-58.07299161693708,152.12789314608406,-92.5103927357169,-60.56,194.07,-51.8,-62.41547580895576,151.64316078343327,-91.43435111074749,58.08925257184873,0.3617143544847927
B_PA2_to_C2,1D,53,2,5.0,0.6,0.6,-58.07299161693708,152.12789314608406,-92.5103927357169,-60.56,194.07,-51.8,-61.836477916686604,151.70779176512005,-91.57782332741007,58.12453278155247,0.3507916889418432
B_PA2_to_C2,1D,53,3,5.0,0.6,0.6,-58.07299161693708,152.12789314608406,-92.5103927357169,-60.56,194.07,-51.8,-61.25748002441745,151.77242274680682,-91.72129554407266,58.1659811040053,0.3379593909688303
B_PA2_to_C2,1D,53,4,5.0,0.6,0.6,-58.07299161693708,152.12789314608406,-92.5103927357169,-60.56,194.07,-51.8,-60.67848213214829,151.83705372849357,-91.86476776073525,58.2135843640403,0.32322153956480193
B_PA2_to_C2,1D,53,5,5.0,0.6,0.6,-58.07299161693708,152.12789314608406,-92.5103927357169,-60.56,194.07,-51.8,-60.09948423987913,151.90168471018035,-92.00823997739784,58.2673274762707,0.30658280512814784
B_PA2_to_C2,1D,53,6,5.0,0.6,0.6,-58.07299161693708,152.12789314608406,-92.5103927357169,-60.56,194.07,-51.8,-59.520486347609975,151.96631569186712,-92.15171219406044,58.32719346878182,0.28804844212160674
B_PA2_to_C2,1D,53,7,5.0,0.6,0.6,-58.07299161693708,152.12789314608406,-92.5103927357169,-60.56,194.07,-51.8,-58.94148845534082,152.0309466735539,-92.29518441072302,58.39316350963046,0.2676242808681586
B_PA2_to_C2,1D,53,8,5.0,0.6,0.6,-58.07299161693708,152.12789314608406,-92.5103927357169,-60.56,194.07,-51.8,-58.36249056307166,152.09557765524067,-92.43865662738561,58.465216936056706,0.24531671850709458
B_PA2_to_C2,1D,53,9,5.0,0.6,0.6,-58.07299161693708,152.12789314608406,-92.5103927357169,-60.56,194.07,-51.8,-57.7834926708025,152.16020863692745,-92.5821288440482,58.5433312863037,0.2211327091427009
B_PA2_to_C2,1D,53,10,5.0,0.6,0.6,-58.07299161693708,152.12789314608406,-92.5103927357169,-60.56,194.07,-51.8,-57.204494778533345,152.22483961861423,-92.72560106071079,58.62748233393311,0.1950797532202806
B_PA2_to_C2,1D,53,11,5.0,0.6,0.6,-58.07299161693708,152.12789314608406,-92.5103927357169,-60.56,194.07,-51.8,-56.62549688626419,152.289470600301,-92.86907327737337,58.717644124516546,0.16716588616658612
B_PA2_to_C2,1D,53,12,5.0,0.6,0.6,-58.07299161693708,152.12789314608406,-92.5103927357169,-60.56,194.07,-51.8,-56.04649899399503,152.35410158198778,-93.01254549403598,58.81378901457639,0.13739966633381684
B_PA2_to_C2,1D,53,13,5.0,0.6,0.6,-58.07299161693708,152.12789314608406,-92.5103927357169,-60.56,194.07,-51.8,-55.46750110172587,152.41873256367455,-93.15601771069856,58.9158877126437,0.10579016228820848
B_PA2_to_C2,1D,53,14,5.0,0.6,0.6,-58.07299161693708,152.12789314608406,-92.5103927357169,-60.56,194.07,-51.8,-54.888503209456715,152.4833635453613,-93.29948992736115,59.02390932229563,0.07234693948575455
B_PA2_to_C2,1D,53,15,5.0,0.6,0.6,-58.07299161693708,152.12789314608406,-92.5103927357169,-60.56,194.07,-51.8,-54.30950531718756,152.54799452704808,-93.44296214402374,59.1378213870304,0.037080046379013964
B_PA2_to_C2,1D,53,16,5.0,0.6,0.6,-58.07299161693708,152.12789314608406,-92.5103927357169,-60.56,194.07,-51.8,-53.7305074249184,152.61262550873485,-93.58643436068633,59.25758993683462,0.0
B_PA2_to_C2,1D,54,1,5.0,0.6,0.6,-57.02565725142257,152.24385640055144,-92.76745833238854,-59.27,194.47,-51.8,-61.37362588585188,151.76637668353166,-91.71049008600947,58.48822022534029,0.34498846109341486
B_PA2_to_C2,1D,54,2,5.0,0.6,0.6,-57.02565725142257,152.24385640055144,-92.76745833238854,-59.27,194.47,-51.8,-60.79389673459464,151.83004064580098,-91.85141918552668,58.52012110172217,0.33511202877704704
B_PA2_to_C2,1D,54,3,5.0,0.6,0.6,-57.02565725142257,152.24385640055144,-92.76745833238854,-59.27,194.47,-51.8,-60.2141675833374,151.89370460807027,-91.99234828504389,58.5581526552243,0.3233375540085852
B_PA2_to_C2,1D,54,4,5.0,0.6,0.6,-57.02565725142257,152.24385640055144,-92.76745833238854,-59.27,194.47,-51.8,-59.63443843208016,151.95736857033958,-92.1332773845611,58.60230294984042,0.3096687321460081
B_PA2_to_C2,1D,54,5,5.0,0.6,0.6,-57.02565725142257,152.24385640055144,-92.76745833238854,-59.27,194.47,-51.8,-59.05470928082292,152.02103253260887,-92.2742064840783,58.65255816805607,0.29410984105757265
B_PA2_to_C2,1D,54,6,5.0,0.6,0.6,-57.02565725142257,152.24385640055144,-92.76745833238854,-59.27,194.47,-51.8,-58.47498012956567,152.0846964948782,-92.41513558359551,58.70890263230547,0.2766657344788115
B_PA2_to_C2,1D,54,7,5.0,0.6,0.6,-57.02565725142257,152.24385640055144,-92.76745833238854,-59.27,194.47,-51.8,-57.89525097830843,152.14836045714748,-92.55606468311272,58.771318829186136,0.2573418345157563
B_PA2_to_C2,1D,54,8,5.0,0.6,0.6,-57.02565725142257,152.24385640055144,-92.76745833238854,-59.27,194.47,-51.8,-57.31552182705119,152.2120244194168,-92.69699378262993,58.839787436344224,0.2361441233212993
B_PA2_to_C2,1D,54,9,5.0,0.6,0.6,-57.02565725142257,152.24385640055144,-92.76745833238854,-59.27,194.47,-51.8,-56.73579267579395,152.27568838168608,-92.83792288214715,58.914287351936096,0.21307913397397016
B_PA2_to_C2,1D,54,10,5.0,0.6,0.6,-57.02565725142257,152.24385640055144,-92.76745833238854,-59.27,194.47,-51.8,-56.15606352453671,152.3393523439554,-92.97885198166436,58.99479572656236,0.1881539405912278
B_PA2_to_C2,1D,54,11,5.0,0.6,0.6,-57.02565725142257,152.24385640055144,-92.76745833238854,-59.27,194.47,-51.8,-55.57633437327947,152.40301630622469,-93.11978108118157,59.08128799756439,0.16137614771134423
B_PA2_to_C2,1D,54,12,5.0,0.6,0.6,-57.02565725142257,152.24385640055144,-92.76745833238854,-59.27,194.47,-51.8,-54.996605222022225,152.466680268494,-93.26071018069878,59.17373792556516,0.1327538789804521
B_PA2_to_C2,1D,54,13,5.0,0.6,0.6,-57.02565725142257,152.24385640055144,-92.76745833238854,-59.27,194.47,-51.8,-54.416876070764985,152.5303442307633,-93.40163928021599,59.27211763313163,0.10229576518278449
B_PA2_to_C2,1D,54,14,5.0,0.6,0.6,-57.02565725142257,152.24385640055144,-92.76745833238854,-59.27,194.47,-51.8,-53.837146919507745,152.5940081930326,-93.5425683797332,59.37639764542908,0.0700109316541635
B_PA2_to_C2,1D,54,15,5.0,0.6,0.6,-57.02565725142257,152.24385640055144,-92.76745833238854,-59.27,194.47,-51.8,-53.257417768250505,152.6576721553019,-93.6834974792504,59.48654693273465,0.03590898511993146
B_PA2_to_C2,1D,54,16,5.0,0.6,0.6,-57.02565725142257,152.24385640055144,-92.76745833238854,-59.27,194.47,-51.8,-52.677688616993265,152.7213361175712,-93.82442657876761,59.60253295467202,0.0
B_PA2_to_C2,1D,55,1,5.0,0.6,0.6,-55.97700994133772,152.35806700921157,-93.0199148280702,-57.98,194.86,-51.8,-60.33038710542793,151.887877376961,-91.98211476211242,58.87894351150024,0.3284532569502794
B_PA2_to_C2,1D,55,2,5.0,0.6,0.6,-55.97700994133772,152.35806700921157,-93.0199148280702,-57.98,194.86,-51.8,-59.74993681688257,151.95056932792775,-92.12048810424012,58.907501032562074,0.3196119191602378
B_PA2_to_C2,1D,55,3,5.0,0.6,0.6,-55.97700994133772,152.35806700921157,-93.0199148280702,-57.98,194.86,-51.8,-59.1694865283372,152.01326127889448,-92.25886144636782,58.94215271579559,0.30888384385574597
B_PA2_to_C2,1D,55,4,5.0,0.6,0.6,-55.97700994133772,152.35806700921157,-93.0199148280702,-57.98,194.86,-51.8,-58.589036239791845,152.07595322986123,-92.39723478849552,58.98288782047751,0.29627235633812177
B_PA2_to_C2,1D,55,5,5.0,0.6,0.6,-55.97700994133772,152.35806700921157,-93.0199148280702,-57.98,194.86,-51.8,-58.00858595124648,152.13864518082798,-92.53560813062323,59.02969375249968,0.281781355712063
B_PA2_to_C2,1D,55,6,5.0,0.6,0.6,-55.97700994133772,152.35806700921157,-93.0199148280702,-57.98,194.86,-51.8,-57.42813566270112,152.2013371317947,-92.67398147275094,59.08255608371026,0.2654153088976443
B_PA2_to_C2,1D,55,7,5.0,0.6,0.6,-55.97700994133772,152.35806700921157,-93.0199148280702,-57.98,194.86,-51.8,-56.84768537415576,152.26402908276145,-92.81235481487865,59.14145857396175,0.2471792438043039
B_PA2_to_C2,1D,55,8,5.0,0.6,0.6,-55.97700994133772,152.35806700921157,-93.0199148280702,-57.98,194.86,-51.8,-56.2672350856104,152.3267210337282,-92.95072815700635,59.2063831957881,0.2270787416908817
B_PA2_to_C2,1D,55,9,5.0,0.6,0.6,-55.97700994133772,152.35806700921157,-93.0199148280702,-57.98,194.86,-51.8,-55.68678479706504,152.38941298469493,-93.08910149913405,59.27731016162396,0.20511992873860407
B_PA2_to_C2,1D,55,10,5.0,0.6,0.6,-55.97700994133772,152.35806700921157,-93.0199148280702,-57.98,194.86,-51.8,-55.10633450851968,152.45210493566168,-93.22747484126175,59.35421795347178,0.1813094668662103
B_PA2_to_C2,1D,55,11,5.0,0.6,0.6,-55.97700994133772,152.35806700921157,-93.0199148280702,-57.98,194.86,-51.8,-54.525884219974316,152.51479688662843,-93.36584818338946,59.43708335491487,0.15565454381881594
B_PA2_to_C2,1D,55,12,5.0,0.6,0.6,-55.97700994133772,152.35806700921157,-93.0199148280702,-57.98,194.86,-51.8,-53.94543393142896,152.57748883759515,-93.50422152551717,59.525881485367066,0.1281628625642668
B_PA2_to_C2,1D,55,13,5.0,0.6,0.6,-55.97700994133772,152.35806700921157,-93.0199148280702,-57.98,194.86,-51.8,-53.364983642883594,152.6401807885619,-93.64259486764487,59.62058583644438,0.09884263003259264
B_PA2_to_C2,1D,55,14,5.0,0.6,0.6,-55.97700994133772,152.35806700921157,-93.0199148280702,-57.98,194.86,-51.8,-52.78453335433824,152.70287273952866,-93.78096820977258,59.72116831033781,0.06770254523586416
B_PA2_to_C2,1D,55,15,5.0,0.6,0.6,-55.97700994133772,152.35806700921157,-93.0199148280702,-57.98,194.86,-51.8,-52.20408306579287,152.76556469049538,-93.91934155190027,59.827599260061945,0.03475178680733748
B_PA2_to_C2,1D,55,16,5.0,0.6,0.6,-55.97700994133772,152.35806700921157,-93.0199148280702,-57.98,194.86,-51.8,-51.62363277724751,152.82825664146213,-94.05771489402798,59.939847531449644,0.0
B_PA2_to_C2,1D,56,1,5.0,0.6,0.6,-54.92706831895261,152.47051600784263,-93.26774021710568,-56.68,195.24,-51.8,-59.285776336211995,152.00765489954523,-92.24920007813009,59.261821775573,0.3116507165527267
B_PA2_to_C2,1D,56,2,5.0,0.6,0.6,-54.92706831895261,152.47051600784263,-93.26774021710568,-56.68,195.24,-51.8,-58.70461526724408,152.06936971398488,-92.3850054299935,59.286972026110135,0.303864261278072
B_PA2_to_C2,1D,56,3,5.0,0.6,0.6,-54.92706831895261,152.47051600784263,-93.26774021710568,-56.68,195.24,-51.8,-58.12345419827616,152.13108452842454,-92.52081078185691,59.31818088823825,0.29420207486069927
B_PA2_to_C2,1D,56,4,5.0,0.6,0.6,-54.92706831895261,152.47051600784263,-93.26774021710568,-56.68,195.24,-51.8,-57.54229312930824,152.1927993428642,-92.65661613372032,59.35543880517389,0.2826671160570946
B_PA2_to_C2,1D,56,5,5.0,0.6,0.6,-54.92706831895261,152.47051600784263,-93.26774021710568,-56.68,195.24,-51.8,-56.96113206034032,152.25451415730384,-92.79242148558373,59.398734394090674,0.2692629089621157
B_PA2_to_C2,1D,56,6,5.0,0.6,0.6,-54.92706831895261,152.47051600784263,-93.26774021710568,-56.68,195.24,-51.8,-56.3799709913724,152.3162289717435,-92.92822683744716,59.44805446341133,0.2539935376554112
B_PA2_to_C2,1D,56,7,5.0,0.6,0.6,-54.92706831895261,152.47051600784263,-93.26774021710568,-56.68,195.24,-51.8,-55.79880992240449,152.37794378618315,-93.06403218931057,59.50338403275656,0.2368636400253088
B_PA2_to_C2,1D,56,8,5.0,0.6,0.6,-54.92706831895261,152.47051600784263,-93.26774021710568,-56.68,195.24,-51.8,-55.217648853436565,152.4396586006228,-93.19983754117398,59.56470635548114,0.21787840079169385
B_PA2_to_C2,1D,56,9,5.0,0.6,0.6,-54.92706831895261,152.47051600784263,-93.26774021710568,-56.68,195.24,-51.8,-54.63648778446865,152.50137341506246,-93.33564289303739,59.63200294371877,0.19704354375218003
B_PA2_to_C2,1D,56,10,5.0,0.6,0.6,-54.92706831895261,152.47051600784263,-93.26774021710568,-56.68,195.24,-51.8,-54.055326715500726,152.5630882295021,-93.4714482449008,59.70525359584927,0.17436532327834087
B_PA2_to_C2,1D,56,11,5.0,0.6,0.6,-54.92706831895261,152.47051600784263,-93.26774021710568,-56.68,195.24,-51.8,-53.47416564653281,152.62480304394177,-93.60725359676421,59.7844364262946,0.1498505150909324
B_PA2_to_C2,1D,56,12,5.0,0.6,0.6,-54.92706831895261,152.47051600784263,-93.26774021710568,-56.68,195.24,-51.8,-52.893004577564895,152.68651785838142,-93.74305894862763,59.869527897542746,0.12350640634537768
B_PA2_to_C2,1D,56,13,5.0,0.6,0.6,-54.92706831895261,152.47051600784263,-93.26774021710568,-56.68,195.24,-51.8,-52.31184350859697,152.74823267282108,-93.87886430049105,59.960502854292656,0.09534078506057497
B_PA2_to_C2,1D,56,14,5.0,0.6,0.6,-54.92706831895261,152.47051600784263,-93.26774021710568,-56.68,195.24,-51.8,-51.73068243962906,152.80994748726073,-94.01466965235446,60.0573345596075,0.06536192892594883
B_PA2_to_C2,1D,56,15,5.0,0.6,0.6,-54.92706831895261,152.47051600784263,-93.26774021710568,-56.68,195.24,-51.8,-51.149521370661134,152.87166230170038,-94.15047500421787,60.159994732958666,0.0335785935231101
B_PA2_to_C2,1D,56,16,5.0,0.6,0.6,-54.92706831895261,152.47051600784263,-93.26774021710568,-56.68,195.24,-51.8,-50.56836030169322,152.93337711614004,-94.28628035608128,60.26845359003831,0.0
B_PA2_to_C2,1D,57,1,5.0,0.6,0.6,-53.87585117730203,152.58119383266,-93.51091228214521,-55.38,195.61,-51.8,-58.23981118751937,152.1256972424485,-92.51172466936694,59.6364622684227,0.29502366205519337
B_PA2_to_C2,1D,57,2,5.0,0.6,0.6,-53.87585117730203,152.58119383266,-93.51091228214521,-55.38,195.61,-51.8,-57.65794985282373,152.18643012114336,-92.64494968440404,59.65823825153928,0.288281871616622
B_PA2_to_C2,1D,57,3,5.0,0.6,0.6,-53.87585117730203,152.58119383266,-93.51091228214521,-55.38,195.61,-51.8,-57.07608851812808,152.24716299983822,-92.77817469944115,59.68603815518203,0.27967509030307625
B_PA2_to_C2,1D,57,4,5.0,0.6,0.6,-53.87585117730203,152.58119383266,-93.51091228214521,-55.38,195.61,-51.8,-56.494227183432436,152.3078958785331,-92.91139971447825,59.719853566852166,0.2692059226033443
B_PA2_to_C2,1D,57,5,5.0,0.6,0.6,-53.87585117730203,152.58119383266,-93.51091228214521,-55.38,195.61,-51.8,-55.91236584873679,152.36862875722795,-93.04462472951535,59.75967427480412,0.25687753004855907
B_PA2_to_C2,1D,57,6,5.0,0.6,0.6,-53.87585117730203,152.58119383266,-93.51091228214521,-55.38,195.61,-51.8,-55.330504514041145,152.42936163592285,-93.17784974455246,59.80548828339339,0.24269362646055015
B_PA2_to_C2,1D,57,7,5.0,0.6,0.6,-53.87585117730203,152.58119383266,-93.51091228214521,-55.38,195.61,-51.8,-54.7486431793455,152.4900945146177,-93.31107475958956,59.857281831031415,0.22665847239305137
B_PA2_to_C2,1D,57,8,5.0,0.6,0.6,-53.87585117730203,152.58119383266,-93.51091228214521,-55.38,195.61,-51.8,-54.166781844649854,152.55082739331257,-93.44429977462666,59.915039410685054,0.2087768687851117
B_PA2_to_C2,1D,57,9,5.0,0.6,0.6,-53.87585117730203,152.58119383266,-93.51091228214521,-55.38,195.61,-51.8,-53.58492050995421,152.61156027200744,-93.57752478966377,59.97874379285018,0.1890541498485412
B_PA2_to_C2,1D,57,10,5.0,0.6,0.6,-53.87585117730203,152.58119383266,-93.51091228214521,-55.38,195.61,-51.8,-53.003059175258564,152.6722931507023,-93.71074980470087,60.04837605092068,0.16749617521371007
B_PA2_to_C2,1D,57,11,5.0,0.6,0.6,-53.87585117730203,152.58119383266,-93.51091228214521,-55.38,195.61,-51.8,-52.42119784056292,152.73302602939717,-93.84397481973797,60.12391558886699,0.14410932136036436
B_PA2_to_C2,1D,57,12,5.0,0.6,0.6,-53.87585117730203,152.58119383266,-93.51091228214521,-55.38,195.61,-51.8,-51.83933650586727,152.79375890809206,-93.97719983477508,60.20534017113118,0.11890047236216006
B_PA2_to_C2,1D,57,13,5.0,0.6,0.6,-53.87585117730203,152.58119383266,-93.51091228214521,-55.38,195.61,-51.8,-51.25747517117163,152.85449178678692,-94.11042484981218,60.292625954639284,0.09187700997575377
B_PA2_to_C2,1D,57,14,5.0,0.6,0.6,-53.87585117730203,152.58119383266,-93.51091228214521,-55.38,195.61,-51.8,-50.67561383647598,152.9152246654818,-94.24364986484927,60.385747522825795,0.0630468031068645
B_PA2_to_C2,1D,57,15,5.0,0.6,0.6,-53.87585117730203,152.58119383266,-93.51091228214521,-55.38,195.61,-51.8,-50.09375250178034,152.97595754417665,-94.37687487988639,60.4846779215603,0.032418196687512335
B_PA2_to_C2,1D,57,16,5.0,0.6,0.6,-53.87585117730203,152.58119383266,-93.51091228214521,-55.38,195.61,-51.8,-49.51189116708469,153.03669042287152,-94.51009989492348,60.589388696860965,0.0
B_PA2_to_C2,1D,58,1,5.0,0.6,0.6,-52.82337771589517,152.6900926983506,-93.74940860700194,-54.08,195.98,-51.8,-57.19250934016251,152.24199485028086,-92.76966518733416,60.01011810046466,0.27848363514684493
B_PA2_to_C2,1D,58,2,5.0,0.6,0.6,-52.82337771589517,152.6900926983506,-93.74940860700194,-54.08,195.98,-51.8,-56.60995845692686,152.3017412300235,-92.90029764328986,60.02853859072217,0.2727806969866222
B_PA2_to_C2,1D,58,3,5.0,0.6,0.6,-52.82337771589517,152.6900926983506,-93.74940860700194,-54.08,195.98,-51.8,-56.027407573691214,152.36148760976613,-93.03093009924557,60.05294843922261,0.26522346834871513
B_PA2_to_C2,1D,58,4,5.0,0.6,0.6,-52.82337771589517,152.6900926983506,-93.74940860700194,-54.08,195.98,-51.8,-55.44485669045557,152.42123398950878,-93.16156255520127,60.0833403461395,0.2558142092413185
B_PA2_to_C2,1D,58,5,5.0,0.6,0.6,-52.82337771589517,152.6900926983506,-93.74940860700194,-54.08,195.98,-51.8,-54.862305807219926,152.4809803692514,-93.29219501115698,60.119705239265286,0.24455572839742246
B_PA2_to_C2,1D,58,6,5.0,0.6,0.6,-52.82337771589517,152.6900926983506,-93.74940860700194,-54.08,195.98,-51.8,-54.279754923984285,152.54072674899402,-93.42282746711268,60.162032287500466,0.2314513790986048
B_PA2_to_C2,1D,58,7,5.0,0.6,0.6,-52.82337771589517,152.6900926983506,-93.74940860700194,-54.08,195.98,-51.8,-53.69720404074864,152.60047312873667,-93.55345992306839,60.210308916898555,0.2165050542075555
B_PA2_to_C2,1D,58,8,5.0,0.6,0.6,-52.82337771589517,152.6900926983506,-93.74940860700194,-54.08,195.98,-51.8,-53.11465315751299,152.6602195084793,-93.6840923790241,60.26452082921146,0.19972118042647224
B_PA2_to_C2,1D,58,9,5.0,0.6,0.6,-52.82337771589517,152.6900926983506,-93.74940860700194,-54.08,195.98,-51.8,-52.53210227427735,152.71996588822194,-93.81472483497978,60.32465202287176,0.18110471180099097
B_PA2_to_C2,1D,58,10,5.0,0.6,0.6,-52.82337771589517,152.6900926983506,-93.74940860700194,-54.08,195.98,-51.8,-51.9495513910417,152.77971226796456,-93.94535729093549,60.39068481634128,0.1606611224915433
B_PA2_to_C2,1D,58,11,5.0,0.6,0.6,-52.82337771589517,152.6900926983506,-93.74940860700194,-54.08,195.98,-51.8,-51.367000507806054,152.8394586477072,-94.0759897468912,60.46259987374656,0.1383963988366581
B_PA2_to_C2,1D,58,12,5.0,0.6,0.6,-52.82337771589517,152.6900926983506,-93.74940860700194,-54.08,195.98,-51.8,-50.784449624570414,152.89920502744982,-94.2066222028469,60.540376232716675,0.11431703073445476
B_PA2_to_C2,1D,58,13,5.0,0.6,0.6,-52.82337771589517,152.6900926983506,-93.74940860700194,-54.08,195.98,-51.8,-50.201898741334766,152.95895140719244,-94.3372546588026,60.62399133433062,0.0884300023710054
B_PA2_to_C2,1D,58,14,5.0,0.6,0.6,-52.82337771589517,152.6900926983506,-93.74940860700194,-54.08,195.98,-51.8,-49.619347858099125,153.0186977869351,-94.46788711475831,60.713421055077255,0.060742782325604594
B_PA2_to_C2,1D,58,15,5.0,0.6,0.6,-52.82337771589517,152.6900926983506,-93.74940860700194,-54.08,195.98,-51.8,-49.03679697486348,153.0784441666777,-94.59851957071402,60.808639740724395,0.03126331308500596
B_PA2_to_C2,1D,58,16,5.0,0.6,0.6,-52.82337771589517,152.6900926983506,-93.74940860700194,-54.08,195.98,-51.8,-48.45424609162783,153.13819054642036,-94.72915202666972,60.90962024198896,0.0
B_PA2_to_C2,1D,59,1,5.0,0.6,0.6,-51.76966745502341,152.79720389478553,-93.98320742451459,-52.77,196.33,-51.8,-56.14388869335289,152.35654138802073,-93.02299645119723,60.3687305119961,0.26174027841075187
B_PA2_to_C2,1D,59,2,5.0,0.6,0.6,-51.76966745502341,152.79720389478553,-93.98320742451459,-52.77,196.33,-51.8,-55.56065919490896,152.41529638892268,-93.15102458097287,60.38374123791206,0.25709299484543635
B_PA2_to_C2,1D,59,3,5.0,0.6,0.6,-51.76966745502341,152.79720389478553,-93.98320742451459,-52.77,196.33,-51.8,-54.97742969646503,152.47405138982467,-93.27905271074853,60.40470832761493,0.25060163580430483
B_PA2_to_C2,1D,59,4,5.0,0.6,0.6,-51.76966745502341,152.79720389478553,-93.98320742451459,-52.77,196.33,-51.8,-54.394200198021096,152.53280639072665,-93.40708084052417,60.43162558132407,0.24226812072407355
B_PA2_to_C2,1D,59,5,5.0,0.6,0.6,-51.76966745502341,152.79720389478553,-93.98320742451459,-52.77,196.33,-51.8,-53.81097069957717,152.5915613916286,-93.53510897029982,60.464485052454165,0.23209490984788417
B_PA2_to_C2,1D,59,6,5.0,0.6,0.6,-51.76966745502341,152.79720389478553,-93.98320742451459,-52.77,196.33,-51.8,-53.227741201133234,152.65031639253058,-93.66313710007547,60.503277059309475,0.220085000604751
B_PA2_to_C2,1D,59,7,5.0,0.6,0.6,-51.76966745502341,152.79720389478553,-93.98320742451459,-52.77,196.33,-51.8,-52.64451170268931,152.70907139343257,-93.79116522985112,60.54799019928468,0.2062419232130459
B_PA2_to_C2,1D,59,8,5.0,0.6,0.6,-51.76966745502341,152.79720389478553,-93.98320742451459,-52.77,196.33,-51.8,-52.06128220424537,152.76782639433455,-93.91919335962676,60.598611365523745,0.190569735522935
B_PA2_to_C2,1D,59,9,5.0,0.6,0.6,-51.76966745502341,152.79720389478553,-93.98320742451459,-52.77,196.33,-51.8,-51.478052705801446,152.8265813952365,-94.04722148940242,60.65512576598037,0.17307301711531053
B_PA2_to_C2,1D,59,10,5.0,0.6,0.6,-51.76966745502341,152.79720389478553,-93.98320742451459,-52.77,196.33,-51.8,-50.89482320735751,152.88533639613848,-94.17524961917806,60.7175169448159,0.15375686267706712
B_PA2_to_C2,1D,59,11,5.0,0.6,0.6,-51.76966745502341,152.79720389478553,-93.98320742451459,-52.77,196.33,-51.8,-50.311593708913584,152.94409139704047,-94.3032777489537,60.78576680606337,0.13262687467475232
B_PA2_to_C2,1D,59,12,5.0,0.6,0.6,-51.76966745502341,152.79720389478553,-93.98320742451459,-52.77,196.33,-51.8,-49.72836421046965,153.00284639794245,-94.43130587872936,60.85985563947902,0.10968915535102397
B_PA2_to_C2,1D,59,13,5.0,0.6,0.6,-51.76966745502341,152.79720389478553,-93.98320742451459,-52.77,196.33,-51.8,-49.14513471202572,153.0616013988444,-94.559334008505,60.9397621484966,0.08495029807004073
B_PA2_to_C2,1D,59,14,5.0,0.6,0.6,-51.76966745502341,152.79720389478553,-93.98320742451459,-52.77,196.33,-51.8,-48.56190521358179,153.12035639974638,-94.68736213828065,61.02546348019365,0.05841737803999081
B_PA2_to_C2,1D,59,15,5.0,0.6,0.6,-51.76966745502341,152.79720389478553,-93.98320742451459,-52.77,196.33,-51.8,-47.97867571513786,153.17911140064837,-94.8153902680563,61.11693525717368,0.03009794244245967
B_PA2_to_C2,1D,59,16,5.0,0.6,0.6,-51.76966745502341,152.79720389478553,-93.98320742451459,-52.77,196.33,-51.8,-47.39544621669393,153.23786640155032,-94.94341839783195,61.21415161126282,0.0
B_PA2_to_C2,1D,60,1,5.0,0.6,0.6,-50.71474037182839,152.90251849194152,-94.21228796453826,-51.47,196.68,-51.8,-55.09396825877043,152.46932725303606,-93.27169854041915,60.72576479968878,0.2455209422583522
B_PA2_to_C2,1D,60,2,5.0,0.6,0.6,-50.71474037182839,152.90251849194152,-94.21228796453826,-51.47,196.68,-51.8,-54.51007120717816,152.52708608489013,-93.39711046363503,60.73747968975724,0.24189404130836678
B_PA2_to_C2,1D,60,3,5.0,0.6,0.6,-50.71474037182839,152.90251849194152,-94.21228796453826,-51.47,196.68,-51.8,-53.92617415558588,152.58484491674417,-93.52252238685091,60.755118036427405,0.23643325286559147
B_PA2_to_C2,1D,60,4,5.0,0.6,0.6,-50.71474037182839,152.90251849194152,-94.21228796453826,-51.47,196.68,-51.8,-53.34227710399361,152.64260374859825,-93.64793431006679,60.77867468262842,0.2291401735463907
B_PA2_to_C2,1D,60,5,5.0,0.6,0.6,-50.71474037182839,152.90251849194152,-94.21228796453826,-51.47,196.68,-51.8,-52.75838005240134,152.7003625804523,-93.77334623328268,60.80814275023809,0.2200169328003625
B_PA2_to_C2,1D,60,6,5.0,0.6,0.6,-50.71474037182839,152.90251849194152,-94.21228796453826,-51.47,196.68,-51.8,-52.17448300080907,152.75812141230637,-93.89875815649856,60.84351365009983,0.20906618980911063
B_PA2_to_C2,1D,60,7,5.0,0.6,0.6,-50.71474037182839,152.90251849194152,-94.21228796453826,-51.47,196.68,-51.8,-51.5905859492168,152.81588024416044,-94.02417007971444,60.88477709449577,0.19629112962461193
B_PA2_to_C2,1D,60,8,5.0,0.6,0.6,-50.71474037182839,152.90251849194152,-94.21228796453826,-51.47,196.68,-51.8,-51.00668889762453,152.87363907601448,-94.14958200293032,60.93192111203281,0.18169545856051172
B_PA2_to_C2,1D,60,9,5.0,0.6,0.6,-50.71474037182839,152.90251849194152,-94.21228796453826,-51.47,196.68,-51.8,-50.422791846032254,152.93139790786856,-94.27499392614621,60.98493206489241,0.16528339885165622
B_PA2_to_C2,1D,60,10,5.0,0.6,0.6,-50.71474037182839,152.90251849194152,-94.21228796453826,-51.47,196.68,-51.8,-49.83889479443998,152.9891567397226,-94.40040584936209,61.043794668386205,0.14705968259970703
B_PA2_to_C2,1D,60,11,5.0,0.6,0.6,-50.71474037182839,152.90251849194152,-94.21228796453826,-51.47,196.68,-51.8,-49.25499774284771,153.04691557157668,-94.52581777257797,61.1084920127526,0.1270295450249712
B_PA2_to_C2,1D,60,12,5.0,0.6,0.6,-50.71474037182839,152.90251849194152,-94.21228796453826,-51.47,196.68,-51.8,-48.67110069125544,153.10467440343075,-94.65122969579384,61.179005587122774,0.10519871704659067
B_PA2_to_C2,1D,60,13,5.0,0.6,0.6,-50.71474037182839,152.90251849194152,-94.21228796453826,-51.47,196.68,-51.8,-48.08720363966317,153.1624332352848,-94.77664161900974,61.2553153055778,0.08157341721531353
B_PA2_to_C2,1D,60,14,5.0,0.6,0.6,-50.71474037182839,152.90251849194152,-94.21228796453826,-51.47,196.68,-51.8,-47.5033065880709,153.22019206713887,-94.90205354222562,61.33739953521266,0.05616034302495265
B_PA2_to_C2,1D,60,15,5.0,0.6,0.6,-50.71474037182839,152.90251849194152,-94.21228796453826,-51.47,196.68,-51.8,-46.919409536478625,153.2779508989929,-95.0274654654415,61.42523512611783,0.02896666163016448
B_PA2_to_C2,1D,60,16,5.0,0.6,0.6,-50.71474037182839,152.90251849194152,-94.21228796453826,-51.47,196.68,-51.8,-46.33551248488635,153.335709730847,-95.15287738865737,61.51879744318326,0.0
B_PA2_to_C2,1D,61,1,5.0,0.6,0.6,-49.65861645459795,153.00602810349906,-94.43662804934597,-50.16,197.01,-51.8,-54.042766743149414,152.58034479009197,-93.51574805494884,61.067780174466655,0.22907835810712385
B_PA2_to_C2,1D,61,2,5.0,0.6,0.6,-49.65861645459795,153.00602810349906,-94.43662804934597,-50.16,197.01,-51.8,-53.45821337134255,152.63710256521293,-93.63853205420179,61.07614102619374,0.22648985912040942
B_PA2_to_C2,1D,61,3,5.0,0.6,0.6,-49.65861645459795,153.00602810349906,-94.43662804934597,-50.16,197.01,-51.8,-52.87365999953569,152.69386034033386,-93.76131605345475,61.090393924626426,0.22207719706694817
B_PA2_to_C2,1D,61,4,5.0,0.6,0.6,-49.65861645459795,153.00602810349906,-94.43662804934597,-50.16,197.01,-51.8,-52.28910662772883,152.7506181154548,-93.8841000527077,61.11053474713306,0.21584164830328234
B_PA2_to_C2,1D,61,5,5.0,0.6,0.6,-49.65861645459795,153.00602810349906,-94.43662804934597,-50.16,197.01,-51.8,-51.704553255921965,152.80737589057574,-94.00688405196064,61.1365576745623,0.2077850144242639
B_PA2_to_C2,1D,61,6,5.0,0.6,0.6,-49.65861645459795,153.00602810349906,-94.43662804934597,-50.16,197.01,-51.8,-51.1199998841151,152.8641336656967,-94.1296680512136,61.168455199633804,0.19790961966528187
B_PA2_to_C2,1D,61,7,5.0,0.6,0.6,-49.65861645459795,153.00602810349906,-94.43662804934597,-50.16,197.01,-51.8,-50.53544651230824,152.92089144081766,-94.25245205046654,61.206218137736066,0.18621830755931867
B_PA2_to_C2,1D,61,8,5.0,0.6,0.6,-49.65861645459795,153.00602810349906,-94.43662804934597,-50.16,197.01,-51.8,-49.95089314050138,152.97764921593858,-94.37523604971949,61.24983564009504,0.1727144368599447
B_PA2_to_C2,1D,61,9,5.0,0.6,0.6,-49.65861645459795,153.00602810349906,-94.43662804934597,-50.16,197.01,-51.8,-49.366339768694516,153.03440699105954,-94.49802004897245,61.29929520926959,0.15740187674398598
B_PA2_to_C2,1D,61,10,5.0,0.6,0.6,-49.65861645459795,153.00602810349906,-94.43662804934597,-50.16,197.01,-51.8,-48.781786396887654,153.09116476618047,-94.6208040482254,61.354582716922685,0.14028500130959287
B_PA2_to_C2,1D,61,11,5.0,0.6,0.6,-49.65861645459795,153.00602810349906,-94.43662804934597,-50.16,197.01,-51.8,-48.19723302508079,153.14792254130143,-94.74358804747834,61.415682423809564,0.12136868338795637
B_PA2_to_C2,1D,61,12,5.0,0.6,0.6,-49.65861645459795,153.00602810349906,-94.43662804934597,-50.16,197.01,-51.8,-47.61267965327393,153.20468031642238,-94.8663720467313,61.48257700191784,0.1006582876888018
B_PA2_to_C2,1D,61,13,5.0,0.6,0.6,-49.65861645459795,153.00602810349906,-94.43662804934597,-50.16,197.01,-51.8,-47.02812628146707,153.2614380915433,-94.98915604598425,61.55524755868732,0.07815966330196389
B_PA2_to_C2,1D,61,14,5.0,0.6,0.6,-49.65861645459795,153.00602810349906,-94.43662804934597,-50.16,197.01,-51.8,-46.443572909660205,153.31819586666427,-95.11194004523719,61.63367366323222,0.05387913557908419
B_PA2_to_C2,1D,61,15,5.0,0.6,0.6,-49.65861645459795,153.00602810349906,-94.43662804934597,-50.16,197.01,-51.8,-45.85901953785334,153.3749536417852,-95.23472404449015,61.71783337448207,0.02782349742123813
B_PA2_to_C2,1D,61,16,5.0,0.6,0.6,-49.65861645459795,153.00602810349906,-94.43662804934597,-50.16,197.01,-51.8,-45.27446616604648,153.43171141690615,-95.3575080437431,61.80770327115267,0.0
B_PA2_to_C2,1D,62,1,5.0,0.6,0.6,-48.60131628715884,153.10772344792713,-94.6562074999455,-48.85,197.34,-51.8,-52.99030275389406,152.68958161226396,-93.75512193237533,61.40874714121972,0.21270663409029922
B_PA2_to_C2,1D,62,2,5.0,0.6,0.6,-48.60131628715884,153.10772344792713,-94.6562074999455,-48.85,197.34,-51.8,-52.40510455832937,152.74533385701903,-93.87526667471802,61.413769486762696,0.21115172834944218
B_PA2_to_C2,1D,62,3,5.0,0.6,0.6,-48.60131628715884,153.10772344792713,-94.6562074999455,-48.85,197.34,-51.8,-51.81990636276467,152.80108610177413,-93.99541141706071,61.4246525402642,0.20778236194030697
B_PA2_to_C2,1D,62,4,5.0,0.6,0.6,-48.60131628715884,153.10772344792713,-94.6562074999455,-48.85,197.34,-51.8,-51.234708167199976,152.85683834652923,-94.1155561594034,61.44139318742004,0.2025994990437603
B_PA2_to_C2,1D,62,5,5.0,0.6,0.6,-48.60131628715884,153.10772344792713,-94.6562074999455,-48.85,197.34,-51.8,-50.649509971635275,152.91259059128433,-94.23570090174609,61.46398664201751,0.19560462145940605
B_PA2_to_C2,1D,62,6,5.0,0.6,0.6,-48.60131628715884,153.10772344792713,-94.6562074999455,-48.85,197.34,-51.8,-50.06431177607058,152.9683428360394,-94.35584564408877,61.4924264527679,0.1867997264902428
B_PA2_to_C2,1D,62,7,5.0,0.6,0.6,-48.60131628715884,153.10772344792713,-94.6562074999455,-48.85,197.34,-51.8,-49.47911358050588,153.0240950807945,-94.47599038643146,61.52670451249629,0.17618732409755467
B_PA2_to_C2,1D,62,8,5.0,0.6,0.6,-48.60131628715884,153.10772344792713,-94.6562074999455,-48.85,197.34,-51.8,-48.89391538494119,153.0798473255496,-94.59613512877415,61.566811069658236,0.16377043333534047
B_PA2_to_C2,1D,62,9,5.0,0.6,0.6,-48.60131628715884,153.10772344792713,-94.6562074999455,-48.85,197.34,-51.8,-48.30871718937649,153.13559957030466,-94.71627987111684,61.61273474214527,0.1495525780761966
B_PA2_to_C2,1D,62,10,5.0,0.6,0.6,-48.60131628715884,153.10772344792713,-94.6562074999455,-48.85,197.34,-51.8,-47.723518993811794,153.19135181505976,-94.83642461345953,61.6644625333337,0.13353778204263023
B_PA2_to_C2,1D,62,11,5.0,0.6,0.6,-48.60131628715884,153.10772344792713,-94.6562074999455,-48.85,197.34,-51.8,-47.13832079824709,153.24710405981486,-94.95656935580222,61.7219798503246,0.11573056315999608
B_PA2_to_C2,1D,62,12,5.0,0.6,0.6,-48.60131628715884,153.10772344792713,-94.6562074999455,-48.85,197.34,-51.8,-46.5531226026824,153.30285630456993,-95.0767140981449,61.785270524315415,0.09613592724952724
B_PA2_to_C2,1D,62,13,5.0,0.6,0.6,-48.60131628715884,153.10772344792713,-94.6562074999455,-48.85,197.34,-51.8,-45.9679244071177,153.35860854932503,-95.1968588404876,61.854316833037615,0.07475936108166437
B_PA2_to_C2,1D,62,14,5.0,0.6,0.6,-48.60131628715884,153.10772344792713,-94.6562074999455,-48.85,197.34,-51.8,-45.382726211553006,153.41436079408012,-95.31700358283028,61.929099525188974,0.051606824811894825
B_PA2_to_C2,1D,62,15,5.0,0.6,0.6,-48.60131628715884,153.10772344792713,-94.6562074999455,-48.85,197.34,-51.8,-44.797528015988306,153.47011303883522,-95.43714832517297,62.00959784678273,0.026684743823114587
B_PA2_to_C2,1D,62,16,5.0,0.6,0.6,-48.60131628715884,153.10772344792713,-94.6562074999455,-48.85,197.34,-51.8,-44.21232982042361,153.5258652835903,-95.55729306751566,62.095789569331394,0.0
B_PA2_to_C2,1D,63,1,5.0,0.6,0.6,-47.54286080845083,153.20759763587284,-94.87100552845139,-47.54,197.66,-51.8,-51.93659613024778,152.79702910009684,-93.98979987741151,61.74135914598982,0.1964693328408309
B_PA2_to_C2,1D,63,2,5.0,0.6,0.6,-47.54286080845083,153.20759763587284,-94.87100552845139,-47.54,197.66,-51.8,-51.35076475400819,152.85177157153365,-94.10729396421684,61.74306750949996,0.19594042772933307
B_PA2_to_C2,1D,63,3,5.0,0.6,0.6,-47.54286080845083,153.20759763587284,-94.87100552845139,-47.54,197.66,-51.8,-50.76493337776859,152.90651404297043,-94.22478805102214,61.75060600327126,0.1936065287289317
B_PA2_to_C2,1D,63,4,5.0,0.6,0.6,-47.54286080845083,153.20759763587284,-94.87100552845139,-47.54,197.66,-51.8,-50.179102001529,152.96125651440724,-94.34228213782747,61.76397249254463,0.18946829675575216
B_PA2_to_C2,1D,63,5,5.0,0.6,0.6,-47.54286080845083,153.20759763587284,-94.87100552845139,-47.54,197.66,-51.8,-49.593270625289406,153.01599898584405,-94.45977622463278,61.78316319474406,0.18352690288595852
B_PA2_to_C2,1D,63,6,5.0,0.6,0.6,-47.54286080845083,153.20759763587284,-94.87100552845139,-47.54,197.66,-51.8,-49.00743924904982,153.07074145728083,-94.5772703114381,61.8081726848234,0.1757840267004056
B_PA2_to_C2,1D,63,7,5.0,0.6,0.6,-47.54286080845083,153.20759763587284,-94.87100552845139,-47.54,197.66,-51.8,-48.42160787281022,153.12548392871764,-94.69476439824342,61.838993902921146,0.16624185391472324
B_PA2_to_C2,1D,63,8,5.0,0.6,0.6,-47.54286080845083,153.20759763587284,-94.87100552845139,-47.54,197.66,-51.8,-47.83577649657063,153.18022640015445,-94.81225848504873,61.875618164298665,0.15490307330248854
B_PA2_to_C2,1D,63,9,5.0,0.6,0.6,-47.54286080845083,153.20759763587284,-94.87100552845139,-47.54,197.66,-51.8,-47.249945120331034,153.23496887159124,-94.92975257185405,61.91803517152865,0.14177087292168977
B_PA2_to_C2,1D,63,10,5.0,0.6,0.6,-47.54286080845083,153.20759763587284,-94.87100552845139,-47.54,197.66,-51.8,-46.664113744091445,153.28971134302805,-95.04724665865936,61.966233028894266,0.1268489356567919
B_PA2_to_C2,1D,63,11,5.0,0.6,0.6,-47.54286080845083,153.20759763587284,-94.87100552845139,-47.54,197.66,-51.8,-46.07828236785185,153.34445381446486,-95.16474074546468,62.020198258952675,0.11014143409072119
B_PA2_to_C2,1D,63,12,5.0,0.6,0.6,-47.54286080845083,153.20759763587284,-94.87100552845139,-47.54,197.66,-51.8,-45.49245099161226,153.39919628590164,-95.28223483227,62.07991582120878,0.0916530247235059
B_PA2_to_C2,1D,63,13,5.0,0.6,0.6,-47.54286080845083,153.20759763587284,-94.87100552845139,-47.54,197.66,-51.8,-44.90661961537266,153.45393875733845,-95.39972891907532,62.145369132839946,0.07138884155596159
B_PA2_to_C2,1D,63,14,5.0,0.6,0.6,-47.54286080845083,153.20759763587284,-94.87100552845139,-47.54,197.66,-51.8,-44.32078823913307,153.50868122877526,-95.51722300588064,62.2165400914058,0.04935448905879625
B_PA2_to_C2,1D,63,15,5.0,0.6,0.6,-47.54286080845083,153.20759763587284,-94.87100552845139,-47.54,197.66,-51.8,-43.734956862893476,153.56342370021204,-95.63471709268595,62.293409099471155,0.025556034549396145
B_PA2_to_C2,1D,63,16,5.0,0.6,0.6,-47.54286080845083,153.20759763587284,-94.87100552845139,-47.54,197.66,-51.8,-43.14912548665389,153.61816617164885,-95.75221117949127,62.375955091065705,0.0
B_PA2_to_C2,1D,64,1,5.0,0.6,0.6,-46.48327113250459,153.30564221957908,-95.0810017177901,-46.22,197.98,-51.8,-50.881666507896796,152.90268161691395,-94.2197579227888,62.07359848976823,0.17986377693779687
B_PA2_to_C2,1D,64,2,5.0,0.6,0.6,-46.48327113250459,153.30564221957908,-95.0810017177901,-46.22,197.98,-51.8,-50.29521379117784,152.95640969726932,-94.33459042878899,62.07191340805257,0.18038547406338523
B_PA2_to_C2,1D,64,3,5.0,0.6,0.6,-46.48327113250459,153.30564221957908,-95.0810017177901,-46.22,197.98,-51.8,-49.70876107445888,153.01013777762466,-94.44942293478915,62.076027891647506,0.17911164013306546
B_PA2_to_C2,1D,64,4,5.0,0.6,0.6,-46.48327113250459,153.30564221957908,-95.0810017177901,-46.22,197.98,-51.8,-49.12230835773991,153.06386585798,-94.56425544078932,62.085940787527896,0.17604263212056281
B_PA2_to_C2,1D,64,5,5.0,0.6,0.6,-46.48327113250459,153.30564221957908,-95.0810017177901,-46.22,197.98,-51.8,-48.53585564102095,153.11759393833538,-94.6790879467895,62.101649319001496,0.17117930968291617
B_PA2_to_C2,1D,64,6,5.0,0.6,0.6,-46.48327113250459,153.30564221957908,-95.0810017177901,-46.22,197.98,-51.8,-47.94940292430199,153.17132201869072,-94.79392045278966,62.123149089595096,0.16452303395734091
B_PA2_to_C2,1D,64,7,5.0,0.6,0.6,-46.48327113250459,153.30564221957908,-95.0810017177901,-46.22,197.98,-51.8,-47.36295020758303,153.22505009904606,-94.90875295878985,62.15043408919911,0.15607566565888575
B_PA2_to_C2,1D,64,8,5.0,0.6,0.6,-46.48327113250459,153.30564221957908,-95.0810017177901,-46.22,197.98,-51.8,-46.776497490864074,153.2787781794014,-95.02358546479002,62.18349670245076,0.1458395624850013
B_PA2_to_C2,1D,64,9,5.0,0.6,0.6,-46.48327113250459,153.30564221957908,-95.0810017177901,-46.22,197.98,-51.8,-46.19004477414511,153.33250625975677,-95.13841797079019,62.22232771932857,0.13381757583552556
B_PA2_to_C2,1D,64,10,5.0,0.6,0.6,-46.48327113250459,153.30564221957908,-95.0810017177901,-46.22,197.98,-51.8,-45.60359205742615,153.3862343401121,-95.25325047679036,62.26691634792384,0.12001304685865932
B_PA2_to_C2,1D,64,11,5.0,0.6,0.6,-46.48327113250459,153.30564221957908,-95.0810017177901,-46.22,197.98,-51.8,-45.01713934070719,153.43996242046745,-95.36808298279054,62.317250229347955,0.10442980183571393
B_PA2_to_C2,1D,64,12,5.0,0.6,0.6,-46.48327113250459,153.30564221957908,-95.0810017177901,-46.22,197.98,-51.8,-44.43068662398823,153.4936905008228,-95.48291548879071,62.37331545472782,0.08707214691934695
B_PA2_to_C2,1D,64,13,5.0,0.6,0.6,-46.48327113250459,153.30564221957908,-95.0810017177901,-46.22,197.98,-51.8,-43.84423390726927,153.54741858117816,-95.59774799479088,62.43509658423544,0.06794486224206508
B_PA2_to_C2,1D,64,14,5.0,0.6,0.6,-46.48327113250459,153.30564221957908,-95.0810017177901,-46.22,197.98,-51.8,-43.257781190550304,153.6011466615335,-95.71258050079105,62.502576668091294,0.0470531954136284
B_PA2_to_C2,1D,64,15,5.0,0.6,0.6,-46.48327113250459,153.30564221957908,-95.0810017177901,-46.22,197.98,-51.8,-42.671328473831345,153.65487474188885,-95.82741300679122,62.57573726947571,0.02440285442774126
B_PA2_to_C2,1D,64,16,5.0,0.6,0.6,-46.48327113250459,153.30564221957908,-95.0810017177901,-46.22,197.98,-51.8,-42.084875757112385,153.70860282224422,-95.9422455127914,62.654558489277306,0.0
B_PA2_to_C2,1D,65,1,5.0,0.6,0.6,-45.422568901487594,153.40184895521443,-95.28617699272675,-44.9,198.28,-51.8,-49.82553483427708,153.00653153003523,-94.44497836692848,62.39023978652727,0.16344608587638731
B_PA2_to_C2,1D,65,2,5.0,0.6,0.6,-45.422568901487594,153.40184895521443,-95.28617699272675,-44.9,198.28,-51.8,-49.23847270990515,153.05924052005912,-94.55713818370158,62.385192947184244,0.1650085748370742
B_PA2_to_C2,1D,65,3,5.0,0.6,0.6,-45.422568901487594,153.40184895521443,-95.28617699272675,-44.9,198.28,-51.8,-48.65141058553322,153.111949510083,-94.66929800047468,62.385916499595034,0.16478456480277615
B_PA2_to_C2,1D,65,4,5.0,0.6,0.6,-45.422568901487594,153.40184895521443,-95.28617699272675,-44.9,198.28,-51.8,-48.06434846116129,153.16465850010692,-94.7814578172478,62.392410243005365,0.1627741179265101
B_PA2_to_C2,1D,65,5,5.0,0.6,0.6,-45.422568901487594,153.40184895521443,-95.28617699272675,-44.9,198.28,-51.8,-47.477286336789355,153.2173674901308,-94.8936176340209,62.40467237610112,0.15897779189067407
B_PA2_to_C2,1D,65,6,5.0,0.6,0.6,-45.422568901487594,153.40184895521443,-95.28617699272675,-44.9,198.28,-51.8,-46.89022421241742,153.2700764801547,-95.005777450794,62.42269949950543,0.15339663913392343
B_PA2_to_C2,1D,65,7,5.0,0.6,0.6,-45.422568901487594,153.40184895521443,-95.28617699272675,-44.9,198.28,-51.8,-46.30316208804549,153.3227854701786,-95.1179372675671,62.446486620486446,0.14603220539367
B_PA2_to_C2,1D,65,8,5.0,0.6,0.6,-45.422568901487594,153.40184895521443,-95.28617699272675,-44.9,198.28,-51.8,-45.71609996367356,153.37549446020248,-95.2300970843402,62.47602715986053,0.1368865275688762
B_PA2_to_C2,1D,65,9,5.0,0.6,0.6,-45.422568901487594,153.40184895521443,-95.28617699272675,-44.9,198.28,-51.8,-45.12903783930163,153.4282034502264,-95.3422569011133,62.51131296106862,0.1259621309100254
B_PA2_to_C2,1D,65,10,5.0,0.6,0.6,-45.422568901487594,153.40184895521443,-95.28617699272675,-44.9,198.28,-51.8,-44.5419757149297,153.48091244025028,-95.4544167178864,62.5523343013968,0.11326202554526077
B_PA2_to_C2,1D,65,11,5.0,0.6,0.6,-45.422568901487594,153.40184895521443,-95.28617699272675,-44.9,198.28,-51.8,-43.954913590557766,153.53362143027417,-95.5665765346595,62.59907990530484,0.09878970235391904
B_PA2_to_C2,1D,65,12,5.0,0.6,0.6,-45.422568901487594,153.40184895521443,-95.28617699272675,-44.9,198.28,-51.8,-43.36785146618583,153.58633042029805,-95.6787363514326,62.65153695982068,0.08254912820040516
B_PA2_to_C2,1D,65,13,5.0,0.6,0.6,-45.422568901487594,153.40184895521443,-95.28617699272675,-44.9,198.28,-51.8,-42.7807893418139,153.63903941032194,-95.7908961682057,62.70969113195197,0.06454474054365988
B_PA2_to_C2,1D,65,14,5.0,0.6,0.6,-45.422568901487594,153.40184895521443,-95.28617699272675,-44.9,198.28,-51.8,-42.19372721744197,153.69174840034586,-95.90305598497882,62.7735265880598,0.04478144143907059
B_PA2_to_C2,1D,65,15,5.0,0.6,0.6,-45.422568901487594,153.40184895521443,-95.28617699272675,-44.9,198.28,-51.8,-41.606665093070035,153.74445739036975,-96.01521580175192,62.84302601513463,0.02326459095150568
B_PA2_to_C2,1D,65,16,5.0,0.6,0.6,-45.422568901487594,153.40184895521443,-95.28617699272675,-44.9,198.28,-51.8,-41.01960296869811,153.79716638039363,-96.12737561852502,62.91817064390799,0.0
B_PA2_to_C2,1D,66,1,5.0,0.6,0.6,-44.36077557018651,153.49620909959995,-95.48651027214626,-43.58,198.57,-51.8,-48.76822064583325,153.10856571099694,-94.6654374931372,62.69852767458934,0.1471442466872368
B_PA2_to_C2,1D,66,2,5.0,0.6,0.6,-44.36077557018651,153.49620909959995,-95.48651027214626,-43.58,198.57,-51.8,-48.180561302413686,153.160251496144,-94.77491386367174,62.69013993500671,0.14974107008742976
B_PA2_to_C2,1D,66,3,5.0,0.6,0.6,-44.36077557018651,153.49620909959995,-95.48651027214626,-43.58,198.57,-51.8,-47.59290195899412,153.21193728129106,-94.88439023420628,62.687494108316386,0.15056021147762522
B_PA2_to_C2,1D,66,4,5.0,0.6,0.6,-44.36077557018651,153.49620909959995,-95.48651027214626,-43.58,198.57,-51.8,-47.00524261557456,153.26362306643813,-94.99386660474083,62.69059092152251,0.14960144577913326
B_PA2_to_C2,1D,66,5,5.0,0.6,0.6,-44.36077557018651,153.49620909959995,-95.48651027214626,-43.58,198.57,-51.8,-46.41758327215499,153.3153088515852,-95.10334297527537,62.699429523713825,0.14686503643197923
B_PA2_to_C2,1D,66,6,5.0,0.6,0.6,-44.36077557018651,153.49620909959995,-95.48651027214626,-43.58,198.57,-51.8,-45.829923928735425,153.36699463673227,-95.2128193458099,62.71400748723234,0.14235173503305631
B_PA2_to_C2,1D,66,7,5.0,0.6,0.6,-44.36077557018651,153.49620909959995,-95.48651027214626,-43.58,198.57,-51.8,-45.24226458531586,153.41868042187934,-95.32229571634446,62.734320811005134,0.1360627803046377
B_PA2_to_C2,1D,66,8,5.0,0.6,0.6,-44.36077557018651,153.49620909959995,-95.48651027214626,-43.58,198.57,-51.8,-44.65460524189629,153.47036620702642,-95.431772086879,62.76036392602889,0.12799989639635356
B_PA2_to_C2,1D,66,9,5.0,0.6,0.6,-44.36077557018651,153.49620909959995,-95.48651027214626,-43.58,198.57,-51.8,-44.06694589847673,153.5220519921735,-95.54124845741353,62.79212970298957,0.11816529052617497
B_PA2_to_C2,1D,66,10,5.0,0.6,0.6,-44.36077557018651,153.49620909959995,-95.48651027214626,-43.58,198.57,-51.8,-43.479286555057165,153.57373777732056,-95.65072482794807,62.82960946199285,0.1065616499678832
B_PA2_to_C2,1D,66,11,5.0,0.6,0.6,-44.36077557018651,153.49620909959995,-95.48651027214626,-43.58,198.57,-51.8,-42.8916272116376,153.62542356246763,-95.76020119848262,62.87279298437457,0.0931921383945955
B_PA2_to_C2,1D,66,12,5.0,0.6,0.6,-44.36077557018651,153.49620909959995,-95.48651027214626,-43.58,198.57,-51.8,-42.30396786821803,153.6771093476147,-95.86967756901716,62.92166852655369,0.07806039158991496
B_PA2_to_C2,1D,66,13,5.0,0.6,0.6,-44.36077557018651,153.49620909959995,-95.48651027214626,-43.58,198.57,-51.8,-41.716308524798464,153.72879513276177,-95.9791539395517,62.97622283588445,0.06117051254014427
B_PA2_to_C2,1D,66,14,5.0,0.6,0.6,-44.36077557018651,153.49620909959995,-95.48651027214626,-43.58,198.57,-51.8,-41.128649181378904,153.78048091790885,-96.08863031008624,63.036441168457884,0.04252706592298239
B_PA2_to_C2,1D,66,15,5.0,0.6,0.6,-44.36077557018651,153.49620909959995,-95.48651027214626,-43.58,198.57,-51.8,-40.54098983795934,153.8321667030559,-96.19810668062078,63.1023073087976,0.02213507200975684
B_PA2_to_C2,1D,66,16,5.0,0.6,0.6,-44.36077557018651,153.49620909959995,-95.48651027214626,-43.58,198.57,-51.8,-39.95333049453977,153.88385248820296,-96.30758305115532,63.17380359138911,0.0
B_PA2_to_C2,1D,67,1,5.0,0.6,0.6,-43.29791368497544,153.58871652443105,-95.68198375449377,-42.26,198.86,-51.8,-47.70974474793435,153.20877690428,-94.88111387932656,63.00568435495596,0.13089991346587482
B_PA2_to_C2,1D,67,2,5.0,0.6,0.6,-43.29791368497544,153.58871652443105,-95.68198375449377,-42.26,198.86,-51.8,-47.121500606206496,153.25943552030014,-94.98789652934886,62.993968565579,0.13452709283954434
B_PA2_to_C2,1D,67,3,5.0,0.6,0.6,-43.29791368497544,153.58871652443105,-95.68198375449377,-42.26,198.86,-51.8,-46.53325646447864,153.3100941363203,-95.09467917937116,62.98796623360662,0.13638539995173815
B_PA2_to_C2,1D,67,4,5.0,0.6,0.6,-43.29791368497544,153.58871652443105,-95.68198375449377,-42.26,198.86,-51.8,-45.945012322750785,153.36075275234043,-95.20146182939345,62.987678992409144,0.13647432911504254
B_PA2_to_C2,1D,67,5,5.0,0.6,0.6,-43.29791368497544,153.58871652443105,-95.68198375449377,-42.26,198.86,-51.8,-45.356768181022936,153.41141136836058,-95.30824447941575,62.99310692016701,0.13479385612499328
B_PA2_to_C2,1D,67,6,5.0,0.6,0.6,-43.29791368497544,153.58871652443105,-95.68198375449377,-42.26,198.86,-51.8,-44.76852403929508,153.4620699843807,-95.41502712943803,63.00424853976442,0.13134443829297737
B_PA2_to_C2,1D,67,7,5.0,0.6,0.6,-43.29791368497544,153.58871652443105,-95.68198375449377,-42.26,198.86,-51.8,-44.180279897567225,153.51272860040083,-95.52180977946033,63.02110082079827,0.12612701382429137
B_PA2_to_C2,1D,67,8,5.0,0.6,0.6,-43.29791368497544,153.58871652443105,-95.68198375449377,-42.26,198.86,-51.8,-43.59203575583937,153.56338721642098,-95.62859242948262,63.04365918369612,0.11914300054322169
B_PA2_to_C2,1D,67,9,5.0,0.6,0.6,-43.29791368497544,153.58871652443105,-95.68198375449377,-42.26,198.86,-51.8,-43.00379161411151,153.61404583244112,-95.73537507950492,63.071917505930045,0.11039429396925371
B_PA2_to_C2,1D,67,10,5.0,0.6,0.6,-43.29791368497544,153.58871652443105,-95.68198375449377,-42.26,198.86,-51.8,-42.41554747238366,153.66470444846126,-95.84215772952722,63.10586813030669,0.09988326475047771
B_PA2_to_C2,1D,67,11,5.0,0.6,0.6,-43.29791368497544,153.58871652443105,-95.68198375449377,-42.26,198.86,-51.8,-41.8273033306558,153.7153630644814,-95.94894037954951,63.14550187530756,0.0876127554622812
B_PA2_to_C2,1D,67,12,5.0,0.6,0.6,-43.29791368497544,153.58871652443105,-95.68198375449377,-42.26,198.86,-51.8,-41.239059188927946,153.76602168050152,-96.0557230295718,63.19080804744693,0.07358607678136408
B_PA2_to_C2,1D,67,13,5.0,0.6,0.6,-43.29791368497544,153.58871652443105,-95.68198375449377,-42.26,198.86,-51.8,-40.6508150472001,153.81668029652167,-96.16250567959409,63.24177445560882,0.05780700304703146
B_PA2_to_C2,1D,67,14,5.0,0.6,0.6,-43.29791368497544,153.58871652443105,-95.68198375449377,-42.26,198.86,-51.8,-40.06257090547224,153.8673389125418,-96.26928832961639,63.29838742731847,0.040279767223612595
B_PA2_to_C2,1D,67,15,5.0,0.6,0.6,-43.29791368497544,153.58871652443105,-95.68198375449377,-42.26,198.86,-51.8,-39.474326763744386,153.91799752856195,-96.37607097963868,63.360631826898015,0.02100905527947816
B_PA2_to_C2,1D,67,16,5.0,0.6,0.6,-43.29791368497544,153.58871652443105,-95.68198375449377,-42.26,198.86,-51.8,-38.88608262201653,153.9686561445821,-96.48285362966098,63.42849107545074,0.0
B_PA2_to_C2,1D,68,1,5.0,0.6,0.6,-42.234005550773134,153.6793630286134,-95.87257810104781,-40.94,199.14,-51.8,-46.65012920965648,153.3071602819998,-95.09199053718062,63.30443283750517,0.1147640351877186
B_PA2_to_C2,1D,68,2,5.0,0.6,0.6,-42.234005550773134,153.6793630286134,-95.87257810104781,-40.94,199.14,-51.8,-46.061312721805365,153.35678731488161,-95.19606887902958,63.28940829174175,0.11941559734357554
B_PA2_to_C2,1D,68,3,5.0,0.6,0.6,-42.234005550773134,153.6793630286134,-95.87257810104781,-40.94,199.14,-51.8,-45.47249623395425,153.40641434776344,-95.30014722087854,63.2800694291605,0.12230688606842222
B_PA2_to_C2,1D,68,4,5.0,0.6,0.6,-42.234005550773134,153.6793630286134,-95.87257810104781,-40.94,199.14,-51.8,-44.88367974610314,153.45604138064525,-95.4042255627275,63.2764187671834,0.1234371219746464
B_PA2_to_C2,1D,68,5,5.0,0.6,0.6,-42.234005550773134,153.6793630286134,-95.87257810104781,-40.94,199.14,-51.8,-44.29486325825203,153.50566841352705,-95.50830390457645,63.278457290301766,0.1228060002661735
B_PA2_to_C2,1D,68,6,5.0,0.6,0.6,-42.234005550773134,153.6793630286134,-95.87257810104781,-40.94,199.14,-51.8,-43.70604677040092,153.55529544640888,-95.61238224642541,63.28618444874938,0.12041369114926326
B_PA2_to_C2,1D,68,7,5.0,0.6,0.6,-42.234005550773134,153.6793630286134,-95.87257810104781,-40.94,199.14,-51.8,-43.117230282549805,153.60492247929068,-95.71646058827437,63.299598159243594,0.11626083960306843
B_PA2_to_C2,1D,68,8,5.0,0.6,0.6,-42.234005550773134,153.6793630286134,-95.87257810104781,-40.94,199.14,-51.8,-42.52841379469869,153.6545495121725,-95.82053893012333,63.31869480779194,0.11034856451070141
B_PA2_to_C2,1D,68,9,5.0,0.6,0.6,-42.234005550773134,153.6793630286134,-95.87257810104781,-40.94,199.14,-51.8,-41.939597306847574,153.7041765450543,-95.92461727197228,63.34346925455601,0.10267845715340229
B_PA2_to_C2,1D,68,10,5.0,0.6,0.6,-42.234005550773134,153.6793630286134,-95.87257810104781,-40.94,199.14,-51.8,-41.35078081899646,153.75380357793614,-96.02869561382124,63.37391484075658,0.09325257907273254
B_PA2_to_C2,1D,68,11,5.0,0.6,0.6,-42.234005550773134,153.6793630286134,-95.87257810104781,-40.94,199.14,-51.8,-40.76196433114535,153.80343061081794,-96.1327739556702,63.410023397599005,0.08207345930727428
B_PA2_to_C2,1D,68,12,5.0,0.6,0.6,-42.234005550773134,153.6793630286134,-95.87257810104781,-40.94,199.14,-51.8,-40.17314784329424,153.85305764369977,-96.23685229751916,63.45178525719065,0.06914409101264951
B_PA2_to_C2,1D,68,13,5.0,0.6,0.6,-42.234005550773134,153.6793630286134,-95.87257810104781,-40.94,199.14,-51.8,-39.584331355443126,153.90268467658157,-96.34093063936811,63.49918926541678,0.05446792747514806
B_PA2_to_C2,1D,68,14,5.0,0.6,0.6,-42.234005550773134,153.6793630286134,-95.87257810104781,-40.94,199.14,-51.8,-38.995514867592014,153.95231170946337,-96.44500898121707,63.552222796734725,0.038048877531512204
B_PA2_to_C2,1D,68,15,5.0,0.6,0.6,-42.234005550773134,153.6793630286134,-95.87257810104781,-40.94,199.14,-51.8,-38.4066983797409,154.0019387423452,-96.54908732306603,63.61087177084112,0.01989130040878706
B_PA2_to_C2,1D,68,16,5.0,0.6,0.6,-42.234005550773134,153.6793630286134,-95.87257810104781,-40.94,199.14,-51.8,-37.81788189188979,154.051565775227,-96.653165664915,63.6751206711615,0.0
B_PA2_to_C2,1D,69,1,5.0,0.6,0.6,-41.16907381901202,153.76814085817185,-96.05827437794427,-39.62,199.4,-51.8,-45.58942192615023,153.40375835848135,-95.29817701205032,63.58757462467837,0.09874264788869525
B_PA2_to_C2,1D,69,2,5.0,0.6,0.6,-41.16907381901202,153.76814085817185,-96.05827437794427,-39.62,199.4,-51.8,-45.0000421785318,153.4523426917734,-95.39952332750285,63.56925750976235,0.10441358129922662
B_PA2_to_C2,1D,69,3,5.0,0.6,0.6,-41.16907381901202,153.76814085817185,-96.05827437794427,-39.62,199.4,-51.8,-44.410662430913376,153.50092702506547,-95.50086964295537,63.556599610393796,0.1083324355928994
B_PA2_to_C2,1D,69,4,5.0,0.6,0.6,-41.16907381901202,153.76814085817185,-96.05827437794427,-39.62,199.4,-51.8,-43.821282683294946,153.54951135835753,-95.6022159584079,63.54960430820433,0.11049816382493205
B_PA2_to_C2,1D,69,5,5.0,0.6,0.6,-41.16907381901202,153.76814085817185,-96.05827437794427,-39.62,199.4,-51.8,-43.231902935676516,153.5980956916496,-95.70356227386043,63.54827347318553,0.11091018705056399
B_PA2_to_C2,1D,69,6,5.0,0.6,0.6,-41.16907381901202,153.76814085817185,-96.05827437794427,-39.62,199.4,-51.8,-42.64252318805809,153.64668002494167,-95.80490858931296,63.552607461190846,0.1095683950984565
B_PA2_to_C2,1D,69,7,5.0,0.6,0.6,-41.16907381901202,153.76814085817185,-96.05827437794427,-39.62,199.4,-51.8,-42.05314344043966,153.69526435823374,-95.90625490476548,63.56260511345993,0.10647314671793495
B_PA2_to_C2,1D,69,8,5.0,0.6,0.6,-41.16907381901202,153.76814085817185,-96.05827437794427,-39.62,199.4,-51.8,-41.46376369282123,153.7438486915258,-96.007601220218,63.578263758167196,0.10162526909958558
B_PA2_to_C2,1D,69,9,5.0,0.6,0.6,-41.16907381901202,153.76814085817185,-96.05827437794427,-39.62,199.4,-51.8,-40.87438394520281,153.79243302481788,-96.10894753567054,63.59957921398938,0.09502605677073817
B_PA2_to_C2,1D,69,10,5.0,0.6,0.6,-41.16907381901202,153.76814085817185,-96.05827437794427,-39.62,199.4,-51.8,-40.28500419758438,153.84101735810995,-96.21029385112307,63.626545795681416,0.08667726986917756
B_PA2_to_C2,1D,69,11,5.0,0.6,0.6,-41.16907381901202,153.76814085817185,-96.05827437794427,-39.62,199.4,-51.8,-39.69562444996595,153.88960169140202,-96.31164016657559,63.659156321642975,0.07658113180058379
B_PA2_to_C2,1D,69,12,5.0,0.6,0.6,-41.16907381901202,153.76814085817185,-96.05827437794427,-39.62,199.4,-51.8,-39.106244702347524,153.9381860246941,-96.41298648202812,63.697402123452484,0.06474032628680249
B_PA2_to_C2,1D,69,13,5.0,0.6,0.6,-41.16907381901202,153.76814085817185,-96.05827437794427,-39.62,199.4,-51.8,-38.516864954729094,153.98677035798616,-96.51433279748065,63.741273057338944,0.05115799381421482
B_PA2_to_C2,1D,69,14,5.0,0.6,0.6,-41.16907381901202,153.76814085817185,-96.05827437794427,-39.62,199.4,-51.8,-37.927485207110664,154.03535469127823,-96.61567911293318,63.79075751755639,0.03583772749302483
B_PA2_to_C2,1D,69,15,5.0,0.6,0.6,-41.16907381901202,153.76814085817185,-96.05827437794427,-39.62,199.4,-51.8,-37.33810545949224,154.0839390245703,-96.7170254283857,63.845842451620214,0.018783568340136725
B_PA2_to_C2,1D,69,16,5.0,0.6,0.6,-41.16907381901202,153.76814085817185,-96.05827437794427,-39.62,199.4,-51.8,-36.74872571187381,154.13252335786234,-96.81837174383823,63.906513377358856,0.0
B_PA2_to_C2,1D,70,1,5.0,0.6,0.6,-40.1031289537576,153.85501755222404,-96.23899125430627,-38.29,199.66,-51.8,-44.52764131529486,153.49855646648527,-95.49964975205043,63.87054428081871,0.08228742603465378
B_PA2_to_C2,1D,70,2,5.0,0.6,0.6,-40.1031289537576,153.85501755222404,-96.23899125430627,-38.29,199.66,-51.8,-43.93770633375656,153.54608461125042,-95.59822861901789,63.84884188046692,0.08900643543149656
B_PA2_to_C2,1D,70,3,5.0,0.6,0.6,-40.1031289537576,153.85501755222404,-96.23899125430627,-38.29,199.66,-51.8,-43.34777135221825,153.5936127560156,-95.69680748598533,63.83277208633278,0.0939816038940755
B_PA2_to_C2,1D,70,4,5.0,0.6,0.6,-40.1031289537576,153.85501755222404,-96.23899125430627,-38.29,199.66,-51.8,-42.757836370679954,153.64114090078078,-95.79538635295278,63.82233915310959,0.09721161417989421
B_PA2_to_C2,1D,70,5,5.0,0.6,0.6,-40.1031289537576,153.85501755222404,-96.23899125430627,-38.29,199.66,-51.8,-42.167901389141655,153.68866904554594,-95.89396521992022,63.817545845350296,0.0986956103902017
B_PA2_to_C2,1D,70,6,5.0,0.6,0.6,-40.1031289537576,153.85501755222404,-96.23899125430627,-38.29,199.66,-51.8,-41.57796640760335,153.73619719031112,-95.99254408688766,63.81839343380736,0.09843319910318726
B_PA2_to_C2,1D,70,7,5.0,0.6,0.6,-40.1031289537576,153.85501755222404,-96.23899125430627,-38.29,199.66,-51.8,-40.98803142606505,153.7837253350763,-96.0911229538551,63.82488169374908,0.09642444989522403
B_PA2_to_C2,1D,70,8,5.0,0.6,0.6,-40.1031289537576,153.85501755222404,-96.23899125430627,-38.29,199.66,-51.8,-40.39809644452675,153.83125347984145,-96.18970182082255,63.837008905257356,0.09266989524869729
B_PA2_to_C2,1D,70,9,5.0,0.6,0.6,-40.1031289537576,153.85501755222404,-96.23899125430627,-38.29,199.66,-51.8,-39.808161462988444,153.87878162460663,-96.28828068778999,63.8547718555062,0.0871705298465777
B_PA2_to_C2,1D,70,10,5.0,0.6,0.6,-40.1031289537576,153.85501755222404,-96.23899125430627,-38.29,199.66,-51.8,-39.218226481450145,153.92630976937178,-96.38685955475744,63.87816584301391,0.0799278092559561
B_PA2_to_C2,1D,70,11,5.0,0.6,0.6,-40.1031289537576,153.85501755222404,-96.23899125430627,-38.29,199.66,-51.8,-38.628291499911846,153.97383791413696,-96.48543842172488,63.907184683855604,0.07094364800465769
B_PA2_to_C2,1D,70,12,5.0,0.6,0.6,-40.1031289537576,153.85501755222404,-96.23899125430627,-38.29,199.66,-51.8,-38.03835651837354,154.02136605890215,-96.58401728869232,63.94182071981737,0.06022041705674397
B_PA2_to_C2,1D,70,13,5.0,0.6,0.6,-40.1031289537576,153.85501755222404,-96.23899125430627,-38.29,199.66,-51.8,-37.44842153683524,154.0688942036673,-96.68259615565977,63.98206482846665,0.047760940694736576
B_PA2_to_C2,1D,70,14,5.0,0.6,0.6,-40.1031289537576,153.85501755222404,-96.23899125430627,-38.29,199.66,-51.8,-36.85848655529694,154.11642234843248,-96.78117502262721,64.02790643510802,0.03356849281815144
B_PA2_to_C2,1D,70,15,5.0,0.6,0.6,-40.1031289537576,153.85501755222404,-96.23899125430627,-38.29,199.66,-51.8,-36.268551573758636,154.16395049319766,-96.87975388959465,64.07933352658864,0.017646792669353317
B_PA2_to_C2,1D,70,16,5.0,0.6,0.6,-40.1031289537576,153.85501755222404,-96.23899125430627,-38.29,199.66,-51.8,-35.67861659222034,154.2114786379628,-96.97833275656211,64.13633266691065,0.0
B_PA2_to_C2,1D,71,1,5.0,0.6,0.6,-39.03618987823958,153.939976772089,-96.4146819293428,-36.96,199.91,-51.8,-43.46474145028069,153.59141851780146,-95.69604563945741,64.14503468421694,0.0659557798280268
B_PA2_to_C2,1D,71,2,5.0,0.6,0.6,-39.03618987823958,153.939976772089,-96.4146819293428,-36.96,199.91,-51.8,-42.874267907341874,153.63789295170645,-95.79186381144213,64.11996987813565,0.07371578171077786
B_PA2_to_C2,1D,71,3,5.0,0.6,0.6,-39.03618987823958,153.939976772089,-96.4146819293428,-36.96,199.91,-51.8,-42.283794364403064,153.68436738561147,-95.88768198342686,64.10051169613743,0.0797399866637889
B_PA2_to_C2,1D,71,4,5.0,0.6,0.6,-39.03618987823958,153.939976772089,-96.4146819293428,-36.96,199.91,-51.8,-41.69332082146425,153.73084181951648,-95.98350015541158,64.08666524512162,0.0840268136036677
B_PA2_to_C2,1D,71,5,5.0,0.6,0.6,-39.03618987823958,153.939976772089,-96.4146819293428,-36.96,199.91,-51.8,-41.10284727852543,153.77731625342147,-96.0793183273963,64.07843416293746,0.08657513626130253
B_PA2_to_C2,1D,71,6,5.0,0.6,0.6,-39.03618987823958,153.939976772089,-96.4146819293428,-36.96,199.91,-51.8,-40.51237373558662,153.8237906873265,-96.17513649938101,64.07582061361006,0.08738428465987624
B_PA2_to_C2,1D,71,7,5.0,0.6,0.6,-39.03618987823958,153.939976772089,-96.4146819293428,-36.96,199.91,-51.8,-39.921900192647804,153.8702651212315,-96.27095467136573,64.07882528449757,0.0864540459950156
B_PA2_to_C2,1D,71,8,5.0,0.6,0.6,-39.03618987823958,153.939976772089,-96.4146819293428,-36.96,199.91,-51.8,-39.33142664970899,153.9167395551365,-96.36677284335045,64.08744738538736,0.0837846649145817
B_PA2_to_C2,1D,71,9,5.0,0.6,0.6,-39.03618987823958,153.939976772089,-96.4146819293428,-36.96,199.91,-51.8,-38.74095310677018,153.96321398904152,-96.46259101533516,64.10168464953493,0.07937684319706761
B_PA2_to_C2,1D,71,10,5.0,0.6,0.6,-39.03618987823958,153.939976772089,-96.4146819293428,-36.96,199.91,-51.8,-38.15047956383136,154.0096884229465,-96.55840918731988,64.12153333664169,0.0732317388296515
B_PA2_to_C2,1D,71,11,5.0,0.6,0.6,-39.03618987823958,153.939976772089,-96.4146819293428,-36.96,199.91,-51.8,-37.560006020892544,154.05616285685153,-96.6542273593046,64.1469882377628,0.06535096448875066
B_PA2_to_C2,1D,71,12,5.0,0.6,0.6,-39.03618987823958,153.939976772089,-96.4146819293428,-36.96,199.91,-51.8,-36.969532477953734,154.10263729075655,-96.75004553128932,64.17804268213006,0.05573658542768101
B_PA2_to_C2,1D,71,13,5.0,0.6,0.6,-39.03618987823958,153.939976772089,-96.4146819293428,-36.96,199.91,-51.8,-36.37905893501492,154.14911172466154,-96.84586370327403,64.21468854586882,0.04439111677790564
B_PA2_to_C2,1D,71,14,5.0,0.6,0.6,-39.03618987823958,153.939976772089,-96.4146819293428,-36.96,199.91,-51.8,-35.7885853920761,154.19558615856656,-96.94168187525875,64.25691626258269,0.031317520272065025
B_PA2_to_C2,1D,71,15,5.0,0.6,0.6,-39.03618987823958,153.939976772089,-96.4146819293428,-36.96,199.91,-51.8,-35.19811184913729,154.24206059247157,-97.03750004724348,64.30471483577384,0.016519200398647627
B_PA2_to_C2,1D,71,16,5.0,0.6,0.6,-39.03618987823958,153.939976772089,-96.4146819293428,-36.96,199.91,-51.8,-34.607638306198474,154.28853502637656,-97.1333182192282,64.35807185306146,0.0
B_PA2_to_C2,1D,72,1,5.0,0.6,0.6,-37.96829818015255,154.02304379636783,-96.58541758393567,-35.63,200.15,-51.8,-42.400754202110356,153.6823516793023,-95.88737568348884,64.41104057208298,0.04975923159233275
B_PA2_to_C2,1D,72,2,5.0,0.6,0.6,-37.96829818015255,154.02304379636783,-96.58541758393567,-35.63,200.15,-51.8,-41.80976006584932,153.72777729491105,-95.98044793688176,64.38263877207785,0.05855235852890317
B_PA2_to_C2,1D,72,3,5.0,0.6,0.6,-37.96829818015255,154.02304379636783,-96.58541758393567,-35.63,200.15,-51.8,-41.21876592958827,153.77320291051979,-96.07352019027466,64.35981823259918,0.06561754103003992
B_PA2_to_C2,1D,72,4,5.0,0.6,0.6,-37.96829818015255,154.02304379636783,-96.58541758393567,-35.63,200.15,-51.8,-40.627771793327234,153.81862852612852,-96.16659244366757,64.34258489220456,0.0709529405330187
B_PA2_to_C2,1D,72,5,5.0,0.6,0.6,-37.96829818015255,154.02304379636783,-96.58541758393567,-35.63,200.15,-51.8,-40.036777657066196,153.86405414173726,-96.25966469706049,64.33094324108652,0.07455716688535574
B_PA2_to_C2,1D,72,6,5.0,0.6,0.6,-37.96829818015255,154.02304379636783,-96.58541758393567,-35.63,200.15,-51.8,-39.44578352080515,153.909479757346,-96.35273695045339,64.32489631523116,0.07642928015326689
B_PA2_to_C2,1D,72,7,5.0,0.6,0.6,-37.96829818015255,154.02304379636783,-96.58541758393567,-35.63,200.15,-51.8,-38.85478938454411,153.95490537295473,-96.4458092038463,64.32444569246269,0.07656879184629162
B_PA2_to_C2,1D,72,8,5.0,0.6,0.6,-37.96829818015255,154.02304379636783,-96.58541758393567,-35.63,200.15,-51.8,-38.263795248283074,154.00033098856346,-96.53888145723921,64.32959149038588,0.07497566555428037
B_PA2_to_C2,1D,72,9,5.0,0.6,0.6,-37.96829818015255,154.02304379636783,-96.58541758393567,-35.63,200.15,-51.8,-37.67280111202203,154.0457566041722,-96.63195371063212,64.34033236623254,0.07165031699494406
B_PA2_to_C2,1D,72,10,5.0,0.6,0.6,-37.96829818015255,154.02304379636783,-96.58541758393567,-35.63,200.15,-51.8,-37.08180697576099,154.09118221978093,-96.72502596402504,64.35666551861289,0.06659361347161763
B_PA2_to_C2,1D,72,11,5.0,0.6,0.6,-37.96829818015255,154.02304379636783,-96.58541758393567,-35.63,200.15,-51.8,-36.49081283949995,154.13660783538967,-96.81809821741794,64.37858669116588,0.05980687274313823
B_PA2_to_C2,1D,72,12,5.0,0.6,0.6,-37.96829818015255,154.02304379636783,-96.58541758393567,-35.63,200.15,-51.8,-35.89981870323891,154.1820334509984,-96.91117047081084,64.4060901780981,0.05129186130901431
B_PA2_to_C2,1D,72,13,5.0,0.6,0.6,-37.96829818015255,154.02304379636783,-96.58541758393567,-35.63,200.15,-51.8,-35.30882456697787,154.22745906660714,-97.00424272420376,64.43916883159379,0.04105079211529983
B_PA2_to_C2,1D,72,14,5.0,0.6,0.6,-37.96829818015255,154.02304379636783,-96.58541758393567,-35.63,200.15,-51.8,-34.71783043071683,154.27288468221587,-97.09731497759667,64.47781407107404,0.029086321687980643
B_PA2_to_C2,1D,72,15,5.0,0.6,0.6,-37.96829818015255,154.02304379636783,-96.58541758393567,-35.63,200.15,-51.8,-34.126836294455785,154.3183102978246,-97.19038723098957,64.52201589427703,0.015401546702531022
B_PA2_to_C2,1D,72,16,5.0,0.6,0.6,-37.96829818015255,154.02304379636783,-96.58541758393567,-35.63,200.15,-51.8,-33.53584215819475,154.36373591343337,-97.28345948438249,64.57176289012621,0.0
B_PA2_to_C2,1D,73,1,5.0,0.6,0.6,-36.899477667861696,154.104211003158,-96.75118039535157,-34.3,200.39,-51.8,-41.33573797835662,153.7714111709839,-96.07380403819674,64.67583905386616,0.0336046842483384
B_PA2_to_C2,1D,73,2,5.0,0.6,0.6,-36.899477667861696,154.104211003158,-96.75118039535157,-34.3,200.39,-51.8,-40.74423660362397,153.81578448194045,-96.16412088581738,64.64411000622998,0.04342791881062169
B_PA2_to_C2,1D,73,3,5.0,0.6,0.6,-36.899477667861696,154.104211003158,-96.75118039535157,-34.3,200.39,-51.8,-40.15273522889131,153.860157792897,-96.25443773343802,64.61793682619034,0.05153107052568018
B_PA2_to_C2,1D,73,4,5.0,0.6,0.6,-36.899477667861696,154.104211003158,-96.75118039535157,-34.3,200.39,-51.8,-39.56123385415865,153.90453110385354,-96.34475458105868,64.59732626703286,0.05791204859301402
B_PA2_to_C2,1D,73,5,5.0,0.6,0.6,-36.899477667861696,154.104211003158,-96.75118039535157,-34.3,200.39,-51.8,-38.96973247942599,153.9489044148101,-96.43507142867932,64.5822836544625,0.0625692041875503
B_PA2_to_C2,1D,73,6,5.0,0.6,0.6,-36.899477667861696,154.104211003158,-96.75118039535157,-34.3,200.39,-51.8,-38.37823110469334,153.99327772576663,-96.52538827629996,64.57281287973616,0.06550133258579649
B_PA2_to_C2,1D,73,7,5.0,0.6,0.6,-36.899477667861696,154.104211003158,-96.75118039535157,-34.3,200.39,-51.8,-37.78672972996068,154.0376510367232,-96.6157051239206,64.56891639463514,0.06670767472233763
B_PA2_to_C2,1D,73,8,5.0,0.6,0.6,-36.899477667861696,154.104211003158,-96.75118039535157,-34.3,200.39,-51.8,-37.195228355228025,154.08202434767975,-96.70602197154125,64.57059520829388,0.06618791817164293
B_PA2_to_C2,1D,73,9,5.0,0.6,0.6,-36.899477667861696,154.104211003158,-96.75118039535157,-34.3,200.39,-51.8,-36.60372698049537,154.12639765863628,-96.79633881916189,64.57784888589362,0.06394219755252806
B_PA2_to_C2,1D,73,10,5.0,0.6,0.6,-36.899477667861696,154.104211003158,-96.75118039535157,-34.3,200.39,-51.8,-36.01222560576271,154.17077096959284,-96.88665566678253,64.59067554922517,0.05997109435390513
B_PA2_to_C2,1D,73,11,5.0,0.6,0.6,-36.899477667861696,154.104211003158,-96.75118039535157,-34.3,200.39,-51.8,-35.42072423103005,154.2151442805494,-96.97697251440317,64.60907187911955,0.05427563618226827
B_PA2_to_C2,1D,73,12,5.0,0.6,0.6,-36.899477667861696,154.104211003158,-96.75118039535157,-34.3,200.39,-51.8,-34.8292228562974,154.25951759150593,-97.06728936202381,64.63303311973841,0.046857295433397894
B_PA2_to_C2,1D,73,13,5.0,0.6,0.6,-36.899477667861696,154.104211003158,-96.75118039535157,-34.3,200.39,-51.8,-34.23772148156474,154.30389090246248,-97.15760620964446,64.66255308471175,0.03771798739211718
B_PA2_to_C2,1D,73,14,5.0,0.6,0.6,-36.899477667861696,154.104211003158,-96.75118039535157,-34.3,200.39,-51.8,-33.64622010683208,154.34826421341901,-97.24792305726511,64.69762416510464,0.026860067765834827
B_PA2_to_C2,1D,73,15,5.0,0.6,0.6,-36.899477667861696,154.104211003158,-96.75118039535157,-34.3,200.39,-51.8,-33.054718732099424,154.39263752437557,-97.33823990488575,64.73823733918846,0.01428632965938803
B_PA2_to_C2,1D,73,16,5.0,0.6,0.6,-36.899477667861696,154.104211003158,-96.75118039535157,-34.3,200.39,-51.8,-32.46321735736677,154.43701083533213,-97.4285567525064,64.78438218398828,0.0
B_PA2_to_C2,1D,74,1,5.0,0.6,0.6,-35.829752775415024,154.18347341545706,-96.91195389931922,-32.97,200.61,-51.8,-40.26971577218562,153.85859206289447,-96.25531039324838,64.92499223424218,0.01756118384813732
B_PA2_to_C2,1D,74,2,5.0,0.6,0.6,-35.829752775415024,154.18347341545706,-96.91195389931922,-32.97,200.61,-51.8,-39.67772070594954,153.9019095765695,-96.3428628607245,64.88995191785625,0.028409579014059716
B_PA2_to_C2,1D,74,3,5.0,0.6,0.6,-35.829752775415024,154.18347341545706,-96.91195389931922,-32.97,200.61,-51.8,-39.08572563971346,153.94522709024452,-96.4304153282006,64.8604432854647,0.0375453785160893
B_PA2_to_C2,1D,74,4,5.0,0.6,0.6,-35.829752775415024,154.18347341545706,-96.91195389931922,-32.97,200.61,-51.8,-38.49373057347738,153.9885446039195,-96.51796779567671,64.83647388987369,0.044966244024141844
B_PA2_to_C2,1D,74,5,5.0,0.6,0.6,-35.829752775415024,154.18347341545706,-96.91195389931922,-32.97,200.61,-51.8,-37.9017355072413,154.03186211759453,-96.60552026315283,64.81804987623093,0.050670273015708034
B_PA2_to_C2,1D,74,6,5.0,0.6,0.6,-35.829752775415024,154.18347341545706,-96.91195389931922,-32.97,200.61,-51.8,-37.309740441005225,154.07517963126952,-96.69307273062894,64.80517597416777,0.054656001208638116
B_PA2_to_C2,1D,74,7,5.0,0.6,0.6,-35.829752775415024,154.18347341545706,-96.91195389931922,-32.97,200.61,-51.8,-36.717745374769144,154.11849714494454,-96.78062519810504,64.79785549173782,0.05692240443772434
B_PA2_to_C2,1D,74,8,5.0,0.6,0.6,-35.829752775415024,154.18347341545706,-96.91195389931922,-32.97,200.61,-51.8,-36.125750308533064,154.16181465861956,-96.86817766558116,64.79609031117097,0.05746889996925475
B_PA2_to_C2,1D,74,9,5.0,0.6,0.6,-35.829752775415024,154.18347341545706,-96.91195389931922,-32.97,200.61,-51.8,-35.533755242296984,154.20513217229455,-96.95573013305727,64.79988088645469,0.05629534724983998
B_PA2_to_C2,1D,74,10,5.0,0.6,0.6,-35.829752775415024,154.18347341545706,-96.91195389931922,-32.97,200.61,-51.8,-34.9417601760609,154.24844968596958,-97.04328260053339,64.80922624275037,0.05340204808709004
B_PA2_to_C2,1D,74,11,5.0,0.6,0.6,-35.829752775415024,154.18347341545706,-96.91195389931922,-32.97,200.61,-51.8,-34.34976510982482,154.2917671996446,-97.13083506800949,64.82412397764655,0.04878974626164734
B_PA2_to_C2,1D,74,12,5.0,0.6,0.6,-35.829752775415024,154.18347341545706,-96.91195389931922,-32.97,200.61,-51.8,-33.75777004358875,154.3350847133196,-97.2183875354856,64.8445702642448,0.04245962657178737
B_PA2_to_C2,1D,74,13,5.0,0.6,0.6,-35.829752775415024,154.18347341545706,-96.91195389931922,-32.97,200.61,-51.8,-33.16577497735267,154.3784022269946,-97.30594000296172,64.87055985606928,0.03441331331343278
B_PA2_to_C2,1D,74,14,5.0,0.6,0.6,-35.829752775415024,154.18347341545706,-96.91195389931922,-32.97,200.61,-51.8,-32.57377991111659,154.4217197406696,-97.39349247043783,64.9020860937856,0.02465286820002177
B_PA2_to_C2,1D,74,15,5.0,0.6,0.6,-35.829752775415024,154.18347341545706,-96.91195389931922,-32.97,200.61,-51.8,-31.981784844880508,154.46503725434462,-97.48104493791394,64.93914091370816,0.013180787728639842
B_PA2_to_C2,1D,74,16,5.0,0.6,0.6,-35.829752775415024,154.18347341545706,-96.91195389931922,-32.97,200.61,-51.8,-31.38978977864443,154.50835476801964,-97.56859740539005,64.98171485807167,0.0
B_PA2_to_C2,1D,75,1,5.0,0.6,0.6,-34.759148008312394,154.26082338826797,-97.06772212617592,-31.63,200.82,-51.8,-39.202711304424334,153.94389081923427,-96.43187703487418,65.16686286820438,0.001164609043300402
B_PA2_to_C2,1D,75,2,5.0,0.6,0.6,-34.759148008312394,154.26082338826797,-97.06772212617592,-31.63,200.82,-51.8,-38.61023619827607,153.98614849510543,-96.51665638038108,65.12843236258121,0.013062598400317427
B_PA2_to_C2,1D,75,3,5.0,0.6,0.6,-34.759148008312394,154.26082338826797,-97.06772212617592,-31.63,200.82,-51.8,-38.01776109212781,154.02840617097658,-96.60143572588798,65.09550973708768,0.023255361711008504
B_PA2_to_C2,1D,75,4,5.0,0.6,0.6,-34.759148008312394,154.26082338826797,-97.06772212617592,-31.63,200.82,-51.8,-37.425285985979556,154.07066384684774,-96.68621507139487,65.0681033522204,0.03174031058632565
B_PA2_to_C2,1D,75,5,5.0,0.6,0.6,-34.759148008312394,154.26082338826797,-97.06772212617592,-31.63,200.82,-51.8,-36.8328108798313,154.11292152271892,-96.77099441690177,65.04622018057002,0.03851528632948131
B_PA2_to_C2,1D,75,6,5.0,0.6,0.6,-34.759148008312394,154.26082338826797,-97.06772212617592,-31.63,200.82,-51.8,-36.24033577368304,154.15517919859008,-96.85577376240867,65.02986579797897,0.04357856267345639
B_PA2_to_C2,1D,75,7,5.0,0.6,0.6,-34.759148008312394,154.26082338826797,-97.06772212617592,-31.63,200.82,-51.8,-35.64786066753478,154.19743687446123,-96.94055310791558,65.01904437645263,0.04692884797573171
B_PA2_to_C2,1D,75,8,5.0,0.6,0.6,-34.759148008312394,154.26082338826797,-97.06772212617592,-31.63,200.82,-51.8,-35.05538556138652,154.2396945503324,-97.02533245342248,65.01375867884488,0.048565286863578194
B_PA2_to_C2,1D,75,9,5.0,0.6,0.6,-34.759148008312394,154.26082338826797,-97.06772212617592,-31.63,200.82,-51.8,-34.462910455238266,154.28195222620354,-97.11011179892937,65.01401005533374,0.048487461325230186
B_PA2_to_C2,1D,75,10,5.0,0.6,0.6,-34.759148008312394,154.26082338826797,-97.06772212617592,-31.63,200.82,-51.8,-33.87043534909001,154.3242099020747,-97.19489114443627,65.01979844169773,0.04669539124349953
B_PA2_to_C2,1D,75,11,5.0,0.6,0.6,-34.759148008312394,154.26082338826797,-97.06772212617592,-31.63,200.82,-51.8,-33.277960242941745,154.36646757794585,-97.27967048994317,65.03112235939773,0.0431895343704376
B_PA2_to_C2,1D,75,12,5.0,0.6,0.6,-34.759148008312394,154.26082338826797,-97.06772212617592,-31.63,200.82,-51.8,-32.68548513679349,154.408725253817,-97.36444983545007,65.04797891746462,0.03797078574291746
B_PA2_to_C2,1D,75,13,5.0,0.6,0.6,-34.759148008312394,154.26082338826797,-97.06772212617592,-31.63,200.82,-51.8,-32.09301003064523,154.4509829296882,-97.44922918095698,65.07036381618654,0.031040476541082995
B_PA2_to_C2,1D,75,14,5.0,0.6,0.6,-34.759148008312394,154.26082338826797,-97.06772212617592,-31.63,200.82,-51.8,-31.500534924496975,154.49324060555935,-97.53400852646386,65.09827135258539,0.0224003723928341
B_PA2_to_C2,1D,75,15,5.0,0.6,0.6,-34.759148008312394,154.26082338826797,-97.06772212617592,-31.63,200.82,-51.8,-30.908059818348715,154.5354982814305,-97.61878787197077,65.13169442766555,0.012052671129623604
B_PA2_to_C2,1D,75,16,5.0,0.6,0.6,-34.759148008312394,154.26082338826797,-97.06772212617592,-31.63,200.82,-51.8,-30.315584712200458,154.57775595730166,-97.70356721747767,65.17062455541424,0.0
B_PA2_to_C2,1D,76,1,5.0,0.6,0.6,-33.68768816862759,154.33625396422505,-97.21846945332713,-30.3,201.03,-51.8,-38.13474775641492,154.0272951042416,-96.6034853514948,65.4063440314929,0.0
B_PA2_to_C2,1D,76,2,5.0,0.6,0.6,-33.68768816862759,154.33625396422505,-97.21846945332713,-30.3,201.03,-51.8,-37.54180647804327,154.06848961890606,-96.6854832317391,65.3646221077255,0.012917004262355647
B_PA2_to_C2,1D,76,3,5.0,0.6,0.6,-33.68768816862759,154.33625396422505,-97.21846945332713,-30.3,201.03,-51.8,-36.94886519967163,154.10968413357054,-96.76748111198341,65.32838438998398,0.02413611192226739
B_PA2_to_C2,1D,76,4,5.0,0.6,0.6,-33.68768816862759,154.33625396422505,-97.21846945332713,-30.3,201.03,-51.8,-36.35592392129998,154.150878648235,-96.84947899222773,65.2976400088491,0.033654496174552406
B_PA2_to_C2,1D,76,5,5.0,0.6,0.6,-33.68768816862759,154.33625396422505,-97.21846945332713,-30.3,201.03,-51.8,-35.76298264292834,154.19207316289945,-96.93147687247203,65.27239672667918,0.04146975381230078
B_PA2_to_C2,1D,76,6,5.0,0.6,0.6,-33.68768816862759,154.33625396422505,-97.21846945332713,-30.3,201.03,-51.8,-35.170041364556695,154.2332676775639,-97.01347475271635,65.25266092784835,0.04757990824908731
B_PA2_to_C2,1D,76,7,5.0,0.6,0.6,-33.68768816862759,154.33625396422505,-97.21846945332713,-30.3,201.03,-51.8,-34.577100086185055,154.27446219222836,-97.09547263296066,65.23843761069465,0.05198341201184675
B_PA2_to_C2,1D,76,8,5.0,0.6,0.6,-33.68768816862759,154.33625396422505,-97.21846945332713,-30.3,201.03,-51.8,-33.98415880781341,154.3156567068928,-97.17747051320498,65.22973038120153,0.054679148697019286
B_PA2_to_C2,1D,76,9,5.0,0.6,0.6,-33.68768816862759,154.33625396422505,-97.21846945332713,-30.3,201.03,-51.8,-33.39121752944177,154.3568512215573,-97.25946839344928,65.22654144843179,0.055666434384246344
B_PA2_to_C2,1D,76,10,5.0,0.6,0.6,-33.68768816862759,154.33625396422505,-97.21846945332713,-30.3,201.03,-51.8,-32.79827625107012,154.39804573622175,-97.3414662736936,65.22887162172698,0.05494501850338196
B_PA2_to_C2,1D,76,11,5.0,0.6,0.6,-33.68768816862759,154.33625396422505,-97.21846945332713,-30.3,201.03,-51.8,-32.20533497269848,154.4392402508862,-97.42346415393791,65.23672030968056,0.05251508415242867
B_PA2_to_C2,1D,76,12,5.0,0.6,0.6,-33.68768816862759,154.33625396422505,-97.21846945332713,-30.3,201.03,-51.8,-31.612393694326833,154.48043476555065,-97.50546203418223,65.2500855208883,0.0483772478652007
B_PA2_to_C2,1D,76,13,5.0,0.6,0.6,-33.68768816862759,154.33625396422505,-97.21846945332713,-30.3,201.03,-51.8,-31.01945241595519,154.5216292802151,-97.58745991442653,65.2689638664732,0.04253255882963103
B_PA2_to_C2,1D,76,14,5.0,0.6,0.6,-33.68768816862759,154.33625396422505,-97.21846945332713,-30.3,201.03,-51.8,-30.426511137583546,154.56282379487956,-97.66945779467085,65.29335056437779,0.03498249755886107
B_PA2_to_C2,1D,76,15,5.0,0.6,0.6,-33.68768816862759,154.33625396422505,-97.21846945332713,-30.3,201.03,-51.8,-29.833569859211902,154.60401830954405,-97.75145567491516,65.32323944541085,0.025728974019212814
B_PA2_to_C2,1D,76,16,5.0,0.6,0.6,-33.68768816862759,154.33625396422505,-97.21846945332713,-30.3,201.03,-51.8,-29.24062858084026,154.6452128242085,-97.83345355515947,65.35862296103114,0.014774325220358264
B_PA2_to_C2,1D,77,1,5.0,0.6,0.6,-32.61539853755643,154.40976009116122,-97.3641813520534,-28.96,201.23,-51.8,-37.065849642507416,154.10880014936282,-96.77012068522447,65.63858642775817,0.0
B_PA2_to_C2,1D,77,2,5.0,0.6,0.6,-32.61539853755643,154.40976009116122,-97.3641813520534,-28.96,201.23,-51.8,-36.47245616184729,154.1489281416026,-96.84932877413499,65.59349318277967,0.013960756959289
B_PA2_to_C2,1D,77,3,5.0,0.6,0.6,-32.61539853755643,154.40976009116122,-97.3641813520534,-28.96,201.23,-51.8,-35.87906268118716,154.1890561338424,-96.92853686304551,65.55386081387155,0.026230840212576823
B_PA2_to_C2,1D,77,4,5.0,0.6,0.6,-32.61539853755643,154.40976009116122,-97.3641813520534,-28.96,201.23,-51.8,-35.285669200527025,154.22918412608217,-97.00774495195604,65.5196992307621,0.036807181732530836
B_PA2_to_C2,1D,77,5,5.0,0.6,0.6,-32.61539853755643,154.40976009116122,-97.3641813520534,-28.96,201.23,-51.8,-34.69227571986689,154.26931211832198,-97.08695304086656,65.49101699450551,0.045687131037972506
B_PA2_to_C2,1D,77,6,5.0,0.6,0.6,-32.61539853755643,154.40976009116122,-97.3641813520534,-28.96,201.23,-51.8,-34.09888223920676,154.30944011056175,-97.16616112977708,65.46782130680455,0.05286845849957089
B_PA2_to_C2,1D,77,7,5.0,0.6,0.6,-32.61539853755643,154.40976009116122,-97.3641813520534,-28.96,201.23,-51.8,-33.505488758546626,154.34956810280153,-97.24536921868761,65.45011800099964,0.058349358129575535
B_PA2_to_C2,1D,77,8,5.0,0.6,0.6,-32.61539853755643,154.40976009116122,-97.3641813520534,-28.96,201.23,-51.8,-32.91209527788649,154.38969609504133,-97.32457730759813,65.4379115347507,0.062128449847516976
B_PA2_to_C2,1D,77,9,5.0,0.6,0.6,-32.61539853755643,154.40976009116122,-97.3641813520534,-28.96,201.23,-51.8,-32.31870179722637,154.4298240872811,-97.40378539650865,65.43120498443339,0.06420478121510342
B_PA2_to_C2,1D,77,10,5.0,0.6,0.6,-32.61539853755643,154.40976009116122,-97.3641813520534,-28.96,201.23,-51.8,-31.72530831656623,154.4699520795209,-97.48299348541917,65.43000004126563,0.06457782863546058
B_PA2_to_C2,1D,77,11,5.0,0.6,0.6,-32.61539853755643,154.40976009116122,-97.3641813520534,-28.96,201.23,-51.8,-31.1319148359061,154.51008007176068,-97.5622015743297,65.43429700917636,0.06324749801294516
B_PA2_to_C2,1D,77,12,5.0,0.6,0.6,-32.61539853755643,154.40976009116122,-97.3641813520534,-28.96,201.23,-51.8,-30.53852135524597,154.55020806400046,-97.64140966324022,65.44409480442212,0.06021412487184108
B_PA2_to_C2,1D,77,13,5.0,0.6,0.6,-32.61539853755643,154.40976009116122,-97.3641813520534,-28.96,201.23,-51.8,-29.945127874585836,154.59033605624026,-97.72061775215074,65.45939095695337,0.05547847393337335
B_PA2_to_C2,1D,77,14,5.0,0.6,0.6,-32.61539853755643,154.40976009116122,-97.3641813520534,-28.96,201.23,-51.8,-29.351734393925707,154.63046404848004,-97.79982584106128,65.48018161352604,0.04904173815236135
B_PA2_to_C2,1D,77,15,5.0,0.6,0.6,-32.61539853755643,154.40976009116122,-97.3641813520534,-28.96,201.23,-51.8,-28.758340913265574,154.67059204071984,-97.8790339299718,65.50646154254888,0.040905537216499255
B_PA2_to_C2,1D,77,16,5.0,0.6,0.6,-32.61539853755643,154.40976009116122,-97.3641813520534,-28.96,201.23,-51.8,-28.16494743260544,154.7107200329596,-97.95824201888232,65.53822414065336,0.03107191551232802
B_PA2_to_C2,1D,78,1,5.0,0.6,0.6,-31.542304290062436,154.48133467447258,-97.50484226081323,-27.62,201.41,-51.8,-35.99604127101914,154.18839821797442,-96.931767102642,65.85525145378412,0.0
B_PA2_to_C2,1D,78,2,5.0,0.6,0.6,-31.542304290062436,154.48133467447258,-97.50484226081323,-27.62,201.41,-51.8,-35.40220967355825,154.22745641217418,-97.0081771237315,65.806796652557,0.015001486448024792
B_PA2_to_C2,1D,78,3,5.0,0.6,0.6,-31.542304290062436,154.48133467447258,-97.50484226081323,-27.62,201.41,-51.8,-34.80837807609735,154.26651460637393,-97.084587144821,65.7637805125347,0.02831917685740848
B_PA2_to_C2,1D,78,4,5.0,0.6,0.6,-31.542304290062436,154.48133467447258,-97.50484226081323,-27.62,201.41,-51.8,-34.21454647863646,154.30557280057369,-97.1609971659105,65.7262137121156,0.03994976522245608
B_PA2_to_C2,1D,78,5,5.0,0.6,0.6,-31.542304290062436,154.48133467447258,-97.50484226081323,-27.62,201.41,-51.8,-33.620714881175566,154.34463099477344,-97.23740718699999,65.69410559982182,0.04989035726386959
B_PA2_to_C2,1D,78,6,5.0,0.6,0.6,-31.542304290062436,154.48133467447258,-97.50484226081323,-27.62,201.41,-51.8,-33.02688328371467,154.3836891889732,-97.31381720808949,65.66746418273202,0.05813847400994021
B_PA2_to_C2,1D,78,7,5.0,0.6,0.6,-31.542304290062436,154.48133467447258,-97.50484226081323,-27.62,201.41,-51.8,-32.433051686253776,154.42274738317295,-97.39022722917899,65.6462961165384,0.06469205487483976
B_PA2_to_C2,1D,78,8,5.0,0.6,0.6,-31.542304290062436,154.48133467447258,-97.50484226081323,-27.62,201.41,-51.8,-31.83922008879288,154.4618055773727,-97.46663725026849,65.63060669725746,0.0695494602249731
B_PA2_to_C2,1D,78,9,5.0,0.6,0.6,-31.542304290062436,154.48133467447258,-97.50484226081323,-27.62,201.41,-51.8,-31.24538849133199,154.50086377157245,-97.54304727135798,65.62039985461797,0.07270947342605183
B_PA2_to_C2,1D,78,10,5.0,0.6,0.6,-31.542304290062436,154.48133467447258,-97.50484226081323,-27.62,201.41,-51.8,-30.651556893871096,154.5399219657722,-97.61945729244748,65.61567814714557,0.07417130236487779
B_PA2_to_C2,1D,78,11,5.0,0.6,0.6,-31.542304290062436,154.48133467447258,-97.50484226081323,-27.62,201.41,-51.8,-30.0577252964102,154.57898015997196,-97.69586731353698,65.61644275895829,0.07393458044143486
B_PA2_to_C2,1D,78,12,5.0,0.6,0.6,-31.542304290062436,154.48133467447258,-97.50484226081323,-27.62,201.41,-51.8,-29.46389369894931,154.61803835417172,-97.77227733462648,65.6226934982823,0.0719993670284289
B_PA2_to_C2,1D,78,13,5.0,0.6,0.6,-31.542304290062436,154.48133467447258,-97.50484226081323,-27.62,201.41,-51.8,-28.870062101488415,154.65709654837147,-97.84868735571597,65.6344287976924,0.06836614739681934
B_PA2_to_C2,1D,78,14,5.0,0.6,0.6,-31.542304290062436,154.48133467447258,-97.50484226081323,-27.62,201.41,-51.8,-28.27623050402752,154.69615474257122,-97.92509737680547,65.65164571607633,0.06303583210767627
B_PA2_to_C2,1D,78,15,5.0,0.6,0.6,-31.542304290062436,154.48133467447258,-97.50484226081323,-27.62,201.41,-51.8,-27.682398906566625,154.73521293677098,-98.00150739789497,65.67433994231732,0.05600975587207557
B_PA2_to_C2,1D,78,16,5.0,0.6,0.6,-31.542304290062436,154.48133467447258,-97.50484226081323,-27.62,201.41,-51.8,-27.088567309105734,154.77427113097073,-98.07791741898447,65.70250580068394,0.04728967588241062
B_PA2_to_C2,1D,79,1,5.0,0.6,0.6,-30.46843110893605,154.55097297226447,-97.64043783150109,-26.28,201.59,-51.8,-34.92534708912208,154.26608412845368,-97.08840677056831,66.07068054383156,0.0
B_PA2_to_C2,1D,79,2,5.0,0.6,0.6,-30.46843110893605,154.55097297226447,-97.64043783150109,-26.28,201.59,-51.8,-34.33109162509727,154.30406930762845,-97.16201091202602,66.01887117924878,0.01604005095442318
B_PA2_to_C2,1D,79,3,5.0,0.6,0.6,-30.46843110893605,154.55097297226447,-97.64043783150109,-26.28,201.59,-51.8,-33.73683616107247,154.34205448680322,-97.23561505348371,65.9724781711241,0.03040321136453983
B_PA2_to_C2,1D,79,4,5.0,0.6,0.6,-30.46843110893605,154.55097297226447,-97.64043783150109,-26.28,201.59,-51.8,-33.14258069704766,154.380039665978,-97.30921919494142,65.93151295318991,0.043085941375125
B_PA2_to_C2,1D,79,5,5.0,0.6,0.6,-30.46843110893605,154.55097297226447,-97.64043783150109,-26.28,201.59,-51.8,-32.54832523302286,154.41802484515276,-97.38282333639913,65.89598564824605,0.05408510699241731
B_PA2_to_C2,1D,79,6,5.0,0.6,0.6,-30.46843110893605,154.55097297226447,-97.64043783150109,-26.28,201.59,-51.8,-31.954069768998057,154.45601002432755,-97.45642747785683,65.86590505573463,0.06339798393093687
B_PA2_to_C2,1D,79,7,5.0,0.6,0.6,-30.46843110893605,154.55097297226447,-97.64043783150109,-26.28,201.59,-51.8,-31.359814304973252,154.49399520350232,-97.53003161931453,65.84127864089707,0.0710222609704303
B_PA2_to_C2,1D,79,8,5.0,0.6,0.6,-30.46843110893605,154.55097297226447,-97.64043783150109,-26.28,201.59,-51.8,-30.76555884094845,154.5319803826771,-97.60363576077224,65.82211252554457,0.07695604281331114
B_PA2_to_C2,1D,79,9,5.0,0.6,0.6,-30.46843110893605,154.55097297226447,-97.64043783150109,-26.28,201.59,-51.8,-30.171303376923646,154.56996556185186,-97.67723990222994,65.80841148046846,0.08119785243439637
B_PA2_to_C2,1D,79,10,5.0,0.6,0.6,-30.46843110893605,154.55097297226447,-97.64043783150109,-26.28,201.59,-51.8,-29.577047912898845,154.60795074102663,-97.75084404368765,65.80017891951249,0.08374663291612094
B_PA2_to_C2,1D,79,11,5.0,0.6,0.6,-30.46843110893605,154.55097297226447,-97.64043783150109,-26.28,201.59,-51.8,-28.98279244887404,154.6459359202014,-97.82444818514534,65.79741689532392,0.0846017487639763
B_PA2_to_C2,1D,79,12,5.0,0.6,0.6,-30.46843110893605,154.55097297226447,-97.64043783150109,-26.28,201.59,-51.8,-28.388536984849235,154.6839210993762,-97.89805232660305,65.80012609679602,0.08376298669831073
B_PA2_to_C2,1D,79,13,5.0,0.6,0.6,-30.46843110893605,154.55097297226447,-97.64043783150109,-26.28,201.59,-51.8,-27.794281520824434,154.72190627855096,-97.97165646806076,65.8083058482093,0.08123055592020378
B_PA2_to_C2,1D,79,14,5.0,0.6,0.6,-30.46843110893605,154.55097297226447,-97.64043783150109,-26.28,201.59,-51.8,-27.20002605679963,154.75989145772573,-98.04526060951846,65.82195411007379,0.07700508785070426
B_PA2_to_C2,1D,79,15,5.0,0.6,0.6,-30.46843110893605,154.55097297226447,-97.64043783150109,-26.28,201.59,-51.8,-26.605770592774824,154.7978766369005,-98.11886475097616,65.8410674816703,0.07108763534404616
B_PA2_to_C2,1D,79,16,5.0,0.6,0.6,-30.46843110893605,154.55097297226447,-97.64043783150109,-26.28,201.59,-51.8,-26.01151512875002,154.83586181607527,-98.19246889243387,65.86564120528291,0.06347967137729071
B_PA2_to_C2,1D,80,1,5.0,0.6,0.6,-29.393804767762326,154.61866810134381,-97.77095418124917,-24.94,201.76,-51.8,-33.853792004125836,154.34185243158691,-97.24002392551724,66.27768991949097,0.0
B_PA2_to_C2,1D,80,2,5.0,0.6,0.6,-29.393804767762326,154.61866810134381,-97.77095418124917,-24.94,201.76,-51.8,-33.259127039277374,154.3787611875545,-97.31081462628148,66.22253328018633,0.017076358917844203
B_PA2_to_C2,1D,80,3,5.0,0.6,0.6,-29.393804767762326,154.61866810134381,-97.77095418124917,-24.94,201.76,-51.8,-32.664462074428904,154.4156699435221,-97.38160532704575,66.17277119047209,0.03248257864361648
B_PA2_to_C2,1D,80,4,5.0,0.6,0.6,-29.393804767762326,154.61866810134381,-97.77095418124917,-24.94,201.76,-51.8,-32.069797109580435,154.45257869948966,-97.45239602781001,66.12841582865693,0.046214888803106646
B_PA2_to_C2,1D,80,5,5.0,0.6,0.6,-29.393804767762326,154.61866810134381,-97.77095418124917,-24.94,201.76,-51.8,-31.475132144731965,154.48948745545727,-97.52318672857426,66.0894780807728,0.05826991910779
B_PA2_to_C2,1D,80,6,5.0,0.6,0.6,-29.393804767762326,154.61866810134381,-97.77095418124917,-24.94,201.76,-51.8,-30.880467179883496,154.52639621142484,-97.59397742933852,66.05596752731837,0.06864470345900742
B_PA2_to_C2,1D,80,7,5.0,0.6,0.6,-29.393804767762326,154.61866810134381,-97.77095418124917,-24.94,201.76,-51.8,-30.28580221503503,154.56330496739244,-97.66476813010279,66.02789243154236,0.077336683575421
B_PA2_to_C2,1D,80,8,5.0,0.6,0.6,-29.393804767762326,154.61866810134381,-97.77095418124917,-24.94,201.76,-51.8,-29.69113725018656,154.60021372336,-97.73555883086703,66.00525972930124,0.08434371213304104
B_PA2_to_C2,1D,80,9,5.0,0.6,0.6,-29.393804767762326,154.61866810134381,-97.77095418124917,-24.94,201.76,-51.8,-29.09647228533809,154.63712247932762,-97.8063495316313,65.98807502051947,0.08966405540913058
B_PA2_to_C2,1D,80,10,5.0,0.6,0.6,-29.393804767762326,154.61866810134381,-97.77095418124917,-24.94,201.76,-51.8,-28.501807320489622,154.6740312352952,-97.87714023239555,65.97634256227677,0.09329639542235313
B_PA2_to_C2,1D,80,11,5.0,0.6,0.6,-29.393804767762326,154.61866810134381,-97.77095418124917,-24.94,201.76,-51.8,-27.907142355641156,154.7109399912628,-97.94793093315981,65.9700652635427,0.0952398315629317
B_PA2_to_C2,1D,80,12,5.0,0.6,0.6,-29.393804767762326,154.61866810134381,-97.77095418124917,-24.94,201.76,-51.8,-27.312477390792687,154.74784874723036,-98.01872163392407,65.96924468157319,0.09549388170828976
B_PA2_to_C2,1D,80,13,5.0,0.6,0.6,-29.393804767762326,154.61866810134381,-97.77095418124917,-24.94,201.76,-51.8,-26.717812425944217,154.78475750319797,-98.08951233468832,65.97388101997986,0.09405848282077756
B_PA2_to_C2,1D,80,14,5.0,0.6,0.6,-29.393804767762326,154.61866810134381,-97.77095418124917,-24.94,201.76,-51.8,-26.123147461095748,154.82166625916554,-98.16030303545259,65.98397312847756,0.09093399102582467
B_PA2_to_C2,1D,80,15,5.0,0.6,0.6,-29.393804767762326,154.61866810134381,-97.77095418124917,-24.94,201.76,-51.8,-25.528482496247282,154.85857501513314,-98.23109373621685,65.9995185043106,0.08612118117039103
B_PA2_to_C2,1D,80,16,5.0,0.6,0.6,-29.393804767762326,154.61866810134381,-97.77095418124917,-24.94,201.76,-51.8,-24.933817531398812,154.89548377110071,-98.3018844369811,66.02051329535409,0.0796212458628105
B_PA2_to_C2,1D,81,1,5.0,0.6,0.6,-28.31845135645202,154.68441462884485,-97.89637786883975,-23.6,201.93,-51.8,-32.78140081909656,154.4156938669229,-97.38660218680609,66.48342430445945,0.0
B_PA2_to_C2,1D,81,2,5.0,0.6,0.6,-28.31845135645202,154.68441462884485,-97.89637786883975,-23.6,201.93,-51.8,-32.186340890743956,154.45152330184584,-97.4545722777439,66.424927318989,0.018110521817472858
B_PA2_to_C2,1D,81,3,5.0,0.6,0.6,-28.31845135645202,154.68441462884485,-97.89637786883975,-23.6,201.93,-51.8,-31.591280962391348,154.48735273676877,-97.52254236868173,66.37180298454425,0.03455768418427141
B_PA2_to_C2,1D,81,4,5.0,0.6,0.6,-28.31845135645202,154.68441462884485,-97.89637786883975,-23.6,201.93,-51.8,-30.996221034038744,154.52318217169167,-97.59051245961955,66.32406421130526,0.049337490140615614
B_PA2_to_C2,1D,81,5,5.0,0.6,0.6,-28.31845135645202,154.68441462884485,-97.89637786883975,-23.6,201.93,-51.8,-30.40116110568614,154.5590116066146,-97.65848255055737,66.28172263596902,0.062446336993939866
B_PA2_to_C2,1D,81,6,5.0,0.6,0.6,-28.31845135645202,154.68441462884485,-97.89637786883975,-23.6,201.93,-51.8,-29.806101177333534,154.59484104153753,-97.7264526414952,66.24478860769133,0.0738810206712408
B_PA2_to_C2,1D,81,7,5.0,0.6,0.6,-28.31845135645202,154.68441462884485,-97.89637786883975,-23.6,201.93,-51.8,-29.211041248980926,154.63067047646047,-97.79442273243302,66.21327117552717,0.08363873960751533
B_PA2_to_C2,1D,81,8,5.0,0.6,0.6,-28.31845135645202,154.68441462884485,-97.89637786883975,-23.6,201.93,-51.8,-28.615981320628322,154.6664999113834,-97.86239282337084,66.1871780774047,0.09171709815936424
B_PA2_to_C2,1D,81,9,5.0,0.6,0.6,-28.31845135645202,154.68441462884485,-97.89637786883975,-23.6,201.93,-51.8,-28.020921392275717,154.7023293463063,-97.93036291430866,66.16651573066446,0.09811410953405186
B_PA2_to_C2,1D,81,10,5.0,0.6,0.6,-28.31845135645202,154.68441462884485,-97.89637786883975,-23.6,201.93,-51.8,-27.425861463923113,154.73815878122923,-97.99833300524648,66.15128922419011,0.1028281982258008
B_PA2_to_C2,1D,81,11,5.0,0.6,0.6,-28.31845135645202,154.68441462884485,-97.89637786883975,-23.6,201.93,-51.8,-26.830801535570505,154.77398821615216,-98.0663030961843,66.1415023121537,0.10585820195224116
B_PA2_to_C2,1D,81,12,5.0,0.6,0.6,-28.31845135645202,154.68441462884485,-97.89637786883975,-23.6,201.93,-51.8,-26.2357416072179,154.8098176510751,-98.13427318712213,66.13715740939294,0.10720337308560346
B_PA2_to_C2,1D,81,13,5.0,0.6,0.6,-28.31845135645202,154.68441462884485,-97.89637786883975,-23.6,201.93,-51.8,-25.640681678865295,154.84564708599802,-98.20224327805995,66.13825558843386,0.10686337957448444
B_PA2_to_C2,1D,81,14,5.0,0.6,0.6,-28.31845135645202,154.68441462884485,-97.89637786883975,-23.6,201.93,-51.8,-25.04562175051269,154.88147652092093,-98.27021336899777,66.14479657816774,0.10483830535346783
B_PA2_to_C2,1D,81,15,5.0,0.6,0.6,-28.31845135645202,154.68441462884485,-97.89637786883975,-23.6,201.93,-51.8,-24.450561822160083,154.91730595584386,-98.33818345993559,66.15677876418542,0.10112865023963735
B_PA2_to_C2,1D,81,16,5.0,0.6,0.6,-28.31845135645202,154.68441462884485,-97.89637786883975,-23.6,201.93,-51.8,-23.855501893807478,154.9531353907668,-98.40615355087341,66.17419919076889,0.09573532931596063
B_PA2_to_C2,1D,82,1,5.0,0.6,0.6,-27.2423972641524,154.74820751656992,-98.01669642786543,-22.26,202.08,-51.8,-31.708199040602917,154.48760346933818,-97.5281270632734,66.67358005505238,0.0
B_PA2_to_C2,1D,82,2,5.0,0.6,0.6,-27.2423972641524,154.74820751656992,-98.01669642786543,-22.26,202.08,-51.8,-31.11275880374285,154.52235067563575,-97.593269645219,66.61174740611588,0.019143234964861477
B_PA2_to_C2,1D,82,3,5.0,0.6,0.6,-27.2423972641524,154.74820751656992,-98.01669642786543,-22.26,202.08,-51.8,-30.51731856688278,154.55709788193332,-97.6584122271646,66.55526656572638,0.03662956325882405
B_PA2_to_C2,1D,82,4,5.0,0.6,0.6,-27.2423972641524,154.74820751656992,-98.01669642786543,-22.26,202.08,-51.8,-29.92187833002271,154.59184508823088,-97.72355480911021,66.50415116948419,0.052454763333809495
B_PA2_to_C2,1D,82,5,5.0,0.6,0.6,-27.2423972641524,154.74820751656992,-98.01669642786543,-22.26,202.08,-51.8,-29.326438093162643,154.62659229452845,-97.7886973910558,66.45841359761992,0.06661500230107364
B_PA2_to_C2,1D,82,6,5.0,0.6,0.6,-27.2423972641524,154.74820751656992,-98.01669642786543,-22.26,202.08,-51.8,-28.730997856302572,154.66133950082602,-97.85383997300141,66.41806496015238,0.07910684052631822
B_PA2_to_C2,1D,82,7,5.0,0.6,0.6,-27.2423972641524,154.74820751656992,-98.01669642786543,-22.26,202.08,-51.8,-28.135557619442505,154.69608670712358,-97.91898255494702,66.38311508350394,0.08992723577351214
B_PA2_to_C2,1D,82,8,5.0,0.6,0.6,-27.2423972641524,154.74820751656992,-98.01669642786543,-22.26,202.08,-51.8,-27.540117382582437,154.73083391342115,-97.98412513689263,66.35357249861107,0.09907354688585457
B_PA2_to_C2,1D,82,9,5.0,0.6,0.6,-27.2423972641524,154.74820751656992,-98.01669642786543,-22.26,202.08,-51.8,-26.944677145722366,154.7655811197187,-98.04926771883822,66.32944443056302,0.10654353699361252
B_PA2_to_C2,1D,82,10,5.0,0.6,0.6,-27.2423972641524,154.74820751656992,-98.01669642786543,-22.26,202.08,-51.8,-26.3492369088623,154.80032832601626,-98.11441030078383,66.31073678979789,0.11233537623978407
B_PA2_to_C2,1D,82,11,5.0,0.6,0.6,-27.2423972641524,154.74820751656992,-98.01669642786543,-22.26,202.08,-51.8,-25.75379667200223,154.83507553231382,-98.17955288272944,66.2974541648815,0.11644764401575358
B_PA2_to_C2,1D,82,12,5.0,0.6,0.6,-27.2423972641524,154.74820751656992,-98.01669642786543,-22.26,202.08,-51.8,-25.15835643514216,154.8698227386114,-98.24469546467505,66.28959981688887,0.11887933070078205
B_PA2_to_C2,1D,82,13,5.0,0.6,0.6,-27.2423972641524,154.74820751656992,-98.01669642786543,-22.26,202.08,-51.8,-24.562916198282092,154.90456994490896,-98.30983804662064,66.28717567540481,0.11962983890017753
B_PA2_to_C2,1D,82,14,5.0,0.6,0.6,-27.2423972641524,154.74820751656992,-98.01669642786543,-22.26,202.08,-51.8,-23.967475961422025,154.93931715120652,-98.37498062856625,66.2901823361551,0.11869898417872804
B_PA2_to_C2,1D,82,15,5.0,0.6,0.6,-27.2423972641524,154.74820751656992,-98.01669642786543,-22.26,202.08,-51.8,-23.372035724561954,154.9740643575041,-98.44012321051186,66.29861906027453,0.11608699528726163
B_PA2_to_C2,1D,82,16,5.0,0.6,0.6,-27.2423972641524,154.74820751656992,-98.01669642786543,-22.26,202.08,-51.8,-22.776595487701886,155.00881156380166,-98.50526579245745,66.31248377521463,0.11179451388165873
B_PA2_to_C2,1D,83,1,5.0,0.6,0.6,-26.165669006864395,154.81004129594638,-98.13189739193845,-20.91,202.22,-51.8,-30.63421258752924,154.55757584719433,-97.66458650517741,66.85676691151254,0.0
B_PA2_to_C2,1D,83,2,5.0,0.6,0.6,-26.165669006864395,154.81004129594638,-98.13189739193845,-20.91,202.22,-51.8,-30.03840677677393,154.59123790702793,-97.7268946234122,66.79151471961984,0.02020191699464391
B_PA2_to_C2,1D,83,3,5.0,0.6,0.6,-26.165669006864395,154.81004129594638,-98.13189739193845,-20.91,202.22,-51.8,-29.442600966018617,154.62489996686153,-97.78920274164702,66.73159368111983,0.038753322103005416
B_PA2_to_C2,1D,83,4,5.0,0.6,0.6,-26.165669006864395,154.81004129594638,-98.13189739193845,-20.91,202.22,-51.8,-28.846795155263305,154.65856202669514,-97.85151085988183,66.67701816895347,0.05564976549816336
B_PA2_to_C2,1D,83,5,5.0,0.6,0.6,-26.165669006864395,154.81004129594638,-98.13189739193845,-20.91,202.22,-51.8,-28.250989344507992,154.69222408652874,-97.91381897811664,66.62780131884759,0.070887180391626
B_PA2_to_C2,1D,83,6,5.0,0.6,0.6,-26.165669006864395,154.81004129594638,-98.13189739193845,-20.91,202.22,-51.8,-27.655183533752677,154.72588614636237,-97.97612709635143,66.58395501368706,0.0844618878716652
B_PA2_to_C2,1D,83,7,5.0,0.6,0.6,-26.165669006864395,154.81004129594638,-98.13189739193845,-20.91,202.22,-51.8,-27.059377722997365,154.75954820619597,-98.03843521458624,66.54548986930355,0.09637060130308939
B_PA2_to_C2,1D,83,8,5.0,0.6,0.6,-26.165669006864395,154.81004129594638,-98.13189739193845,-20.91,202.22,-51.8,-26.463571912242053,154.79321026602958,-98.10074333282105,66.51241522171978,0.10661043027639394
B_PA2_to_C2,1D,83,9,5.0,0.6,0.6,-26.165669006864395,154.81004129594638,-98.13189739193845,-20.91,202.22,-51.8,-25.867766101486737,154.82687232586318,-98.16305145105585,66.48473911588536,0.11517888409510135
B_PA2_to_C2,1D,83,10,5.0,0.6,0.6,-26.165669006864395,154.81004129594638,-98.13189739193845,-20.91,202.22,-51.8,-25.271960290731425,154.86053438569678,-98.22535956929066,66.46246829593537,0.12207387479169185
B_PA2_to_C2,1D,83,11,5.0,0.6,0.6,-26.165669006864395,154.81004129594638,-98.13189739193845,-20.91,202.22,-51.8,-24.676154479976113,154.89419644553038,-98.28766768752547,66.44560819699895,0.12729371966365122
B_PA2_to_C2,1D,83,12,5.0,0.6,0.6,-26.165669006864395,154.81004129594638,-98.13189739193845,-20.91,202.22,-51.8,-24.080348669220797,154.92785850536401,-98.34997580576027,66.4341629385813,0.13083714332236696
B_PA2_to_C2,1D,83,13,5.0,0.6,0.6,-26.165669006864395,154.81004129594638,-98.13189739193845,-20.91,202.22,-51.8,-23.484542858465485,154.96152056519762,-98.41228392399508,66.42813531953796,0.13270327924909608
B_PA2_to_C2,1D,83,14,5.0,0.6,0.6,-26.165669006864395,154.81004129594638,-98.13189739193845,-20.91,202.22,-51.8,-22.888737047710173,154.99518262503122,-98.47459204222989,66.42752681465511,0.13289167085369158
B_PA2_to_C2,1D,83,15,5.0,0.6,0.6,-26.165669006864395,154.81004129594638,-98.13189739193845,-20.91,202.22,-51.8,-22.29293123695486,155.02884468486482,-98.5369001604647,66.43233757284627,0.13140227203290067
B_PA2_to_C2,1D,83,16,5.0,0.6,0.6,-26.165669006864395,154.81004129594638,-98.13189739193845,-20.91,202.22,-51.8,-21.69712542619955,155.06250674469842,-98.59920827869949,66.44256641697007,0.12823544722677127
B_PA2_to_C2,1D,84,1,5.0,0.6,0.6,-25.088293256508223,154.86991089153568,-98.24196809318909,-19.57,202.36,-51.8,-29.559467188747888,154.6256043550828,-97.79596586908379,67.03723486638215,0.0
B_PA2_to_C2,1D,84,2,5.0,0.6,0.6,-25.088293256508223,154.86991089153568,-98.24196809318909,-19.57,202.36,-51.8,-28.963310664449267,154.6581785599432,-97.85543283229784,66.96865645440573,0.021231706494248215
B_PA2_to_C2,1D,84,3,5.0,0.6,0.6,-25.088293256508223,154.86991089153568,-98.24196809318909,-19.57,202.36,-51.8,-28.367154140150646,154.69075276480356,-97.91489979551187,66.90538869243609,0.04081924889970878
B_PA2_to_C2,1D,84,4,5.0,0.6,0.6,-25.088293256508223,154.86991089153568,-98.24196809318909,-19.57,202.36,-51.8,-27.77099761585202,154.72332696966396,-97.9743667587259,66.84744665926806,0.05875795885885182
B_PA2_to_C2,1D,84,5,5.0,0.6,0.6,-25.088293256508223,154.86991089153568,-98.24196809318909,-19.57,202.36,-51.8,-27.1748410915534,154.75590117452433,-98.03383372193994,66.79484421451573,0.07504354546948022
B_PA2_to_C2,1D,84,6,5.0,0.6,0.6,-25.088293256508223,154.86991089153568,-98.24196809318909,-19.57,202.36,-51.8,-26.57868456725478,154.78847537938472,-98.09330068515399,66.74759398224899,0.08967210035082473
B_PA2_to_C2,1D,84,7,5.0,0.6,0.6,-25.088293256508223,154.86991089153568,-98.24196809318909,-19.57,202.36,-51.8,-25.982528042956154,154.82104958424512,-98.15276764836803,66.70570733600609,0.10264010228361187
B_PA2_to_C2,1D,84,8,5.0,0.6,0.6,-25.088293256508223,154.86991089153568,-98.24196809318909,-19.57,202.36,-51.8,-25.386371518657533,154.85362378910548,-98.21223461158206,66.66919438522287,0.1139444214115457
B_PA2_to_C2,1D,84,9,5.0,0.6,0.6,-25.088293256508223,154.86991089153568,-98.24196809318909,-19.57,202.36,-51.8,-24.790214994358912,154.88619799396588,-98.27170157479611,66.63806396311621,0.12358232299255434
B_PA2_to_C2,1D,84,10,5.0,0.6,0.6,-25.088293256508223,154.86991089153568,-98.24196809318909,-19.57,202.36,-51.8,-24.19405847006029,154.91877219882625,-98.33116853801015,66.61232361605549,0.13155147068937012
B_PA2_to_C2,1D,84,11,5.0,0.6,0.6,-25.088293256508223,154.86991089153568,-98.24196809318909,-19.57,202.36,-51.8,-23.597901945761667,154.95134640368664,-98.39063550122418,66.59197959445144,0.13784992939031326
B_PA2_to_C2,1D,84,12,5.0,0.6,0.6,-25.088293256508223,154.86991089153568,-98.24196809318909,-19.57,202.36,-51.8,-23.001745421463045,154.98392060854704,-98.45010246443823,66.5770368451884,0.14247616755224612
B_PA2_to_C2,1D,84,13,5.0,0.6,0.6,-25.088293256508223,154.86991089153568,-98.24196809318909,-19.57,202.36,-51.8,-22.405588897164424,155.0164948134074,-98.50956942765227,66.56749900562069,0.1454290590592784
B_PA2_to_C2,1D,84,14,5.0,0.6,0.6,-25.088293256508223,154.86991089153568,-98.24196809318909,-19.57,202.36,-51.8,-21.8094323728658,155.0490690182678,-98.5690363908663,66.56336839915063,0.14670788459180173
B_PA2_to_C2,1D,84,15,5.0,0.6,0.6,-25.088293256508223,154.86991089153568,-98.24196809318909,-19.57,202.36,-51.8,-21.21327584856718,155.08164322312817,-98.62850335408034,66.56464603240059,0.14631233250203124
B_PA2_to_C2,1D,84,16,5.0,0.6,0.6,-25.088293256508223,154.86991089153568,-98.24196809318909,-19.57,202.36,-51.8,-20.617119324268558,155.11421742798856,-98.68797031729439,66.57133159398659,0.14424249919367327
B_PA2_to_C2,1D,85,1,5.0,0.6,0.6,-24.01029697344074,154.9278115916748,-98.34689701737234,-18.22,202.48,-51.8,-28.48398878672066,154.69168285301623,-97.92225036594108,67.20368070554753,0.0
B_PA2_to_C2,1D,85,2,5.0,0.6,0.6,-24.01029697344074,154.9278115916748,-98.34689701737234,-18.22,202.48,-51.8,-27.88749654495,154.72316668483737,-97.97886991946525,67.13168882709373,0.022288507261240653
B_PA2_to_C2,1D,85,3,5.0,0.6,0.6,-24.01029697344074,154.9278115916748,-98.34689701737234,-18.22,202.48,-51.8,-27.291004303179346,154.75465051665853,-98.03548947298941,67.06498780423578,0.04293897873428776
B_PA2_to_C2,1D,85,4,5.0,0.6,0.6,-24.01029697344074,154.9278115916748,-98.34689701737234,-18.22,202.48,-51.8,-26.69451206140869,154.78613434847966,-98.09210902651358,67.00359343786609,0.061946522501994394
B_PA2_to_C2,1D,85,5,5.0,0.6,0.6,-24.01029697344074,154.9278115916748,-98.34689701737234,-18.22,202.48,-51.8,-26.098019819638036,154.8176181803008,-98.14872858003775,66.9475203274282,0.07930661861279731
B_PA2_to_C2,1D,85,6,5.0,0.6,0.6,-24.01029697344074,154.9278115916748,-98.34689701737234,-18.22,202.48,-51.8,-25.50152757786738,154.84910201212196,-98.20534813356193,66.89678185380794,0.09501512437758208
B_PA2_to_C2,1D,85,7,5.0,0.6,0.6,-24.01029697344074,154.9278115916748,-98.34689701737234,-18.22,202.48,-51.8,-24.905035336096724,154.8805858439431,-98.26196768708608,66.85139016355997,0.10906827925311546
B_PA2_to_C2,1D,85,8,5.0,0.6,0.6,-24.01029697344074,154.9278115916748,-98.34689701737234,-18.22,202.48,-51.8,-24.30854309432607,154.91206967576423,-98.31858724061026,66.81135615451224,0.12146270929885361
B_PA2_to_C2,1D,85,9,5.0,0.6,0.6,-24.01029697344074,154.9278115916748,-98.34689701737234,-18.22,202.48,-51.8,-23.712050852555414,154.9435535075854,-98.37520679413443,66.77668946278811,0.13219543119486588
B_PA2_to_C2,1D,85,10,5.0,0.6,0.6,-24.01029697344074,154.9278115916748,-98.34689701737234,-18.22,202.48,-51.8,-23.11555861078476,154.97503733940653,-98.4318263476586,66.74739845128195,0.1412638558097754
B_PA2_to_C2,1D,85,11,5.0,0.6,0.6,-24.01029697344074,154.9278115916748,-98.34689701737234,-18.22,202.48,-51.8,-22.519066369014105,155.00652117122766,-98.48844590118276,66.72349019961975,0.1486657913089111
B_PA2_to_C2,1D,85,12,5.0,0.6,0.6,-24.01029697344074,154.9278115916748,-98.34689701737234,-18.22,202.48,-51.8,-21.922574127243447,155.03800500304882,-98.54506545470693,66.70497049563329,0.15439944579388154
B_PA2_to_C2,1D,85,13,5.0,0.6,0.6,-24.01029697344074,154.9278115916748,-98.34689701737234,-18.22,202.48,-51.8,-21.326081885472792,155.06948883486996,-98.6016850082311,66.69184382837129,0.1584634294663303
B_PA2_to_C2,1D,85,14,5.0,0.6,0.6,-24.01029697344074,154.9278115916748,-98.34689701737234,-18.22,202.48,-51.8,-20.729589643702138,155.1009726666911,-98.65830456175527,66.68411338266728,0.160856756309677
B_PA2_to_C2,1D,85,15,5.0,0.6,0.6,-24.01029697344074,154.9278115916748,-98.34689701737234,-18.22,202.48,-51.8,-20.133097401931483,155.13245649851225,-98.71492411527943,66.68178103527963,0.16157884528418265
B_PA2_to_C2,1D,85,16,5.0,0.6,0.6,-24.01029697344074,154.9278115916748,-98.34689701737234,-18.22,202.48,-51.8,-19.536605160160825,155.1639403303334,-98.7715436688036,66.6848473526148,0.16062952103180805
B_PA2_to_C2,1D,86,1,5.0,0.6,0.6,-22.931707318956335,154.98373900900486,-98.44667307402543,-16.87,202.6,-51.8,-27.40780375737552,154.75580891904474,-98.04342557178661,67.36888255591957,0.0
B_PA2_to_C2,1D,86,2,5.0,0.6,0.6,-22.931707318956335,154.98373900900486,-98.44667307402543,-16.87,202.6,-51.8,-26.81099089891963,154.7861995977061,-98.09719190541846,67.29348250231925,0.023343669845299786
B_PA2_to_C2,1D,86,3,5.0,0.6,0.6,-22.931707318956335,154.98373900900486,-98.44667307402543,-16.87,202.6,-51.8,-26.21417804046374,154.81659027636744,-98.1509582390503,67.22335336582528,0.04505547680937738
B_PA2_to_C2,1D,86,4,5.0,0.6,0.6,-22.931707318956335,154.98373900900486,-98.44667307402543,-16.87,202.6,-51.8,-25.617365182007845,154.84698095502878,-98.20472457268214,67.15851165863695,0.0651303087562276
B_PA2_to_C2,1D,86,5,5.0,0.6,0.6,-22.931707318956335,154.98373900900486,-98.44667307402543,-16.87,202.6,-51.8,-25.020552323551954,154.87737163369013,-98.25849090631398,67.09897270942336,0.08356341996786654
B_PA2_to_C2,1D,86,6,5.0,0.6,0.6,-22.931707318956335,154.98373900900486,-98.44667307402543,-16.87,202.6,-51.8,-24.423739465096062,154.90776231235148,-98.31225723994582,67.04475064549501,0.10035043666394827
B_PA2_to_C2,1D,86,7,5.0,0.6,0.6,-22.931707318956335,154.98373900900486,-98.44667307402543,-16.87,202.6,-51.8,-23.82692660664017,154.93815299101283,-98.36602357357766,66.9958583762703,0.1154873621205148
B_PA2_to_C2,1D,86,8,5.0,0.6,0.6,-22.931707318956335,154.98373900900486,-98.44667307402543,-16.87,202.6,-51.8,-23.23011374818428,154.96854366967418,-98.4197899072095,66.95230757808076,0.12897058137424366
B_PA2_to_C2,1D,86,9,5.0,0.6,0.6,-22.931707318956335,154.98373900900486,-98.44667307402543,-16.87,202.6,-51.8,-22.63330088972839,154.99893434833555,-98.47355624084135,66.91410868035675,0.14079686549932546
B_PA2_to_C2,1D,86,10,5.0,0.6,0.6,-22.931707318956335,154.98373900900486,-98.44667307402543,-16.87,202.6,-51.8,-22.036488031272498,155.0293250269969,-98.52732257447319,66.88127085323107,0.15096337544535388
B_PA2_to_C2,1D,86,11,5.0,0.6,0.6,-22.931707318956335,154.98373900900486,-98.44667307402543,-16.87,202.6,-51.8,-21.439675172816607,155.05971570565825,-98.58108890810503,66.85380199659494,0.15946766542558066
B_PA2_to_C2,1D,86,12,5.0,0.6,0.6,-22.931707318956335,154.98373900900486,-98.44667307402543,-16.87,202.6,-51.8,-20.842862314360715,155.0901063843196,-98.63485524173687,66.83170873063612,0.16630768584626665
B_PA2_to_C2,1D,86,13,5.0,0.6,0.6,-22.931707318956335,154.98373900900486,-98.44667307402543,-16.87,202.6,-51.8,-20.246049455904824,155.12049706298095,-98.68862157536871,66.81499638788623,0.17148178576883666
B_PA2_to_C2,1D,86,14,5.0,0.6,0.6,-22.931707318956335,154.98373900900486,-98.44667307402543,-16.87,202.6,-51.8,-19.64923659744893,155.1508877416423,-98.74238790900056,66.80366900679866,0.17498871489811663
B_PA2_to_C2,1D,86,15,5.0,0.6,0.6,-22.931707318956335,154.98373900900486,-98.44667307402543,-16.87,202.6,-51.8,-19.05242373899304,155.18127842030364,-98.7961542426324,66.7977293268759,0.17682762509091887
B_PA2_to_C2,1D,86,16,5.0,0.6,0.6,-22.931707318956335,154.98373900900486,-98.44667307402543,-16.87,202.6,-51.8,-18.455610880537147,155.211669098965,-98.84992057626424,66.7971787853592,0.17699807138092183
B_PA2_to_C2,1D,87,1,5.0,0.6,0.6,-21.85255162814546,155.03768748408027,-98.54128635480696,-15.53,202.71,-51.8,-26.33093878081085,154.81797454474915,-98.15948177765779,67.52412851304491,0.0
B_PA2_to_C2,1D,87,2,5.0,0.6,0.6,-21.85255162814546,155.03768748408027,-98.54128635480696,-15.53,202.71,-51.8,-25.733820493788798,154.84726960332662,-98.21038905461101,67.44540848637855,0.024371525283704898
B_PA2_to_C2,1D,87,3,5.0,0.6,0.6,-21.85255162814546,155.03768748408027,-98.54128635480696,-15.53,202.71,-51.8,-25.136702206766746,154.87656466190413,-98.26129633156422,67.37194015569628,0.0471171384980309
B_PA2_to_C2,1D,87,4,5.0,0.6,0.6,-21.85255162814546,155.03768748408027,-98.54128635480696,-15.53,202.71,-51.8,-24.539583919744693,154.9058597204816,-98.31220360851745,67.30374071915305,0.06823151513679804
B_PA2_to_C2,1D,87,5,5.0,0.6,0.6,-21.85255162814546,155.03768748408027,-98.54128635480696,-15.53,202.71,-51.8,-23.94246563272264,154.93515477905908,-98.36311088547068,67.24082620877914,0.0877096917231519
B_PA2_to_C2,1D,87,6,5.0,0.6,0.6,-21.85255162814546,155.03768748408027,-98.54128635480696,-15.53,202.71,-51.8,-23.34534734570059,154.96444983763655,-98.4140181624239,67.18321147197044,0.10554707154008725
B_PA2_to_C2,1D,87,7,5.0,0.6,0.6,-21.85255162814546,155.03768748408027,-98.54128635480696,-15.53,202.71,-51.8,-22.748229058678536,154.99374489621405,-98.46492543937713,67.1309101542334,0.12173942997260312
B_PA2_to_C2,1D,87,8,5.0,0.6,0.6,-21.85255162814546,155.03768748408027,-98.54128635480696,-15.53,202.71,-51.8,-22.151110771656484,155.02303995479153,-98.51583271633035,67.0839346832311,0.1362829194469981
B_PA2_to_C2,1D,87,9,5.0,0.6,0.6,-21.85255162814546,155.03768748408027,-98.54128635480696,-15.53,202.71,-51.8,-21.553992484634435,155.052335013369,-98.56673999328356,67.04229625417283,0.14917407395420668
B_PA2_to_C2,1D,87,10,5.0,0.6,0.6,-21.85255162814546,155.03768748408027,-98.54128635480696,-15.53,202.71,-51.8,-20.956874197612382,155.08163007194648,-98.61764727023679,67.0060048165874,0.16040981314473868
B_PA2_to_C2,1D,87,11,5.0,0.6,0.6,-21.85255162814546,155.03768748408027,-98.54128635480696,-15.53,202.71,-51.8,-20.35975591059033,155.11092513052398,-98.66855454719001,66.97506906251603,0.1699874459841766
B_PA2_to_C2,1D,87,12,5.0,0.6,0.6,-21.85255162814546,155.03768748408027,-98.54128635480696,-15.53,202.71,-51.8,-19.762637623568278,155.14022018910146,-98.71946182414324,66.94949641615725,0.17790467395903065
B_PA2_to_C2,1D,87,13,5.0,0.6,0.6,-21.85255162814546,155.03768748408027,-98.54128635480696,-15.53,202.71,-51.8,-19.165519336546225,155.16951524767893,-98.77036910109646,66.92929302499252,0.1841595938242726
B_PA2_to_C2,1D,87,14,5.0,0.6,0.6,-21.85255162814546,155.03768748408027,-98.54128635480696,-15.53,202.71,-51.8,-18.568401049524173,155.1988103062564,-98.82127637804969,66.91446375241732,0.18875069988470372
B_PA2_to_C2,1D,87,15,5.0,0.6,0.6,-21.85255162814546,155.03768748408027,-98.54128635480696,-15.53,202.71,-51.8,-17.97128276250212,155.2281053648339,-98.8721836550029,66.90501217189806,0.1916768858039788
B_PA2_to_C2,1D,87,16,5.0,0.6,0.6,-21.85255162814546,155.03768748408027,-98.54128635480696,-15.53,202.71,-51.8,-17.374164475480068,155.25740042341138,-98.92309093195612,66.90094056267137,0.19293744593608508
B_PA2_to_C2,1D,88,1,5.0,0.6,0.6,-20.772857377273507,155.08965376136825,-98.63072567176079,-14.18,202.8,-51.8,-25.253420507957863,154.87817507110515,-98.27040526501618,67.665504592492,0.0
B_PA2_to_C2,1D,88,2,5.0,0.6,0.6,-20.772857377273507,155.08965376136825,-98.63072567176079,-14.18,202.8,-51.8,-24.65601209053328,154.90637222980692,-98.31844798591545,67.58337379362717,0.025427491908612154
B_PA2_to_C2,1D,88,3,5.0,0.6,0.6,-20.772857377273507,155.08965376136825,-98.63072567176079,-14.18,202.8,-51.8,-24.058603673108703,154.93456938850866,-98.36649070681474,67.50647609601403,0.049234828630950744
B_PA2_to_C2,1D,88,4,5.0,0.6,0.6,-20.772857377273507,155.08965376136825,-98.63072567176079,-14.18,202.8,-51.8,-23.46119525568412,154.9627665472104,-98.41453342771402,67.4348294019811,0.07141646765042964
B_PA2_to_C2,1D,88,5,5.0,0.6,0.6,-20.772857377273507,155.08965376136825,-98.63072567176079,-14.18,202.8,-51.8,-22.86378683825954,154.99096370591215,-98.4625761486133,67.36845046493852,0.0919672221527783
B_PA2_to_C2,1D,88,6,5.0,0.6,0.6,-20.772857377273507,155.08965376136825,-98.63072567176079,-14.18,202.8,-51.8,-22.266378420834958,155.0191608646139,-98.51061886951258,67.30735487017341,0.11088226697169645
B_PA2_to_C2,1D,88,7,5.0,0.6,0.6,-20.772857377273507,155.08965376136825,-98.63072567176079,-14.18,202.8,-51.8,-21.66897000341038,155.04735802331564,-98.55866159041186,67.25155701686047,0.1281571441583651
B_PA2_to_C2,1D,88,8,5.0,0.6,0.6,-20.772857377273507,155.08965376136825,-98.63072567176079,-14.18,202.8,-51.8,-21.071561585985798,155.07555518201738,-98.60670431131115,67.20107010133557,0.14378776815988203
B_PA2_to_C2,1D,88,9,5.0,0.6,0.6,-20.772857377273507,155.08965376136825,-98.63072567176079,-14.18,202.8,-51.8,-20.474153168561216,155.10375234071913,-98.65474703221042,67.15590610167655,0.15777043059301832
B_PA2_to_C2,1D,88,10,5.0,0.6,0.6,-20.772857377273507,155.08965376136825,-98.63072567176079,-14.18,202.8,-51.8,-19.876744751136634,155.13194949942087,-98.70278975310971,67.1160757636334,0.17010180460018276
B_PA2_to_C2,1D,88,11,5.0,0.6,0.6,-20.772857377273507,155.08965376136825,-98.63072567176079,-14.18,202.8,-51.8,-19.279336333712056,155.1601466581226,-98.75083247400899,67.08158858794535,0.1807789487760516
B_PA2_to_C2,1D,88,12,5.0,0.6,0.6,-20.772857377273507,155.08965376136825,-98.63072567176079,-14.18,202.8,-51.8,-18.681927916287474,155.18834381682436,-98.79887519490828,67.05245281907995,0.18979931065388556
B_PA2_to_C2,1D,88,13,5.0,0.6,0.6,-20.772857377273507,155.08965376136825,-98.63072567176079,-14.18,202.8,-51.8,-18.084519498862893,155.2165409755261,-98.84691791580755,67.02867543542482,0.19716072974216203
B_PA2_to_C2,1D,88,14,5.0,0.6,0.6,-20.772857377273507,155.08965376136825,-98.63072567176079,-14.18,202.8,-51.8,-17.48711108143831,155.24473813422784,-98.89496063670683,67.01026214095944,0.20286144010295715
B_PA2_to_C2,1D,88,15,5.0,0.6,0.6,-20.772857377273507,155.08965376136825,-98.63072567176079,-14.18,202.8,-51.8,-16.889702664013733,155.2729352929296,-98.94300335760612,66.99721735842978,0.20690007246508202
B_PA2_to_C2,1D,88,16,5.0,0.6,0.6,-20.772857377273507,155.08965376136825,-98.63072567176079,-14.18,202.8,-51.8,-16.29229424658915,155.30113245163136,-98.99104607850539,66.98954422404486,0.20927565586598362
B_PA2_to_C2,1D,89,1,5.0,0.6,0.6,-19.692652288997586,155.13963285791397,-98.71498233580529,-12.83,202.89,-51.8,-24.17527584057723,154.9364049274494,-98.37618371847844,67.80562995842153,0.0
B_PA2_to_C2,1D,89,2,5.0,0.6,0.6,-19.692652288997586,155.13963285791397,-98.71498233580529,-12.83,202.89,-51.8,-23.57759270036661,154.96350198484467,-98.42135686745536,67.72009212200089,0.02648230229741344
B_PA2_to_C2,1D,89,3,5.0,0.6,0.6,-19.692652288997586,155.13963285791397,-98.71498233580529,-12.83,202.89,-51.8,-22.979909560155992,154.99059904223995,-98.46653001643227,67.63976862738505,0.051350257286838286
B_PA2_to_C2,1D,89,4,5.0,0.6,0.6,-19.692652288997586,155.13963285791397,-98.71498233580529,-12.83,202.89,-51.8,-22.382226419945372,155.01769609963523,-98.51170316540919,67.56467807160838,0.07459810737249484
B_PA2_to_C2,1D,89,5,5.0,0.6,0.6,-19.692652288997586,155.13963285791397,-98.71498233580529,-12.83,202.89,-51.8,-21.784543279734752,155.0447931570305,-98.55687631438609,67.49483792019932,0.09622044527003837
B_PA2_to_C2,1D,89,6,5.0,0.6,0.6,-19.692652288997586,155.13963285791397,-98.71498233580529,-12.83,202.89,-51.8,-21.186860139524132,155.07189021442576,-98.602049463363,67.43026448730475,0.11621222015999422
B_PA2_to_C2,1D,89,7,5.0,0.6,0.6,-19.692652288997586,155.13963285791397,-98.71498233580529,-12.83,202.89,-51.8,-20.589176999313516,155.09898727182104,-98.64722261233992,67.37097291698979,0.13456874347732395
B_PA2_to_C2,1D,89,8,5.0,0.6,0.6,-19.692652288997586,155.13963285791397,-98.71498233580529,-12.83,202.89,-51.8,-19.991493859102896,155.12608432921633,-98.69239576131683,67.31697716576157,0.15128569432197025
B_PA2_to_C2,1D,89,9,5.0,0.6,0.6,-19.692652288997586,155.13963285791397,-98.71498233580529,-12.83,202.89,-51.8,-19.393810718892276,155.1531813866116,-98.73756891029375,67.26828998636402,0.16635912447600987
B_PA2_to_C2,1D,89,10,5.0,0.6,0.6,-19.692652288997586,155.13963285791397,-98.71498233580529,-12.83,202.89,-51.8,-18.796127578681656,155.1802784440069,-98.78274205927066,67.22492291288596,0.17978546301411313
B_PA2_to_C2,1D,89,11,5.0,0.6,0.6,-19.692652288997586,155.13963285791397,-98.71498233580529,-12.83,202.89,-51.8,-18.19844443847104,155.20737550140217,-98.82791520824757,67.18688624722354,0.19156152049473718
B_PA2_to_C2,1D,89,12,5.0,0.6,0.6,-19.692652288997586,155.13963285791397,-98.71498233580529,-12.83,202.89,-51.8,-17.60076129826042,155.23447255879742,-98.87308835722449,67.15418904693328,0.20168449272082256
B_PA2_to_C2,1D,89,13,5.0,0.6,0.6,-19.692652288997586,155.13963285791397,-98.71498233580529,-12.83,202.89,-51.8,-17.0030781580498,155.2615696161927,-98.91826150620139,67.12683911450881,0.21015196405966918
B_PA2_to_C2,1D,89,14,5.0,0.6,0.6,-19.692652288997586,155.13963285791397,-98.71498233580529,-12.83,202.89,-51.8,-16.40539501783918,155.28866667358798,-98.9634346551783,67.10484298811112,0.21696191031282552
B_PA2_to_C2,1D,89,15,5.0,0.6,0.6,-19.692652288997586,155.13963285791397,-98.71498233580529,-12.83,202.89,-51.8,-15.807711877628561,155.31576373098326,-99.00860780415522,67.08820593377753,0.22211270112817516
B_PA2_to_C2,1D,89,16,5.0,0.6,0.6,-19.692652288997586,155.13963285791397,-98.71498233580529,-12.83,202.89,-51.8,-15.210028737417943,155.34286078837854,-99.05378095313213,67.0769319391312,0.22560310194747402
B_PA2_to_C2,1D,90,1,5.0,0.6,0.6,-18.611964235941276,155.18762180084667,-98.79404690542013,-11.48,202.98,-51.8,-23.096532070061087,154.99266114936952,-98.47680616788227,67.94448278803834,0.0
B_PA2_to_C2,1D,90,2,5.0,0.6,0.6,-18.611964235941276,155.18762180084667,-98.79404690542013,-11.48,202.98,-51.8,-22.498589692178445,155.0186559028998,-98.51910493288732,67.85554223595273,0.02753577463951018
B_PA2_to_C2,1D,90,3,5.0,0.6,0.6,-18.611964235941276,155.18762180084667,-98.79404690542013,-11.48,202.98,-51.8,-21.900647314295803,155.0446506564301,-98.56140369789237,67.77179710570091,0.053463059547190994
B_PA2_to_C2,1D,90,4,5.0,0.6,0.6,-18.611964235941276,155.18762180084667,-98.79404690542013,-11.48,202.98,-51.8,-21.30270493641316,155.07064540996038,-98.60370246289742,67.69326667946683,0.077775885006659
B_PA2_to_C2,1D,90,5,5.0,0.6,0.6,-18.611964235941276,155.18762180084667,-98.79404690542013,-11.48,202.98,-51.8,-20.70476255853052,155.09664016349066,-98.64600122790246,67.61996912553673,0.10046862616149
B_PA2_to_C2,1D,90,6,5.0,0.6,0.6,-18.611964235941276,155.18762180084667,-98.79404690542013,-11.48,202.98,-51.8,-20.10682018064788,155.12263491702095,-98.68829999290752,67.55192147777639,0.1215360093690272
B_PA2_to_C2,1D,90,7,5.0,0.6,0.6,-18.611964235941276,155.18762180084667,-98.79404690542013,-11.48,202.98,-51.8,-19.508877802765237,155.14862967055123,-98.73059875791256,67.48913961624339,0.1409731182027727
B_PA2_to_C2,1D,90,8,5.0,0.6,0.6,-18.611964235941276,155.18762180084667,-98.79404690542013,-11.48,202.98,-51.8,-18.910935424882595,155.17462442408151,-98.7728975229176,67.43163824898456,0.15877539908786176
B_PA2_to_C2,1D,90,9,5.0,0.6,0.6,-18.611964235941276,155.18762180084667,-98.79404690542013,-11.48,202.98,-51.8,-18.312993046999956,155.20061917761183,-98.81519628792266,67.37943089506649,0.17493866655475188
B_PA2_to_C2,1D,90,10,5.0,0.6,0.6,-18.611964235941276,155.18762180084667,-98.79404690542013,-11.48,202.98,-51.8,-17.715050669117314,155.2266139311421,-98.8574950529277,67.33252986888408,0.18945910809729583
B_PA2_to_C2,1D,90,11,5.0,0.6,0.6,-18.611964235941276,155.18762180084667,-98.79404690542013,-11.48,202.98,-51.8,-17.117108291234672,155.2526086846724,-98.89979381793275,67.29094626578892,0.20233328862211408
B_PA2_to_C2,1D,90,12,5.0,0.6,0.6,-18.611964235941276,155.18762180084667,-98.79404690542013,-11.48,202.98,-51.8,-16.519165913352033,155.27860343820268,-98.9420925829378,67.25468994907654,0.21355815447734017
B_PA2_to_C2,1D,90,13,5.0,0.6,0.6,-18.611964235941276,155.18762180084667,-98.79404690542013,-11.48,202.98,-51.8,-15.921223535469391,155.30459819173296,-98.98439134794285,67.22376953836746,0.2231310370498072
B_PA2_to_C2,1D,90,14,5.0,0.6,0.6,-18.611964235941276,155.18762180084667,-98.79404690542013,-11.48,202.98,-51.8,-15.323281157586749,155.33059294526325,-99.02669011294789,67.19819239941404,0.23104965592083815
B_PA2_to_C2,1D,90,15,5.0,0.6,0.6,-18.611964235941276,155.18762180084667,-98.79404690542013,-11.48,202.98,-51.8,-14.725338779704106,155.35658769879353,-99.06898887795295,67.17796463536085,0.23731212157197845
B_PA2_to_C2,1D,90,16,5.0,0.6,0.6,-18.611964235941276,155.18762180084667,-98.79404690542013,-11.48,202.98,-51.8,-14.127396401821466,155.38258245232382,-99.11128764295799,67.16309107948292,0.24191693763325617
B_PA2_to_C2,1D,91,1,5.0,0.6,0.6,-17.53082121803602,155.2336156026439,-98.86791142702478,-10.13,203.05,-51.8,-22.017216780635213,155.0469389324067,-98.57226522515599,68.06794097768231,0.0
B_PA2_to_C2,1D,91,2,5.0,0.6,0.6,-17.53082121803602,155.2336156026439,-98.86791142702478,-10.13,203.05,-51.8,-21.419030705621985,155.071829155105,-98.6116847187385,67.9755906050178,0.028591446645361174
B_PA2_to_C2,1D,91,3,5.0,0.6,0.6,-17.53082121803602,155.2336156026439,-98.86791142702478,-10.13,203.05,-51.8,-20.82084463060876,155.0967193778033,-98.651104212321,67.8884176223067,0.05557998618440152
B_PA2_to_C2,1D,91,4,5.0,0.6,0.6,-17.53082121803602,155.2336156026439,-98.86791142702478,-10.13,203.05,-51.8,-20.222658555595537,155.12160960050159,-98.6905237059035,67.80644199794344,0.08095943645166415
B_PA2_to_C2,1D,91,5,5.0,0.6,0.6,-17.53082121803602,155.2336156026439,-98.86791142702478,-10.13,203.05,-51.8,-19.62447248058231,155.1464998231999,-98.72994319948602,67.72968260356909,0.10472395483381547
B_PA2_to_C2,1D,91,6,5.0,0.6,0.6,-17.53082121803602,155.2336156026439,-98.86791142702478,-10.13,203.05,-51.8,-19.026286405569085,155.17139004589816,-98.76936269306852,67.6581571929058,0.12686804482244796
B_PA2_to_C2,1D,91,7,5.0,0.6,0.6,-17.53082121803602,155.2336156026439,-98.86791142702478,-10.13,203.05,-51.8,-18.42810033055586,155.19628026859647,-98.80878218665102,67.59188238168612,0.14738656222792557
B_PA2_to_C2,1D,91,8,5.0,0.6,0.6,-17.53082121803602,155.2336156026439,-98.86791142702478,-10.13,203.05,-51.8,-17.829914255542633,155.22117049129477,-98.84820168023353,67.53087362872948,0.16627472103802887
B_PA2_to_C2,1D,91,9,5.0,0.6,0.6,-17.53082121803602,155.2336156026439,-98.86791142702478,-10.13,203.05,-51.8,-17.23172818052941,155.24606071399305,-98.88762117381603,67.47514521821478,0.18352809890635768
B_PA2_to_C2,1D,91,10,5.0,0.6,0.6,-17.53082121803602,155.2336156026439,-98.86791142702478,-10.13,203.05,-51.8,-16.63354210551618,155.27095093669135,-98.92704066739854,67.42471024319582,0.1991426422558824
B_PA2_to_C2,1D,91,11,5.0,0.6,0.6,-17.53082121803602,155.2336156026439,-98.86791142702478,-10.13,203.05,-51.8,-16.035356030502957,155.29584115938965,-98.96646016098104,67.37958059040331,0.21311467098421488
B_PA2_to_C2,1D,91,12,5.0,0.6,0.6,-17.53082121803602,155.2336156026439,-98.86791142702478,-10.13,203.05,-51.8,-15.437169955489733,155.32073138208793,-99.00587965456354,67.33976692637418,0.22544088275793683
B_PA2_to_C2,1D,91,13,5.0,0.6,0.6,-17.53082121803602,155.2336156026439,-98.86791142702478,-10.13,203.05,-51.8,-14.838983880476507,155.34562160478623,-99.04529914814606,67.3052786849452,0.23611835688455685
B_PA2_to_C2,1D,91,14,5.0,0.6,0.6,-17.53082121803602,155.2336156026439,-98.86791142702478,-10.13,203.05,-51.8,-14.24079780546328,155.3705118274845,-99.08471864172856,67.2761240561455,0.2451445577513347
B_PA2_to_C2,1D,91,15,5.0,0.6,0.6,-17.53082121803602,155.2336156026439,-98.86791142702478,-10.13,203.05,-51.8,-13.642611730450055,155.3954020501828,-99.12413813531106,67.25230997651768,0.25251733782186747
B_PA2_to_C2,1D,91,16,5.0,0.6,0.6,-17.53082121803602,155.2336156026439,-98.86791142702478,-10.13,203.05,-51.8,-13.044425655436829,155.4202922728811,-99.16355762889357,67.23384212089444,0.25823494018200677
B_PA2_to_C2,1D,92,1,5.0,0.6,0.6,-16.44925130893432,155.27761120152687,-98.93656618480166,-8.779999999999998,203.11,-51.8,-20.93735708973376,155.0992295179722,-98.66254706990847,68.18308977719212,0.0
B_PA2_to_C2,1D,92,2,5.0,0.6,0.6,-16.44925130893432,155.27761120152687,-98.93656618480166,-8.779999999999998,203.11,-51.8,-20.338942985627167,155.12301374244615,-98.69908295189423,68.0873262417926,0.0296481533744668
B_PA2_to_C2,1D,92,3,5.0,0.6,0.6,-16.44925130893432,155.27761120152687,-98.93656618480166,-8.779999999999998,203.11,-51.8,-19.740528881520575,155.1467979669201,-98.73561883388,67.99672240592159,0.05769887655434758
B_PA2_to_C2,1D,92,4,5.0,0.6,0.6,-16.44925130893432,155.27761120152687,-98.93656618480166,-8.779999999999998,203.11,-51.8,-19.142114777413983,155.17058219139406,-98.77215471586575,67.91129892101621,0.08414577590585637
B_PA2_to_C2,1D,92,5,5.0,0.6,0.6,-16.44925130893432,155.27761120152687,-98.93656618480166,-8.779999999999998,203.11,-51.8,-18.54370067330739,155.19436641586802,-98.80869059785151,67.83107535880052,0.10898279207170702
B_PA2_to_C2,1D,92,6,5.0,0.6,0.6,-16.44925130893432,155.27761120152687,-98.93656618480166,-8.779999999999998,203.11,-51.8,-17.9452865692008,155.21815064034197,-98.84522647983727,67.7560701894888,0.13220420671929745
B_PA2_to_C2,1D,92,7,5.0,0.6,0.6,-16.44925130893432,155.27761120152687,-98.93656618480166,-8.779999999999998,203.11,-51.8,-17.346872465094208,155.24193486481593,-98.88176236182302,67.68630076104463,0.15380464896207258
B_PA2_to_C2,1D,92,8,5.0,0.6,0.6,-16.44925130893432,155.27761120152687,-98.93656618480166,-8.779999999999998,203.11,-51.8,-16.748458360987616,155.2657190892899,-98.91829824380878,67.62178327954868,0.17377910143759934
B_PA2_to_C2,1D,92,9,5.0,0.6,0.6,-16.44925130893432,155.27761120152687,-98.93656618480166,-8.779999999999998,203.11,-51.8,-16.15004425688102,155.28950331376384,-98.95483412579455,67.56253279072587,0.19212290602670734
B_PA2_to_C2,1D,92,10,5.0,0.6,0.6,-16.44925130893432,155.27761120152687,-98.93656618480166,-8.779999999999998,203.11,-51.8,-15.55163015277443,155.3132875382378,-98.9913700077803,67.50856316268008,0.20883176919877755
B_PA2_to_C2,1D,92,11,5.0,0.6,0.6,-16.44925130893432,155.27761120152687,-98.93656618480166,-8.779999999999998,203.11,-51.8,-14.953216048667839,155.33707176271176,-99.02790588976606,67.45988706988193,0.22390176696910302
B_PA2_to_C2,1D,92,12,5.0,0.6,0.6,-16.44925130893432,155.27761120152687,-98.93656618480166,-8.779999999999998,203.11,-51.8,-14.354801944561247,155.36085598718572,-99.06444177175182,67.41651597845207,0.23732934945512696
B_PA2_to_C2,1D,92,13,5.0,0.6,0.6,-16.44925130893432,155.27761120152687,-98.93656618480166,-8.779999999999998,203.11,-51.8,-13.756387840454655,155.38464021165967,-99.10097765373757,67.37846013277937,0.24911134501943266
B_PA2_to_C2,1D,92,14,5.0,0.6,0.6,-16.44925130893432,155.27761120152687,-98.93656618480166,-8.779999999999998,203.11,-51.8,-13.157973736348062,155.40842443613363,-99.13751353572333,67.34572854351045,0.259244963988138
B_PA2_to_C2,1D,92,15,5.0,0.6,0.6,-16.44925130893432,155.27761120152687,-98.93656618480166,-8.779999999999998,203.11,-51.8,-12.55955963224147,155.43220866060759,-99.1740494177091,67.31832897694251,0.26772780193486767
B_PA2_to_C2,1D,92,16,5.0,0.6,0.6,-16.44925130893432,155.27761120152687,-98.93656618480166,-8.779999999999998,203.11,-51.8,-11.961145528134878,155.45599288508154,-99.21058529969486,67.29626794584908,0.27455784252106596
B_PA2_to_C2,1D,93,1,5.0,0.6,0.6,-15.367282953400316,155.31960635618893,-99.00000520316733,-7.429999999999999,203.16,-51.8,-19.85699836945477,155.14962855939382,-98.7478881045016,68.29004504180831,0.0
B_PA2_to_C2,1D,93,2,5.0,0.6,0.6,-15.367282953400316,155.31960635618893,-99.00000520316733,-7.429999999999999,203.16,-51.8,-19.25836964731418,155.17229226563316,-98.78150371765703,68.19085065963569,0.030710335037966274
B_PA2_to_C2,1D,93,3,5.0,0.6,0.6,-15.367282953400316,155.31960635618893,-99.00000520316733,-7.429999999999999,203.16,-51.8,-18.659740925173583,155.1949559718725,-98.81511933081246,68.09679857054415,0.05982862887435658
B_PA2_to_C2,1D,93,4,5.0,0.6,0.6,-15.367282953400316,155.31960635618893,-99.00000520316733,-7.429999999999999,203.16,-51.8,-18.06111220303299,155.21761967811184,-98.8487349439679,68.00791010926443,0.0873482763293758
B_PA2_to_C2,1D,93,5,5.0,0.6,0.6,-15.367282953400316,155.31960635618893,-99.00000520316733,-7.429999999999999,203.16,-51.8,-17.462483480892395,155.24028338435122,-98.88235055712333,67.92420554781864,0.11326300123519317
B_PA2_to_C2,1D,93,6,5.0,0.6,0.6,-15.367282953400316,155.31960635618893,-99.00000520316733,-7.429999999999999,203.16,-51.8,-16.863854758751803,155.26294709059056,-98.91596617027875,67.84570407310136,0.13756686337676882
B_PA2_to_C2,1D,93,7,5.0,0.6,0.6,-15.367282953400316,155.31960635618893,-99.00000520316733,-7.429999999999999,203.16,-51.8,-16.265226036611207,155.2856107968299,-98.94958178343418,67.77242376547684,0.1602542651181018
B_PA2_to_C2,1D,93,8,5.0,0.6,0.6,-15.367282953400316,155.31960635618893,-99.00000520316733,-7.429999999999999,203.16,-51.8,-15.666597314470614,155.30827450306924,-98.98319739658962,67.7043815784466,0.18131995769712717
B_PA2_to_C2,1D,93,9,5.0,0.6,0.6,-15.367282953400316,155.31960635618893,-99.00000520316733,-7.429999999999999,203.16,-51.8,-15.067968592330018,155.3309382093086,-99.01681300974505,67.64159331943935,0.20075904717305448
B_PA2_to_C2,1D,93,10,5.0,0.6,0.6,-15.367282953400316,155.31960635618893,-99.00000520316733,-7.429999999999999,203.16,-51.8,-14.469339870189424,155.35360191554796,-99.05042862290048,67.58407363177328,0.2185670000108466
B_PA2_to_C2,1D,93,11,5.0,0.6,0.6,-15.367282953400316,155.31960635618893,-99.00000520316733,-7.429999999999999,203.16,-51.8,-13.87071114804883,155.3762656217873,-99.08404423605592,67.531835977837,0.2347396482883326
B_PA2_to_C2,1D,93,12,5.0,0.6,0.6,-15.367282953400316,155.31960635618893,-99.00000520316733,-7.429999999999999,203.16,-51.8,-13.272082425908236,155.39892932802664,-99.11765984921134,67.48489262353469,0.24927319451195729
B_PA2_to_C2,1D,93,13,5.0,0.6,0.6,-15.367282953400316,155.31960635618893,-99.00000520316733,-7.429999999999999,203.16,-51.8,-12.673453703767642,155.421593034266,-99.15127546236677,67.44325462403583,0.2621642160286335
B_PA2_to_C2,1D,93,14,5.0,0.6,0.6,-15.367282953400316,155.31960635618893,-99.00000520316733,-7.429999999999999,203.16,-51.8,-12.074824981627048,155.44425674050535,-99.1848910755222,67.40693181086837,0.27340966902165675
B_PA2_to_C2,1D,93,15,5.0,0.6,0.6,-15.367282953400316,155.31960635618893,-99.00000520316733,-7.429999999999999,203.16,-51.8,-11.476196259486453,155.4669204467447,-99.21850668867764,67.37593278038966,0.28300689208008123
B_PA2_to_C2,1D,93,16,5.0,0.6,0.6,-15.367282953400316,155.31960635618893,-99.00000520316733,-7.429999999999999,203.16,-51.8,-10.87756753734586,155.48958415298404,-99.25212230183307,67.35026488366705,0.2909536093316625
B_PA2_to_C2,1D,94,1,5.0,0.6,0.6,-14.284936730472019,155.3595507877873,-99.05810188618948,-6.08,203.21,-51.8,-18.77615610544977,155.19808155941107,-98.82815360045534,68.3957887831388,0.0
B_PA2_to_C2,1D,94,2,5.0,0.6,0.6,-14.284936730472019,155.3595507877873,-99.05810188618948,-6.08,203.21,-51.8,-18.177326855452733,155.21961078986124,-98.85881337188655,68.29315258178019,0.03177591373331623
B_PA2_to_C2,1D,94,3,5.0,0.6,0.6,-14.284936730472019,155.3595507877873,-99.05810188618948,-6.08,203.21,-51.8,-17.578497605455702,155.2411400203114,-98.88947314331777,68.1956410326121,0.06196524784108348
B_PA2_to_C2,1D,94,4,5.0,0.6,0.6,-14.284936730472019,155.3595507877873,-99.05810188618948,-6.08,203.21,-51.8,-16.979668355458667,155.26266925076158,-98.92013291474899,68.10327614835768,0.09056118723873752
B_PA2_to_C2,1D,94,5,5.0,0.6,0.6,-14.284936730472019,155.3595507877873,-99.05810188618948,-6.08,203.21,-51.8,-16.380839105461636,155.28419848121172,-98.95079268618021,68.01607889631718,0.11755724050204819
B_PA2_to_C2,1D,94,6,5.0,0.6,0.6,-14.284936730472019,155.3595507877873,-99.05810188618948,-6.08,203.21,-51.8,-15.782009855464603,155.3057277116619,-98.98145245761143,67.93406917534544,0.14294724699484718
B_PA2_to_C2,1D,94,7,5.0,0.6,0.6,-14.284936730472019,155.3595507877873,-99.05810188618948,-6.08,203.21,-51.8,-15.18318060546757,155.32725694211206,-99.01211222904264,67.85726579380572,0.16672538369445178
B_PA2_to_C2,1D,94,8,5.0,0.6,0.6,-14.284936730472019,155.3595507877873,-99.05810188618948,-6.08,203.21,-51.8,-14.584351355470535,155.34878617256223,-99.04277200047386,67.7856864485547,0.18888617169786315
B_PA2_to_C2,1D,94,9,5.0,0.6,0.6,-14.284936730472019,155.3595507877873,-99.05810188618948,-6.08,203.21,-51.8,-13.985522105473503,155.37031540301237,-99.07343177190509,67.71934770501228,0.2094244823921123
B_PA2_to_C2,1D,94,10,5.0,0.6,0.6,-14.284936730472019,155.3595507877873,-99.05810188618948,-6.08,203.21,-51.8,-13.386692855476468,155.39184463346254,-99.10409154333631,67.65826497836704,0.22833554327299055
B_PA2_to_C2,1D,94,11,5.0,0.6,0.6,-14.284936730472019,155.3595507877873,-99.05810188618948,-6.08,203.21,-51.8,-12.787863605479435,155.4133738639127,-99.13475131476753,67.60245251596649,0.24561494339700118
B_PA2_to_C2,1D,94,12,5.0,0.6,0.6,-14.284936730472019,155.3595507877873,-99.05810188618948,-6.08,203.21,-51.8,-12.189034355482402,155.43490309436288,-99.16541108619874,67.55192338093774,0.2612586384523432
B_PA2_to_C2,1D,94,13,5.0,0.6,0.6,-14.284936730472019,155.3595507877873,-99.05810188618948,-6.08,203.21,-51.8,-11.59020510548537,155.45643232481302,-99.19607085762996,67.50668943708216,0.27526295543549395
B_PA2_to_C2,1D,94,14,5.0,0.6,0.6,-14.284936730472019,155.3595507877873,-99.05810188618948,-6.08,203.21,-51.8,-10.991375855488336,155.4779615552632,-99.22673062906118,67.46676133508439,0.28762459692087106
B_PA2_to_C2,1D,94,15,5.0,0.6,0.6,-14.284936730472019,155.3595507877873,-99.05810188618948,-6.08,203.21,-51.8,-10.392546605491303,155.49949078571336,-99.2573904004924,67.43214850007239,0.29834064491220147
B_PA2_to_C2,1D,94,16,5.0,0.6,0.6,-14.284936730472019,155.3595507877873,-99.05810188618948,-6.08,203.21,-51.8,-9.79371735549427,155.52102001616353,-99.28805017192362,67.40285912056247,0.307408564265117
B_PA2_to_C2,1D,95,1,5.0,0.6,0.6,-13.20224339567479,155.3974442967575,-99.11085419389339,-4.73,203.24,-51.8,-17.694827862326317,155.24440301148886,-98.90285617706455,68.4860799857939,0.0
B_PA2_to_C2,1D,95,2,5.0,0.6,0.6,-13.20224339567479,155.3974442967575,-99.11085419389339,-4.73,203.24,-51.8,-17.095816600106115,155.26480851619132,-98.93058924597506,68.38000336917503,0.032841057776742844
B_PA2_to_C2,1D,95,3,5.0,0.6,0.6,-13.20224339567479,155.3974442967575,-99.11085419389339,-4.73,203.24,-51.8,-16.49680533788591,155.28521402089382,-98.95832231488558,68.27903462788717,0.06410073000208527
B_PA2_to_C2,1D,95,4,5.0,0.6,0.6,-13.20224339567479,155.3974442967575,-99.11085419389339,-4.73,203.24,-51.8,-15.897794075665706,155.3056195255963,-98.98605538379609,68.18319645384807,0.09377199131450098
B_PA2_to_C2,1D,95,5,5.0,0.6,0.6,-13.20224339567479,155.3974442967575,-99.11085419389339,-4.73,203.24,-51.8,-15.298782813445502,155.3260250302988,-99.01378845270659,68.09251051042152,0.12184813479021273
B_PA2_to_C2,1D,95,6,5.0,0.6,0.6,-13.20224339567479,155.3974442967575,-99.11085419389339,-4.73,203.24,-51.8,-14.6997715512253,155.34643053500128,-99.04152152161711,68.00699740879385,0.14832277925698278
B_PA2_to_C2,1D,95,7,5.0,0.6,0.6,-13.20224339567479,155.3974442967575,-99.11085419389339,-4.73,203.24,-51.8,-14.100760289005095,155.36683603970377,-99.06925459052762,67.92667668528703,0.1731898763179167
B_PA2_to_C2,1D,95,8,5.0,0.6,0.6,-13.20224339567479,155.3974442967575,-99.11085419389339,-4.73,203.24,-51.8,-13.501749026784893,155.38724154440627,-99.09698765943813,67.85156677966503,0.19644371706776198
B_PA2_to_C2,1D,95,9,5.0,0.6,0.6,-13.20224339567479,155.3974442967575,-99.11085419389339,-4.73,203.24,-51.8,-12.902737764564687,155.40764704910873,-99.12472072834865,67.7816850144873,0.21807893848502147
B_PA2_to_C2,1D,95,10,5.0,0.6,0.6,-13.20224339567479,155.3974442967575,-99.11085419389339,-4.73,203.24,-51.8,-12.303726502344485,155.42805255381123,-99.15245379725916,67.71704757556252,0.23809052948340437
B_PA2_to_C2,1D,95,11,5.0,0.6,0.6,-13.20224339567479,155.3974442967575,-99.11085419389339,-4.73,203.24,-51.8,-11.70471524012428,155.44845805851372,-99.18018686616966,67.65766949355277,0.2564738366071637
B_PA2_to_C2,1D,95,12,5.0,0.6,0.6,-13.20224339567479,155.3974442967575,-99.11085419389339,-4.73,203.24,-51.8,-11.105703977904078,155.4688635632162,-99.20791993508018,67.60356462677578,0.2732245693554596
B_PA2_to_C2,1D,95,13,5.0,0.6,0.6,-13.20224339567479,155.3974442967575,-99.11085419389339,-4.73,203.24,-51.8,-10.506692715683874,155.48926906791868,-99.23565300399069,67.55474564525038,0.2883388051218354
B_PA2_to_C2,1D,95,14,5.0,0.6,0.6,-13.20224339567479,155.3974442967575,-99.11085419389339,-4.73,203.24,-51.8,-9.90768145346367,155.50967457262118,-99.2633860729012,67.51122401602788,0.3018129937356129
B_PA2_to_C2,1D,95,15,5.0,0.6,0.6,-13.20224339567479,155.3974442967575,-99.11085419389339,-4.73,203.24,-51.8,-9.308670191243465,155.53008007732367,-99.29111914181172,67.47300998984798,0.313643961593165
B_PA2_to_C2,1D,95,16,5.0,0.6,0.6,-13.20224339567479,155.3974442967575,-99.11085419389339,-4.73,203.24,-51.8,-8.709658929023263,155.55048558202614,-99.31885221072223,67.44011258915538,0.3238289153679652
B_PA2_to_C2,1D,96,1,5.0,0.6,0.6,-12.119239570985167,155.4333259341982,-99.15836949775446,-3.38,203.27,-51.8,-16.61305452357449,155.28863356145573,-98.97211352025373,68.57502133650024,0.0
B_PA2_to_C2,1D,96,2,5.0,0.6,0.6,-12.119239570985167,155.4333259341982,-99.15836949775446,-3.38,203.27,-51.8,-16.01387919656258,155.3079258778214,-98.99694765058716,68.46551924280541,0.0339015769953015
B_PA2_to_C2,1D,96,3,5.0,0.6,0.6,-12.119239570985167,155.4333259341982,-99.15836949775446,-3.38,203.27,-51.8,-15.41470386955067,155.32721819418705,-99.02178178092059,68.36110808838934,0.06622701179903956
B_PA2_to_C2,1D,96,4,5.0,0.6,0.6,-12.119239570985167,155.4333259341982,-99.15836949775446,-3.38,203.27,-51.8,-14.815528542538761,155.34651051055272,-99.04661591125402,68.26181123408568,0.09696907195496962
B_PA2_to_C2,1D,96,5,5.0,0.6,0.6,-12.119239570985167,155.4333259341982,-99.15836949775446,-3.38,203.27,-51.8,-14.216353215526851,155.36580282691838,-99.07145004158745,68.1676510292341,0.126120838162894
B_PA2_to_C2,1D,96,6,5.0,0.6,0.6,-12.119239570985167,155.4333259341982,-99.15836949775446,-3.38,203.27,-51.8,-13.617177888514941,155.38509514328405,-99.09628417192089,68.07864878747912,0.15367571177124262
B_PA2_to_C2,1D,96,7,5.0,0.6,0.6,-12.119239570985167,155.4333259341982,-99.15836949775446,-3.38,203.27,-51.8,-13.018002561503032,155.4043874596497,-99.12111830225432,67.99482476346584,0.17962742199207327
B_PA2_to_C2,1D,96,8,5.0,0.6,0.6,-12.119239570985167,155.4333259341982,-99.15836949775446,-3.38,203.27,-51.8,-12.418827234491122,155.42367977601538,-99.14595243258775,67.91619813048962,0.20397003282062443
B_PA2_to_C2,1D,96,9,5.0,0.6,0.6,-12.119239570985167,155.4333259341982,-99.15836949775446,-3.38,203.27,-51.8,-11.819651907479212,155.442972092381,-99.17078656292118,67.84278695915593,0.22669794964220102
B_PA2_to_C2,1D,96,10,5.0,0.6,0.6,-12.119239570985167,155.4333259341982,-99.15836949775446,-3.38,203.27,-51.8,-11.220476580467302,155.46226440874668,-99.19562069325461,67.77460819710367,0.24780592550977332
B_PA2_to_C2,1D,96,11,5.0,0.6,0.6,-12.119239570985167,155.4333259341982,-99.15836949775446,-3.38,203.27,-51.8,-10.621301253455393,155.48155672511234,-99.22045482358804,67.71167764984416,0.2672890670761845
B_PA2_to_C2,1D,96,12,5.0,0.6,0.6,-12.119239570985167,155.4333259341982,-99.15836949775446,-3.38,203.27,-51.8,-10.022125926443483,155.500849041478,-99.24528895392147,67.65400996276496,0.28514284016572233
B_PA2_to_C2,1D,96,13,5.0,0.6,0.6,-12.119239570985167,155.4333259341982,-99.15836949775446,-3.38,203.27,-51.8,-9.422950599431573,155.52014135784367,-99.2701230842549,67.60161860434552,0.30136307497050296
B_PA2_to_C2,1D,96,14,5.0,0.6,0.6,-12.119239570985167,155.4333259341982,-99.15836949775446,-3.38,203.27,-51.8,-8.823775272419663,155.53943367420933,-99.29495721458834,67.55451585062902,0.31594597085796394
B_PA2_to_C2,1D,96,15,5.0,0.6,0.6,-12.119239570985167,155.4333259341982,-99.15836949775446,-3.38,203.27,-51.8,-8.224599945407753,155.558725990575,-99.31979134492177,67.51271277099137,0.3288881007767408
B_PA2_to_C2,1D,96,16,5.0,0.6,0.6,-12.119239570985167,155.4333259341982,-99.15836949775446,-3.38,203.27,-51.8,-7.625424618395843,155.57801830694066,-99.3446254752552,67.47621921524558,0.3401864152491214
B_PA2_to_C2,1D,97,1,5.0,0.6,0.6,-11.035954038584121,155.46719473161767,-99.20064078858213,-2.03,203.29,-51.8,-15.530879562988703,155.33086142159922,-99.0361483612926,68.65570940691401,0.0
B_PA2_to_C2,1D,97,2,5.0,0.6,0.6,-11.035954038584121,155.46719473161767,-99.20064078858213,-2.03,203.29,-51.8,-14.93155615973476,155.34903919626834,-99.05808068493121,68.54277543367495,0.03496407840219007
B_PA2_to_C2,1D,97,3,5.0,0.6,0.6,-11.035954038584121,155.46719473161767,-99.20064078858213,-2.03,203.29,-51.8,-14.332232756480815,155.36721697093748,-99.08001300856981,68.43491575311364,0.06835716835924899
B_PA2_to_C2,1D,97,4,5.0,0.6,0.6,-11.035954038584121,155.46719473161767,-99.20064078858213,-2.03,203.29,-51.8,-13.73290935322687,155.3853947456066,-99.10194533220842,68.33215439396255,0.10017183063512647
B_PA2_to_C2,1D,97,5,5.0,0.6,0.6,-11.035954038584121,155.46719473161767,-99.20064078858213,-2.03,203.29,-51.8,-13.133585949972925,155.40357252027573,-99.12387765584702,68.23451439048206,0.13040093387986218
B_PA2_to_C2,1D,97,6,5.0,0.6,0.6,-11.035954038584121,155.46719473161767,-99.20064078858213,-2.03,203.29,-51.8,-12.534262546718981,155.42175029494484,-99.14580997948562,68.14201775769101,0.15903766229814664
B_PA2_to_C2,1D,97,7,5.0,0.6,0.6,-11.035954038584121,155.46719473161767,-99.20064078858213,-2.03,203.29,-51.8,-11.934939143465037,155.43992806961398,-99.16774230312423,68.05468546745364,0.1860755230527502
B_PA2_to_C2,1D,97,8,5.0,0.6,0.6,-11.035954038584121,155.46719473161767,-99.20064078858213,-2.03,203.29,-51.8,-11.335615740211093,155.4581058442831,-99.18967462676284,67.9725374254825,0.2115083533843709
B_PA2_to_C2,1D,97,9,5.0,0.6,0.6,-11.035954038584121,155.46719473161767,-99.20064078858213,-2.03,203.29,-51.8,-10.736292336957149,155.47628361895224,-99.21160695040143,67.89559244931284,0.23533032743070237
B_PA2_to_C2,1D,97,10,5.0,0.6,0.6,-11.035954038584121,155.46719473161767,-99.20064078858213,-2.03,203.29,-51.8,-10.136968933703205,155.49446139362135,-99.23353927404004,67.8238682473048,0.25753596272731016
B_PA2_to_C2,1D,97,11,5.0,0.6,0.6,-11.035954038584121,155.46719473161767,-99.20064078858213,-2.03,203.29,-51.8,-9.537645530449261,155.5126391682905,-99.25547159767865,67.75738139872533,0.27812012637420835
B_PA2_to_C2,1D,97,12,5.0,0.6,0.6,-11.035954038584121,155.46719473161767,-99.20064078858213,-2.03,203.29,-51.8,-8.938322127195317,155.5308169429596,-99.27740392131724,67.69614733496213,0.2970780408519751
B_PA2_to_C2,1D,97,13,5.0,0.6,0.6,-11.035954038584121,155.46719473161767,-99.20064078858213,-2.03,203.29,-51.8,-8.338998723941373,155.54899471762874,-99.29933624495585,67.64018032191717,0.3144052894727096
B_PA2_to_C2,1D,97,14,5.0,0.6,0.6,-11.035954038584121,155.46719473161767,-99.20064078858213,-2.03,203.29,-51.8,-7.739675320687427,155.56717249229786,-99.32126856859446,67.5894934436266,0.3300978214512149
B_PA2_to_C2,1D,97,15,5.0,0.6,0.6,-11.035954038584121,155.46719473161767,-99.20064078858213,-2.03,203.29,-51.8,-7.140351917433483,155.585350266967,-99.34320089223306,67.54409858714979,0.34415195658335307
B_PA2_to_C2,1D,97,16,5.0,0.6,0.6,-11.035954038584121,155.46719473161767,-99.20064078858213,-2.03,203.29,-51.8,-6.541028514179539,155.6035280416361,-99.36513321587167,67.50400642876824,0.3565643895188195
B_PA2_to_C2,1D,98,1,5.0,0.6,0.6,-9.952415705712683,155.49904677165716,-99.23766471970472,-0.68,203.3,-51.8,-14.448331506202884,155.3710826611778,-99.09495416882712,68.72816569331535,0.0
B_PA2_to_C2,1D,98,2,5.0,0.6,0.6,-9.952415705712683,155.49904677165716,-99.23766471970472,-0.68,203.3,-51.8,-13.848876066137523,155.38814454257505,-99.11398224227747,68.61179276072751,0.036028771699022855
B_PA2_to_C2,1D,98,3,5.0,0.6,0.6,-9.952415705712683,155.49904677165716,-99.23766471970472,-0.68,203.3,-51.8,-13.249420626072164,155.4052064239723,-99.13301031572782,68.50047775099259,0.07049162301014178
B_PA2_to_C2,1D,98,4,5.0,0.6,0.6,-9.952415705712683,155.49904677165716,-99.23766471970472,-0.68,203.3,-51.8,-12.649965186006803,155.42226830536956,-99.15203838917816,68.39424536017222,0.10338090809384681
B_PA2_to_C2,1D,98,5,5.0,0.6,0.6,-9.952415705712683,155.49904677165716,-99.23766471970472,-0.68,203.3,-51.8,-12.050509745941444,155.4393301867668,-99.17106646262852,68.29311930685734,0.13468928373313105
B_PA2_to_C2,1D,98,6,5.0,0.6,0.6,-9.952415705712683,155.49904677165716,-99.23766471970472,-0.68,203.3,-51.8,-11.451054305876083,155.45639206816404,-99.19009453607886,68.1971223068383,0.16440971717555897
B_PA2_to_C2,1D,98,7,5.0,0.6,0.6,-9.952415705712683,155.49904677165716,-99.23766471970472,-0.68,203.3,-51.8,-10.851598865810724,155.4734539495613,-99.2091226095292,68.10627604859239,0.19253549372227852
B_PA2_to_C2,1D,98,8,5.0,0.6,0.6,-9.952415705712683,155.49904677165716,-99.23766471970472,-0.68,203.3,-51.8,-10.252143425745363,155.49051583095854,-99.22815068297955,68.02060116964772,0.21906022404570535
B_PA2_to_C2,1D,98,9,5.0,0.6,0.6,-9.952415705712683,155.49904677165716,-99.23766471970472,-0.68,203.3,-51.8,-9.652687985680004,155.50757771235578,-99.2471787564299,67.94011723388098,0.24397785121806947
B_PA2_to_C2,1D,98,10,5.0,0.6,0.6,-9.952415705712683,155.49904677165716,-99.23766471970472,-0.68,203.3,-51.8,-9.053232545614643,155.52463959375302,-99.26620682988025,67.86484270980596,0.26728265743324897
B_PA2_to_C2,1D,98,11,5.0,0.6,0.6,-9.952415705712683,155.49904677165716,-99.23766471970472,-0.68,203.3,-51.8,-8.453777105549284,155.5417014751503,-99.28523490333059,67.79479494990683,0.288969270405115
B_PA2_to_C2,1D,98,12,5.0,0.6,0.6,-9.952415705712683,155.49904677165716,-99.23766471970472,-0.68,203.3,-51.8,-7.854321665483923,155.55876335654753,-99.30426297678093,67.72999017106913,0.3090326694260739
B_PA2_to_C2,1D,98,13,5.0,0.6,0.6,-9.952415705712683,155.49904677165716,-99.23766471970472,-0.68,203.3,-51.8,-7.254866225418564,155.57582523794477,-99.32329105023129,67.67044343615855,0.3274681910702171
B_PA2_to_C2,1D,98,14,5.0,0.6,0.6,-9.952415705712683,155.49904677165716,-99.23766471970472,-0.68,203.3,-51.8,-6.655410785353203,155.59288711934204,-99.34231912368163,67.61616863679531,0.3442715345263281
B_PA2_to_C2,1D,98,15,5.0,0.6,0.6,-9.952415705712683,155.49904677165716,-99.23766471970472,-0.68,203.3,-51.8,-6.055955345287844,155.60994900073928,-99.36134719713198,67.56717847736986,0.3594387665465888
B_PA2_to_C2,1D,98,16,5.0,0.6,0.6,-9.952415705712683,155.49904677165716,-99.23766471970472,-0.68,203.3,-51.8,-5.456499905222483,155.62701088213652,-99.38037527058233,67.5234844603414,0.37296632599812796
B_PA2_to_C2,1D,99,1,5.0,0.6,0.6,-8.868653542257167,155.52888109151874,-99.26943581532939,0.68,203.3,-51.8,-13.365438905442371,155.40929176500936,-99.14852348995129,68.79445447108354,0.0
B_PA2_to_C2,1D,99,2,5.0,0.6,0.6,-8.868653542257167,155.52888109151874,-99.26943581532939,0.68,203.3,-51.8,-12.765867523684346,155.42523700854395,-99.16464513333503,68.67455055229208,0.037121956282188506
B_PA2_to_C2,1D,99,3,5.0,0.6,0.6,-8.868653542257167,155.52888109151874,-99.26943581532939,0.68,203.3,-51.8,-12.166296141926317,155.4411822520785,-99.18076677671878,68.55968801813977,0.07268311236649438
B_PA2_to_C2,1D,99,4,5.0,0.6,0.6,-8.868653542257167,155.52888109151874,-99.26943581532939,0.68,203.3,-51.8,-11.56672476016829,155.4571274956131,-99.19688842010252,68.44989224776026,0.10667561093600142
B_PA2_to_C2,1D,99,5,5.0,0.6,0.6,-8.868653542257167,155.52888109151874,-99.26943581532939,0.68,203.3,-51.8,-10.967153378410263,155.47307273914768,-99.21301006348628,68.34518766025391,0.1390918918977171
B_PA2_to_C2,1D,99,6,5.0,0.6,0.6,-8.868653542257167,155.52888109151874,-99.26943581532939,0.68,203.3,-51.8,-10.367581996652236,155.48901798268227,-99.22913170687002,68.24559768879351,0.16992470039939178
B_PA2_to_C2,1D,99,7,5.0,0.6,0.6,-8.868653542257167,155.52888109151874,-99.26943581532939,0.68,203.3,-51.8,-9.768010614894209,155.50496322621686,-99.24525335025376,68.15114475550644,0.1991670946059152
B_PA2_to_C2,1D,99,8,5.0,0.6,0.6,-8.868653542257167,155.52888109151874,-99.26943581532939,0.68,203.3,-51.8,-9.168439233136182,155.52090846975145,-99.26137499363752,68.06185024719301,0.22681245321688337
B_PA2_to_C2,1D,99,9,5.0,0.6,0.6,-8.868653542257167,155.52888109151874,-99.26943581532939,0.68,203.3,-51.8,-8.568867851378153,155.53685371328604,-99.27749663702126,67.97773449193978,0.2528544827070469
B_PA2_to_C2,1D,99,10,5.0,0.6,0.6,-8.868653542257167,155.52888109151874,-99.26943581532939,0.68,203.3,-51.8,-7.969296469620127,155.55279895682062,-99.29361828040501,67.89881673668545,0.2772872242718556
B_PA2_to_C2,1D,99,11,5.0,0.6,0.6,-8.868653542257167,155.52888109151874,-99.26943581532939,0.68,203.3,-51.8,-7.369725087862099,155.5687442003552,-99.30973992378875,67.82511512579488,0.30010506046088636
B_PA2_to_C2,1D,99,12,5.0,0.6,0.6,-8.868653542257167,155.52888109151874,-99.26943581532939,0.68,203.3,-51.8,-6.770153706104072,155.5846894438898,-99.3258615671725,67.75664668069592,0.3213027214822368
B_PA2_to_C2,1D,99,13,5.0,0.6,0.6,-8.868653542257167,155.52888109151874,-99.26943581532939,0.68,203.3,-51.8,-6.170582324346045,155.6006346874244,-99.34198321055625,67.69342728063042,0.34087529116195725
B_PA2_to_C2,1D,99,14,5.0,0.6,0.6,-8.868653542257167,155.52888109151874,-99.26943581532939,0.68,203.3,-51.8,-5.571010942588018,155.61657993095898,-99.35810485393999,67.63547164456925,0.35881821254312385
B_PA2_to_C2,1D,99,15,5.0,0.6,0.6,-8.868653542257167,155.52888109151874,-99.26943581532939,0.68,203.3,-51.8,-4.97143956082999,155.63252517449354,-99.37422649732375,67.58279331433903,0.375127293109756
B_PA2_to_C2,1D,99,16,5.0,0.6,0.6,-8.868653542257167,155.52888109151874,-99.26943581532939,0.68,203.3,-51.8,-4.371868179071963,155.64847041802813,-99.39034814070749,67.53540463900399,0.38979870962215557
B_PA2_to_C2,1D,100,1,5.0,0.6,0.6,-7.784696647000554,155.55669596799535,-99.29595168049701,2.03,203.29,-51.8,-12.282230671058734,155.44549022395483,-99.19685079790037,68.85055212596413,0.0
B_PA2_to_C2,1D,100,2,5.0,0.6,0.6,-7.784696647000554,155.55669596799535,-99.29595168049701,2.03,203.29,-51.8,-11.682559467850975,155.46031765649357,-99.21006424891326,68.7271925246926,0.03819182701904822
B_PA2_to_C2,1D,100,3,5.0,0.6,0.6,-7.784696647000554,155.55669596799535,-99.29595168049701,2.03,203.29,-51.8,-11.082888264643218,155.4751450890323,-99.22327769992614,68.60885844118252,0.07482776618625664
B_PA2_to_C2,1D,100,4,5.0,0.6,0.6,-7.784696647000554,155.55669596799535,-99.29595168049701,2.03,203.29,-51.8,-10.483217061435461,155.48997252157105,-99.23649115093903,68.49557592194024,0.10989975356776682
B_PA2_to_C2,1D,100,5,5.0,0.6,0.6,-7.784696647000554,155.55669596799535,-99.29595168049701,2.03,203.29,-51.8,-9.883545858227704,155.50479995410979,-99.24970460195192,68.38737007046211,0.14340001718328566
B_PA2_to_C2,1D,100,6,5.0,0.6,0.6,-7.784696647000554,155.55669596799535,-99.29595168049701,2.03,203.29,-51.8,-9.283874655019947,155.51962738664852,-99.26291805296479,68.28426502079667,0.17532108519116463
B_PA2_to_C2,1D,100,7,5.0,0.6,0.6,-7.784696647000554,155.55669596799535,-99.29595168049701,2.03,203.29,-51.8,-8.68420345181219,155.53445481918726,-99.27613150397768,68.18628391184295,0.20565579384556543
B_PA2_to_C2,1D,100,8,5.0,0.6,0.6,-7.784696647000554,155.55669596799535,-99.29595168049701,2.03,203.29,-51.8,-8.084532248604432,155.549282251726,-99.28934495499057,68.09344886244573,0.23439729520693575
B_PA2_to_C2,1D,100,9,5.0,0.6,0.6,-7.784696647000554,155.55669596799535,-99.29595168049701,2.03,203.29,-51.8,-7.484861045396675,155.5641096842647,-99.30255840600346,68.0057809473472,0.26153906458728216
B_PA2_to_C2,1D,100,10,5.0,0.6,0.6,-7.784696647000554,155.55669596799535,-99.29595168049701,2.03,203.29,-51.8,-6.885189842188918,155.57893711680344,-99.31577185701634,67.92330017405389,0.28707490771214594
B_PA2_to_C2,1D,100,11,5.0,0.6,0.6,-7.784696647000554,155.55669596799535,-99.29595168049701,2.03,203.29,-51.8,-6.285518638981161,155.59376454934218,-99.32898530802923,67.84602546067595,0.3109989675814795
B_PA2_to_C2,1D,100,12,5.0,0.6,0.6,-7.784696647000554,155.55669596799535,-99.29595168049701,2.03,203.29,-51.8,-5.685847435773404,155.60859198188092,-99.3421987590421,67.77397461479403,0.3333057310124161
B_PA2_to_C2,1D,100,13,5.0,0.6,0.6,-7.784696647000554,155.55669596799535,-99.29595168049701,2.03,203.29,-51.8,-5.086176232565647,155.62341941441966,-99.355412210055,67.7071643134078,0.3539900348471612
B_PA2_to_C2,1D,100,14,5.0,0.6,0.6,-7.784696647000554,155.55669596799535,-99.29595168049701,2.03,203.29,-51.8,-4.48650502935789,155.6382468469584,-99.36862566106788,67.64561008401701,0.3730470718102552
B_PA2_to_C2,1D,100,15,5.0,0.6,0.6,-7.784696647000554,155.55669596799535,-99.29595168049701,2.03,203.29,-51.8,-3.8868338261501316,155.65307427949713,-99.38183911208077,67.58932628688439,0.3904723959999181
B_PA2_to_C2,1D,100,16,5.0,0.6,0.6,-7.784696647000554,155.55669596799535,-99.29595168049701,2.03,203.29,-51.8,-3.2871626229423745,155.66790171203587,-99.39505256309366,67.53832609852705,0.40626192799909333
B_PA2_to_C2,1D,101,1,5.0,0.6,0.6,-6.700574090627914,155.58248888798403,-99.31720834713165,3.38,203.27,-51.8,-11.198735646852324,155.4796737807487,-99.23993177999142,68.89849011766152,0.0
B_PA2_to_C2,1D,101,2,5.0,0.6,0.6,-6.700574090627914,155.58248888798403,-99.31720834713165,3.38,203.27,-51.8,-10.59898077268907,155.49338246171342,-99.25023532227678,68.77166508804602,0.03926471505123885
B_PA2_to_C2,1D,101,3,5.0,0.6,0.6,-6.700574090627914,155.58248888798403,-99.31720834713165,3.38,203.27,-51.8,-9.999225898525815,155.50709114267812,-99.26053886456215,68.64984994500159,0.07697838162846082
B_PA2_to_C2,1D,101,4,5.0,0.6,0.6,-6.700574090627914,155.58248888798403,-99.31720834713165,3.38,203.27,-51.8,-9.39947102436256,155.52079982364285,-99.2708424068475,68.53307140322913,0.11313272892643766
B_PA2_to_C2,1D,101,5,5.0,0.6,0.6,-6.700574090627914,155.58248888798403,-99.31720834713165,3.38,203.27,-51.8,-8.799716150199306,155.53450850460754,-99.28114594913288,68.4213552514781,0.14771977281220217
B_PA2_to_C2,1D,101,6,5.0,0.6,0.6,-6.700574090627914,155.58248888798403,-99.31720834713165,3.38,203.27,-51.8,-8.199961276036051,155.54821718557224,-99.29144949141825,68.3147263255723,0.18073182417623102
B_PA2_to_C2,1D,101,7,5.0,0.6,0.6,-6.700574090627914,155.58248888798403,-99.31720834713165,3.38,203.27,-51.8,-7.6002064018727955,155.56192586653697,-99.3017530337036,68.21320848213126,0.2121614970681911
B_PA2_to_C2,1D,101,8,5.0,0.6,0.6,-6.700574090627914,155.58248888798403,-99.31720834713165,3.38,203.27,-51.8,-7.000451527709541,155.57563454750166,-99.31205657598898,68.1168245730493,0.24200171659821024
B_PA2_to_C2,1D,101,9,5.0,0.6,0.6,-6.700574090627914,155.58248888798403,-99.31720834713165,3.38,203.27,-51.8,-6.400696653546286,155.5893432284664,-99.32236011827433,68.02559642079177,0.27024572658505974
B_PA2_to_C2,1D,101,10,5.0,0.6,0.6,-6.700574090627914,155.58248888798403,-99.31720834713165,3.38,203.27,-51.8,-5.800941779383032,155.6030519094311,-99.3326636605597,67.93954479456943,0.29688709693253656
B_PA2_to_C2,1D,101,11,5.0,0.6,0.6,-6.700574090627914,155.58248888798403,-99.31720834713165,3.38,203.27,-51.8,-5.201186905219776,155.6167605903958,-99.34296720284506,67.85868938744817,0.32191973071620694
B_PA2_to_C2,1D,101,12,5.0,0.6,0.6,-6.700574090627914,155.58248888798403,-99.31720834713165,3.38,203.27,-51.8,-4.601432031056522,155.6304692713605,-99.35327074513043,67.78304879445184,0.34533787096274793
B_PA2_to_C2,1D,101,13,5.0,0.6,0.6,-6.700574090627914,155.58248888798403,-99.31720834713165,3.38,203.27,-51.8,-4.001677156893267,155.6441779523252,-99.3635742874158,67.71264049171255,0.36713610710494393
B_PA2_to_C2,1D,101,14,5.0,0.6,0.6,-6.700574090627914,155.58248888798403,-99.31720834713165,3.38,203.27,-51.8,-3.4019222827300126,155.65788663328993,-99.37387782970116,67.64748081672202,0.38730938109581814
B_PA2_to_C2,1D,101,15,5.0,0.6,0.6,-6.700574090627914,155.58248888798403,-99.31720834713165,3.38,203.27,-51.8,-2.8021674085667576,155.67159531425463,-99.38418137198653,67.58758494973497,0.4058529931661141
B_PA2_to_C2,1D,101,16,5.0,0.6,0.6,-6.700574090627914,155.58248888798403,-99.31720834713165,3.38,203.27,-51.8,-2.2024125344035026,155.68530399521936,-99.39448491427189,67.53296689637223,0.4227626072103057
B_PA2_to_C2,1D,102,1,5.0,0.6,0.6,-5.616315065931505,155.6062589687898,-99.33320358502304,4.73,203.24,-51.8,-10.11498279338226,155.51184082254485,-99.27776089702252,68.9382946728388,0.0
B_PA2_to_C2,1D,102,2,5.0,0.6,0.6,-5.616315065931505,155.6062589687898,-99.33320358502304,4.73,203.24,-51.8,-9.515160429722158,155.52442990871083,-99.28515325542259,68.80799375433223,0.040340841642898084
B_PA2_to_C2,1D,102,3,5.0,0.6,0.6,-5.616315065931505,155.6062589687898,-99.33320358502304,4.73,203.24,-51.8,-8.91533806606206,155.53701899487683,-99.29254561382265,68.68268731342194,0.07913540539221486
B_PA2_to_C2,1D,102,4,5.0,0.6,0.6,-5.616315065931505,155.6062589687898,-99.33320358502304,4.73,203.24,-51.8,-8.315515702401957,155.54960808104283,-99.29993797222272,68.56240273422715,0.11637521319245892
B_PA2_to_C2,1D,102,5,5.0,0.6,0.6,-5.616315065931505,155.6062589687898,-99.33320358502304,4.73,203.24,-51.8,-7.715693338741858,155.56219716720884,-99.30733033062279,68.44716649202819,0.15205206836241913
B_PA2_to_C2,1D,102,6,5.0,0.6,0.6,-5.616315065931505,155.6062589687898,-99.33320358502304,4.73,203.24,-51.8,-7.115870975081757,155.5747862533748,-99.31472268902287,68.33700412576262,0.18615806411027336
B_PA2_to_C2,1D,102,7,5.0,0.6,0.6,-5.616315065931505,155.6062589687898,-99.33320358502304,4.73,203.24,-51.8,-6.516048611421656,155.5873753395408,-99.32211504742294,68.23194021117651,0.21868559184591163
B_PA2_to_C2,1D,102,8,5.0,0.6,0.6,-5.616315065931505,155.6062589687898,-99.33320358502304,4.73,203.24,-51.8,-5.916226247761555,155.59996442570682,-99.32950740582301,68.13199833469317,0.2496273492710941
B_PA2_to_C2,1D,102,9,5.0,0.6,0.6,-5.616315065931505,155.6062589687898,-99.33320358502304,4.73,203.24,-51.8,-5.3164038841014545,155.6125535118728,-99.33689976422308,68.03720106806057,0.27897634822855366
B_PA2_to_C2,1D,102,10,5.0,0.6,0.6,-5.616315065931505,155.6062589687898,-99.33320358502304,4.73,203.24,-51.8,-4.716581520441354,155.6251425980388,-99.34429212262314,67.9475699438381,0.3067259222912355
B_PA2_to_C2,1D,102,11,5.0,0.6,0.6,-5.616315065931505,155.6062589687898,-99.33320358502304,4.73,203.24,-51.8,-4.116759156781253,155.6377316842048,-99.35168448102321,67.86312543178245,0.3328697340731708
B_PA2_to_C2,1D,102,12,5.0,0.6,0.6,-5.616315065931505,155.6062589687898,-99.33320358502304,4.73,203.24,-51.8,-3.5169367931211526,155.65032077037077,-99.3590768394233,67.78388691619055,0.3574017822440396
B_PA2_to_C2,1D,102,13,5.0,0.6,0.6,-5.616315065931505,155.6062589687898,-99.33320358502304,4.73,203.24,-51.8,-2.9171144294610523,155.66290985653677,-99.36646919782336,67.70987267425613,0.38031640822992685
B_PA2_to_C2,1D,102,14,5.0,0.6,0.6,-5.616315065931505,155.6062589687898,-99.33320358502304,4.73,203.24,-51.8,-2.3172920658009515,155.67549894270277,-99.37386155622343,67.64109985549499,0.4016083025832238
B_PA2_to_C2,1D,102,15,5.0,0.6,0.6,-5.616315065931505,155.6062589687898,-99.33320358502304,4.73,203.24,-51.8,-1.7174697021408507,155.68808802886878,-99.3812539146235,67.57758446229128,0.42127251100542296
B_PA2_to_C2,1D,102,16,5.0,0.6,0.6,-5.616315065931505,155.6062589687898,-99.33320358502304,4.73,203.24,-51.8,-1.11764733848075,155.70067711503475,-99.38864627302357,67.51934133161537,0.43930444000725544
B_PA2_to_C2,1D,103,1,5.0,0.6,0.6,-4.531948766026188,155.62800404835014,-99.34393501923688,6.08,203.21,-51.8,-9.031001125732068,155.54198722739955,-99.31033485348576,68.97690711101086,0.0
B_PA2_to_C2,1D,103,2,5.0,0.6,0.6,-4.531948766026188,155.62800404835014,-99.34393501923688,6.08,203.21,-51.8,-8.431127477771284,155.55345613685964,-99.31481487558591,68.8431305673758,0.04141688657432141
B_PA2_to_C2,1D,103,3,5.0,0.6,0.6,-4.531948766026188,155.62800404835014,-99.34393501923688,6.08,203.21,-51.8,-7.8312538298105,155.5649250463197,-99.31929489768606,68.71433284281007,0.08129234309621935
B_PA2_to_C2,1D,103,4,5.0,0.6,0.6,-4.531948766026188,155.62800404835014,-99.34393501923688,6.08,203.21,-51.8,-7.231380181849715,155.5763939557798,-99.3237749197862,68.59054198465131,0.1196176861794278
B_PA2_to_C2,1D,103,5,5.0,0.6,0.6,-4.531948766026188,155.62800404835014,-99.34393501923688,6.08,203.21,-51.8,-6.631506533888932,155.58786286523986,-99.32825494188636,68.4717851488038,0.15638450842323692
B_PA2_to_C2,1D,103,6,5.0,0.6,0.6,-4.531948766026188,155.62800404835014,-99.34393501923688,6.08,203.21,-51.8,-6.031632885928148,155.59933177469995,-99.33273496398651,68.35808857172411,0.19158468708567966
B_PA2_to_C2,1D,103,7,5.0,0.6,0.6,-4.531948766026188,155.62800404835014,-99.34393501923688,6.08,203.21,-51.8,-5.4317592379673645,155.61080068416,-99.33721498608665,68.24947754302161,0.22521039256632847
B_PA2_to_C2,1D,103,8,5.0,0.6,0.6,-4.531948766026188,155.62800404835014,-99.34393501923688,6.08,203.21,-51.8,-4.83188559000658,155.6222695936201,-99.3416950081868,68.14597637873524,0.2572540966797554
B_PA2_to_C2,1D,103,9,5.0,0.6,0.6,-4.531948766026188,155.62800404835014,-99.34393501923688,6.08,203.21,-51.8,-4.232011942045796,155.63373850308017,-99.34617503028696,68.04760839534977,0.28770858070002703
B_PA2_to_C2,1D,103,10,5.0,0.6,0.6,-4.531948766026188,155.62800404835014,-99.34393501923688,6.08,203.21,-51.8,-3.632138294085012,155.64520741254026,-99.35065505238711,67.95439588461225,0.31656694315746137
B_PA2_to_C2,1D,103,11,5.0,0.6,0.6,-4.531948766026188,155.62800404835014,-99.34393501923688,6.08,203.21,-51.8,-3.0322646461242284,155.65667632200032,-99.35513507448725,67.86636008921018,0.343822607368633
B_PA2_to_C2,1D,103,12,5.0,0.6,0.6,-4.531948766026188,155.62800404835014,-99.34393501923688,6.08,203.21,-51.8,-2.432390998163444,155.66814523146041,-99.3596150965874,67.78352117936977,0.36946932868145055
B_PA2_to_C2,1D,103,13,5.0,0.6,0.6,-4.531948766026188,155.62800404835014,-99.34393501923688,6.08,203.21,-51.8,-1.8325173502026604,155.67961414092048,-99.36409511868756,67.70589823043339,0.39350120141717326
B_PA2_to_C2,1D,103,14,5.0,0.6,0.6,-4.531948766026188,155.62800404835014,-99.34393501923688,6.08,203.21,-51.8,-1.2326437022418761,155.69108305038057,-99.3685751407877,67.63350920147153,0.4159126654920513
B_PA2_to_C2,1D,103,15,5.0,0.6,0.6,-4.531948766026188,155.62800404835014,-99.34393501923688,6.08,203.21,-51.8,-0.6327700542810923,155.70255195984063,-99.37305516288785,67.56637091498452,0.4366985127016534
B_PA2_to_C2,1D,103,16,5.0,0.6,0.6,-4.531948766026188,155.62800404835014,-99.34393501923688,6.08,203.21,-51.8,-0.0328964063203081,155.71402086930073,-99.377535184988,67.5044990377456,0.4558538926517812
B_PA2_to_C2,1D,104,1,5.0,0.6,0.6,-3.4475044580098806,155.64772418831205,-99.34940086171216,7.429999999999999,203.16,-51.8,-7.946819755894664,155.5701115792575,-99.33764785632115,69.00052195031272,0.0
B_PA2_to_C2,1D,104,2,5.0,0.6,0.6,-3.4475044580098806,155.64772418831205,-99.34940086171216,7.429999999999999,203.16,-51.8,-7.346911049510025,155.58045992713144,-99.33921492370662,68.86324628764757,0.04250020515948805
B_PA2_to_C2,1D,104,3,5.0,0.6,0.6,-3.4475044580098806,155.64772418831205,-99.34940086171216,7.429999999999999,203.16,-51.8,-6.747002343125388,155.5908082750054,-99.34078199109209,68.73093444098387,0.08346362517920625
B_PA2_to_C2,1D,104,4,5.0,0.6,0.6,-3.4475044580098806,155.64772418831205,-99.34940086171216,7.429999999999999,203.16,-51.8,-6.14709363674075,155.60115662287933,-99.34234905847755,68.60361513060694,0.12288136832995988
B_PA2_to_C2,1D,104,5,5.0,0.6,0.6,-3.4475044580098806,155.64772418831205,-99.34940086171216,7.429999999999999,203.16,-51.8,-5.547184930356112,155.61150497075326,-99.34391612586302,68.4813162026407,0.160744813520747
B_PA2_to_C2,1D,104,6,5.0,0.6,0.6,-3.4475044580098806,155.64772418831205,-99.34940086171216,7.429999999999999,203.16,-51.8,-4.947276223971475,155.62185331862722,-99.34548319324848,68.36406460051711,0.19704561913176732
B_PA2_to_C2,1D,104,7,5.0,0.6,0.6,-3.4475044580098806,155.64772418831205,-99.34940086171216,7.429999999999999,203.16,-51.8,-4.347367517586837,155.63220166650115,-99.34705026063395,68.25188633701853,0.23177573167002663
B_PA2_to_C2,1D,104,8,5.0,0.6,0.6,-3.4475044580098806,155.64772418831205,-99.34940086171216,7.429999999999999,203.16,-51.8,-3.7474588112021996,155.64255001437508,-99.34861732801942,68.1448064669562,0.2649273942280246
B_PA2_to_C2,1D,104,9,5.0,0.6,0.6,-3.4475044580098806,155.64772418831205,-99.34940086171216,7.429999999999999,203.16,-51.8,-3.1475501048175616,155.65289836224903,-99.3501843954049,68.04284906054812,0.29649315472588
B_PA2_to_C2,1D,104,10,5.0,0.6,0.6,-3.4475044580098806,155.64772418831205,-99.34940086171216,7.429999999999999,203.16,-51.8,-2.5476413984329245,155.66324671012296,-99.35175146279036,67.94603717755844,0.3264658739177335
B_PA2_to_C2,1D,104,11,5.0,0.6,0.6,-3.4475044580098806,155.64772418831205,-99.34940086171216,7.429999999999999,203.16,-51.8,-1.9477326920482865,155.6735950579969,-99.35331853017583,67.8543928422602,0.35483873314319325
B_PA2_to_C2,1D,104,12,5.0,0.6,0.6,-3.4475044580098806,155.64772418831205,-99.34940086171216,7.429999999999999,203.16,-51.8,-1.347823985663649,155.68394340587085,-99.35488559756129,67.76793701928213,0.38160524180513633
B_PA2_to_C2,1D,104,13,5.0,0.6,0.6,-3.4475044580098806,155.64772418831205,-99.34940086171216,7.429999999999999,203.16,-51.8,-0.7479152792790114,155.69429175374478,-99.35645266494676,67.68668959039886,0.40675924455537427
B_PA2_to_C2,1D,104,14,5.0,0.6,0.6,-3.4475044580098806,155.64772418831205,-99.34940086171216,7.429999999999999,203.16,-51.8,-0.1480065728943738,155.7046401016187,-99.35801973233222,67.61066933232229,0.4302949281704116
B_PA2_to_C2,1D,104,15,5.0,0.6,0.6,-3.4475044580098806,155.64772418831205,-99.34940086171216,7.429999999999999,203.16,-51.8,0.4519021334902642,155.71498844949267,-99.35958679971769,67.53989389555068,0.45220682809970114
B_PA2_to_C2,1D,104,16,5.0,0.6,0.6,-3.4475044580098806,155.64772418831205,-99.34940086171216,7.429999999999999,203.16,-51.8,1.0518108398749022,155.7253367973666,-99.36115386710316,67.47437978432897,0.47248983466989003
B_PA2_to_C2,1D,105,1,5.0,0.6,0.6,-2.3630114133557245,155.66541793816927,-99.3496006662767,8.779999999999998,203.11,-51.8,-6.8624679330597225,155.59621479959853,-99.35969783940307,69.02297766455757,0.0
B_PA2_to_C2,1D,105,2,5.0,0.6,0.6,-2.3630114133557245,155.66541793816927,-99.3496006662767,8.779999999999998,203.11,-51.8,-6.262540397099189,155.60544188474128,-99.3583515496529,68.88220282079202,0.04358354296147127
B_PA2_to_C2,1D,105,3,5.0,0.6,0.6,-2.3630114133557245,155.66541793816927,-99.3496006662767,8.779999999999998,203.11,-51.8,-5.662612861138656,155.61466896988406,-99.3570052599027,68.74637652420262,0.08563502797366951
B_PA2_to_C2,1D,105,4,5.0,0.6,0.6,-2.3630114133557245,155.66541793816927,-99.3496006662767,8.779999999999998,203.11,-51.8,-5.062685325178123,155.62389605502682,-99.35565897015252,68.61552816214525,0.12614535678400074
B_PA2_to_C2,1D,105,5,5.0,0.6,0.6,-2.3630114133557245,155.66541793816927,-99.3496006662767,8.779999999999998,203.11,-51.8,-4.462757789217591,155.6331231401696,-99.35431268040234,68.48968626539956,0.16510569633375027
B_PA2_to_C2,1D,105,6,5.0,0.6,0.6,-2.3630114133557245,155.66541793816927,-99.3496006662767,8.779999999999998,203.11,-51.8,-3.862830253257057,155.64235022531236,-99.35296639065216,68.36887847914116,0.20250748774502014
B_PA2_to_C2,1D,105,7,5.0,0.6,0.6,-2.3630114133557245,155.66541793816927,-99.3496006662767,8.779999999999998,203.11,-51.8,-3.262902717296524,155.6515773104551,-99.35162010090197,68.25313153444523,0.23834245514314034
B_PA2_to_C2,1D,105,8,5.0,0.6,0.6,-2.3630114133557245,155.66541793816927,-99.3496006662767,8.779999999999998,203.11,-51.8,-2.662975181335991,155.6608043955979,-99.3502738111518,68.14247122038496,0.27260261429492516
B_PA2_to_C2,1D,105,9,5.0,0.6,0.6,-2.3630114133557245,155.66541793816927,-99.3496006662767,8.779999999999998,203.11,-51.8,-2.063047645375458,155.67003148074065,-99.3489275214016,68.03692235678879,0.3052802810429647
B_PA2_to_C2,1D,105,10,5.0,0.6,0.6,-2.3630114133557245,155.66541793816927,-99.3496006662767,8.779999999999998,203.11,-51.8,-1.463120109414925,155.67925856588343,-99.34758123165143,67.9365087677194,0.3363680795164612
B_PA2_to_C2,1D,105,11,5.0,0.6,0.6,-2.3630114133557245,155.66541793816927,-99.3496006662767,8.779999999999998,203.11,-51.8,-0.8631925734543919,155.68848565102618,-99.34623494190124,67.8412532557376,0.36585895009906366
B_PA2_to_C2,1D,105,12,5.0,0.6,0.6,-2.3630114133557245,155.66541793816927,-99.3496006662767,8.779999999999998,203.11,-51.8,-0.26326503749385877,155.69771273616894,-99.34488865215106,67.75117757701219,0.393746157134796
B_PA2_to_C2,1D,105,13,5.0,0.6,0.6,-2.3630114133557245,155.66541793816927,-99.3496006662767,8.779999999999998,203.11,-51.8,0.33666249846667373,155.70693982131172,-99.34354236240088,67.66630241733732,0.42002329635301905
B_PA2_to_C2,1D,105,14,5.0,0.6,0.6,-2.3630114133557245,155.66541793816927,-99.3496006662767,8.779999999999998,203.11,-51.8,0.9365900344272067,155.71616690645448,-99.3421960726507,67.5866473691162,0.44468430199422926
B_PA2_to_C2,1D,105,15,5.0,0.6,0.6,-2.3630114133557245,155.66541793816927,-99.3496006662767,8.779999999999998,203.11,-51.8,1.53651757038774,155.72539399159726,-99.3408497829005,67.5122309093691,0.46772345361872425
B_PA2_to_C2,1D,105,16,5.0,0.6,0.6,-2.3630114133557245,155.66541793816927,-99.3496006662767,8.779999999999998,203.11,-51.8,2.136445106348273,155.73462107674,-99.33950349315033,67.4430703788216,0.4891353825807947
B_PA2_to_C2,1D,106,1,5.0,0.6,0.6,-1.2784989144168657,155.68108421535902,-99.34453342396944,10.13,203.05,-51.8,-5.777974834751291,155.6202913483198,-99.37648134483815,69.03739930850584,0.0
B_PA2_to_C2,1D,106,2,5.0,0.6,0.6,-1.2784989144168657,155.68108421535902,-99.34453342396944,10.13,203.05,-51.8,-5.178044712040034,155.62839706392504,-99.37222162205565,68.89311234071626,0.04467088786055129
B_PA2_to_C2,1D,106,3,5.0,0.6,0.6,-1.2784989144168657,155.68108421535902,-99.34453342396944,10.13,203.05,-51.8,-4.578114589328777,155.63650277953028,-99.36796189927315,68.75375882596543,0.08781439087938026
B_PA2_to_C2,1D,106,4,5.0,0.6,0.6,-1.2784989144168657,155.68108421535902,-99.34453342396944,10.13,203.05,-51.8,-3.9781844666175203,155.6446084951355,-99.36370217649066,68.61936882110977,0.1294212035281923
B_PA2_to_C2,1D,106,5,5.0,0.6,0.6,-1.2784989144168657,155.68108421535902,-99.34453342396944,10.13,203.05,-51.8,-3.378254343906264,155.65271421074073,-99.35944245370817,68.48997154413163,0.16948227999201393
B_PA2_to_C2,1D,106,6,5.0,0.6,0.6,-1.2784989144168657,155.68108421535902,-99.34453342396944,10.13,203.05,-51.8,-2.778324221195007,155.66081992634594,-99.35518273092568,68.36559534462077,0.207988843308069
B_PA2_to_C2,1D,106,7,5.0,0.6,0.6,-1.2784989144168657,155.68108421535902,-99.34453342396944,10.13,203.05,-51.8,-2.1783940984837504,155.66892564195118,-99.35092300814318,68.2462676747447,0.24493239435329173
B_PA2_to_C2,1D,106,8,5.0,0.6,0.6,-1.2784989144168657,155.68108421535902,-99.34453342396944,10.13,203.05,-51.8,-1.578463975772494,155.67703135755642,-99.34666328536069,68.13201506077282,0.2803047206603786
B_PA2_to_C2,1D,106,9,5.0,0.6,0.6,-1.2784989144168657,155.68108421535902,-99.34453342396944,10.13,203.05,-51.8,-0.9785338530612374,155.68513707316163,-99.34240356257818,68.02286307521791,0.31409790504270063
B_PA2_to_C2,1D,106,10,5.0,0.6,0.6,-1.2784989144168657,155.68108421535902,-99.34453342396944,10.13,203.05,-51.8,-0.37860373034998085,155.69324278876687,-99.33814383979569,67.91883630965944,0.3463043340081704
B_PA2_to_C2,1D,106,11,5.0,0.6,0.6,-1.2784989144168657,155.68108421535902,-99.34453342396944,10.13,203.05,-51.8,0.22132639236127583,155.7013485043721,-99.3338841170132,67.81995834831206,0.37691670594234594
B_PA2_to_C2,1D,106,12,5.0,0.6,0.6,-1.2784989144168657,155.68108421535902,-99.34453342396944,10.13,203.05,-51.8,0.8212565150725326,155.70945421997732,-99.3296243942307,67.72625174240233,0.4059280390413349
B_PA2_to_C2,1D,106,13,5.0,0.6,0.6,-1.2784989144168657,155.68108421535902,-99.34453342396944,10.13,203.05,-51.8,1.421186637783789,155.71755993558256,-99.32536467144821,67.63773798541554,0.43333167897532476
B_PA2_to_C2,1D,106,14,5.0,0.6,0.6,-1.2784989144168657,155.68108421535902,-99.34453342396944,10.13,203.05,-51.8,2.0211167604950457,155.72566565118777,-99.32110494866572,67.55443748927377,0.45912130626379977
B_PA2_to_C2,1D,106,15,5.0,0.6,0.6,-1.2784989144168657,155.68108421535902,-99.34453342396944,10.13,203.05,-51.8,2.6210468832063025,155.733771366793,-99.31684522588323,67.47636956150401,0.4832909433442154
B_PA2_to_C2,1D,106,16,5.0,0.6,0.6,-1.2784989144168657,155.68108421535902,-99.34453342396944,10.13,203.05,-51.8,3.2209770059175593,155.74187708239825,-99.31258550310072,67.4035523834548,0.5058349613161113
B_PA2_to_C2,1D,107,1,5.0,0.6,0.6,-0.19399627003694608,155.69472371767526,-99.33419986729729,11.48,202.98,-51.8,-4.693369777639574,155.6423423102907,-99.38799788997505,69.04382136504778,0.0
B_PA2_to_C2,1D,107,2,5.0,0.6,0.6,-0.19399627003694608,155.69472371767526,-99.33419986729729,11.48,202.98,-51.8,-4.093453309959224,155.64932649794198,-99.38082482028469,68.89600853993296,0.04576248455566656
B_PA2_to_C2,1D,107,3,5.0,0.6,0.6,-0.19399627003694608,155.69472371767526,-99.33419986729729,11.48,202.98,-51.8,-3.4935368422788726,155.65631068559324,-99.37365175059432,68.75311423332332,0.09000220796422909
B_PA2_to_C2,1D,107,4,5.0,0.6,0.6,-0.19399627003694608,155.69472371767526,-99.33419986729729,11.48,202.98,-51.8,-2.8936203745985223,155.66329487324452,-99.36647868090395,68.61516917436181,0.13270965655912192
B_PA2_to_C2,1D,107,5,5.0,0.6,0.6,-0.19399627003694608,155.69472371767526,-99.33419986729729,11.48,202.98,-51.8,-2.2937039069181724,155.6702790608958,-99.35930561121359,68.48220327115781,0.17387557086376404
B_PA2_to_C2,1D,107,6,5.0,0.6,0.6,-0.19399627003694608,155.69472371767526,-99.33419986729729,11.48,202.98,-51.8,-1.693787439237822,155.67726324854706,-99.3521325415232,68.35424558078354,0.2134909548805659
B_PA2_to_C2,1D,107,7,5.0,0.6,0.6,-0.19399627003694608,155.69472371767526,-99.33419986729729,11.48,202.98,-51.8,-1.0938709715574717,155.68424743619835,-99.34495947183284,68.2313242797174,0.25154708524160085
B_PA2_to_C2,1D,107,8,5.0,0.6,0.6,-0.19399627003694608,155.69472371767526,-99.33419986729729,11.48,202.98,-51.8,-0.49395450387712125,155.69123162384963,-99.33778640214247,68.11346663479873,0.2880355202009426
B_PA2_to_C2,1D,107,9,5.0,0.6,0.6,-0.19399627003694608,155.69472371767526,-99.33419986729729,11.48,202.98,-51.8,0.10596196380322909,155.6982158115009,-99.3306133324521,68.00069897475855,0.3229481084486743
B_PA2_to_C2,1D,107,10,5.0,0.6,0.6,-0.19399627003694608,155.69472371767526,-99.33419986729729,11.48,202.98,-51.8,0.7058784314835794,155.70519999915217,-99.32344026276174,67.8930466623911,0.35627699772652477
B_PA2_to_C2,1D,107,11,5.0,0.6,0.6,-0.19399627003694608,155.69472371767526,-99.33419986729729,11.48,202.98,-51.8,1.3057948991639297,155.71218418680346,-99.31626719307137,67.79053406743084,0.3880146432250555
B_PA2_to_C2,1D,107,12,5.0,0.6,0.6,-0.19399627003694608,155.69472371767526,-99.33419986729729,11.48,202.98,-51.8,1.9057113668442804,155.7191683744547,-99.30909412338099,67.69318454019866,0.4181538157427589
B_PA2_to_C2,1D,107,13,5.0,0.6,0.6,-0.19399627003694608,155.69472371767526,-99.33419986729729,11.48,202.98,-51.8,2.5056278345246303,155.726152562106,-99.30192105369062,67.60102038608053,0.44668760958737863
B_PA2_to_C2,1D,107,14,5.0,0.6,0.6,-0.19399627003694608,155.69472371767526,-99.33419986729729,11.48,202.98,-51.8,3.1055443022049807,155.73313674975728,-99.29474798400025,67.51406284090125,0.4736094502001613
B_PA2_to_C2,1D,107,15,5.0,0.6,0.6,-0.19399627003694608,155.69472371767526,-99.33419986729729,11.48,202.98,-51.8,3.7054607698853315,155.74012093740853,-99.28757491430989,67.43233204725351,0.49891310148429113
B_PA2_to_C2,1D,107,16,5.0,0.6,0.6,-0.19399627003694608,155.69472371767526,-99.33419986729729,11.48,202.98,-51.8,4.305377237565682,155.74710512505982,-99.28040184461952,67.3558470318423,0.5225926728190302
B_PA2_to_C2,1D,108,1,5.0,0.6,0.6,0.8904672233824948,155.70633517500383,-99.31859957134051,12.83,202.89,-51.8,-3.608682109231691,155.66236788311866,-99.39424453205575,69.03543740306839,0.0
B_PA2_to_C2,1D,108,2,5.0,0.6,0.6,0.8904672233824948,155.70633517500383,-99.31859957134051,12.83,202.89,-51.8,-3.0087955315498,155.66823018870335,-99.38415853729371,68.88407023182958,0.0468629013123234
B_PA2_to_C2,1D,108,3,5.0,0.6,0.6,0.8904672233824948,155.70633517500383,-99.31859957134051,12.83,202.89,-51.8,-2.4089089538679085,155.67409249428803,-99.37407254253168,68.7376072174053,0.09220748782139054
B_PA2_to_C2,1D,108,4,5.0,0.6,0.6,0.8904672233824948,155.70633517500383,-99.31859957134051,12.83,202.89,-51.8,-1.8090223761860167,155.67995479987272,-99.36398654776966,68.59607977315429,0.1360240340291341
B_PA2_to_C2,1D,108,5,5.0,0.6,0.6,0.8904672233824948,155.70633517500383,-99.31859957134051,12.83,202.89,-51.8,-1.2091357985041253,155.68581710545743,-99.35390055300762,68.45951850922998,0.17830306310786526
B_PA2_to_C2,1D,108,6,5.0,0.6,0.6,0.8904672233824948,155.70633517500383,-99.31859957134051,12.83,202.89,-51.8,-0.609249220822234,155.69167941104212,-99.3438145582456,68.32795320208459,0.21903535634173465
B_PA2_to_C2,1D,108,7,5.0,0.6,0.6,0.8904672233824948,155.70633517500383,-99.31859957134051,12.83,202.89,-51.8,-0.009362643140342297,155.6975417166268,-99.33372856348356,68.20141276437694,0.25821196244317335
B_PA2_to_C2,1D,108,8,5.0,0.6,0.6,0.8904672233824948,155.70633517500383,-99.31859957134051,12.83,202.89,-51.8,0.5905239345415492,155.7034040222115,-99.32364256872152,68.07992521534948,0.29582420672412013
B_PA2_to_C2,1D,108,9,5.0,0.6,0.6,0.8904672233824948,155.70633517500383,-99.31859957134051,12.83,202.89,-51.8,1.1904105122234405,155.70926632779617,-99.3135565739595,67.96351765173898,0.33186370010198374
B_PA2_to_C2,1D,108,10,5.0,0.6,0.6,0.8904672233824948,155.70633517500383,-99.31859957134051,12.83,202.89,-51.8,1.7902970899053319,155.71512863338086,-99.30347057919747,67.85221621928714,0.3663223479198905
B_PA2_to_C2,1D,108,11,5.0,0.6,0.6,0.8904672233824948,155.70633517500383,-99.31859957134051,12.83,202.89,-51.8,2.3901836675872237,155.72099093896554,-99.29338458443543,67.74604608491592,0.3991923585611339
B_PA2_to_C2,1D,108,12,5.0,0.6,0.6,0.8904672233824948,155.70633517500383,-99.31859957134051,12.83,202.89,-51.8,2.990070245269115,155.72685324455023,-99.28329858967341,67.64503140963282,0.4304662518376361
B_PA2_to_C2,1D,108,13,5.0,0.6,0.6,0.8904672233824948,155.70633517500383,-99.31859957134051,12.83,202.89,-51.8,3.5899568229510064,155.73271555013494,-99.27321259491137,67.54919532223063,0.4601368671324302
B_PA2_to_C2,1D,108,14,5.0,0.6,0.6,0.8904672233824948,155.70633517500383,-99.31859957134051,12.83,202.89,-51.8,4.189843400632898,155.73857785571963,-99.26312660014935,67.45855989384538,0.488197371276474
B_PA2_to_C2,1D,108,15,5.0,0.6,0.6,0.8904672233824948,155.70633517500383,-99.31859957134051,12.83,202.89,-51.8,4.7897299783147895,155.7444401613043,-99.25304060538731,67.3731461134344,0.5146412661405506
B_PA2_to_C2,1D,108,16,5.0,0.6,0.6,0.8904672233824948,155.70633517500383,-99.31859957134051,12.83,202.89,-51.8,5.389616555996681,155.750302466889,-99.24295461062528,67.29297386423667,0.539462395923131
B_PA2_to_C2,1D,109,1,5.0,0.6,0.6,1.9748622970068275,155.7159185771087,-99.29773448040478,14.18,202.8,-51.8,-2.523941168307901,155.68036437554505,-99.39521924446234,69.0259850119079,0.0
B_PA2_to_C2,1D,109,2,5.0,0.6,0.6,1.9748622970068275,155.7159185771087,-99.29773448040478,14.18,202.8,-51.8,-1.924100706265937,155.68510493575354,-99.38222127592134,68.87106197833204,0.04796378748478958
B_PA2_to_C2,1D,109,3,5.0,0.6,0.6,1.9748622970068275,155.7159185771087,-99.29773448040478,14.18,202.8,-51.8,-1.3242602442239733,155.68984549596203,-99.36922330738032,68.72102843513309,0.0944138008590727
B_PA2_to_C2,1D,109,4,5.0,0.6,0.6,1.9748622970068275,155.7159185771087,-99.29773448040478,14.18,202.8,-51.8,-0.7244197821820091,155.69458605617052,-99.35622533883932,68.57591647467417,0.1393401044067275
B_PA2_to_C2,1D,109,5,5.0,0.6,0.6,1.9748622970068275,155.7159185771087,-99.29773448040478,14.18,202.8,-51.8,-0.1245793201400458,155.699326616379,-99.34322737029831,68.43575740430295,0.18273300545045146
B_PA2_to_C2,1D,109,6,5.0,0.6,0.6,1.9748622970068275,155.7159185771087,-99.29773448040478,14.18,202.8,-51.8,0.4752611419019179,155.7040671765875,-99.33022940175731,68.30058171538309,0.22458306393956917
B_PA2_to_C2,1D,109,7,5.0,0.6,0.6,1.9748622970068275,155.7159185771087,-99.29773448040478,14.18,202.8,-51.8,1.0751016039438819,155.708807736796,-99.31723143321629,68.17041905268617,0.2648811019262318
B_PA2_to_C2,1D,109,8,5.0,0.6,0.6,1.9748622970068275,155.7159185771087,-99.29773448040478,14.18,202.8,-51.8,1.6749420659858456,155.71354829700448,-99.30423346467529,68.0452981842093,0.3036182129097824
B_PA2_to_C2,1D,109,9,5.0,0.6,0.6,1.9748622970068275,155.7159185771087,-99.29773448040478,14.18,202.8,-51.8,2.274782528027809,155.71828885721294,-99.29123549613428,67.92524697148386,0.34078577102911467
B_PA2_to_C2,1D,109,10,5.0,0.6,0.6,1.9748622970068275,155.7159185771087,-99.29773448040478,14.18,202.8,-51.8,2.8746229900697733,155.72302941742143,-99.27823752759328,67.8102923404419,0.37637544008235224
B_PA2_to_C2,1D,109,11,5.0,0.6,0.6,1.9748622970068275,155.7159185771087,-99.29773448040478,14.18,202.8,-51.8,3.474463452111737,155.72776997762992,-99.26523955905226,67.70046025290604,0.4103791823535161
B_PA2_to_C2,1D,109,12,5.0,0.6,0.6,1.9748622970068275,155.7159185771087,-99.29773448040478,14.18,202.8,-51.8,4.074303914153701,155.7325105378384,-99.25224159051126,67.59577567876879,0.44278926722573075
B_PA2_to_C2,1D,109,13,5.0,0.6,0.6,1.9748622970068275,155.7159185771087,-99.29773448040478,14.18,202.8,-51.8,4.674144376195664,155.7372510980469,-99.23924362197025,67.49626256892708,0.47359827956062617
B_PA2_to_C2,1D,109,14,5.0,0.6,0.6,1.9748622970068275,155.7159185771087,-99.29773448040478,14.18,202.8,-51.8,5.273984838237628,155.7419916582554,-99.22624565342925,67.40194382903705,0.502799127823792
B_PA2_to_C2,1D,109,15,5.0,0.6,0.6,1.9748622970068275,155.7159185771087,-99.29773448040478,14.18,202.8,-51.8,5.8738253002795915,155.74673221846388,-99.21324768488823,67.31284129415265,0.5303850519366122
B_PA2_to_C2,1D,109,16,5.0,0.6,0.6,1.9748622970068275,155.7159185771087,-99.29773448040478,14.18,202.8,-51.8,6.473665762321556,155.75147277867237,-99.20024971634723,67.22897570431145,0.5563496308348128
B_PA2_to_C2,1D,110,1,5.0,0.6,0.6,3.059159680973665,155.72347442755427,-99.27160608203349,15.53,202.71,-51.8,-1.4391762929132508,155.69632968060245,-99.39092342673983,69.01546300337908,0.0
B_PA2_to_C2,1D,110,2,5.0,0.6,0.6,3.059159680973665,155.72347442755427,-99.27160608203349,15.53,202.71,-51.8,-0.8393981630616616,155.699948980196,-99.37501444744565,68.85698289048166,0.0490650504326382
B_PA2_to_C2,1D,110,3,5.0,0.6,0.6,3.059159680973665,155.72347442755427,-99.27160608203349,15.53,202.71,-51.8,-0.23962003321007286,155.7035682797896,-99.35910546815147,68.70337729682129,0.09662096178259816
B_PA2_to_C2,1D,110,4,5.0,0.6,0.6,3.059159680973665,155.72347442755427,-99.27160608203349,15.53,202.71,-51.8,0.3601580966415159,155.70718757938317,-99.3431964888573,68.55467898837158,0.14265758978560328
B_PA2_to_C2,1D,110,5,5.0,0.6,0.6,3.059159680973665,155.72347442755427,-99.27160608203349,15.53,202.71,-51.8,0.9599362264931046,155.71080687897674,-99.32728750956312,68.41091996463705,0.18716502747431463
B_PA2_to_C2,1D,110,6,5.0,0.6,0.6,3.059159680973665,155.72347442755427,-99.27160608203349,15.53,202.71,-51.8,1.5597143563446934,155.71442617857033,-99.31137853026894,68.27213142723221,0.23013361490615125
B_PA2_to_C2,1D,110,7,5.0,0.6,0.6,3.059159680973665,155.72347442755427,-99.27160608203349,15.53,202.71,-51.8,2.159492486196282,155.7180454781639,-99.29546955097476,68.1383437487775,0.27155394879305916
B_PA2_to_C2,1D,110,8,5.0,0.6,0.6,3.059159680973665,155.72347442755427,-99.27160608203349,15.53,202.71,-51.8,2.759270616047871,155.72166477775747,-99.27956057168058,68.00958644217638,0.31141689201321654
B_PA2_to_C2,1D,110,9,5.0,0.6,0.6,3.059159680973665,155.72347442755427,-99.27160608203349,15.53,202.71,-51.8,3.3590487458994596,155.72528407735106,-99.2636515923864,67.88588813034087,0.3497135829839664
B_PA2_to_C2,1D,110,10,5.0,0.6,0.6,3.059159680973665,155.72347442755427,-99.27160608203349,15.53,202.71,-51.8,3.9588268757510483,155.72890337694463,-99.24774261309221,67.76727651643125,0.3864354448754881
B_PA2_to_C2,1D,110,11,5.0,0.6,0.6,3.059159680973665,155.72347442755427,-99.27160608203349,15.53,202.71,-51.8,4.558605005602637,155.7325226765382,-99.23183363379803,67.65377835467692,0.4215741946446343
B_PA2_to_C2,1D,110,12,5.0,0.6,0.6,3.059159680973665,155.72347442755427,-99.27160608203349,15.53,202.71,-51.8,5.158383135454226,155.7361419761318,-99.21592465450385,67.54541942184566,0.4551218518679292
B_PA2_to_C2,1D,110,13,5.0,0.6,0.6,3.059159680973665,155.72347442755427,-99.27160608203349,15.53,202.71,-51.8,5.758161265305814,155.73976127572536,-99.20001567520967,67.44222448942756,0.4870707473534104
B_PA2_to_C2,1D,110,14,5.0,0.6,0.6,3.059159680973665,155.72347442755427,-99.27160608203349,15.53,202.71,-51.8,6.357939395157404,155.74338057531892,-99.1841066959155,67.34421729659972,0.5174135315106376
B_PA2_to_C2,1D,110,15,5.0,0.6,0.6,3.059159680973665,155.72347442755427,-99.27160608203349,15.53,202.71,-51.8,6.9577175250089915,155.74699987491252,-99.16819771662132,67.25142052403751,0.5461431824586889
B_PA2_to_C2,1D,110,16,5.0,0.6,0.6,3.059159680973665,155.72347442755427,-99.27160608203349,15.53,202.71,-51.8,7.557495654860581,155.75061917450608,-99.15228873732714,67.1638557686367,0.5732530138521312
B_PA2_to_C2,1D,111,1,5.0,0.6,0.6,4.143330136585643,155.72900397382435,-99.24021636121546,16.87,202.6,-51.8,-0.3544169055871862,155.7102682352183,-99.38135642188023,68.98777400131604,0.0
B_PA2_to_C2,1D,111,2,5.0,0.6,0.6,4.143330136585643,155.72900397382435,-99.24021636121546,16.87,202.6,-51.8,0.24528270003585773,155.7127663336991,-99.36253774712493,68.82578661467453,0.05015089369706516
B_PA2_to_C2,1D,111,3,5.0,0.6,0.6,4.143330136585643,155.72900397382435,-99.24021636121546,16.87,202.6,-51.8,0.8449823056589016,155.7152644321799,-99.34371907236962,68.6686598427606,0.09879695311314052
B_PA2_to_C2,1D,111,4,5.0,0.6,0.6,4.143330136585643,155.72900397382435,-99.24021636121546,16.87,202.6,-51.8,1.444681911281946,155.7177625306607,-99.32490039761431,68.51642712571062,0.14592782526483816
B_PA2_to_C2,1D,111,5,5.0,0.6,0.6,4.143330136585643,155.72900397382435,-99.24021636121546,16.87,202.6,-51.8,2.0443815169049895,155.72026062914153,-99.30608172285902,68.36912115527642,0.19153338886675897
B_PA2_to_C2,1D,111,6,5.0,0.6,0.6,4.143330136585643,155.72900397382435,-99.24021636121546,16.87,202.6,-51.8,2.6440811225280334,155.72275872762233,-99.28726304810371,68.22677384294906,0.23560376420030593
B_PA2_to_C2,1D,111,7,5.0,0.6,0.6,4.143330136585643,155.72900397382435,-99.24021636121546,16.87,202.6,-51.8,3.2437807281510773,155.72525682610313,-99.26844437334842,68.0894162883555,0.2781293228980033
B_PA2_to_C2,1D,111,8,5.0,0.6,0.6,4.143330136585643,155.72900397382435,-99.24021636121546,16.87,202.6,-51.8,3.8434803337741212,155.72775492458393,-99.2496256985931,67.95707874799373,0.3191006976230071
B_PA2_to_C2,1D,111,9,5.0,0.6,0.6,4.143330136585643,155.72900397382435,-99.24021636121546,16.87,202.6,-51.8,4.443179939397165,155.73025302306476,-99.23080702383781,67.82979060437289,0.35850879162326876
B_PA2_to_C2,1D,111,10,5.0,0.6,0.6,4.143330136585643,155.72900397382435,-99.24021636121546,16.87,202.6,-51.8,5.042879545020209,155.73275112154556,-99.2119883490825,67.70758033562508,0.3963447881396185
B_PA2_to_C2,1D,111,11,5.0,0.6,0.6,4.143330136585643,155.72900397382435,-99.24021636121546,16.87,202.6,-51.8,5.642579150643252,155.73524922002636,-99.19316967432721,67.59047548565684,0.43260015964681386
B_PA2_to_C2,1D,111,12,5.0,0.6,0.6,4.143330136585643,155.72900397382435,-99.24021636121546,16.87,202.6,-51.8,6.2422787562662965,155.73774731850716,-99.1743509995719,67.47850263490758,0.46726667690664314
B_PA2_to_C2,1D,111,13,5.0,0.6,0.6,4.143330136585643,155.72900397382435,-99.24021636121546,16.87,202.6,-51.8,6.84197836188934,155.740245416988,-99.1555323248166,67.37168737178311,0.5003364178120542
B_PA2_to_C2,1D,111,14,5.0,0.6,0.6,4.143330136585643,155.72900397382435,-99.24021636121546,16.87,202.6,-51.8,7.441677967512384,155.7427435154688,-99.1367136500613,67.27005426483119,0.5318017760015046
B_PA2_to_C2,1D,111,15,5.0,0.6,0.6,4.143330136585643,155.72900397382435,-99.24021636121546,16.87,202.6,-51.8,8.041377573135428,155.7452416139496,-99.11789497530599,67.17362683572613,0.5616554692228846
B_PA2_to_C2,1D,111,16,5.0,0.6,0.6,4.143330136585643,155.72900397382435,-99.24021636121546,16.87,202.6,-51.8,8.641077178758472,155.7477397124304,-99.09907630055069,67.08242753312851,0.5898905474264815
B_PA2_to_C2,1D,112,1,5.0,0.6,0.6,5.227344481535621,155.73250618129498,-99.20356807735817,18.22,202.48,-51.8,0.7303075413963827,155.72217862299365,-99.36651623034756,68.95474362589194,0.0
B_PA2_to_C2,1D,112,2,5.0,0.6,0.6,5.227344481535621,155.73250618129498,-99.20356807735817,18.22,202.48,-51.8,1.3299124667482811,155.72355563076718,-99.34478980994898,68.78915019831467,0.051267315039400074
B_PA2_to_C2,1D,112,3,5.0,0.6,0.6,5.227344481535621,155.73250618129498,-99.20356807735817,18.22,202.48,-51.8,1.9295173921001796,155.72493263854068,-99.3230633895504,68.62840302309321,0.10103424235254721
B_PA2_to_C2,1D,112,4,5.0,0.6,0.6,5.227344481535621,155.73250618129498,-99.20356807735817,18.22,202.48,-51.8,2.529122317452078,155.72630964631418,-99.3013369691518,68.4725362316449,0.14929021493716377
B_PA2_to_C2,1D,112,5,5.0,0.6,0.6,5.227344481535621,155.73250618129498,-99.20356807735817,18.22,202.48,-51.8,3.1287272428039765,155.7276866540877,-99.27961054875323,68.32158322585721,0.19602489165161785
B_PA2_to_C2,1D,112,6,5.0,0.6,0.6,5.227344481535621,155.73250618129498,-99.20356807735817,18.22,202.48,-51.8,3.728332168155875,155.7290636618612,-99.25788412835463,68.17557664575743,0.24122816722430684
B_PA2_to_C2,1D,112,7,5.0,0.6,0.6,5.227344481535621,155.73250618129498,-99.20356807735817,18.22,202.48,-51.8,4.3279370935077734,155.7304406696347,-99.23615770795605,68.03454833740987,0.28489018219259066
B_PA2_to_C2,1D,112,8,5.0,0.6,0.6,5.227344481535621,155.73250618129498,-99.20356807735817,18.22,202.48,-51.8,4.927542018859672,155.73181767740823,-99.21443128755746,67.89852932110658,0.3270013327508856
B_PA2_to_C2,1D,112,9,5.0,0.6,0.6,5.227344481535621,155.73250618129498,-99.20356807735817,18.22,202.48,-51.8,5.5271469442115695,155.73319468518173,-99.19270486715888,67.76754975991817,0.3675522804872351
B_PA2_to_C2,1D,112,10,5.0,0.6,0.6,5.227344481535621,155.73250618129498,-99.20356807735817,18.22,202.48,-51.8,6.126751869563468,155.73457169295526,-99.17097844676029,67.64163892867168,0.4065339619876944
B_PA2_to_C2,1D,112,11,5.0,0.6,0.6,5.227344481535621,155.73250618129498,-99.20356807735817,18.22,202.48,-51.8,6.726356794915366,155.73594870072876,-99.14925202636171,67.52082518342476,0.44393759828705015
B_PA2_to_C2,1D,112,12,5.0,0.6,0.6,5.227344481535621,155.73250618129498,-99.20356807735817,18.22,202.48,-51.8,7.325961720267265,155.73732570850225,-99.12752560596311,67.40513593150318,0.479754704145126
B_PA2_to_C2,1D,112,13,5.0,0.6,0.6,5.227344481535621,155.73250618129498,-99.20356807735817,18.22,202.48,-51.8,7.925566645619163,155.73870271627578,-99.10579918556454,67.29459760217183,0.5139770971269684
B_PA2_to_C2,1D,112,14,5.0,0.6,0.6,5.227344481535621,155.73250618129498,-99.20356807735817,18.22,202.48,-51.8,8.525171570971061,155.74007972404928,-99.08407276516594,67.18923561800688,0.5465969064659646
B_PA2_to_C2,1D,112,15,5.0,0.6,0.6,5.227344481535621,155.73250618129498,-99.20356807735817,18.22,202.48,-51.8,9.12477649632296,155.74145673182278,-99.06234634476736,67.08907436703727,0.5776065816887517
B_PA2_to_C2,1D,112,16,5.0,0.6,0.6,5.227344481535621,155.73250618129498,-99.20356807735817,18.22,202.48,-51.8,9.72438142167486,155.7428337395963,-99.04061992436878,66.99413717572358,0.6069989009809156
B_PA2_to_C2,1D,113,1,5.0,0.6,0.6,6.311173611409227,155.73398248082182,-99.16166550764349,19.57,202.36,-51.8,1.8149786587144732,155.73215943214205,-99.34667259900957,68.92084136230848,0.0
B_PA2_to_C2,1D,113,2,5.0,0.6,0.6,6.311173611409227,155.73398248082182,-99.16166550764349,19.57,202.36,-51.8,2.4144713190737743,155.73240250529938,-99.32200498682742,68.75162522019349,0.052388898487613744
B_PA2_to_C2,1D,113,3,5.0,0.6,0.6,6.311173611409227,155.73398248082182,-99.16166550764349,19.57,202.36,-51.8,3.0139639794330746,155.73264557845667,-99.29733737464528,68.58724055352717,0.10328198414282141
B_PA2_to_C2,1D,113,4,5.0,0.6,0.6,6.311173611409227,155.73398248082182,-99.16166550764349,19.57,202.36,-51.8,3.6134566397923753,155.73288865161396,-99.27266976246314,68.42772218243758,0.15266847674021733
B_PA2_to_C2,1D,113,5,5.0,0.6,0.6,6.311173611409227,155.73398248082182,-99.16166550764349,19.57,202.36,-51.8,4.212949300151676,155.73313172477125,-99.248002150281,68.27310421686066,0.20053781592811504
B_PA2_to_C2,1D,113,6,5.0,0.6,0.6,6.311173611409227,155.73398248082182,-99.16166550764349,19.57,202.36,-51.8,4.812441960510976,155.73337479792858,-99.22333453809885,68.12342002377574,0.24687967137236555
B_PA2_to_C2,1D,113,7,5.0,0.6,0.6,6.311173611409227,155.73398248082182,-99.16166550764349,19.57,202.36,-51.8,5.4119346208702765,155.73361787108587,-99.19866692591671,67.97870219462288,0.29168395284383664
B_PA2_to_C2,1D,113,8,5.0,0.6,0.6,6.311173611409227,155.73398248082182,-99.16166550764349,19.57,202.36,-51.8,6.011427281229577,155.73386094424316,-99.17399931373457,67.8389825129673,0.33494082022946614
B_PA2_to_C2,1D,113,9,5.0,0.6,0.6,6.311173611409227,155.73398248082182,-99.16166550764349,19.57,202.36,-51.8,6.610919941588878,155.73410401740048,-99.14933170155241,67.70429192247812,0.3766406934459319
B_PA2_to_C2,1D,113,10,5.0,0.6,0.6,6.311173611409227,155.73398248082182,-99.16166550764349,19.57,202.36,-51.8,7.210412601948178,155.73434709055778,-99.12466408937027,67.57466049528917,0.4167742622350801
B_PA2_to_C2,1D,113,11,5.0,0.6,0.6,6.311173611409227,155.73398248082182,-99.16166550764349,19.57,202.36,-51.8,7.8099052623074785,155.73459016371507,-99.09999647718813,67.45011740080999,0.4553324958199667
B_PA2_to_C2,1D,113,12,5.0,0.6,0.6,6.311173611409227,155.73398248082182,-99.16166550764349,19.57,202.36,-51.8,8.409397922666779,155.7348332368724,-99.07532886500599,67.33069087505714,0.4923066523997939
B_PA2_to_C2,1D,113,13,5.0,0.6,0.6,6.311173611409227,155.73398248082182,-99.16166550764349,19.57,202.36,-51.8,9.00889058302608,155.73507631002968,-99.05066125282384,67.21640819057473,0.5276882884624605
B_PA2_to_C2,1D,113,14,5.0,0.6,0.6,6.311173611409227,155.73398248082182,-99.16166550764349,19.57,202.36,-51.8,9.60838324338538,155.73531938318698,-99.0259936406417,67.10729562701374,0.5614692678931057
B_PA2_to_C2,1D,113,15,5.0,0.6,0.6,6.311173611409227,155.73398248082182,-99.16166550764349,19.57,202.36,-51.8,10.20787590374468,155.73556245634427,-99.00132602845956,67.00337844244031,0.593641770857019
B_PA2_to_C2,1D,113,16,5.0,0.6,0.6,6.311173611409227,155.73398248082182,-99.16166550764349,19.57,202.36,-51.8,10.807368564103982,155.7358055295016,-98.97665841627742,66.90468084544106,0.6241983024357332
B_PA2_to_C2,1D,114,1,5.0,0.6,0.6,7.394782462526731,155.73338500105064,-99.11438346663768,20.91,202.22,-51.8,2.899563737203092,155.74014684101942,-99.32165837833696,68.8698815091476,0.0
B_PA2_to_C2,1D,114,2,5.0,0.6,0.6,7.394782462526731,155.73338500105064,-99.11438346663768,20.91,202.22,-51.8,3.4989262339129104,155.73924526235692,-99.29402172344372,68.69707526624404,0.05350038479986452
B_PA2_to_C2,1D,114,3,5.0,0.6,0.6,7.394782462526731,155.73338500105064,-99.11438346663768,20.91,202.22,-51.8,4.098288730622729,155.7383436836944,-99.26638506855049,68.52908667994906,0.10550923504598941
B_PA2_to_C2,1D,114,4,5.0,0.6,0.6,7.394782462526731,155.73338500105064,-99.11438346663768,20.91,202.22,-51.8,4.697651227332548,155.7374421050319,-99.23874841365725,68.36595126406083,0.1560155557544185
B_PA2_to_C2,1D,114,5,5.0,0.6,0.6,7.394782462526731,155.73338500105064,-99.11438346663768,20.91,202.22,-51.8,5.297013724042365,155.7365405263694,-99.211111758764,68.20770384122245,0.20500856592109784
B_PA2_to_C2,1D,114,6,5.0,0.6,0.6,7.394782462526731,155.73338500105064,-99.11438346663768,20.91,202.22,-51.8,5.896376220752185,155.7356389477069,-99.18347510387078,68.05437850971738,0.2524777088019263
B_PA2_to_C2,1D,114,7,5.0,0.6,0.6,7.394782462526731,155.73338500105064,-99.11438346663768,20.91,202.22,-51.8,6.495738717462003,155.73473736904438,-99.15583844897753,67.90600861040099,0.2984126621506533
B_PA2_to_C2,1D,114,8,5.0,0.6,0.6,7.394782462526731,155.73338500105064,-99.11438346663768,20.91,202.22,-51.8,7.095101214171821,155.73383579038187,-99.12820179408429,67.7626266938334,0.3428033483944901
B_PA2_to_C2,1D,114,9,5.0,0.6,0.6,7.394782462526731,155.73338500105064,-99.11438346663768,20.91,202.22,-51.8,7.6944637108816405,155.7329342117194,-99.10056513919106,67.62426448768068,0.3856399447266021
B_PA2_to_C2,1D,114,10,5.0,0.6,0.6,7.394782462526731,155.73338500105064,-99.11438346663768,20.91,202.22,-51.8,8.293826207591458,155.7320326330569,-99.07292848429782,67.49095286445258,0.4269128930944319
B_PA2_to_C2,1D,114,11,5.0,0.6,0.6,7.394782462526731,155.73338500105064,-99.11438346663768,20.91,202.22,-51.8,8.893188704301277,155.73113105439438,-99.04529182940458,67.36272180964579,0.46661291006248007
B_PA2_to_C2,1D,114,12,5.0,0.6,0.6,7.394782462526731,155.73338500105064,-99.11438346663768,20.91,202.22,-51.8,9.492551201011096,155.73022947573187,-99.01765517451135,67.23960039036298,0.5047309965277478
B_PA2_to_C2,1D,114,13,5.0,0.6,0.6,7.394782462526731,155.73338500105064,-99.11438346663768,20.91,202.22,-51.8,10.091913697720914,155.72932789706937,-98.9900185196181,67.12161672447759,0.5412584472662587
B_PA2_to_C2,1D,114,14,5.0,0.6,0.6,7.394782462526731,155.73338500105064,-99.11438346663768,20.91,202.22,-51.8,10.691276194430733,155.72842631840686,-98.96238186472486,67.00879795041574,0.5761868602885016
B_PA2_to_C2,1D,114,15,5.0,0.6,0.6,7.394782462526731,155.73338500105064,-99.11438346663768,20.91,202.22,-51.8,11.29063869114055,155.72752473974435,-98.93474520983163,66.90117019762518,0.6095081459821756
B_PA2_to_C2,1D,114,16,5.0,0.6,0.6,7.394782462526731,155.73338500105064,-99.11438346663768,20.91,202.22,-51.8,11.89000118785037,155.72662316108185,-98.90710855493839,66.79875855780242,0.6412145360201826
B_PA2_to_C2,1D,115,1,5.0,0.6,0.6,8.478141025309707,155.7307228648241,-99.06174645880141,22.26,202.08,-51.8,3.9840104091772908,155.7459633685146,-99.29100119089767,68.82041804730292,0.0
B_PA2_to_C2,1D,115,2,5.0,0.6,0.6,8.478141025309707,155.7307228648241,-99.06174645880141,22.26,202.08,-51.8,4.583227824661613,155.74393130135587,-99.26043389328484,68.64395328303249,0.05463305395369744
B_PA2_to_C2,1D,115,3,5.0,0.6,0.6,8.478141025309707,155.7307228648241,-99.06174645880141,22.26,202.08,-51.8,5.182445240145935,155.74189923419712,-99.22986659567201,68.47229150861509,0.1077791141448401
B_PA2_to_C2,1D,115,4,5.0,0.6,0.6,8.478141025309707,155.7307228648241,-99.06174645880141,22.26,202.08,-51.8,5.7816626556302575,155.7398671670384,-99.19929929805916,68.30546893593784,0.15942696946287427
B_PA2_to_C2,1D,115,5,5.0,0.6,0.6,8.478141025309707,155.7307228648241,-99.06174645880141,22.26,202.08,-51.8,6.380880071114579,155.73783509987965,-99.16873200044633,68.14352110564865,0.20956561661123274
B_PA2_to_C2,1D,115,6,5.0,0.6,0.6,8.478141025309707,155.7307228648241,-99.06174645880141,22.26,202.08,-51.8,6.980097486598901,155.73580303272092,-99.13816470283349,67.98648285353194,0.25818427051733295
B_PA2_to_C2,1D,115,7,5.0,0.6,0.6,8.478141025309707,155.7307228648241,-99.06174645880141,22.26,202.08,-51.8,7.579314902083224,155.7337709655622,-99.10759740522066,67.83438827697353,0.3052723747149848
B_PA2_to_C2,1D,115,8,5.0,0.6,0.6,8.478141025309707,155.7307228648241,-99.06174645880141,22.26,202.08,-51.8,8.178532317567546,155.73173889840345,-99.07703010760783,67.68727070157887,0.3508196116792739
B_PA2_to_C2,1D,115,9,5.0,0.6,0.6,8.478141025309707,155.7307228648241,-99.06174645880141,22.26,202.08,-51.8,8.777749733051868,155.72970683124473,-99.04646280999499,67.54516264801222,0.3948159130930975
B_PA2_to_C2,1D,115,10,5.0,0.6,0.6,8.478141025309707,155.7307228648241,-99.06174645880141,22.26,202.08,-51.8,9.37696714853619,155.72767476408598,-99.01589551238216,67.40809579912519,0.4372514700240657
B_PA2_to_C2,1D,115,11,5.0,0.6,0.6,8.478141025309707,155.7307228648241,-99.06174645880141,22.26,202.08,-51.8,9.976184564020512,155.72564269692725,-98.98532821476932,67.27610096744348,0.4781167429905402
B_PA2_to_C2,1D,115,12,5.0,0.6,0.6,8.478141025309707,155.7307228648241,-99.06174645880141,22.26,202.08,-51.8,10.575401979504836,155.72361062976853,-98.95476091715649,67.14920806308336,0.5174024718946022
B_PA2_to_C2,1D,115,13,5.0,0.6,0.6,8.478141025309707,155.7307228648241,-99.06174645880141,22.26,202.08,-51.8,11.174619394989158,155.72157856260978,-98.92419361954366,67.02744606216824,0.5550996858002115
B_PA2_to_C2,1D,115,14,5.0,0.6,0.6,8.478141025309707,155.7307228648241,-99.06174645880141,22.26,202.08,-51.8,11.77383681047348,155.71954649545106,-98.89362632193081,66.91084297581732,0.5911997125342445
B_PA2_to_C2,1D,115,15,5.0,0.6,0.6,8.478141025309707,155.7307228648241,-99.06174645880141,22.26,202.08,-51.8,12.373054225957802,155.7175144282923,-98.86305902431798,66.79942581977853,0.6256941880880476
B_PA2_to_C2,1D,115,16,5.0,0.6,0.6,8.478141025309707,155.7307228648241,-99.06174645880141,22.26,202.08,-51.8,12.972271641442124,155.71548236113358,-98.83249172670514,66.69322058477687,0.6585750657975424
B_PA2_to_C2,1D,116,1,5.0,0.6,0.6,9.561224891104924,155.72603815765683,-99.00386883744937,23.6,201.93,-51.8,5.068291764507854,155.74966451497272,-99.25485432540965,68.76053224547444,0.0
B_PA2_to_C2,1D,116,2,5.0,0.6,0.6,9.561224891104924,155.72603815765683,-99.00386883744937,23.6,201.93,-51.8,5.667349514720797,155.74651433399725,-99.22138959368162,68.58048186390063,0.055743152190032674
B_PA2_to_C2,1D,116,3,5.0,0.6,0.6,9.561224891104924,155.72603815765683,-99.00386883744937,23.6,201.93,-51.8,6.26640726493374,155.74336415302182,-99.18792486195358,68.40522049294682,0.1100036385534402
B_PA2_to_C2,1D,116,4,5.0,0.6,0.6,9.561224891104924,155.72603815765683,-99.00386883744937,23.6,201.93,-51.8,6.8654650151466825,155.74021397204635,-99.15446013022554,68.23478503441294,0.16277003438436566
B_PA2_to_C2,1D,116,5,5.0,0.6,0.6,9.561224891104924,155.72603815765683,-99.00386883744937,23.6,201.93,-51.8,7.464522765359625,155.7370637910709,-99.1209953984975,68.06921173846817,0.21403111672020714
B_PA2_to_C2,1D,116,6,5.0,0.6,0.6,9.561224891104924,155.72603815765683,-99.00386883744937,23.6,201.93,-51.8,8.063580515572568,155.73391361009547,-99.08753066676947,67.90853616961776,0.2637758748782275
B_PA2_to_C2,1D,116,7,5.0,0.6,0.6,9.561224891104924,155.72603815765683,-99.00386883744937,23.6,201.93,-51.8,8.66263826578551,155.73076342912,-99.05406593504144,67.75279317271101,0.31199352097939226
B_PA2_to_C2,1D,116,8,5.0,0.6,0.6,9.561224891104924,155.72603815765683,-99.00386883744937,23.6,201.93,-51.8,9.261696015998453,155.72761324814456,-99.02060120331339,67.60201683905609,0.3586735004391173
B_PA2_to_C2,1D,116,9,5.0,0.6,0.6,9.561224891104924,155.72603815765683,-99.00386883744937,23.6,201.93,-51.8,9.860753766211396,155.7244630671691,-98.98713647158536,67.45624047270866,0.4038055024042677
B_PA2_to_C2,1D,116,10,5.0,0.6,0.6,9.561224891104924,155.72603815765683,-99.00386883744937,23.6,201.93,-51.8,10.459811516424338,155.72131288619366,-98.95367173985731,67.31549655700213,0.4473794701152656
B_PA2_to_C2,1D,116,11,5.0,0.6,0.6,9.561224891104924,155.72603815765683,-99.00386883744937,23.6,201.93,-51.8,11.05886926663728,155.7181627052182,-98.92020700812928,67.17981672139065,0.4893856111714534
B_PA2_to_C2,1D,116,12,5.0,0.6,0.6,9.561224891104924,155.72603815765683,-99.00386883744937,23.6,201.93,-51.8,11.657927016850223,155.71501252424275,-98.88674227640125,67.0492317086744,0.5298144076780318
B_PA2_to_C2,1D,116,13,5.0,0.6,0.6,9.561224891104924,155.72603815765683,-99.00386883744937,23.6,201.93,-51.8,12.256984767063166,155.7118623432673,-98.8532775446732,66.92377134268045,0.5686566262520074
B_PA2_to_C2,1D,116,14,5.0,0.6,0.6,9.561224891104924,155.72603815765683,-99.00386883744937,23.6,201.93,-51.8,12.856042517276109,155.70871216229185,-98.81981281294517,66.80346449647092,0.6059033278648656
B_PA2_to_C2,1D,116,15,5.0,0.6,0.6,9.561224891104924,155.72603815765683,-99.00386883744937,23.6,201.93,-51.8,13.455100267489051,155.7055619813164,-98.78634808121713,66.68833906115161,0.641545877499329
B_PA2_to_C2,1D,116,16,5.0,0.6,0.6,9.561224891104924,155.72603815765683,-99.00386883744937,23.6,201.93,-51.8,14.054158017701994,155.70241180034094,-98.7528833494891,66.57842191535477,0.6755759535974235
B_PA2_to_C2,1D,117,1,5.0,0.6,0.6,10.64400526204448,155.71933353831668,-98.94075634454963,24.94,201.76,-51.8,6.1523890985959735,155.75133628437044,-99.2134467633273,68.68628971097009,0.0
B_PA2_to_C2,1D,117,2,5.0,0.6,0.6,10.64400526204448,155.71933353831668,-98.94075634454963,24.94,201.76,-51.8,6.751271253722441,155.74706925156326,-99.1770880408236,68.50261396978986,0.056865554544963004
B_PA2_to_C2,1D,117,3,5.0,0.6,0.6,10.64400526204448,155.71933353831668,-98.94075634454963,24.94,201.76,-51.8,7.350153408848909,155.74280221875608,-99.14072931831991,68.32371365147523,0.1122526499984069
B_PA2_to_C2,1D,117,4,5.0,0.6,0.6,10.64400526204448,155.71933353831668,-98.94075634454963,24.94,201.76,-51.8,7.949035563975377,155.73853518594893,-99.10437059581623,68.1496263640786,0.16614964300046253
B_PA2_to_C2,1D,117,5,5.0,0.6,0.6,10.64400526204448,155.71933353831668,-98.94075634454963,24.94,201.76,-51.8,8.547917719101843,155.73426815314176,-99.06801187331254,67.98038908389869,0.21854508578061882
B_PA2_to_C2,1D,117,6,5.0,0.6,0.6,10.64400526204448,155.71933353831668,-98.94075634454963,24.94,201.76,-51.8,9.14679987422831,155.7300011203346,-99.03165315080885,67.81603812102992,0.26942773682358023
B_PA2_to_C2,1D,117,7,5.0,0.6,0.6,10.64400526204448,155.71933353831668,-98.94075634454963,24.94,201.76,-51.8,9.745682029354779,155.72573408752743,-98.99529442830516,67.65660908490551,0.3187865715370215
B_PA2_to_C2,1D,117,8,5.0,0.6,0.6,10.64400526204448,155.71933353831668,-98.94075634454963,24.94,201.76,-51.8,10.344564184481246,155.72146705472025,-98.95893570580147,67.5021368498987,0.36661079290135845
B_PA2_to_C2,1D,117,9,5.0,0.6,0.6,10.64400526204448,155.71933353831668,-98.94075634454963,24.94,201.76,-51.8,10.943446339607714,155.7172000219131,-98.92257698329779,67.3526555210497,0.41288984208061663
B_PA2_to_C2,1D,117,10,5.0,0.6,0.6,10.64400526204448,155.71933353831668,-98.94075634454963,24.94,201.76,-51.8,11.542328494734182,155.71293298910592,-98.8862182607941,67.20819839998629,0.4576134089733124
B_PA2_to_C2,1D,117,11,5.0,0.6,0.6,10.64400526204448,155.71933353831668,-98.94075634454963,24.94,201.76,-51.8,12.14121064986065,155.70866595629874,-98.8498595382904,67.06879795110879,0.5007714426815149
B_PA2_to_C2,1D,117,12,5.0,0.6,0.6,10.64400526204448,155.71933353831668,-98.94075634454963,24.94,201.76,-51.8,12.740092804987118,155.7043989234916,-98.81350081578671,66.93448576811049,0.5423541618760375
B_PA2_to_C2,1D,117,13,5.0,0.6,0.6,10.64400526204448,155.71933353831668,-98.94075634454963,24.94,201.76,-51.8,13.338974960113584,155.70013189068442,-98.77714209328302,66.80529254090668,0.5823520650351135
B_PA2_to_C2,1D,117,14,5.0,0.6,0.6,10.64400526204448,155.71933353831668,-98.94075634454963,24.94,201.76,-51.8,13.937857115240051,155.69586485787727,-98.74078337077934,66.68124802304509,0.6207559405340568
B_PA2_to_C2,1D,117,15,5.0,0.6,0.6,10.64400526204448,155.71933353831668,-98.94075634454963,24.94,201.76,-51.8,14.53673927036652,155.6915978250701,-98.70442464827565,66.5623809996727,0.6575568765626585
B_PA2_to_C2,1D,117,16,5.0,0.6,0.6,10.64400526204448,155.71933353831668,-98.94075634454963,24.94,201.76,-51.8,15.135621425492987,155.6873307922629,-98.66806592577196,66.44871925613258,0.6927462708475254
B_PA2_to_C2,1D,118,1,5.0,0.6,0.6,11.726453465486236,155.71061091327692,-98.87241568891406,26.28,201.59,-51.8,7.236273467044345,155.7509811899433,-99.16678590200341,68.611162156146,0.0
B_PA2_to_C2,1D,118,2,5.0,0.6,0.6,11.726453465486236,155.71061091327692,-98.87241568891406,26.28,201.59,-51.8,7.834964133503265,155.74559848638776,-99.12753654025816,68.4238570472837,0.05798919779018519
B_PA2_to_C2,1D,118,3,5.0,0.6,0.6,11.726453465486236,155.71061091327692,-98.87241568891406,26.28,201.59,-51.8,8.433654799962182,155.74021578283225,-99.08828717851291,68.2413133961918,0.11450426004773817
B_PA2_to_C2,1D,118,4,5.0,0.6,0.6,11.726453465486236,155.71061091327692,-98.87241568891406,26.28,201.59,-51.8,9.032345466421102,155.73483307927674,-99.04903781676768,68.06356951297383,0.1695333260594971
B_PA2_to_C2,1D,118,5,5.0,0.6,0.6,11.726453465486236,155.71061091327692,-98.87241568891406,26.28,201.59,-51.8,9.63103613288002,155.72945037572123,-99.00978845502243,67.89066309631666,0.2230647244053685
B_PA2_to_C2,1D,118,6,5.0,0.6,0.6,11.726453465486236,155.71061091327692,-98.87241568891406,26.28,201.59,-51.8,10.22972679933894,155.72406767216572,-98.97053909327718,67.72263119864529,0.2750869837463483
B_PA2_to_C2,1D,118,7,5.0,0.6,0.6,11.726453465486236,155.71061091327692,-98.87241568891406,26.28,201.59,-51.8,10.828417465797857,155.7186849686102,-98.93128973153193,67.55951019122234,0.32558884362961393
B_PA2_to_C2,1D,118,8,5.0,0.6,0.6,11.726453465486236,155.71061091327692,-98.87241568891406,26.28,201.59,-51.8,11.427108132256777,155.7133022650547,-98.89204036978668,67.40133572925708,0.37455926529068506
B_PA2_to_C2,1D,118,9,5.0,0.6,0.6,11.726453465486236,155.71061091327692,-98.87241568891406,26.28,201.59,-51.8,12.025798798715694,155.70791956149915,-98.85279100804144,67.24814271709057,0.4219874424320196
B_PA2_to_C2,1D,118,10,5.0,0.6,0.6,11.726453465486236,155.71061091327692,-98.87241568891406,26.28,201.59,-51.8,12.624489465174614,155.70253685794364,-98.81354164629619,67.09996527352554,0.4678628119567989
B_PA2_to_C2,1D,118,11,5.0,0.6,0.6,11.726453465486236,155.71061091327692,-98.87241568891406,26.28,201.59,-51.8,13.223180131633532,155.69715415438813,-98.77429228455094,66.95683669737159,0.5121750646360397
B_PA2_to_C2,1D,118,12,5.0,0.6,0.6,11.726453465486236,155.71061091327692,-98.87241568891406,26.28,201.59,-51.8,13.821870798092451,155.69177145083262,-98.73504292280569,66.8187894332772,0.5549141556869337
B_PA2_to_C2,1D,118,13,5.0,0.6,0.6,11.726453465486236,155.71061091327692,-98.87241568891406,26.28,201.59,-51.8,14.42056146455137,155.6863887472771,-98.69579356106044,66.68585503792232,0.5960703152395261
B_PA2_to_C2,1D,118,14,5.0,0.6,0.6,11.726453465486236,155.71061091327692,-98.87241568891406,26.28,201.59,-51.8,15.019252131010289,155.6810060437216,-98.6565441993152,66.55806414664525,0.6356340586689626
B_PA2_to_C2,1D,118,15,5.0,0.6,0.6,11.726453465486236,155.71061091327692,-98.87241568891406,26.28,201.59,-51.8,15.617942797469206,155.67562334016608,-98.61729483756996,66.43544644057941,0.6735961967698394
B_PA2_to_C2,1D,118,16,5.0,0.6,0.6,11.726453465486236,155.71061091327692,-98.87241568891406,26.28,201.59,-51.8,16.216633463928126,155.67024063661054,-98.57804547582471,66.31803061437553,0.7099478457493724
B_PA2_to_C2,1D,119,1,5.0,0.6,0.6,12.808540831343858,155.6998726481481,-98.79885227901211,27.62,201.41,-51.8,8.31991562450846,155.74860039132935,-99.11487341692273,68.52848982418351,0.0
B_PA2_to_C2,1D,119,2,5.0,0.6,0.6,12.808540831343858,155.6998726481481,-98.79885227901211,27.62,201.41,-51.8,8.918398985419845,155.74210335890518,-99.07273726520133,68.33753253282576,0.05911990444512227
B_PA2_to_C2,1D,119,3,5.0,0.6,0.6,12.808540831343858,155.6998726481481,-98.79885227901211,27.62,201.41,-51.8,9.516882346331233,155.73560632648102,-99.0306011134799,68.15132271472662,0.11677000292782935
B_PA2_to_C2,1D,119,4,5.0,0.6,0.6,12.808540831343858,155.6998726481481,-98.79885227901211,27.62,201.41,-51.8,10.115365707242619,155.72910929405685,-98.98846496175848,67.96989938832195,0.17293821543701426
B_PA2_to_C2,1D,119,5,5.0,0.6,0.6,12.808540831343858,155.6998726481481,-98.79885227901211,27.62,201.41,-51.8,10.713849068154005,155.7226122616327,-98.94632881003707,67.79330098136839,0.22761264483440158
B_PA2_to_C2,1D,119,6,5.0,0.6,0.6,12.808540831343858,155.6998726481481,-98.79885227901211,27.62,201.41,-51.8,11.312332429065393,155.71611522920853,-98.90419265831565,67.62156529571169,0.2807815877621742
B_PA2_to_C2,1D,119,7,5.0,0.6,0.6,12.808540831343858,155.6998726481481,-98.79885227901211,27.62,201.41,-51.8,11.910815789976779,155.70961819678436,-98.86205650659423,67.45472947195026,0.3324335455830507
B_PA2_to_C2,1D,119,8,5.0,0.6,0.6,12.808540831343858,155.6998726481481,-98.79885227901211,27.62,201.41,-51.8,12.509299150888165,155.7031211643602,-98.81992035487282,67.29282995405818,0.3825572353329214
B_PA2_to_C2,1D,119,9,5.0,0.6,0.6,12.808540831343858,155.6998726481481,-98.79885227901211,27.62,201.41,-51.8,13.107782511799552,155.696624131936,-98.7777842031514,67.13590245403414,0.43114160066544116
B_PA2_to_C2,1D,119,10,5.0,0.6,0.6,12.808540831343858,155.6998726481481,-98.79885227901211,27.62,201.41,-51.8,13.706265872710938,155.69012709951184,-98.73564805142999,66.98398191664471,0.47817582276742954
B_PA2_to_C2,1D,119,11,5.0,0.6,0.6,12.808540831343858,155.6998726481481,-98.79885227901211,27.62,201.41,-51.8,14.304749233622324,155.68363006708768,-98.69351189970857,66.8371024843326,0.52364933122319
B_PA2_to_C2,1D,119,12,5.0,0.6,0.6,12.808540831343858,155.6998726481481,-98.79885227901211,27.62,201.41,-51.8,14.903232594533712,155.6771330346635,-98.65137574798715,66.69529746236216,0.5675518148053698
B_PA2_to_C2,1D,119,13,5.0,0.6,0.6,12.808540831343858,155.6998726481481,-98.79885227901211,27.62,201.41,-51.8,15.501715955445098,155.67063600223935,-98.60923959626574,66.55859928427557,0.6098732321696403
B_PA2_to_C2,1D,119,14,5.0,0.6,0.6,12.808540831343858,155.6998726481481,-98.79885227901211,27.62,201.41,-51.8,16.100199316356484,155.66413896981518,-98.56710344454432,66.427039477735,0.6506038224298827
B_PA2_to_C2,1D,119,15,5.0,0.6,0.6,12.808540831343858,155.6998726481481,-98.79885227901211,27.62,201.41,-51.8,16.698682677267872,155.65764193739102,-98.5249672928229,66.30064863082683,0.689734115590305
B_PA2_to_C2,1D,119,16,5.0,0.6,0.6,12.808540831343858,155.6998726481481,-98.79885227901211,27.62,201.41,-51.8,17.297166038179256,155.65114490496686,-98.48283114110149,66.17945635890457,0.7272549428108164
B_PA2_to_C2,1D,120,1,5.0,0.6,0.6,13.890238970931273,155.68712123001086,-98.72007462096659,28.96,201.23,-51.8,9.403286622145592,155.74419855019863,-99.05771466486962,68.44497620001438,0.0
B_PA2_to_C2,1D,120,2,5.0,0.6,0.6,13.890238970931273,155.68712123001086,-98.72007462096659,28.96,201.23,-51.8,10.001546935317016,155.73658824084026,-99.01269599234922,68.2503635078981,0.060251607466341284
B_PA2_to_C2,1D,120,3,5.0,0.6,0.6,13.890238970931273,155.68712123001086,-98.72007462096659,28.96,201.23,-51.8,10.59980724848844,155.7289779314819,-98.96767731982881,68.06048391614566,0.11903785878288531
B_PA2_to_C2,1D,120,4,5.0,0.6,0.6,13.890238970931273,155.68712123001086,-98.72007462096659,28.96,201.23,-51.8,11.198067561659865,155.72136762212352,-98.92265864730841,67.875377146942,0.17634645605955868
B_PA2_to_C2,1D,120,5,5.0,0.6,0.6,13.890238970931273,155.68712123001086,-98.72007462096659,28.96,201.23,-51.8,11.796327874831288,155.71375731276515,-98.877639974788,67.69508235299895,0.2321652777137544
B_PA2_to_C2,1D,120,6,5.0,0.6,0.6,13.890238970931273,155.68712123001086,-98.72007462096659,28.96,201.23,-51.8,12.394588188002713,155.70614700340678,-98.8326213022676,67.51963808196103,0.28648238949019955
B_PA2_to_C2,1D,120,7,5.0,0.6,0.6,13.890238970931273,155.68712123001086,-98.72007462096659,28.96,201.23,-51.8,12.992848501174137,155.6985366940484,-98.7876026297472,67.34908224065639,0.33928605552879176
B_PA2_to_C2,1D,120,8,5.0,0.6,0.6,13.890238970931273,155.68712123001086,-98.72007462096659,28.96,201.23,-51.8,13.591108814345562,155.69092638469004,-98.74258395722678,67.18345205925631,0.39056474946070097
B_PA2_to_C2,1D,120,9,5.0,0.6,0.6,13.890238970931273,155.68712123001086,-98.72007462096659,28.96,201.23,-51.8,14.189369127516985,155.68331607533167,-98.69756528470639,67.02278405540973,0.44030716551227655
B_PA2_to_C2,1D,120,10,5.0,0.6,0.6,13.890238970931273,155.68712123001086,-98.72007462096659,28.96,201.23,-51.8,14.78762944068841,155.6757057659733,-98.65254661218597,66.86711399842062,0.48850222959559275
B_PA2_to_C2,1D,120,11,5.0,0.6,0.6,13.890238970931273,155.68712123001086,-98.72007462096659,28.96,201.23,-51.8,15.385889753859834,155.66809545661494,-98.60752793966557,66.71647687353907,0.5351391103638754
B_PA2_to_C2,1D,120,12,5.0,0.6,0.6,13.890238970931273,155.68712123001086,-98.72007462096659,28.96,201.23,-51.8,15.984150067031258,155.66048514725657,-98.56250926714517,66.5709068464383,0.5802072302093109
B_PA2_to_C2,1D,120,13,5.0,0.6,0.6,13.890238970931273,155.68712123001086,-98.72007462096659,28.96,201.23,-51.8,16.58241038020268,155.6528748378982,-98.51749059462476,66.43043722795191,0.6236962761803291
B_PA2_to_C2,1D,120,14,5.0,0.6,0.6,13.890238970931273,155.68712123001086,-98.72007462096659,28.96,201.23,-51.8,17.180670693374108,155.64526452853983,-98.47247192210436,66.29510043914674,0.6655962107949378
B_PA2_to_C2,1D,120,15,5.0,0.6,0.6,13.890238970931273,155.68712123001086,-98.72007462096659,28.96,201.23,-51.8,17.77893100654553,155.63765421918146,-98.42745324958395,66.16492797680844,0.7058972827262977
B_PA2_to_C2,1D,120,16,5.0,0.6,0.6,13.890238970931273,155.68712123001086,-98.72007462096659,28.96,201.23,-51.8,18.377191319716957,155.6300439098231,-98.38243457706355,66.03995037941762,0.744590037336458
B_PA2_to_C2,1D,121,1,5.0,0.6,0.6,14.971519467755202,155.67235797569495,-98.63608964081362,30.3,201.03,-51.8,10.486357688378895,155.7377750226037,-98.9953171770573,68.34737762708225,0.0
B_PA2_to_C2,1D,121,2,5.0,0.6,0.6,14.971519467755202,155.67235797569495,-98.63608964081362,30.3,201.03,-51.8,11.084379258962404,155.72905274968252,-98.94742017222481,68.14906551916727,0.061396937434981425
B_PA2_to_C2,1D,121,3,5.0,0.6,0.6,14.971519467755202,155.67235797569495,-98.63608964081362,30.3,201.03,-51.8,11.68240082954591,155.72033047676138,-98.89952316739232,67.95547243432657,0.12133287701414375
B_PA2_to_C2,1D,121,4,5.0,0.6,0.6,14.971519467755202,155.67235797569495,-98.63608964081362,30.3,201.03,-51.8,12.280422400129417,155.7116082038402,-98.85162616255982,67.76663881593424,0.17979529756904356
B_PA2_to_C2,1D,121,5,5.0,0.6,0.6,14.971519467755202,155.67235797569495,-98.63608964081362,30.3,201.03,-51.8,12.878443970712926,155.70288593091902,-98.80372915772733,67.58260455950226,0.23677184754798475
B_PA2_to_C2,1D,121,6,5.0,0.6,0.6,14.971519467755202,155.67235797569495,-98.63608964081362,30.3,201.03,-51.8,13.476465541296433,155.69416365799788,-98.75583215289485,67.40340897671884,0.29225035614966544
B_PA2_to_C2,1D,121,7,5.0,0.6,0.6,14.971519467755202,155.67235797569495,-98.63608964081362,30.3,201.03,-51.8,14.074487111879941,155.6854413850767,-98.70793514806236,67.22909075928061,0.34621884452063156
B_PA2_to_C2,1D,121,8,5.0,0.6,0.6,14.971519467755202,155.67235797569495,-98.63608964081362,30.3,201.03,-51.8,14.672508682463448,155.67671911215552,-98.66003814322987,67.0596879425811,0.3986655369972567
B_PA2_to_C2,1D,121,9,5.0,0.6,0.6,14.971519467755202,155.67235797569495,-98.63608964081362,30.3,201.03,-51.8,15.270530253046957,155.66799683923438,-98.61214113839738,66.89523786932163,0.4495788723717098
B_PA2_to_C2,1D,121,10,5.0,0.6,0.6,14.971519467755202,155.67235797569495,-98.63608964081362,30.3,201.03,-51.8,15.868551823630463,155.6592745663132,-98.56424413356488,66.7357771531125,0.4989475151609142
B_PA2_to_C2,1D,121,11,5.0,0.6,0.6,14.971519467755202,155.67235797569495,-98.63608964081362,30.3,201.03,-51.8,16.46657339421397,155.65055229339202,-98.51634712873239,66.5813416421347,0.5467603668568266
B_PA2_to_C2,1D,121,12,5.0,0.6,0.6,14.971519467755202,155.67235797569495,-98.63608964081362,30.3,201.03,-51.8,17.06459496479748,155.64183002047088,-98.46845012389991,66.43196638293516,0.5930065771353235
B_PA2_to_C2,1D,121,13,5.0,0.6,0.6,14.971519467755202,155.67235797569495,-98.63608964081362,30.3,201.03,-51.8,17.662616535380987,155.6331077475497,-98.42055311906742,66.2876855844296,0.637675555000822
B_PA2_to_C2,1D,121,14,5.0,0.6,0.6,14.971519467755202,155.67235797569495,-98.63608964081362,30.3,201.03,-51.8,18.260638105964496,155.62438547462853,-98.37265611423493,66.14853258218933,0.6807569798430073
B_PA2_to_C2,1D,121,15,5.0,0.6,0.6,14.971519467755202,155.67235797569495,-98.63608964081362,30.3,201.03,-51.8,18.858659676548,155.61566320170738,-98.32475910940244,66.01453980308982,0.7222408123815569
B_PA2_to_C2,1D,121,16,5.0,0.6,0.6,14.971519467755202,155.67235797569495,-98.63608964081362,30.3,201.03,-51.8,19.45668124713151,155.6069409287862,-98.27686210456994,65.88573873039975,0.7621173054744581
B_PA2_to_C2,1D,122,1,5.0,0.6,0.6,16.052354114914245,155.6555863167227,-98.54690555049525,31.63,200.82,-51.8,11.569099877835566,155.72932995198278,-98.9276854370107,68.23948251372107,0.0
B_PA2_to_C2,1D,122,2,5.0,0.6,0.6,16.052354114914245,155.6555863167227,-98.54690555049525,31.63,200.82,-51.8,12.166867109446057,155.71949746728143,-98.87691478547531,68.03752476639653,0.0625256183667311
B_PA2_to_C2,1D,122,3,5.0,0.6,0.6,16.052354114914245,155.6555863167227,-98.54690555049525,31.63,200.82,-51.8,12.764634341056547,155.70966498258008,-98.8261441339399,67.84027254467361,0.12359441766175294
B_PA2_to_C2,1D,122,4,5.0,0.6,0.6,16.052354114914245,155.6555863167227,-98.54690555049525,31.63,200.82,-51.8,13.362401572667038,155.69983249787873,-98.77537348240452,67.64776701069424,0.1831936541878747
B_PA2_to_C2,1D,122,5,5.0,0.6,0.6,16.052354114914245,155.6555863167227,-98.54690555049525,31.63,200.82,-51.8,13.960168804277528,155.69000001317738,-98.72460283086913,67.46004880023989,0.24131074720779466
B_PA2_to_C2,1D,122,6,5.0,0.6,0.6,16.052354114914245,155.6555863167227,-98.54690555049525,31.63,200.82,-51.8,14.55793603588802,155.68016752847606,-98.67383217933373,67.27715798640962,0.29793329018930237
B_PA2_to_C2,1D,122,7,5.0,0.6,0.6,16.052354114914245,155.6555863167227,-98.54690555049525,31.63,200.82,-51.8,15.15570326749851,155.6703350437747,-98.62306152779834,67.09913404304035,0.35304906213025333
B_PA2_to_C2,1D,122,8,5.0,0.6,0.6,16.052354114914245,155.6555863167227,-98.54690555049525,31.63,200.82,-51.8,15.753470499109,155.66050255907336,-98.57229087626295,66.92601580793131,0.40664603894419926
B_PA2_to_C2,1D,122,9,5.0,0.6,0.6,16.052354114914245,155.6555863167227,-98.54690555049525,31.63,200.82,-51.8,16.35123773071949,155.65067007437202,-98.52152022472755,66.75784144593837,0.45871240488628473
B_PA2_to_C2,1D,122,10,5.0,0.6,0.6,16.052354114914245,155.6555863167227,-98.54690555049525,31.63,200.82,-51.8,16.94900496232998,155.64083758967067,-98.47074957319217,66.59464841200547,0.5092365639986376
B_PA2_to_C2,1D,122,11,5.0,0.6,0.6,16.052354114914245,155.6555863167227,-98.54690555049525,31.63,200.82,-51.8,17.54677219394047,155.63100510496932,-98.41997892165678,66.43647341420373,0.5582071515533542
B_PA2_to_C2,1D,122,12,5.0,0.6,0.6,16.052354114914245,155.6555863167227,-98.54690555049525,31.63,200.82,-51.8,18.14453942555096,155.621172620268,-98.36920827012138,66.28335237685079,0.6056130454706761
B_PA2_to_C2,1D,122,13,5.0,0.6,0.6,16.052354114914245,155.6555863167227,-98.54690555049525,31.63,200.82,-51.8,18.74230665716145,155.61134013556665,-98.31843761858599,66.13532040378536,0.6514433776890733
B_PA2_to_C2,1D,122,14,5.0,0.6,0.6,16.052354114914245,155.6555863167227,-98.54690555049525,31.63,200.82,-51.8,19.34007388877194,155.6015076508653,-98.2676669670506,65.9924117418732,0.6956875454637377
B_PA2_to_C2,1D,122,15,5.0,0.6,0.6,16.052354114914245,155.6555863167227,-98.54690555049525,31.63,200.82,-51.8,19.937841120382434,155.59167516616395,-98.2168963155152,65.85465974482366,0.7383352225688569
B_PA2_to_C2,1D,122,16,5.0,0.6,0.6,16.052354114914245,155.6555863167227,-98.54690555049525,31.63,200.82,-51.8,20.535608351992924,155.5818426814626,-98.16612566397981,65.72209683739614,0.7793763703792358
B_PA2_to_C2,1D,123,1,5.0,0.6,0.6,17.13271484254847,155.6368091544556,-98.45253107240914,32.97,200.61,-51.8,12.651484428657001,155.71886695219212,-98.85482511343477,68.13378360105088,0.0
B_PA2_to_C2,1D,123,2,5.0,0.6,0.6,17.13271484254847,155.6368091544556,-98.45253107240914,32.97,200.61,-51.8,13.248981817175864,155.7079259124939,-98.8011859079647,67.9280964865219,0.06368022121640493
B_PA2_to_C2,1D,123,3,5.0,0.6,0.6,17.13271484254847,155.6368091544556,-98.45253107240914,32.97,200.61,-51.8,13.846479205694727,155.6969848727957,-98.7475467024946,67.72710031272284,0.1259081388012504
B_PA2_to_C2,1D,123,4,5.0,0.6,0.6,17.13271484254847,155.6368091544556,-98.45253107240914,32.97,200.61,-51.8,14.44397659421359,155.6860438330975,-98.69390749702453,67.53083696547095,0.18667078500926593
B_PA2_to_C2,1D,123,5,5.0,0.6,0.6,17.13271484254847,155.6368091544556,-98.45253107240914,32.97,200.61,-51.8,15.041473982732452,155.6751027933993,-98.64026829155443,67.33934782684202,0.2459553480522807
B_PA2_to_C2,1D,123,6,5.0,0.6,0.6,17.13271484254847,155.6368091544556,-98.45253107240914,32.97,200.61,-51.8,15.638971371251314,155.6641617537011,-98.58662908608436,67.15267373851772,0.3037491834468007
B_PA2_to_C2,1D,123,7,5.0,0.6,0.6,17.13271484254847,155.6368091544556,-98.45253107240914,32.97,200.61,-51.8,16.236468759770176,155.65322071400288,-98.53298988061427,66.97085496482185,0.36003982545790336
B_PA2_to_C2,1D,123,8,5.0,0.6,0.6,17.13271484254847,155.6368091544556,-98.45253107240914,32.97,200.61,-51.8,16.83396614828904,155.6422796743047,-98.47935067514419,66.79393115550693,0.41481499862041815
B_PA2_to_C2,1D,123,9,5.0,0.6,0.6,17.13271484254847,155.6368091544556,-98.45253107240914,32.97,200.61,-51.8,17.4314635368079,155.6313386346065,-98.4257114696741,66.62194130835572,0.4680626293173873
B_PA2_to_C2,1D,123,10,5.0,0.6,0.6,17.13271484254847,155.6368091544556,-98.45253107240914,32.97,200.61,-51.8,18.028960925326764,155.6203975949083,-98.37207226420402,66.45492373166482,0.5197708573950663
B_PA2_to_C2,1D,123,11,5.0,0.6,0.6,17.13271484254847,155.6368091544556,-98.45253107240914,32.97,200.61,-51.8,18.626458313845625,155.60945655521007,-98.31843305873393,66.29291600668041,0.5699280477927147
B_PA2_to_C2,1D,123,12,5.0,0.6,0.6,17.13271484254847,155.6368091544556,-98.45253107240914,32.97,200.61,-51.8,19.22395570236449,155.59851551551188,-98.26479385326385,66.13595495005859,0.6185228021647973
B_PA2_to_C2,1D,123,13,5.0,0.6,0.6,17.13271484254847,155.6368091544556,-98.45253107240914,32.97,200.61,-51.8,19.821453090883352,155.58757447581368,-98.21115464779376,65.98407657642542,0.6655439704722781
B_PA2_to_C2,1D,123,14,5.0,0.6,0.6,17.13271484254847,155.6368091544556,-98.45253107240914,32.97,200.61,-51.8,20.418950479402213,155.5766334361155,-98.15751544232369,65.83731606111363,0.7109806625192725
B_PA2_to_C2,1D,123,15,5.0,0.6,0.6,17.13271484254847,155.6368091544556,-98.45253107240914,32.97,200.61,-51.8,21.016447867921077,155.5656923964173,-98.1038762368536,65.6957077031549,0.7548222594105205
B_PA2_to_C2,1D,123,16,5.0,0.6,0.6,17.13271484254847,155.6368091544556,-98.45253107240914,32.97,200.61,-51.8,21.61394525643994,155.55475135671907,-98.05023703138352,65.55928488860874,0.7970584249046873
B_PA2_to_C2,1D,124,1,5.0,0.6,0.6,18.2125737773163,155.61602957632962,-98.35297588894588,34.3,200.39,-51.8,13.733482753140887,155.70638713375465,-98.77674364251786,68.01780159414652,0.0
B_PA2_to_C2,1D,124,2,5.0,0.6,0.6,18.2125737773163,155.61602957632962,-98.35297588894588,34.3,200.39,-51.8,14.330694889697611,155.6943394594313,-98.72024127537493,67.80843796376301,0.06481846141904057
B_PA2_to_C2,1D,124,3,5.0,0.6,0.6,18.2125737773163,155.61602957632962,-98.35297588894588,34.3,200.39,-51.8,14.927907026254331,155.68229178510796,-98.66373890823199,67.60375126034285,0.12818895783395234
B_PA2_to_C2,1D,124,4,5.0,0.6,0.6,18.2125737773163,155.61602957632962,-98.35297588894588,34.3,200.39,-51.8,15.525119162811054,155.67024411078464,-98.60723654108907,67.40378409151165,0.19009829802936906
B_PA2_to_C2,1D,124,5,5.0,0.6,0.6,18.2125737773163,155.61602957632962,-98.35297588894588,34.3,200.39,-51.8,16.122331299367776,155.65819643646128,-98.55073417394614,67.20857858368926,0.2505334397700487
B_PA2_to_C2,1D,124,6,5.0,0.6,0.6,18.2125737773163,155.61602957632962,-98.35297588894588,34.3,200.39,-51.8,16.719543435924496,155.64614876213795,-98.4942318068032,67.01817634511362,0.30948150124857676
B_PA2_to_C2,1D,124,7,5.0,0.6,0.6,18.2125737773163,155.61602957632962,-98.35297588894588,34.3,200.39,-51.8,17.31675557248122,155.63410108781463,-98.43772943966027,66.8326184285006,0.36692977264579696
B_PA2_to_C2,1D,124,8,5.0,0.6,0.6,18.2125737773163,155.61602957632962,-98.35297588894588,34.3,200.39,-51.8,17.91396770903794,155.6220534134913,-98.38122707251735,66.65194529339988,0.4228657277853394
B_PA2_to_C2,1D,124,9,5.0,0.6,0.6,18.2125737773163,155.61602957632962,-98.35297588894588,34.3,200.39,-51.8,18.51117984559466,155.61000573916795,-98.32472470537441,66.47619676831086,0.47727703586243564
B_PA2_to_C2,1D,124,10,5.0,0.6,0.6,18.2125737773163,155.61602957632962,-98.35297588894588,34.3,200.39,-51.8,19.10839198215138,155.59795806484462,-98.26822233823148,66.3054120126253,0.5301515732263837
B_PA2_to_C2,1D,124,11,5.0,0.6,0.6,18.2125737773163,155.61602957632962,-98.35297588894588,34.3,200.39,-51.8,19.705604118708106,155.5859103905213,-98.21171997108856,66.13962947846629,0.5814774351951186
B_PA2_to_C2,1D,124,12,5.0,0.6,0.6,18.2125737773163,155.61602957632962,-98.35297588894588,34.3,200.39,-51.8,20.302816255264826,155.57386271619797,-98.15521760394562,65.97888687249595,0.6312429478794321
B_PA2_to_C2,1D,124,13,5.0,0.6,0.6,18.2125737773163,155.61602957632962,-98.35297588894588,34.3,200.39,-51.8,20.90002839182155,155.5618150418746,-98.09871523680269,65.82322111776689,0.6794366799936924
B_PA2_to_C2,1D,124,14,5.0,0.6,0.6,18.2125737773163,155.61602957632962,-98.35297588894588,34.3,200.39,-51.8,21.49724052837827,155.54976736755128,-98.04221286965976,65.67266831569465,0.726047454629061
B_PA2_to_C2,1D,124,15,5.0,0.6,0.6,18.2125737773163,155.61602957632962,-98.35297588894588,34.3,200.39,-51.8,22.09445266493499,155.53771969322796,-97.98571050251682,65.52726370823106,0.7710643609645373
B_PA2_to_C2,1D,124,16,5.0,0.6,0.6,18.2125737773163,155.61602957632962,-98.35297588894588,34.3,200.39,-51.8,22.691664801491715,155.5256720189046,-97.9292081353739,65.38704164031945,0.8144767658907313
B_PA2_to_C2,1D,125,1,5.0,0.6,0.6,19.291903187215375,155.59325143620615,-98.24824980430816,35.63,200.15,-51.8,14.815066621627281,155.69189485230314,-98.6934507044354,67.8879980838961,0.0
B_PA2_to_C2,1D,125,2,5.0,0.6,0.6,19.291903187215375,155.59325143620615,-98.24824980430816,35.63,200.15,-51.8,15.411978163705692,155.67874239682354,-98.63409058441843,67.67490820570403,0.06597209851147667
B_PA2_to_C2,1D,125,3,5.0,0.6,0.6,19.291903187215375,155.59325143620615,-98.24824980430816,35.63,200.15,-51.8,16.008889705784107,155.66558994134394,-98.57473046440147,67.46648143679832,0.13050050993739148
B_PA2_to_C2,1D,125,4,5.0,0.6,0.6,19.291903187215375,155.59325143620615,-98.24824980430816,35.63,200.15,-51.8,16.60580124786252,155.65243748586434,-98.51537034438451,67.26276112585062,0.1935718136363711
B_PA2_to_C2,1D,125,5,5.0,0.6,0.6,19.291903187215375,155.59325143620615,-98.24824980430816,35.63,200.15,-51.8,17.202712789940932,155.63928503038474,-98.45601022436755,67.06379016343043,0.25517273079432456
B_PA2_to_C2,1D,125,6,5.0,0.6,0.6,19.291903187215375,155.59325143620615,-98.24824980430816,35.63,200.15,-51.8,17.799624332019345,155.62613257490514,-98.39665010435057,66.86961094470354,0.3152901359729299
B_PA2_to_C2,1D,125,7,5.0,0.6,0.6,19.291903187215375,155.59325143620615,-98.24824980430816,35.63,200.15,-51.8,18.396535874097758,155.61298011942554,-98.33728998433361,66.68026533171117,0.3739110687879048
B_PA2_to_C2,1D,125,8,5.0,0.6,0.6,19.291903187215375,155.59325143620615,-98.24824980430816,35.63,200.15,-51.8,18.99344741617617,155.59982766394594,-98.27792986431665,66.4957946152897,0.4310227456985771
B_PA2_to_C2,1D,125,9,5.0,0.6,0.6,19.291903187215375,155.59325143620615,-98.24824980430816,35.63,200.15,-51.8,19.59035895825458,155.58667520846635,-98.21856974429967,66.31623947669361,0.4866125718893137
B_PA2_to_C2,1D,125,10,5.0,0.6,0.6,19.291903187215375,155.59325143620615,-98.24824980430816,35.63,200.15,-51.8,20.187270500332993,155.57352275298675,-98.15920962428271,66.14163994898799,0.5406681532223239
B_PA2_to_C2,1D,125,11,5.0,0.6,0.6,19.291903187215375,155.59325143620615,-98.24824980430816,35.63,200.15,-51.8,20.784182042411405,155.56037029750715,-98.09984950426575,65.97203537827941,0.5931773082404597
B_PA2_to_C2,1D,125,12,5.0,0.6,0.6,19.291903187215375,155.59325143620615,-98.24824980430816,35.63,200.15,-51.8,21.38109358448982,155.54721784202755,-98.04048938424877,65.80746438485787,0.6441280801975964
B_PA2_to_C2,1D,125,13,5.0,0.6,0.6,19.291903187215375,155.59325143620615,-98.24824980430816,35.63,200.15,-51.8,21.97800512656823,155.53406538654795,-97.98112926423181,65.64796482432433,0.6935087490934251
B_PA2_to_C2,1D,125,14,5.0,0.6,0.6,19.291903187215375,155.59325143620615,-98.24824980430816,35.63,200.15,-51.8,22.574916668646644,155.52091293106835,-97.92176914421485,65.49357374878174,0.7413078436886558
B_PA2_to_C2,1D,125,15,5.0,0.6,0.6,19.291903187215375,155.59325143620615,-98.24824980430816,35.63,200.15,-51.8,23.171828210725057,155.50776047558875,-97.86240902419789,65.34432736816944,0.7875141534757439
B_PA2_to_C2,1D,125,16,5.0,0.6,0.6,19.291903187215375,155.59325143620615,-98.24824980430816,35.63,200.15,-51.8,23.76873975280347,155.49460802010915,-97.80304890418091,65.2002610118233,0.8321167405798136
B_PA2_to_C2,1D,126,1,5.0,0.6,0.6,20.370675431420327,155.5684775792159,-98.1383625598915,36.96,199.91,-51.8,15.896207745013989,155.67539404677217,-98.60495423606116,67.75756377732546,0.0
B_PA2_to_C2,1D,126,2,5.0,0.6,0.6,20.370675431420327,155.5684775792159,-98.1383625598915,36.96,199.91,-51.8,16.492803436534835,155.66113851776467,-98.54274201257188,67.540741841465,0.06712753432211827
B_PA2_to_C2,1D,126,3,5.0,0.6,0.6,20.370675431420327,155.5684775792159,-98.1383625598915,36.96,199.91,-51.8,17.089399128055682,155.64688298875717,-98.48052978908258,67.3285687353631,0.13281580246512448
B_PA2_to_C2,1D,126,4,5.0,0.6,0.6,20.370675431420327,155.5684775792159,-98.1383625598915,36.96,199.91,-51.8,17.685994819576525,155.63262745974967,-98.4183175655933,67.12108854458195,0.19705115564814335
B_PA2_to_C2,1D,126,5,5.0,0.6,0.6,20.370675431420327,155.5684775792159,-98.1383625598915,36.96,199.91,-51.8,18.282590511097368,155.61837193074217,-98.35610534210402,66.91834492025863,0.25982007958725006
B_PA2_to_C2,1D,126,6,5.0,0.6,0.6,20.370675431420327,155.5684775792159,-98.1383625598915,36.96,199.91,-51.8,18.879186202618214,155.60411640173467,-98.29389311861472,66.72038104150633,0.32110920613595084
B_PA2_to_C2,1D,126,7,5.0,0.6,0.6,20.370675431420327,155.5684775792159,-98.1383625598915,36.96,199.91,-51.8,19.47578189413906,155.58986087272717,-98.23168089512544,66.52723957734074,0.3809053250726677
B_PA2_to_C2,1D,126,8,5.0,0.6,0.6,20.370675431420327,155.5684775792159,-98.1383625598915,36.96,199.91,-51.8,20.072377585659904,155.57560534371967,-98.16946867163615,66.33896264819029,0.43919539601708024
B_PA2_to_C2,1D,126,9,5.0,0.6,0.6,20.370675431420327,155.5684775792159,-98.1383625598915,36.96,199.91,-51.8,20.66897327718075,155.56134981471214,-98.10725644814686,66.15559178705215,0.4959665604561323
B_PA2_to_C2,1D,126,10,5.0,0.6,0.6,20.370675431420327,155.5684775792159,-98.1383625598915,36.96,199.91,-51.8,21.265568968701594,155.54709428570465,-98.04504422465757,65.9771679003591,0.5512061538595496
B_PA2_to_C2,1D,126,11,5.0,0.6,0.6,20.370675431420327,155.5684775792159,-98.1383625598915,36.96,199.91,-51.8,21.86216466022244,155.53283875669715,-97.98283200116829,65.80373122862618,0.6049017178635552
B_PA2_to_C2,1D,126,12,5.0,0.6,0.6,20.370675431420327,155.5684775792159,-98.1383625598915,36.96,199.91,-51.8,22.458760351743287,155.51858322768965,-97.920619777679,65.63532130694848,0.6570410125006099
B_PA2_to_C2,1D,126,13,5.0,0.6,0.6,20.370675431420327,155.5684775792159,-98.1383625598915,36.96,199.91,-51.8,23.05535604326413,155.50432769868215,-97.85840755418971,65.47197692542558,0.7076120284519725
B_PA2_to_C2,1D,126,14,5.0,0.6,0.6,20.370675431420327,155.5684775792159,-98.1383625598915,36.96,199.91,-51.8,23.651951734784973,155.49007216967465,-97.79619533070043,65.31373608958955,0.7566029992990408
B_PA2_to_C2,1D,126,15,5.0,0.6,0.6,20.370675431420327,155.5684775792159,-98.1383625598915,36.96,199.91,-51.8,24.24854742630582,155.47581664066715,-97.73398310721113,65.16063598091755,0.8040024137485773
B_PA2_to_C2,1D,126,16,5.0,0.6,0.6,20.370675431420327,155.5684775792159,-98.1383625598915,36.96,199.91,-51.8,24.845143117826666,155.46156111165965,-97.67177088372185,65.01271291751131,0.8497990278062382
B_PA2_to_C2,1D,127,1,5.0,0.6,0.6,21.44886309329527,155.54171133133084,-98.02332482807778,38.29,199.66,-51.8,16.976877799480672,155.6568849855991,-98.51126187449717,67.62000661647937,0.0
B_PA2_to_C2,1D,127,2,5.0,0.6,0.6,21.44886309329527,155.54171133133084,-98.02332482807778,38.29,199.66,-51.8,17.57314250532262,155.64152849836333,-98.44620360164124,67.39942379754399,0.06829189440723837
B_PA2_to_C2,1D,127,3,5.0,0.6,0.6,21.44886309329527,155.54171133133084,-98.02332482807778,38.29,199.66,-51.8,18.169407211164565,155.62617201112755,-98.38114532878532,67.18347536164798,0.13514899530383673
B_PA2_to_C2,1D,127,4,5.0,0.6,0.6,21.44886309329527,155.54171133133084,-98.02332482807778,38.29,199.66,-51.8,18.76567191700651,155.6108155238918,-98.3160870559294,66.97220613879598,0.2005574234313876
B_PA2_to_C2,1D,127,5,5.0,0.6,0.6,21.44886309329527,155.54171133133084,-98.02332482807778,38.29,199.66,-51.8,19.361936622848457,155.59545903665602,-98.2510287830735,66.76566054886004,0.264503426507531
B_PA2_to_C2,1D,127,6,5.0,0.6,0.6,21.44886309329527,155.54171133133084,-98.02332482807778,38.29,199.66,-51.8,19.958201328690404,155.58010254942027,-98.18597051021757,66.56388256369836,0.32697339095387434
B_PA2_to_C2,1D,127,7,5.0,0.6,0.6,21.44886309329527,155.54171133133084,-98.02332482807778,38.29,199.66,-51.8,20.55446603453235,155.5647460621845,-98.12091223736165,66.36691566874305,0.3879538537883356
B_PA2_to_C2,1D,127,8,5.0,0.6,0.6,21.44886309329527,155.54171133133084,-98.02332482807778,38.29,199.66,-51.8,21.150730740374296,155.54938957494872,-98.05585396450573,66.1748028241133,0.4474315146644159
B_PA2_to_C2,1D,127,9,5.0,0.6,0.6,21.44886309329527,155.54171133133084,-98.02332482807778,38.29,199.66,-51.8,21.746995446216243,155.53403308771297,-97.99079569164982,65.9875864253156,0.5053932480383203
B_PA2_to_C2,1D,127,10,5.0,0.6,0.6,21.44886309329527,155.54171133133084,-98.02332482807778,38.29,199.66,-51.8,22.34326015205819,155.5186766004772,-97.9257374187939,65.80530826359465,0.5618261154441839
B_PA2_to_C2,1D,127,11,5.0,0.6,0.6,21.44886309329527,155.54171133133084,-98.02332482807778,38.29,199.66,-51.8,22.939524857900135,155.50332011324141,-97.86067914593798,65.62800948600332,0.6167173778563608
B_PA2_to_C2,1D,127,12,5.0,0.6,0.6,21.44886309329527,155.54171133133084,-98.02332482807778,38.29,199.66,-51.8,23.53578956374208,155.48796362600567,-97.79562087308206,65.45573055526279,0.6700545081165892
B_PA2_to_C2,1D,127,13,5.0,0.6,0.6,21.44886309329527,155.54171133133084,-98.02332482807778,38.29,199.66,-51.8,24.132054269584028,155.4726071387699,-97.73056260022615,65.2885112094876,0.721825203403025
B_PA2_to_C2,1D,127,14,5.0,0.6,0.6,21.44886309329527,155.54171133133084,-98.02332482807778,38.29,199.66,-51.8,24.728318975425974,155.45725065153414,-97.66550432737023,65.12639042185286,0.7720173977171854
B_PA2_to_C2,1D,127,15,5.0,0.6,0.6,21.44886309329527,155.54171133133084,-98.02332482807778,38.29,199.66,-51.8,25.32458368126792,155.44189416429836,-97.60044605451431,64.96940636028492,0.8206192743636045
B_PA2_to_C2,1D,127,16,5.0,0.6,0.6,21.44886309329527,155.54171133133084,-98.02332482807778,38.29,199.66,-51.8,25.920848387109867,155.42653767706258,-97.53538778165839,64.81759634725785,0.8676192783967558
B_PA2_to_C2,1D,128,1,5.0,0.6,0.6,22.526438964794103,155.51295701115404,-97.90314781249332,39.62,199.4,-51.8,18.05704857611218,155.63637047075974,-98.41238122807579,67.47540461111002,0.0
B_PA2_to_C2,1D,128,2,5.0,0.6,0.6,22.526438964794103,155.51295701115404,-97.90314781249332,39.62,199.4,-51.8,18.6529672946031,155.6199153428123,-98.34448343933147,67.2510313058016,0.06946541960013164
B_PA2_to_C2,1D,128,3,5.0,0.6,0.6,22.526438964794103,155.51295701115404,-97.90314781249332,39.62,199.4,-51.8,19.248886013094026,155.6034602148649,-98.27658565058714,67.03127774371306,0.13750057814147354
B_PA2_to_C2,1D,128,4,5.0,0.6,0.6,22.526438964794103,155.51295701115404,-97.90314781249332,39.62,199.4,-51.8,19.844804731584947,155.58700508691746,-98.2086878618428,66.81618950685304,0.20409136354705737
B_PA2_to_C2,1D,128,5,5.0,0.6,0.6,22.526438964794103,155.51295701115404,-97.90314781249332,39.62,199.4,-51.8,20.440723450075872,155.57054995897005,-98.14079007309847,66.60581179203953,0.26922378299396144
B_PA2_to_C2,1D,128,6,5.0,0.6,0.6,22.526438964794103,155.51295701115404,-97.90314781249332,39.62,199.4,-51.8,21.036642168566793,155.5540948310226,-98.07289228435414,66.40018937275322,0.33288397472346887
B_PA2_to_C2,1D,128,7,5.0,0.6,0.6,22.526438964794103,155.51295701115404,-97.90314781249332,39.62,199.4,-51.8,21.632560887057718,155.53763970307517,-98.00499449560981,66.19936656040136,0.39505822003364344
B_PA2_to_C2,1D,128,8,5.0,0.6,0.6,22.526438964794103,155.51295701115404,-97.90314781249332,39.62,199.4,-51.8,22.228479605548642,155.52118457512776,-97.93709670686547,66.00338716504844,0.45573295543702486
B_PA2_to_C2,1D,128,9,5.0,0.6,0.6,22.526438964794103,155.51295701115404,-97.90314781249332,39.62,199.4,-51.8,22.824398324039564,155.50472944718032,-97.86919891812116,65.81229445567278,0.5148947849650902
B_PA2_to_C2,1D,128,10,5.0,0.6,0.6,22.526438964794103,155.51295701115404,-97.90314781249332,39.62,199.4,-51.8,23.42031704253049,155.48827431923291,-97.80130112937682,65.62613112001252,0.5725304925998493
B_PA2_to_C2,1D,128,11,5.0,0.6,0.6,22.526438964794103,155.51295701115404,-97.90314781249332,39.62,199.4,-51.8,24.016235761021413,155.47181919128548,-97.73340334063249,65.44493922406812,0.6286270548117336
B_PA2_to_C2,1D,128,12,5.0,0.6,0.6,22.526438964794103,155.51295701115404,-97.90314781249332,39.62,199.4,-51.8,24.612154479512334,155.45536406333804,-97.66550555188816,65.2687601713321,0.6831716531820184
B_PA2_to_C2,1D,128,13,5.0,0.6,0.6,22.526438964794103,155.51295701115404,-97.90314781249332,39.62,199.4,-51.8,25.20807319800326,155.43890893539063,-97.59760776314383,65.0976346618198,0.7361516870867568
B_PA2_to_C2,1D,128,14,5.0,0.6,0.6,22.526438964794103,155.51295701115404,-97.90314781249332,39.62,199.4,-51.8,25.80399191649418,155.4224538074432,-97.5297099743995,64.93160265097927,0.7875547864181911
B_PA2_to_C2,1D,128,15,5.0,0.6,0.6,22.526438964794103,155.51295701115404,-97.90314781249332,39.62,199.4,-51.8,26.399910634985105,155.40599867949578,-97.46181218565516,64.77070330856037,0.83736882431878
B_PA2_to_C2,1D,128,16,5.0,0.6,0.6,22.526438964794103,155.51295701115404,-97.90314781249332,39.62,199.4,-51.8,26.995829353476026,155.38954355154834,-97.39391439691084,64.61497497752708,0.8855819299018393
B_PA2_to_C2,1D,129,1,5.0,0.6,0.6,23.60337610738463,155.48221867535082,-97.77784391778182,40.94,199.14,-51.8,19.13669240461489,155.61385470788935,-98.30832356333735,67.32706518749337,0.0
B_PA2_to_C2,1D,129,2,5.0,0.6,0.6,23.60337610738463,155.48221867535082,-97.77784391778182,40.94,199.14,-51.8,19.732250231650855,155.5963032368842,-98.23759294392994,67.09897328917354,0.07061668678632671
B_PA2_to_C2,1D,129,3,5.0,0.6,0.6,23.60337610738463,155.48221867535082,-97.77784391778182,40.94,199.14,-51.8,20.32780805868682,155.57875176587908,-98.16686232452254,66.87548673588452,0.13980757015754008
B_PA2_to_C2,1D,129,4,5.0,0.6,0.6,23.60337610738463,155.48221867535082,-97.77784391778182,40.94,199.14,-51.8,20.923365885722784,155.56120029487394,-98.09613170511514,66.65665185007201,0.2075583087991859
B_PA2_to_C2,1D,129,5,5.0,0.6,0.6,23.60337610738463,155.48221867535082,-97.77784391778182,40.94,199.14,-51.8,21.51892371275875,155.5436488238688,-98.02540108570774,66.44251459391005,0.2738546729360145
B_PA2_to_C2,1D,129,6,5.0,0.6,0.6,23.60337610738463,155.48221867535082,-97.77784391778182,40.94,199.14,-51.8,22.114481539794717,155.52609735286367,-97.95467046630033,66.23312053091104,0.33868255621744225
B_PA2_to_C2,1D,129,7,5.0,0.6,0.6,23.60337610738463,155.48221867535082,-97.77784391778182,40.94,199.14,-51.8,22.71003936683068,155.50854588185854,-97.88393984689293,66.02851478688909,0.4020279878031836
B_PA2_to_C2,1D,129,8,5.0,0.6,0.6,23.60337610738463,155.48221867535082,-97.77784391778182,40.94,199.14,-51.8,23.305597193866646,155.4909944108534,-97.81320922748553,65.82874201033066,0.4638771446324199
B_PA2_to_C2,1D,129,9,5.0,0.6,0.6,23.60337610738463,155.48221867535082,-97.77784391778182,40.94,199.14,-51.8,23.901155020902614,155.47344293984824,-97.74247860807812,65.63384633223103,0.5242163638583115
B_PA2_to_C2,1D,129,10,5.0,0.6,0.6,23.60337610738463,155.48221867535082,-97.77784391778182,40.94,199.14,-51.8,24.49671284793858,155.4558914688431,-97.67174798867072,65.44387132545842,0.5830321554287785
B_PA2_to_C2,1D,129,11,5.0,0.6,0.6,23.60337610738463,155.48221867535082,-97.77784391778182,40.94,199.14,-51.8,25.092270674974543,155.43833999783797,-97.60101736926332,65.2588599637122,0.6403112147929342
B_PA2_to_C2,1D,129,12,5.0,0.6,0.6,23.60337610738463,155.48221867535082,-97.77784391778182,40.94,199.14,-51.8,25.68782850201051,155.42078852683284,-97.5302867498559,65.07885458014485,0.6960404357116197
B_PA2_to_C2,1D,129,13,5.0,0.6,0.6,23.60337610738463,155.48221867535082,-97.77784391778182,40.94,199.14,-51.8,26.283386329046476,155.4032370558277,-97.4595561304485,64.90389682572135,0.7502069231492356
B_PA2_to_C2,1D,129,14,5.0,0.6,0.6,23.60337610738463,155.48221867535082,-97.77784391778182,40.94,199.14,-51.8,26.87894415608244,155.38568558482257,-97.3888255110411,64.73402762739333,0.8027980062229254
B_PA2_to_C2,1D,129,15,5.0,0.6,0.6,23.60337610738463,155.48221867535082,-97.77784391778182,40.94,199.14,-51.8,27.474501983118405,155.36813411381743,-97.3180948916337,64.56928714616853,0.8538012511841622
B_PA2_to_C2,1D,129,16,5.0,0.6,0.6,23.60337610738463,155.48221867535082,-97.77784391778182,40.94,199.14,-51.8,28.07005981015437,155.3505826428123,-97.24736427222629,64.40971473515935,0.9032044744068166
B_PA2_to_C2,1D,130,1,5.0,0.6,0.6,24.67964765573138,155.44950057050062,-97.64742489607835,42.26,198.86,-51.8,20.21578204125447,155.58934121354818,-98.1991026738098,67.16527515138283,0.0
B_PA2_to_C2,1D,130,2,5.0,0.6,0.6,24.67964765573138,155.44950057050062,-97.64742489607835,42.26,198.86,-51.8,20.810964123184725,155.57069579447517,-98.12554563677894,66.93340852809355,0.07178533228769979
B_PA2_to_C2,1D,130,3,5.0,0.6,0.6,24.67964765573138,155.44950057050062,-97.64742489607835,42.26,198.86,-51.8,21.40614620511498,155.55205037540216,-98.05198859974809,66.7061329130716,0.14214929978675883
B_PA2_to_C2,1D,130,4,5.0,0.6,0.6,24.67964765573138,155.44950057050062,-97.64742489607835,42.26,198.86,-51.8,22.001328287045233,155.53340495632915,-97.97843156271722,66.48349538978886,0.2110773255708871
B_PA2_to_C2,1D,130,5,5.0,0.6,0.6,24.67964765573138,155.44950057050062,-97.64742489607835,42.26,198.86,-51.8,22.596510368975487,155.51475953725614,-97.90487452568635,66.26554270713989,0.278554936298125
B_PA2_to_C2,1D,130,6,5.0,0.6,0.6,24.67964765573138,155.44950057050062,-97.64742489607835,42.26,198.86,-51.8,23.19169245090574,155.49611411818313,-97.8313174886555,66.05232124081245,0.34456777417039675
B_PA2_to_C2,1D,130,7,5.0,0.6,0.6,24.67964765573138,155.44950057050062,-97.64742489607835,42.26,198.86,-51.8,23.786874532836,155.47746869911012,-97.75776045162463,65.84387695395213,0.40910160911166926
B_PA2_to_C2,1D,130,8,5.0,0.6,0.6,24.67964765573138,155.44950057050062,-97.64742489607835,42.26,198.86,-51.8,24.382056614766253,155.4588232800371,-97.68420341459378,65.6402553571731,0.4721423511485199
B_PA2_to_C2,1D,130,9,5.0,0.6,0.6,24.67964765573138,155.44950057050062,-97.64742489607835,42.26,198.86,-51.8,24.977238696696507,155.44017786096413,-97.61064637756292,65.4415014679721,0.5336760629754558
B_PA2_to_C2,1D,130,10,5.0,0.6,0.6,24.67964765573138,155.44950057050062,-97.64742489607835,42.26,198.86,-51.8,25.57242077862676,155.42153244189112,-97.53708934053206,65.24765976960629,0.593688972686234
B_PA2_to_C2,1D,130,11,5.0,0.6,0.6,24.67964765573138,155.44950057050062,-97.64742489607835,42.26,198.86,-51.8,26.167602860557018,155.4028870228181,-97.4635323035012,65.05877416950001,0.6521674866510274
B_PA2_to_C2,1D,130,12,5.0,0.6,0.6,24.67964765573138,155.44950057050062,-97.64742489607835,42.26,198.86,-51.8,26.762784942487272,155.3842416037451,-97.38997526647034,64.87488795724974,0.709098202517982
B_PA2_to_C2,1D,130,13,5.0,0.6,0.6,24.67964765573138,155.44950057050062,-97.64742489607835,42.26,198.86,-51.8,27.357967024417526,155.36559618467209,-97.31641822943948,64.6960437622998,0.7644679223167294
B_PA2_to_C2,1D,130,14,5.0,0.6,0.6,24.67964765573138,155.44950057050062,-97.64742489607835,42.26,198.86,-51.8,27.95314910634778,155.34695076559908,-97.24286119240861,64.52228351136617,0.818263665639833
B_PA2_to_C2,1D,130,15,5.0,0.6,0.6,24.67964765573138,155.44950057050062,-97.64742489607835,42.26,198.86,-51.8,28.548331188278034,155.32830534652607,-97.16930415537776,64.35364838568843,0.8704726828775229
B_PA2_to_C2,1D,130,16,5.0,0.6,0.6,24.67964765573138,155.44950057050062,-97.64742489607835,42.26,198.86,-51.8,29.143513270208288,155.30965992745305,-97.09574711834689,64.19017877819412,0.9210824684794758
B_PA2_to_C2,1D,131,1,5.0,0.6,0.6,25.7552268488753,155.41480710488227,-97.51190216737936,43.58,198.57,-51.8,21.294289117033692,155.5628335627872,-98.08472213944037,66.99660273508267,0.0
B_PA2_to_C2,1D,131,2,5.0,0.6,0.6,25.7552268488753,155.41480710488227,-97.51190216737936,43.58,198.57,-51.8,21.889080814612573,155.54309670173322,-98.00834614316557,66.76092896172142,0.07296401652051188
B_PA2_to_C2,1D,131,3,5.0,0.6,0.6,25.7552268488753,155.41480710488227,-97.51190216737936,43.58,198.57,-51.8,22.483872512191454,155.52335984067923,-97.93197014689078,66.5298316067427,0.14451118524457485
B_PA2_to_C2,1D,131,4,5.0,0.6,0.6,25.7552268488753,155.41480710488227,-97.51190216737936,43.58,198.57,-51.8,23.078664209770334,155.50362297962522,-97.85559415061597,66.30335852286119,0.21462669109024546
B_PA2_to_C2,1D,131,5,5.0,0.6,0.6,25.7552268488753,155.41480710488227,-97.51190216737936,43.58,198.57,-51.8,23.673455907349215,155.48388611857123,-97.77921815434117,66.08155725465764,0.2832958143730764
B_PA2_to_C2,1D,131,6,5.0,0.6,0.6,25.7552268488753,155.41480710488227,-97.51190216737936,43.58,198.57,-51.8,24.268247604928096,155.46414925751725,-97.70284215806636,65.86447499973048,0.35050394283349817
B_PA2_to_C2,1D,131,7,5.0,0.6,0.6,25.7552268488753,155.41480710488227,-97.51190216737936,43.58,198.57,-51.8,24.863039302506976,155.44441239646326,-97.62646616179157,65.65215856908017,0.4162365839017035
B_PA2_to_C2,1D,131,8,5.0,0.6,0.6,25.7552268488753,155.41480710488227,-97.51190216737936,43.58,198.57,-51.8,25.457831000085857,155.42467553540928,-97.55009016551676,65.44465434677743,0.4804793771842881
B_PA2_to_C2,1D,131,9,5.0,0.6,0.6,25.7552268488753,155.41480710488227,-97.51190216737936,43.58,198.57,-51.8,26.05262269766474,155.40493867435526,-97.47371416924196,65.24200824897025,0.5432181071555497
B_PA2_to_C2,1D,131,10,5.0,0.6,0.6,25.7552268488753,155.41480710488227,-97.51190216737936,43.58,198.57,-51.8,26.647414395243622,155.38520181330128,-97.39733817296715,65.04426568228922,0.6044387160351263
B_PA2_to_C2,1D,131,11,5.0,0.6,0.6,25.7552268488753,155.41480710488227,-97.51190216737936,43.58,198.57,-51.8,27.242206092822503,155.3654649522473,-97.32096217669236,64.85147150171501,0.6641273168320936
B_PA2_to_C2,1D,131,12,5.0,0.6,0.6,25.7552268488753,155.41480710488227,-97.51190216737936,43.58,198.57,-51.8,27.836997790401384,155.3457280911933,-97.24458618041756,64.66366996797568,0.7222702065346738
B_PA2_to_C2,1D,131,13,5.0,0.6,0.6,25.7552268488753,155.41480710488227,-97.51190216737936,43.58,198.57,-51.8,28.431789487980264,155.32599123013932,-97.16821018414275,64.48090470454649,0.778853879422968
B_PA2_to_C2,1D,131,14,5.0,0.6,0.6,25.7552268488753,155.41480710488227,-97.51190216737936,43.58,198.57,-51.8,29.026581185559145,155.3062543690853,-97.09183418786795,64.30321865432813,0.8338650404812817
B_PA2_to_C2,1D,131,15,5.0,0.6,0.6,25.7552268488753,155.41480710488227,-97.51190216737936,43.58,198.57,-51.8,29.621372883138026,155.28651750803132,-97.01545819159315,64.13065403608373,0.8872906188851246
B_PA2_to_C2,1D,131,16,5.0,0.6,0.6,25.7552268488753,155.41480710488227,-97.51190216737936,43.58,198.57,-51.8,30.216164580716907,155.26678064697734,-96.93908219531835,63.963252300718636,0.9391177815368543
B_PA2_to_C2,1D,132,1,5.0,0.6,0.6,26.830087607698424,155.37814292595095,-97.37129126067427,44.9,198.28,-51.8,22.37218681093777,155.53433561535596,-97.96519725493359,66.8275364528189,0.0
B_PA2_to_C2,1D,132,2,5.0,0.6,0.6,26.830087607698424,155.37814292595095,-97.37129126067427,44.9,198.28,-51.8,22.96657358383919,155.5135099234353,-97.88600978903234,66.58804822261149,0.07414496291251282
B_PA2_to_C2,1D,132,3,5.0,0.6,0.6,26.830087607698424,155.37814292595095,-97.37129126067427,44.9,198.28,-51.8,23.560960356740612,155.49268423151463,-97.8068223231311,66.35312128182687,0.1468777619170396
B_PA2_to_C2,1D,132,4,5.0,0.6,0.6,26.830087607698424,155.37814292595095,-97.37129126067427,44.9,198.28,-51.8,24.15534712964203,155.47185853959397,-97.72763485722986,66.12280424773907,0.21818334522595606
B_PA2_to_C2,1D,132,5,5.0,0.6,0.6,26.830087607698424,155.37814292595095,-97.37129126067427,44.9,198.28,-51.8,24.74973390254345,155.45103284767328,-97.64844739132862,65.89714545660392,0.28804674805417463
B_PA2_to_C2,1D,132,6,5.0,0.6,0.6,26.830087607698424,155.37814292595095,-97.37129126067427,44.9,198.28,-51.8,25.344120675444874,155.4302071557526,-97.56925992542737,65.67619292462687,0.35645310470341585
B_PA2_to_C2,1D,132,7,5.0,0.6,0.6,26.830087607698424,155.37814292595095,-97.37129126067427,44.9,198.28,-51.8,25.938507448346293,155.40938146383195,-97.49007245952613,65.45999430810244,0.42338766090293234
B_PA2_to_C2,1D,132,8,5.0,0.6,0.6,26.830087607698424,155.37814292595095,-97.37129126067427,44.9,198.28,-51.8,26.532894221247712,155.38855577191129,-97.41088499362489,65.24859686277397,0.48883578639162195
B_PA2_to_C2,1D,132,9,5.0,0.6,0.6,26.830087607698424,155.37814292595095,-97.37129126067427,44.9,198.28,-51.8,27.127280994149135,155.36773007999062,-97.33169752772365,65.0420474024672,0.552782987724985
B_PA2_to_C2,1D,132,10,5.0,0.6,0.6,26.830087607698424,155.37814292595095,-97.37129126067427,44.9,198.28,-51.8,27.721667767050555,155.34690438806996,-97.2525100618224,64.8403922570552,0.6152149212890734
B_PA2_to_C2,1D,132,11,5.0,0.6,0.6,26.830087607698424,155.37814292595095,-97.37129126067427,44.9,198.28,-51.8,28.316054539951974,155.3260786961493,-97.17332259592116,64.64367722981713,0.6761174065020974
B_PA2_to_C2,1D,132,12,5.0,0.6,0.6,26.830087607698424,155.37814292595095,-97.37129126067427,44.9,198.28,-51.8,28.910441312853397,155.30525300422863,-97.09413513001992,64.45194755425759,0.7354764391830706
B_PA2_to_C2,1D,132,13,5.0,0.6,0.6,26.830087607698424,155.37814292595095,-97.37129126067427,44.9,198.28,-51.8,29.504828085754816,155.28442731230794,-97.01494766411868,64.26524785045777,0.79327820506537
B_PA2_to_C2,1D,132,14,5.0,0.6,0.6,26.830087607698424,155.37814292595095,-97.37129126067427,44.9,198.28,-51.8,30.099214858656236,155.26360162038728,-96.93576019821744,64.08362208103378,0.84950909343193
B_PA2_to_C2,1D,132,15,5.0,0.6,0.6,26.830087607698424,155.37814292595095,-97.37129126067427,44.9,198.28,-51.8,30.69360163155766,155.2427759284666,-96.8565727323162,63.90711350678228,0.9041557108472524
B_PA2_to_C2,1D,132,16,5.0,0.6,0.6,26.830087607698424,155.37814292595095,-97.37129126067427,44.9,198.28,-51.8,31.287988404459078,155.22195023654595,-96.77738526641495,63.735764642096726,0.9572048949604266
B_PA2_to_C2,1D,133,1,5.0,0.6,0.6,27.904203500133505,155.33951282222966,-97.22560371147092,46.22,197.98,-51.8,23.449448320045974,155.50385150386774,-97.84054198739848,66.65172706965917,0.0
B_PA2_to_C2,1D,133,2,5.0,0.6,0.6,27.904203500133505,155.33951282222966,-97.22560371147092,46.22,197.98,-51.8,24.04341567739098,155.48193967964932,-97.75855021727482,66.40839074457176,0.07533632355647413
B_PA2_to_C2,1D,133,3,5.0,0.6,0.6,27.904203500133505,155.33951282222966,-97.22560371147092,46.22,197.98,-51.8,24.637383034735983,155.46002785543092,-97.67655844715114,66.16960027988009,0.14926525999352336
B_PA2_to_C2,1D,133,4,5.0,0.6,0.6,27.904203500133505,155.33951282222966,-97.22560371147092,46.22,197.98,-51.8,25.231350392080987,155.4381160312125,-97.59456667702746,65.93540506521887,0.22177151840256926
B_PA2_to_C2,1D,133,5,5.0,0.6,0.6,27.904203500133505,155.33951282222966,-97.22560371147092,46.22,197.98,-51.8,25.82531774942599,155.41620420699408,-97.51257490690378,65.70585423712164,0.2928398862345283
B_PA2_to_C2,1D,133,6,5.0,0.6,0.6,27.904203500133505,155.33951282222966,-97.22560371147092,46.22,197.98,-51.8,26.419285106770992,155.3942923827757,-97.43058313678011,65.4809966398287,0.36245524143357954
B_PA2_to_C2,1D,133,7,5.0,0.6,0.6,27.904203500133505,155.33951282222966,-97.22560371147092,46.22,197.98,-51.8,27.013252464116,155.37238055855727,-97.34859136665644,65.26088078520426,0.4306025648467191
B_PA2_to_C2,1D,133,8,5.0,0.6,0.6,27.904203500133505,155.33951282222966,-97.22560371147092,46.22,197.98,-51.8,27.607219821461,155.35046873433888,-97.26659959653276,65.04555481180883,0.4972669528948437
B_PA2_to_C2,1D,133,9,5.0,0.6,0.6,27.904203500133505,155.33951282222966,-97.22560371147092,46.22,197.98,-51.8,28.20118717880601,155.32855691012045,-97.18460782640909,64.83506644317882,0.5624336304892736
B_PA2_to_C2,1D,133,10,5.0,0.6,0.6,27.904203500133505,155.33951282222966,-97.22560371147092,46.22,197.98,-51.8,28.79515453615101,155.30664508590206,-97.10261605628541,64.62946294536876,0.6260879641765982
B_PA2_to_C2,1D,133,11,5.0,0.6,0.6,27.904203500133505,155.33951282222966,-97.22560371147092,46.22,197.98,-51.8,29.389121893496018,155.28473326168364,-97.02062428616173,64.42879108381732,0.6882154754928322
B_PA2_to_C2,1D,133,12,5.0,0.6,0.6,27.904203500133505,155.33951282222966,-97.22560371147092,46.22,197.98,-51.8,29.98308925084102,155.26282143746525,-96.93863251603807,64.23309707960189,0.7488018545068975
B_PA2_to_C2,1D,133,13,5.0,0.6,0.6,27.904203500133505,155.33951282222966,-97.22560371147092,46.22,197.98,-51.8,30.577056608186023,155.24090961324683,-96.85664074591439,64.04242656515247,0.807832973531486
B_PA2_to_C2,1D,133,14,5.0,0.6,0.6,27.904203500133505,155.33951282222966,-97.22560371147092,46.22,197.98,-51.8,31.171023965531027,155.2189977890284,-96.77464897579071,63.85682453949875,0.8652949009784585
B_PA2_to_C2,1D,133,15,5.0,0.6,0.6,27.904203500133505,155.33951282222966,-97.22560371147092,46.22,197.98,-51.8,31.764991322876032,155.19708596481001,-96.69265720566703,63.676335323130154,0.9211739153340588
B_PA2_to_C2,1D,133,16,5.0,0.6,0.6,27.904203500133505,155.33951282222966,-97.22560371147092,46.22,197.98,-51.8,32.358958680221036,155.1751741405916,-96.61066543554337,63.501002512551715,0.9754565192283131
B_PA2_to_C2,1D,134,1,5.0,0.6,0.6,28.977548636205537,155.29892175665495,-97.07485387430687,47.54,197.66,-51.8,24.52604589379357,155.47138546213696,-97.71076236189776,66.46291733649383,0.0
B_PA2_to_C2,1D,134,2,5.0,0.6,0.6,28.977548636205537,155.29892175665495,-97.07485387430687,47.54,197.66,-51.8,25.119579592781832,155.44839030140605,-97.62597456355232,66.21567178004146,0.07654661190475665
B_PA2_to_C2,1D,134,3,5.0,0.6,0.6,28.977548636205537,155.29892175665495,-97.07485387430687,47.54,197.66,-51.8,25.713113291770096,155.4253951406751,-97.54118676520686,65.97295656317631,0.15169064189396764
B_PA2_to_C2,1D,134,4,5.0,0.6,0.6,28.977548636205537,155.29892175665495,-97.07485387430687,47.54,197.66,-51.8,26.306646990758356,155.40239997994416,-97.45639896686141,65.73482186856003,0.22541655353987622
B_PA2_to_C2,1D,134,5,5.0,0.6,0.6,28.977548636205537,155.29892175665495,-97.07485387430687,47.54,197.66,-51.8,26.90018068974662,155.37940481921322,-97.37161116851595,65.50131765465399,0.2977088798265761
B_PA2_to_C2,1D,134,6,5.0,0.6,0.6,28.977548636205537,155.29892175665495,-97.07485387430687,47.54,197.66,-51.8,27.49371438873488,155.35640965848228,-97.2868233701705,65.27249361638067,0.36855223532915105
B_PA2_to_C2,1D,134,7,5.0,0.6,0.6,28.977548636205537,155.29892175665495,-97.07485387430687,47.54,197.66,-51.8,28.087248087723143,155.33341449775136,-97.20203557182505,65.04839914482925,0.43793132868872675
B_PA2_to_C2,1D,134,8,5.0,0.6,0.6,28.977548636205537,155.29892175665495,-97.07485387430687,47.54,197.66,-51.8,28.680781786711407,155.31041933702042,-97.11724777347959,64.82908328604988,0.5058309753696442
B_PA2_to_C2,1D,134,9,5.0,0.6,0.6,28.977548636205537,155.29892175665495,-97.07485387430687,47.54,197.66,-51.8,29.274315485699667,155.28742417628948,-97.03245997513415,64.61459469898547,0.5722361106837042
B_PA2_to_C2,1D,134,10,5.0,0.6,0.6,28.977548636205537,155.29892175665495,-97.07485387430687,47.54,197.66,-51.8,29.86784918468793,155.26442901555853,-96.94767217678869,64.40498161259524,0.6371318030645803
B_PA2_to_C2,1D,134,11,5.0,0.6,0.6,28.977548636205537,155.29892175665495,-97.07485387430687,47.54,197.66,-51.8,30.461382883676194,155.24143385482762,-96.86288437844324,64.20029178222866,0.700503267574355
B_PA2_to_C2,1D,134,12,5.0,0.6,0.6,28.977548636205537,155.29892175665495,-97.07485387430687,47.54,197.66,-51.8,31.054916582664454,155.21843869409668,-96.77809658009778,64.00057244531385,0.7623358796222846
B_PA2_to_C2,1D,134,13,5.0,0.6,0.6,28.977548636205537,155.29892175665495,-97.07485387430687,47.54,197.66,-51.8,31.648450281652718,155.19544353336573,-96.69330878175232,63.80587027642859,0.8226151888746855
B_PA2_to_C2,1D,134,14,5.0,0.6,0.6,28.977548636205537,155.29892175665495,-97.07485387430687,47.54,197.66,-51.8,32.24198398064098,155.1724483726348,-96.60852098340688,63.61623134182819,0.881326933333014
B_PA2_to_C2,1D,134,15,5.0,0.6,0.6,28.977548636205537,155.29892175665495,-97.07485387430687,47.54,197.66,-51.8,32.83551767962924,155.14945321190385,-96.52373318506142,63.431701053507716,0.9384570535560712
B_PA2_to_C2,1D,134,16,5.0,0.6,0.6,28.977548636205537,155.29892175665495,-97.07485387430687,47.54,197.66,-51.8,33.4290513786175,155.12645805117293,-96.43894538671597,63.25232412288216,0.993991707000518
B_PA2_to_C2,1D,135,1,5.0,0.6,0.6,30.050097475835003,155.2563748690403,-96.91905729971259,48.85,197.34,-51.8,25.601972089925155,155.43698641835633,-97.5759895789302,66.27046529836169,0.0
B_PA2_to_C2,1D,135,2,5.0,0.6,0.6,30.050097475835003,155.2563748690403,-96.91905729971259,48.85,197.34,-51.8,26.195055474713136,155.4129048784475,-97.48839860836786,66.01937279445062,0.07773761730992845
B_PA2_to_C2,1D,135,3,5.0,0.6,0.6,30.050097475835003,155.2563748690403,-96.91905729971259,48.85,197.34,-51.8,26.788138859501117,155.3888233385387,-97.4008076378055,65.77279526889464,0.1540774085037313
B_PA2_to_C2,1D,135,4,5.0,0.6,0.6,30.050097475835003,155.2563748690403,-96.91905729971259,48.85,197.34,-51.8,27.381222244289095,155.36474179862992,-97.31321666724315,65.53078368824238,0.2290035944641815
B_PA2_to_C2,1D,135,5,5.0,0.6,0.6,30.050097475835003,155.2563748690403,-96.91905729971259,48.85,197.34,-51.8,27.974305629077072,155.3406602587211,-97.22562569668081,65.29338882388095,0.30250045649558643
B_PA2_to_C2,1D,135,6,5.0,0.6,0.6,30.050097475835003,155.2563748690403,-96.91905729971259,48.85,197.34,-51.8,28.567389013865053,155.3165787188123,-97.13803472611846,65.0606612125775,0.3745523485399964
B_PA2_to_C2,1D,135,7,5.0,0.6,0.6,30.050097475835003,155.2563748690403,-96.91905729971259,48.85,197.34,-51.8,29.160472398653035,155.2924971789035,-97.05044375555612,64.83265111600073,0.4451437097092743
B_PA2_to_C2,1D,135,8,5.0,0.6,0.6,30.050097475835003,155.2563748690403,-96.91905729971259,48.85,197.34,-51.8,29.753555783441012,155.2684156389947,-96.96285278499377,64.60940847926372,0.5142590771201156
B_PA2_to_C2,1D,135,9,5.0,0.6,0.6,30.050097475835003,155.2563748690403,-96.91905729971259,48.85,197.34,-51.8,30.346639168228993,155.24433409908588,-96.87526181443141,64.39098288853526,0.581883099017471
B_PA2_to_C2,1D,135,10,5.0,0.6,0.6,30.050097475835003,155.2563748690403,-96.91905729971259,48.85,197.34,-51.8,30.93972255301697,155.22025255917708,-96.78767084386907,64.17742352777124,0.648000548170419
B_PA2_to_C2,1D,135,11,5.0,0.6,0.6,30.050097475835003,155.2563748690403,-96.91905729971259,48.85,197.34,-51.8,31.53280593780495,155.19617101926826,-96.70007987330672,63.968779134623254,0.7125963355227363
B_PA2_to_C2,1D,135,12,5.0,0.6,0.6,30.050097475835003,155.2563748690403,-96.91905729971259,48.85,197.34,-51.8,32.12588932259293,155.17208947935947,-96.61248890274437,63.765097955586135,0.7756555240791201
B_PA2_to_C2,1D,135,13,5.0,0.6,0.6,30.050097475835003,155.2563748690403,-96.91905729971259,48.85,197.34,-51.8,32.71897270738091,155.14800793945065,-96.52489793218203,63.56642770045193,0.837163343006118
B_PA2_to_C2,1D,135,14,5.0,0.6,0.6,30.050097475835003,155.2563748690403,-96.91905729971259,48.85,197.34,-51.8,33.31205609216889,155.12392639954186,-96.43730696161968,63.37281549614209,0.897105201925573
B_PA2_to_C2,1D,135,15,5.0,0.6,0.6,30.050097475835003,155.2563748690403,-96.91905729971259,48.85,197.34,-51.8,33.90513947695687,155.09984485963307,-96.34971599105732,63.18430783999576,0.9554667053764483
B_PA2_to_C2,1D,135,16,5.0,0.6,0.6,30.050097475835003,155.2563748690403,-96.91905729971259,48.85,197.34,-51.8,34.49822286174485,155.07576331972425,-96.26212502049498,63.00095055259592,1.0122336674197427
B_PA2_to_C2,1D,136,1,5.0,0.6,0.6,31.121815090069116,155.21185602608776,-96.7581726374765,50.16,197.01,-51.8,26.677215411136558,155.40068845398565,-97.43631422166581,66.07154572975315,0.0
B_PA2_to_C2,1D,136,2,5.0,0.6,0.6,31.121815090069116,155.21185602608776,-96.7581726374765,50.16,197.01,-51.8,27.2698287016609,155.37551079693262,-97.3458953437739,65.81655730842846,0.07894378369185517
B_PA2_to_C2,1D,136,3,5.0,0.6,0.6,31.121815090069116,155.21185602608776,-96.7581726374765,50.16,197.01,-51.8,27.86244199218524,155.35033313987955,-97.255476465882,65.56606802873293,0.15649464427870896
B_PA2_to_C2,1D,136,4,5.0,0.6,0.6,31.121815090069116,155.21185602608776,-96.7581726374765,50.16,197.01,-51.8,28.45505528270958,155.3251554828265,-97.16505758799009,65.32012965053897,0.2326365570322544
B_PA2_to_C2,1D,136,5,5.0,0.6,0.6,31.121815090069116,155.21185602608776,-96.7581726374765,50.16,197.01,-51.8,29.04766857323392,155.29997782577345,-97.07463871009818,65.07879376861564,0.3073535483397869
B_PA2_to_C2,1D,136,6,5.0,0.6,0.6,31.121815090069116,155.21185602608776,-96.7581726374765,50.16,197.01,-51.8,29.640281863758265,155.2748001687204,-96.98421983220628,64.84211177308148,0.380629707947886
B_PA2_to_C2,1D,136,7,5.0,0.6,0.6,31.121815090069116,155.21185602608776,-96.7581726374765,50.16,197.01,-51.8,30.232895154282605,155.24962251166733,-96.89380095431437,64.61013480877114,0.4524492015424215
B_PA2_to_C2,1D,136,8,5.0,0.6,0.6,31.121815090069116,155.21185602608776,-96.7581726374765,50.16,197.01,-51.8,30.825508444806946,155.2244448546143,-96.80338207642247,64.38291373355483,0.5227962836527311
B_PA2_to_C2,1D,136,9,5.0,0.6,0.6,31.121815090069116,155.21185602608776,-96.7581726374765,50.16,197.01,-51.8,31.418121735331287,155.19926719756123,-96.71296319853055,64.16049907565518,0.5916553108662441
B_PA2_to_C2,1D,136,10,5.0,0.6,0.6,31.121815090069116,155.21185602608776,-96.7581726374765,50.16,197.01,-51.8,32.01073502585563,155.1740895405082,-96.62254432063864,63.94294099001026,0.6590107553383575
B_PA2_to_C2,1D,136,11,5.0,0.6,0.6,31.121815090069116,155.21185602608776,-96.7581726374765,50.16,197.01,-51.8,32.60334831637997,155.14891188345513,-96.53212544274673,63.730289213738246,0.724847218580468
B_PA2_to_C2,1D,136,12,5.0,0.6,0.6,31.121815090069116,155.21185602608776,-96.7581726374765,50.16,197.01,-51.8,33.19596160690431,155.12373422640206,-96.44170656485483,63.52259302076316,0.7891494455077392
B_PA2_to_C2,1D,136,13,5.0,0.6,0.6,31.121815090069116,155.21185602608776,-96.7581726374765,50.16,197.01,-51.8,33.78857489742865,155.09855656934903,-96.35128768696292,63.31990117566746,0.8519023387262195
B_PA2_to_C2,1D,136,14,5.0,0.6,0.6,31.121815090069116,155.21185602608776,-96.7581726374765,50.16,197.01,-51.8,34.38118818795299,155.07337891229596,-96.26086880907101,63.12226188684211,0.9130909730374732
B_PA2_to_C2,1D,136,15,5.0,0.6,0.6,31.121815090069116,155.21185602608776,-96.7581726374765,50.16,197.01,-51.8,34.973801478477334,155.0482012552429,-96.1704499311791,62.92972275901005,0.9727006101371849
B_PA2_to_C2,1D,136,16,5.0,0.6,0.6,31.121815090069116,155.21185602608776,-96.7581726374765,50.16,197.01,-51.8,35.566414769001675,155.02302359818987,-96.0800310532872,62.74233074520464,1.0307167134825121
B_PA2_to_C2,1D,137,1,5.0,0.6,0.6,32.19266435930694,155.16534617449724,-96.59215188515383,51.47,196.68,-51.8,27.751676918612322,155.36232839015818,-97.29131464038753,65.87236556221852,0.0
B_PA2_to_C2,1D,137,2,5.0,0.6,0.6,32.19266435930694,155.16534617449724,-96.59215188515383,51.47,196.68,-51.8,28.343808577371604,155.3360640947367,-97.1980929396897,65.6134788623136,0.08015068108511514
B_PA2_to_C2,1D,137,3,5.0,0.6,0.6,32.19266435930694,155.16534617449724,-96.59215188515383,51.47,196.68,-51.8,28.935940236130886,155.30979979931527,-97.10487123899188,65.35907490217402,0.15891351704164336
B_PA2_to_C2,1D,137,4,5.0,0.6,0.6,32.19266435930694,155.16534617449724,-96.59215188515383,51.47,196.68,-51.8,29.528071894890168,155.2835355038938,-97.01164953829405,65.10920622861805,0.23627223950479248
B_PA2_to_C2,1D,137,5,5.0,0.6,0.6,32.19266435930694,155.16534617449724,-96.59215188515383,51.47,196.68,-51.8,30.12020355364945,155.25727120847236,-96.91842783759623,64.86392525413054,0.31221062169906943
B_PA2_to_C2,1D,137,6,5.0,0.6,0.6,32.19266435930694,155.16534617449724,-96.59215188515383,51.47,196.68,-51.8,30.712335212408732,155.2310069130509,-96.8252061368984,64.62328421727076,0.3867124906958992
B_PA2_to_C2,1D,137,7,5.0,0.6,0.6,32.19266435930694,155.16534617449724,-96.59215188515383,51.47,196.68,-51.8,31.304466871168014,155.20474261762942,-96.73198443620056,64.38733514192738,0.4597617400282168
B_PA2_to_C2,1D,137,8,5.0,0.6,0.6,32.19266435930694,155.16534617449724,-96.59215188515383,51.47,196.68,-51.8,31.896598529927296,155.17847832220798,-96.63876273550274,64.15612979545755,0.5313423426504578
B_PA2_to_C2,1D,137,9,5.0,0.6,0.6,32.19266435930694,155.16534617449724,-96.59215188515383,51.47,196.68,-51.8,32.48873018868658,155.1522140267865,-96.54554103480491,63.929719645750964,0.6014383642314414
B_PA2_to_C2,1D,137,10,5.0,0.6,0.6,32.19266435930694,155.16534617449724,-96.59215188515383,51.47,196.68,-51.8,33.08086184744586,155.12594973136507,-96.45231933410709,63.70815581726593,0.6700339767655095
B_PA2_to_C2,1D,137,11,5.0,0.6,0.6,32.19266435930694,155.16534617449724,-96.59215188515383,51.47,196.68,-51.8,33.672993506205145,155.0996854359436,-96.35909763340925,63.49148904608992,0.7371134724856354
B_PA2_to_C2,1D,137,12,5.0,0.6,0.6,32.19266435930694,155.16534617449724,-96.59215188515383,51.47,196.68,-51.8,34.265125164964424,155.07342114052213,-96.26587593271142,63.27976963408193,0.8026612780608637
B_PA2_to_C2,1D,137,13,5.0,0.6,0.6,32.19266435930694,155.16534617449724,-96.59215188515383,51.47,196.68,-51.8,34.85725682372371,155.0471568451007,-96.1726542320136,63.07304740216059,0.8666619690581854
B_PA2_to_C2,1D,137,14,5.0,0.6,0.6,32.19266435930694,155.16534617449724,-96.59215188515383,51.47,196.68,-51.8,35.44938848248299,155.02089254967922,-96.07943253131577,62.87137164280669,0.9291002846476246
B_PA2_to_C2,1D,137,15,5.0,0.6,0.6,32.19266435930694,155.16534617449724,-96.59215188515383,51.47,196.68,-51.8,36.04152014124227,154.99462825425778,-95.98621083061795,62.67479107185469,0.9899611425275019
B_PA2_to_C2,1D,137,16,5.0,0.6,0.6,32.19266435930694,155.16534617449724,-96.59215188515383,51.47,196.68,-51.8,36.63365180000156,154.9683639588363,-95.89298912992012,62.48335377965365,1.0492296540448542
B_PA2_to_C2,1D,138,1,5.0,0.6,0.6,33.26264053382973,155.11689864444983,-96.42113376138818,52.77,196.33,-51.8,28.825324862376398,155.32190772956088,-97.14099548901132,65.65681206883048,0.0
B_PA2_to_C2,1D,138,2,5.0,0.6,0.6,33.26264053382973,155.11689864444983,-96.42113376138818,52.77,196.33,-51.8,29.416966951903508,155.2945731848794,-97.04501392532822,65.39404935885032,0.0813506842043843
B_PA2_to_C2,1D,138,3,5.0,0.6,0.6,33.26264053382973,155.11689864444983,-96.42113376138818,52.77,196.33,-51.8,30.008609041430617,155.26723864019792,-96.94903236164514,65.13575371525059,0.16131837572132923
B_PA2_to_C2,1D,138,4,5.0,0.6,0.6,33.26264053382973,155.11689864444983,-96.42113376138818,52.77,196.33,-51.8,30.60025113095773,155.23990409551647,-96.85305079796206,64.8819784883276,0.23988655743123033
B_PA2_to_C2,1D,138,5,5.0,0.6,0.6,33.26264053382973,155.11689864444983,-96.42113376138818,52.77,196.33,-51.8,31.191893220484843,155.21256955083498,-96.75706923427897,64.63277692522452,0.31703874415045163
B_PA2_to_C2,1D,138,6,5.0,0.6,0.6,33.26264053382973,155.11689864444983,-96.42113376138818,52.77,196.33,-51.8,31.783535310011953,155.1852350061535,-96.66108767059589,64.38820213029607,0.39275849490229575
B_PA2_to_C2,1D,138,7,5.0,0.6,0.6,33.26264053382973,155.11689864444983,-96.42113376138818,52.77,196.33,-51.8,32.37517739953906,155.15790046147205,-96.56510610691281,64.14830702425348,0.4670294255656344
B_PA2_to_C2,1D,138,8,5.0,0.6,0.6,33.26264053382973,155.11689864444983,-96.42113376138818,52.77,196.33,-51.8,32.966819489066175,155.13056591679057,-96.46912454322973,63.913144302122376,0.5398352218910532
B_PA2_to_C2,1D,138,9,5.0,0.6,0.6,33.26264053382973,155.11689864444983,-96.42113376138818,52.77,196.33,-51.8,33.55846157859329,155.1032313721091,-96.37314297954663,63.682766390052066,0.6111596528725727
B_PA2_to_C2,1D,138,10,5.0,0.6,0.6,33.26264053382973,155.11689864444983,-96.42113376138818,52.77,196.33,-51.8,34.1501036681204,155.0758968274276,-96.27716141586355,63.45722540102091,0.68098658446117
B_PA2_to_C2,1D,138,11,5.0,0.6,0.6,33.26264053382973,155.11689864444983,-96.42113376138818,52.77,196.33,-51.8,34.74174575764751,155.04856228274616,-96.18117985218046,63.23657308948675,0.7492999936048719
B_PA2_to_C2,1D,138,12,5.0,0.6,0.6,33.26264053382973,155.11689864444983,-96.42113376138818,52.77,196.33,-51.8,35.33338784717462,155.02122773806468,-96.08519828849738,63.02086080503842,0.8160839825981618
B_PA2_to_C2,1D,138,13,5.0,0.6,0.6,33.26264053382973,155.11689864444983,-96.42113376138818,52.77,196.33,-51.8,35.92502993670173,154.9938931933832,-95.9892167248143,62.81013944510915,0.8813227937217754
B_PA2_to_C2,1D,138,14,5.0,0.6,0.6,33.26264053382973,155.11689864444983,-96.42113376138818,52.77,196.33,-51.8,36.51667202622885,154.96655864870175,-95.89323516113122,62.60445940681927,0.9450008241520784
B_PA2_to_C2,1D,138,15,5.0,0.6,0.6,33.26264053382973,155.11689864444983,-96.42113376138818,52.77,196.33,-51.8,37.10831411575596,154.93922410402027,-95.79725359744813,62.403870538021195,1.0071026411174273
B_PA2_to_C2,1D,138,16,5.0,0.6,0.6,33.26264053382973,155.11689864444983,-96.42113376138818,52.77,196.33,-51.8,37.699956205283065,154.9118895593388,-95.70127203376504,62.208422087625216,1.0676129972771733
B_PA2_to_C2,1D,139,1,5.0,0.6,0.6,34.331719100072526,155.06651938643978,-96.24513495979191,54.08,195.98,-51.8,29.89817648536568,155.27953058327822,-96.98562541455809,65.44485879990256,0.0
B_PA2_to_C2,1D,139,2,5.0,0.6,0.6,34.331719100072526,155.06651938643978,-96.24513495979191,54.08,195.98,-51.8,30.489315500659927,155.25112909036645,-96.8868933539226,65.17813493058073,0.08257704932564636
B_PA2_to_C2,1D,139,3,5.0,0.6,0.6,34.331719100072526,155.06651938643978,-96.24513495979191,54.08,195.98,-51.8,31.080454515954173,155.22272759745465,-96.78816129328712,64.91586094876038,0.16377642450222396
B_PA2_to_C2,1D,139,4,5.0,0.6,0.6,34.331719100072526,155.06651938643978,-96.24513495979191,54.08,195.98,-51.8,31.67159353124842,155.19432610454285,-96.68942923265162,64.65809100498251,0.24358136065636415
B_PA2_to_C2,1D,139,5,5.0,0.6,0.6,34.331719100072526,155.06651938643978,-96.24513495979191,54.08,195.98,-51.8,32.262732546542665,155.16592461163106,-96.59069717201614,64.40487917928583,0.321975114742024
B_PA2_to_C2,1D,139,6,5.0,0.6,0.6,34.331719100072526,155.06651938643978,-96.24513495979191,54.08,195.98,-51.8,32.85387156183691,155.13752311871926,-96.49196511138064,64.15627944159645,0.3989409778037505
B_PA2_to_C2,1D,139,7,5.0,0.6,0.6,34.331719100072526,155.06651938643978,-96.24513495979191,54.08,195.98,-51.8,33.44501057713116,155.10912162580746,-96.39323305074515,63.91234561082872,0.4744622876389606
B_PA2_to_C2,1D,139,8,5.0,0.6,0.6,34.331719100072526,155.06651938643978,-96.24513495979191,54.08,195.98,-51.8,34.0361495924254,155.08072013289566,-96.29450099010965,63.67313131272737,0.5485224418499044
B_PA2_to_C2,1D,139,9,5.0,0.6,0.6,34.331719100072526,155.06651938643978,-96.24513495979191,54.08,195.98,-51.8,34.62728860771965,155.0523186399839,-96.19576892947417,63.43868993648613,0.6211049112744398
B_PA2_to_C2,1D,139,10,5.0,0.6,0.6,34.331719100072526,155.06651938643978,-96.24513495979191,54.08,195.98,-51.8,35.218427623013895,155.0239171470721,-96.09703686883867,63.209074590183896,0.6921932537828681
B_PA2_to_C2,1D,139,11,5.0,0.6,0.6,34.331719100072526,155.06651938643978,-96.24513495979191,54.08,195.98,-51.8,35.80956663830814,154.9955156541603,-95.99830480820319,62.98433805508508,0.7617711284264637
B_PA2_to_C2,1D,139,12,5.0,0.6,0.6,34.331719100072526,155.06651938643978,-96.24513495979191,54.08,195.98,-51.8,36.40070565360239,154.9671141612485,-95.89957274756769,62.76453273885693,0.8298223099212478
B_PA2_to_C2,1D,139,13,5.0,0.6,0.6,34.331719100072526,155.06651938643978,-96.24513495979191,54.08,195.98,-51.8,36.99184466889663,154.9387126683367,-95.8008406869322,62.5497106277627,0.896330703448875
B_PA2_to_C2,1D,139,14,5.0,0.6,0.6,34.331719100072526,155.06651938643978,-96.24513495979191,54.08,195.98,-51.8,37.58298368419088,154.9103111754249,-95.7021086262967,62.339923237895114,0.9612803597546282
B_PA2_to_C2,1D,139,15,5.0,0.6,0.6,34.331719100072526,155.06651938643978,-96.24513495979191,54.08,195.98,-51.8,38.174122699485125,154.8819096825131,-95.60337656566122,62.13522156552161,1.02465549052042
B_PA2_to_C2,1D,139,16,5.0,0.6,0.6,34.331719100072526,155.06651938643978,-96.24513495979191,54.08,195.98,-51.8,38.76526171477937,154.85350818960134,-95.50464450502574,61.935656036618084,1.0864404839890014
B_PA2_to_C2,1D,140,1,5.0,0.6,0.6,35.39987582541831,155.01421438336334,-96.06417264235867,55.38,195.61,-51.8,30.970207030925348,155.23520241533768,-96.82522366615363,65.21681561516709,0.0
B_PA2_to_C2,1D,140,2,5.0,0.6,0.6,35.39987582541831,155.01421438336334,-96.06417264235867,55.38,195.61,-51.8,31.560829536857742,155.20573734440777,-96.7237501963143,64.94613655942257,0.08380156524598448
B_PA2_to_C2,1D,140,3,5.0,0.6,0.6,35.39987582541831,155.01421438336334,-96.06417264235867,55.38,195.61,-51.8,32.15145204279014,155.17627227347785,-96.62227672647498,64.67989076218069,0.16623060463975392
B_PA2_to_C2,1D,140,4,5.0,0.6,0.6,35.39987582541831,155.01421438336334,-96.06417264235867,55.38,195.61,-51.8,32.742074548722535,155.14680720254793,-96.52080325663565,64.41813319260415,0.24727009986468929
B_PA2_to_C2,1D,140,5,5.0,0.6,0.6,35.39987582541831,155.01421438336334,-96.06417264235867,55.38,195.61,-51.8,33.33269705465493,155.11734213161802,-96.41932978679631,64.16091878264017,0.32690304412598437
B_PA2_to_C2,1D,140,6,5.0,0.6,0.6,35.39987582541831,155.01421438336334,-96.06417264235867,55.38,195.61,-51.8,33.92331956058732,155.08787706068813,-96.31785631695699,63.90830238744422,0.4051124544033655
B_PA2_to_C2,1D,140,7,5.0,0.6,0.6,35.39987582541831,155.01421438336334,-96.06417264235867,55.38,195.61,-51.8,34.51394206651972,155.0584119897582,-96.21638284711766,63.660338744444886,0.48188138412452375
B_PA2_to_C2,1D,140,8,5.0,0.6,0.6,35.39987582541831,155.01421438336334,-96.06417264235867,55.38,195.61,-51.8,35.10456457245211,155.0289469188283,-96.11490937727834,63.41708243107635,0.5571929362510026
B_PA2_to_C2,1D,140,9,5.0,0.6,0.6,35.39987582541831,155.01421438336334,-96.06417264235867,55.38,195.61,-51.8,35.695187078384514,154.99948184789838,-96.013435907439,63.178587821210385,0.6310302767667828
B_PA2_to_C2,1D,140,10,5.0,0.6,0.6,35.39987582541831,155.01421438336334,-96.06417264235867,55.38,195.61,-51.8,36.28580958431691,154.97001677696846,-95.91196243759968,62.94490904032554,0.7033766485577573
B_PA2_to_C2,1D,140,11,5.0,0.6,0.6,35.39987582541831,155.01421438336334,-96.06417264235867,55.38,195.61,-51.8,36.8764320902493,154.94055170603855,-95.81048896776035,62.71609991945702,0.7742153856687537
B_PA2_to_C2,1D,140,12,5.0,0.6,0.6,35.39987582541831,155.01421438336334,-96.06417264235867,55.38,195.61,-51.8,37.4670545961817,154.91108663510866,-95.70901549792103,62.49221394797737,0.8435299279225141
B_PA2_to_C2,1D,140,13,5.0,0.6,0.6,35.39987582541831,155.01421438336334,-96.06417264235867,55.38,195.61,-51.8,38.05767710211409,154.88162156417874,-95.6075420280817,62.27330422526364,0.9113038358834231
B_PA2_to_C2,1D,140,14,5.0,0.6,0.6,35.39987582541831,155.01421438336334,-96.06417264235867,55.38,195.61,-51.8,38.648299608046486,154.85215649324883,-95.50606855824236,62.0594234113136,0.9775208061465932
B_PA2_to_C2,1D,140,15,5.0,0.6,0.6,35.39987582541831,155.01421438336334,-96.06417264235867,55.38,195.61,-51.8,39.23892211397888,154.8226914223189,-95.40459508840304,61.85062367637986,1.0421646869310308
B_PA2_to_C2,1D,140,16,5.0,0.6,0.6,35.39987582541831,155.01421438336334,-96.06417264235867,55.38,195.61,-51.8,39.829544619911275,154.793226351389,-95.30312161856371,61.64695664969701,1.1052194939535873
B_PA2_to_C2,1D,141,1,5.0,0.6,0.6,36.46708644216982,154.95998983572957,-95.87826249657257,56.68,195.24,-51.8,32.04139070771473,155.18892870116304,-96.65980217049837,64.98885466615533,0.0
B_PA2_to_C2,1D,141,2,5.0,0.6,0.6,36.46708644216982,154.95998983572957,-95.87826249657257,56.68,195.24,-51.8,32.631483472308744,155.15840351910526,-96.5555968806416,64.71420999890526,0.08502930874615444
B_PA2_to_C2,1D,141,3,5.0,0.6,0.6,36.46708644216982,154.95998983572957,-95.87826249657257,56.68,195.24,-51.8,33.221576236902756,155.12787833704746,-96.45139159078482,64.44398126082964,0.16869145675718045
B_PA2_to_C2,1D,141,4,5.0,0.6,0.6,36.46708644216982,154.95998983572957,-95.87826249657257,56.68,195.24,-51.8,33.81166900149677,155.09735315498966,-96.34718630092806,64.17822423306768,0.25096917433054244
B_PA2_to_C2,1D,141,5,5.0,0.6,0.6,36.46708644216982,154.95998983572957,-95.87826249657257,56.68,195.24,-51.8,34.40176176609078,155.06682797293186,-96.24298101107128,63.916994693693695,0.3318451927125814
B_PA2_to_C2,1D,141,6,5.0,0.6,0.6,36.46708644216982,154.95998983572957,-95.87826249657257,56.68,195.24,-51.8,34.99185453068479,155.03630279087406,-96.1387757212145,63.660348378228505,0.41130225632409534
B_PA2_to_C2,1D,141,7,5.0,0.6,0.6,36.46708644216982,154.95998983572957,-95.87826249657257,56.68,195.24,-51.8,35.5819472952788,155.00577760881626,-96.03457043135774,63.40834093872172,0.48932313542836425
B_PA2_to_C2,1D,141,8,5.0,0.6,0.6,36.46708644216982,154.95998983572957,-95.87826249657257,56.68,195.24,-51.8,36.17204005987281,154.97525242675846,-95.93036514150096,63.16102790142768,0.5658906392345706
B_PA2_to_C2,1D,141,9,5.0,0.6,0.6,36.46708644216982,154.95998983572957,-95.87826249657257,56.68,195.24,-51.8,36.76213282446683,154.9447272447007,-95.82615985164419,62.9184646231031,0.6409876294279364
B_PA2_to_C2,1D,141,10,5.0,0.6,0.6,36.46708644216982,154.95998983572957,-95.87826249657257,56.68,195.24,-51.8,37.35222558906084,154.9142020626429,-95.72195456178741,62.68070624596079,0.7145970341159575
B_PA2_to_C2,1D,141,11,5.0,0.6,0.6,36.46708644216982,154.95998983572957,-95.87826249657257,56.68,195.24,-51.8,37.942318353654855,154.88367688058509,-95.61774927193065,62.44780765131937,0.7867018621783188
B_PA2_to_C2,1D,141,12,5.0,0.6,0.6,36.46708644216982,154.95998983572957,-95.87826249657257,56.68,195.24,-51.8,38.532411118248866,154.85315169852728,-95.51354398207387,62.21982341199575,0.8572852180060657
B_PA2_to_C2,1D,141,13,5.0,0.6,0.6,36.46708644216982,154.95998983572957,-95.87826249657257,56.68,195.24,-51.8,39.12250388284288,154.82262651646948,-95.40933869221709,61.99680774349343,0.9263303166135941
B_PA2_to_C2,1D,141,14,5.0,0.6,0.6,36.46708644216982,154.95998983572957,-95.87826249657257,56.68,195.24,-51.8,39.71259664743689,154.79210133441168,-95.30513340236033,61.77881445404598,0.9938204991050661
B_PA2_to_C2,1D,141,15,5.0,0.6,0.6,36.46708644216982,154.95998983572957,-95.87826249657257,56.68,195.24,-51.8,40.3026894120309,154.76157615235388,-95.20092811250355,61.56589689358218,1.0597392484746635
B_PA2_to_C2,1D,141,16,5.0,0.6,0.6,36.46708644216982,154.95998983572957,-95.87826249657257,56.68,195.24,-51.8,40.89278217662491,154.7310509702961,-95.09672282264678,61.35810790168601,1.1240702057180592
B_PA2_to_C2,1D,142,1,5.0,0.6,0.6,37.533327458259265,154.90385207524594,-95.68742349521644,57.98,194.86,-51.8,33.11170251174922,155.1407151462354,-96.48937655992874,64.7548777048783,0.0
B_PA2_to_C2,1D,142,2,5.0,0.6,0.6,37.533327458259265,154.90385207524594,-95.68742349521644,57.98,194.86,-51.8,33.70125250461722,155.1091334034368,-96.38244948463377,64.47622644953907,0.08626973849511899
B_PA2_to_C2,1D,142,3,5.0,0.6,0.6,37.533327458259265,154.90385207524594,-95.68742349521644,57.98,194.86,-51.8,34.29080249748523,155.07755166063822,-96.27552240933879,64.20197323891797,0.17117785323849333
B_PA2_to_C2,1D,142,4,5.0,0.6,0.6,37.533327458259265,154.90385207524594,-95.68742349521644,57.98,194.86,-51.8,34.88035249035324,155.0459699178396,-96.16859533404383,63.93217467261097,0.25470682113539667
B_PA2_to_C2,1D,142,5,5.0,0.6,0.6,37.533327458259265,154.90385207524594,-95.68742349521644,57.98,194.86,-51.8,35.46990248322125,155.01438817504103,-96.06166825874885,63.66688738243559,0.3368391091153917
B_PA2_to_C2,1D,142,6,5.0,0.6,0.6,37.533327458259265,154.90385207524594,-95.68742349521644,57.98,194.86,-51.8,36.05945247608925,154.98280643224243,-95.95474118345388,63.406167993076465,0.4175571863163583
B_PA2_to_C2,1D,142,7,5.0,0.6,0.6,37.533327458259265,154.90385207524594,-95.68742349521644,57.98,194.86,-51.8,36.649002468957256,154.95122468944382,-95.8478141081589,63.150073081230346,0.4968435367331132
B_PA2_to_C2,1D,142,8,5.0,0.6,0.6,37.533327458259265,154.90385207524594,-95.68742349521644,57.98,194.86,-51.8,37.238552461825265,154.91964294664524,-95.74088703286392,62.898659133269526,0.5746806723246998
B_PA2_to_C2,1D,142,9,5.0,0.6,0.6,37.533327458259265,154.90385207524594,-95.68742349521644,57.98,194.86,-51.8,37.828102454693266,154.88806120384663,-95.63395995756895,62.65198250144786,0.6510511465728932
B_PA2_to_C2,1D,142,10,5.0,0.6,0.6,37.533327458259265,154.90385207524594,-95.68742349521644,57.98,194.86,-51.8,38.417652447561274,154.85647946104805,-95.52703288227397,62.41009935867933,0.725937568482653
B_PA2_to_C2,1D,142,11,5.0,0.6,0.6,37.533327458259265,154.90385207524594,-95.68742349521644,57.98,194.86,-51.8,39.00720244042928,154.82489771824945,-95.420105806979,62.173065651926194,0.7993226170130363
B_PA2_to_C2,1D,142,12,5.0,0.6,0.6,37.533327458259265,154.90385207524594,-95.68742349521644,57.98,194.86,-51.8,39.59675243329728,154.79331597545084,-95.31317873168402,61.940937054239214,0.871189055925413
B_PA2_to_C2,1D,142,13,5.0,0.6,0.6,37.533327458259265,154.90385207524594,-95.68742349521644,57.98,194.86,-51.8,40.18630242616529,154.76173423265226,-95.20625165638904,61.71376891549989,0.9415197490335636
B_PA2_to_C2,1D,142,14,5.0,0.6,0.6,37.533327458259265,154.90385207524594,-95.68742349521644,57.98,194.86,-51.8,40.7758524190333,154.73015248985365,-95.09932458109408,61.49161621192129,1.0102976758380855
B_PA2_to_C2,1D,142,15,5.0,0.6,0.6,37.533327458259265,154.90385207524594,-95.68742349521644,57.98,194.86,-51.8,41.36540241190131,154.69857074705507,-94.9923975057991,61.27453349437038,1.0775059475256725
B_PA2_to_C2,1D,142,16,5.0,0.6,0.6,37.533327458259265,154.90385207524594,-95.68742349521644,57.98,194.86,-51.8,41.95495240476931,154.66698900425646,-94.88547043050413,61.06257483558334,1.1431278233111328
B_PA2_to_C2,1D,143,1,5.0,0.6,0.6,38.598575318134515,154.84580760475149,-95.49167293794679,59.27,194.47,-51.8,34.18111812559387,155.0905676005707,-96.3139651588254,64.51112139755632,0.0
B_PA2_to_C2,1D,143,2,5.0,0.6,0.6,38.598575318134515,154.84580760475149,-95.49167293794679,59.27,194.47,-51.8,34.770112417932616,155.05793293446146,-96.20432619604158,64.22849606550749,0.08750010280149567
B_PA2_to_C2,1D,143,3,5.0,0.6,0.6,38.598575318134515,154.84580760475149,-95.49167293794679,59.27,194.47,-51.8,35.35910671027137,155.02529826835223,-96.09468723325777,63.95025120907326,0.17364402120218614
B_PA2_to_C2,1D,143,4,5.0,0.6,0.6,38.598575318134515,154.84580760475149,-95.49167293794679,59.27,194.47,-51.8,35.94810100261012,154.992663602243,-95.98504827047395,63.676444251938555,0.2584139769714433
B_PA2_to_C2,1D,143,5,5.0,0.6,0.6,38.598575318134515,154.84580760475149,-95.49167293794679,59.27,194.47,-51.8,36.53709529494888,154.96002893613377,-95.87540930769013,63.40713268581778,0.3417921708168876
B_PA2_to_C2,1D,143,6,5.0,0.6,0.6,38.598575318134515,154.84580760475149,-95.49167293794679,59.27,194.47,-51.8,37.12608958728763,154.92739427002456,-95.76577034490633,63.1423740312602,0.42376079451892323
B_PA2_to_C2,1D,143,7,5.0,0.6,0.6,38.598575318134515,154.84580760475149,-95.49167293794679,59.27,194.47,-51.8,37.715083879626384,154.89475960391533,-95.65613138212251,62.882225796883375,0.5043020435519949
B_PA2_to_C2,1D,143,8,5.0,0.6,0.6,38.598575318134515,154.84580760475149,-95.49167293794679,59.27,194.47,-51.8,38.30407817196514,154.8621249378061,-95.54649241933869,62.626745437048605,0.5833981301881472
B_PA2_to_C2,1D,143,9,5.0,0.6,0.6,38.598575318134515,154.84580760475149,-95.49167293794679,59.27,194.47,-51.8,38.89307246430389,154.82949027169687,-95.43685345655489,62.375990307998734,0.6610312970766543
B_PA2_to_C2,1D,143,10,5.0,0.6,0.6,38.598575318134515,154.84580760475149,-95.49167293794679,59.27,194.47,-51.8,39.482066756642645,154.79685560558764,-95.32721449377107,62.13001762248434,0.7371838312916346
B_PA2_to_C2,1D,143,11,5.0,0.6,0.6,38.598575318134515,154.84580760475149,-95.49167293794679,59.27,194.47,-51.8,40.0710610489814,154.7642209394784,-95.21757553098725,61.888884402910975,0.8118380788375674
B_PA2_to_C2,1D,143,12,5.0,0.6,0.6,38.598575318134515,154.84580760475149,-95.49167293794679,59.27,194.47,-51.8,40.66005534132015,154.7315862733692,-95.10793656820344,61.65264743304653,0.8849764596005549
B_PA2_to_C2,1D,143,13,5.0,0.6,0.6,38.598575318134515,154.84580760475149,-95.49167293794679,59.27,194.47,-51.8,41.249049633658906,154.69895160725997,-94.99829760541962,61.421363208334945,0.9565814827310746
B_PA2_to_C2,1D,143,14,5.0,0.6,0.6,38.598575318134515,154.84580760475149,-95.49167293794679,59.27,194.47,-51.8,41.83804392599766,154.66631694115074,-94.8886586426358,61.19508788486919,1.0266357624418383
B_PA2_to_C2,1D,143,15,5.0,0.6,0.6,38.598575318134515,154.84580760475149,-95.49167293794679,59.27,194.47,-51.8,42.42703821833641,154.6336822750415,-94.779019679852,60.973877227084124,1.0951220342019177
B_PA2_to_C2,1D,143,16,5.0,0.6,0.6,38.598575318134515,154.84580760475149,-95.49167293794679,59.27,194.47,-51.8,43.01603251067516,154.60104760893228,-94.66938071706818,60.757786554236745,1.1620231713063696
B_PA2_to_C2,1D,144,1,5.0,0.6,0.6,39.662806898498225,154.78586307022059,-95.29102930237937,60.56,194.07,-51.8,35.24961334628797,155.0384921200342,-96.13358567077269,64.26150557193613,0.0
B_PA2_to_C2,1D,144,2,5.0,0.6,0.6,39.662806898498225,154.78586307022059,-95.29102930237937,60.56,194.07,-51.8,35.83803915324934,155.0048082467257,-96.02124482165358,63.9748626290435,0.08874394516799455
B_PA2_to_C2,1D,144,3,5.0,0.6,0.6,39.662806898498225,154.78586307022059,-95.29102930237937,60.56,194.07,-51.8,36.42646496021071,154.97112437341724,-95.90890397253447,63.69258197339775,0.17613733700878242
B_PA2_to_C2,1D,144,4,5.0,0.6,0.6,39.662806898498225,154.78586307022059,-95.29102930237937,60.56,194.07,-51.8,37.014890767172076,154.93744050010875,-95.79656312341537,63.41472185913142,0.26216214018721473
B_PA2_to_C2,1D,144,5,5.0,0.6,0.6,39.662806898498225,154.78586307022059,-95.29102930237937,60.56,194.07,-51.8,37.603316574133444,154.90375662680026,-95.68422227429626,63.14134064544408,0.3468002868396418
B_PA2_to_C2,1D,144,6,5.0,0.6,0.6,39.662806898498225,154.78586307022059,-95.29102930237937,60.56,194.07,-51.8,38.191742381094805,154.8700727534918,-95.57188142517714,62.8724967576206,0.43003368864257396
B_PA2_to_C2,1D,144,7,5.0,0.6,0.6,39.662806898498225,154.78586307022059,-95.29102930237937,60.56,194.07,-51.8,38.78016818805617,154.8363888801833,-95.45954057605803,62.60824864640459,0.5118442493905668
B_PA2_to_C2,1D,144,8,5.0,0.6,0.6,39.662806898498225,154.78586307022059,-95.29102930237937,60.56,194.07,-51.8,39.36859399501754,154.80270500687482,-95.34719972693892,62.34865474573634,0.5922138780804289
B_PA2_to_C2,1D,144,9,5.0,0.6,0.6,39.662806898498225,154.78586307022059,-95.29102930237937,60.56,194.07,-51.8,39.95701980197891,154.76902113356635,-95.23485887781982,62.093773428871565,0.6711245024967667
B_PA2_to_C2,1D,144,10,5.0,0.6,0.6,39.662806898498225,154.78586307022059,-95.29102930237937,60.56,194.07,-51.8,40.54544560894028,154.73533726025786,-95.12251802870071,61.84366296290222,0.7485580832922274
B_PA2_to_C2,1D,144,11,5.0,0.6,0.6,39.662806898498225,154.78586307022059,-95.29102930237937,60.56,194.07,-51.8,41.133871415901645,154.70165338694937,-95.0101771795816,61.59838146170768,0.8244966285536961
B_PA2_to_C2,1D,144,12,5.0,0.6,0.6,39.662806898498225,154.78586307022059,-95.29102930237937,60.56,194.07,-51.8,41.722297222863006,154.6679695136409,-94.89783633046248,61.35798683737153,0.8989222088435262
B_PA2_to_C2,1D,144,13,5.0,0.6,0.6,39.662806898498225,154.78586307022059,-95.29102930237937,60.56,194.07,-51.8,42.31072302982437,154.63428564033242,-94.78549548134337,61.12253675010606,0.9718169727028076
B_PA2_to_C2,1D,144,14,5.0,0.6,0.6,39.662806898498225,154.78586307022059,-95.29102930237937,60.56,194.07,-51.8,42.89914883678574,154.60060176702393,-94.67315463222427,60.89208855673349,1.0431631626014344
B_PA2_to_C2,1D,144,15,5.0,0.6,0.6,39.662806898498225,154.78586307022059,-95.29102930237937,60.56,194.07,-51.8,43.48757464374711,154.56691789371547,-94.56081378310516,60.66669925778128,1.1129431313172873
B_PA2_to_C2,1D,144,16,5.0,0.6,0.6,39.662806898498225,154.78586307022059,-95.29102930237937,60.56,194.07,-51.8,44.07600045070848,154.53323402040698,-94.44847293398605,60.44642544325585,1.1811393587245433
B_PA2_to_C2,1D,145,1,5.0,0.6,0.6,40.72599915709653,154.72402525901262,-95.08551026173888,61.85,193.66,-51.8,36.317163678842306,154.98449490691985,-95.94825314823863,64.00616127255923,0.0
B_PA2_to_C2,1D,145,2,5.0,0.6,0.6,40.72599915709653,154.72402525901262,-95.08551026173888,61.85,193.66,-51.8,36.905008409276206,154.94976562053222,-95.833220763372,63.715456382030766,0.09000151409549773
B_PA2_to_C2,1D,145,3,5.0,0.6,0.6,40.72599915709653,154.72402525901262,-95.08551026173888,61.85,193.66,-51.8,37.4928531397101,154.9150363341446,-95.71818837850536,63.42909492568903,0.17865831172451863
B_PA2_to_C2,1D,145,4,5.0,0.6,0.6,40.72599915709653,154.72402525901262,-95.08551026173888,61.85,193.66,-51.8,38.080697870144,154.88030704775696,-95.60315599363872,63.14713599375409,0.26595209870128045
B_PA2_to_C2,1D,145,5,5.0,0.6,0.6,40.72599915709653,154.72402525901262,-95.08551026173888,61.85,193.66,-51.8,38.668542600577894,154.84557776136933,-95.4881236087721,62.86963881982526,0.3518645364501438
B_PA2_to_C2,1D,145,6,5.0,0.6,0.6,40.72599915709653,154.72402525901262,-95.08551026173888,61.85,193.66,-51.8,39.25638733101179,154.8108484749817,-95.37309122390546,62.596662742169286,0.4363772539906918
B_PA2_to_C2,1D,145,7,5.0,0.6,0.6,40.72599915709653,154.72402525901262,-95.08551026173888,61.85,193.66,-51.8,39.84423206144569,154.77611918859407,-95.25805883903882,62.32826716329027,0.5194718604547823
B_PA2_to_C2,1D,145,8,5.0,0.6,0.6,40.72599915709653,154.72402525901262,-95.08551026173888,61.85,193.66,-51.8,40.43207679187958,154.74138990220644,-95.14302645417219,62.06451150778593,0.6011299581341447
B_PA2_to_C2,1D,145,9,5.0,0.6,0.6,40.72599915709653,154.72402525901262,-95.08551026173888,61.85,193.66,-51.8,41.01992152231348,154.7066606158188,-95.02799406930556,61.80545517850101,0.6813331560551745
B_PA2_to_C2,1D,145,10,5.0,0.6,0.6,40.72599915709653,154.72402525901262,-95.08551026173888,61.85,193.66,-51.8,41.607766252747375,154.67193132943117,-94.91296168443893,61.551157510994884,0.7600630840756466
B_PA2_to_C2,1D,145,11,5.0,0.6,0.6,40.72599915709653,154.72402525901262,-95.08551026173888,61.85,193.66,-51.8,42.195610983181275,154.63720204304354,-94.79792929957229,61.30167772634699,0.8373014074960494
B_PA2_to_C2,1D,145,12,5.0,0.6,0.6,40.72599915709653,154.72402525901262,-95.08551026173888,61.85,193.66,-51.8,42.78345571361517,154.6024727566559,-94.68289691470565,61.057074882330475,0.9130298421760834
B_PA2_to_C2,1D,145,13,5.0,0.6,0.6,40.72599915709653,154.72402525901262,-95.08551026173888,61.85,193.66,-51.8,43.37130044404906,154.56774347026828,-94.56786452983903,60.8174078229919,0.9872301701446808
B_PA2_to_C2,1D,145,14,5.0,0.6,0.6,40.72599915709653,154.72402525901262,-95.08551026173888,61.85,193.66,-51.8,43.95914517448296,154.53301418388065,-94.45283214497239,60.582735126682095,1.0598842556895143
B_PA2_to_C2,1D,145,15,5.0,0.6,0.6,40.72599915709653,154.72402525901262,-95.08551026173888,61.85,193.66,-51.8,44.546989904916856,154.49828489749302,-94.33779976010575,60.35311505259132,1.1309740619095656
B_PA2_to_C2,1D,145,16,5.0,0.6,0.6,40.72599915709653,154.72402525901262,-95.08551026173888,61.85,193.66,-51.8,45.13483463535076,154.4635556111054,-94.22276737523912,60.12860548584949,1.2004816677119905
B_PA2_to_C2,1D,146,1,5.0,0.6,0.6,41.78812967252567,154.66030109872707,-94.87513555586693,63.14,193.25,-51.8,37.38374525802713,154.92858290450624,-95.75798480801039,63.75123602661735,0.0
B_PA2_to_C2,1D,146,2,5.0,0.6,0.6,41.78812967252567,154.66030109872707,-94.87513555586693,63.14,193.25,-51.8,37.970996513293606,154.89281199706903,-95.64027157439126,63.45645766761968,0.09126264984448085
B_PA2_to_C2,1D,146,3,5.0,0.6,0.6,41.78812967252567,154.66030109872707,-94.87513555586693,63.14,193.25,-51.8,38.55824776856008,154.8570410896318,-95.52255834077214,63.16600307541508,0.181186672198848
B_PA2_to_C2,1D,146,4,5.0,0.6,0.6,41.78812967252567,154.66030109872707,-94.87513555586693,63.14,193.25,-51.8,39.14549902382655,154.82127018219458,-95.40484510715301,62.879932166982194,0.26975351691491056
B_PA2_to_C2,1D,146,5,5.0,0.6,0.6,41.78812967252567,154.66030109872707,-94.87513555586693,63.14,193.25,-51.8,39.73275027909302,154.78549927475734,-95.28713187353388,62.59830504195157,0.3569445772959092
B_PA2_to_C2,1D,146,6,5.0,0.6,0.6,41.78812967252567,154.66030109872707,-94.87513555586693,63.14,193.25,-51.8,40.32000153435949,154.74972836732013,-95.16941863991475,62.32118194423269,0.44274120197667344
B_PA2_to_C2,1D,146,7,5.0,0.6,0.6,41.78812967252567,154.66030109872707,-94.87513555586693,63.14,193.25,-51.8,40.907252789625964,154.71395745988292,-95.05170540629562,62.048623221849894,0.5271247073583467
B_PA2_to_C2,1D,146,8,5.0,0.6,0.6,41.78812967252567,154.66030109872707,-94.87513555586693,63.14,193.25,-51.8,41.49450404489244,154.67818655244568,-94.9339921726765,61.78068928498635,0.6100763905978326
B_PA2_to_C2,1D,146,9,5.0,0.6,0.6,41.78812967252567,154.66030109872707,-94.87513555586693,63.14,193.25,-51.8,42.0817553001589,154.64241564500847,-94.81627893905737,61.51744056224189,0.6915775431502986
B_PA2_to_C2,1D,146,10,5.0,0.6,0.6,41.78812967252567,154.66030109872707,-94.87513555586693,63.14,193.25,-51.8,42.669006555425376,154.60664473757123,-94.69856570543824,61.25893745511671,0.7716094648608802
B_PA2_to_C2,1D,146,11,5.0,0.6,0.6,41.78812967252567,154.66030109872707,-94.87513555586693,63.14,193.25,-51.8,43.25625781069185,154.57087383013402,-94.58085247181911,61.00524029073926,0.8501534786000278
B_PA2_to_C2,1D,146,12,5.0,0.6,0.6,41.78812967252567,154.66030109872707,-94.87513555586693,63.14,193.25,-51.8,43.84350906595832,154.5351029226968,-94.46313923819999,60.75640927286414,0.9271909454344325
B_PA2_to_C2,1D,146,13,5.0,0.6,0.6,41.78812967252567,154.66030109872707,-94.87513555586693,63.14,193.25,-51.8,44.43076032122479,154.49933201525957,-94.34542600458086,60.512504431172815,1.0027032803233844
B_PA2_to_C2,1D,146,14,5.0,0.6,0.6,41.78812967252567,154.66030109872707,-94.87513555586693,63.14,193.25,-51.8,45.01801157649126,154.46356110782236,-94.22771277096173,60.2735855689177,1.076671968328064
B_PA2_to_C2,1D,146,15,5.0,0.6,0.6,41.78812967252567,154.66030109872707,-94.87513555586693,63.14,193.25,-51.8,45.605262831757734,154.42779020038512,-94.1099995373426,60.03971220895868,1.1490785813184736
B_PA2_to_C2,1D,146,16,5.0,0.6,0.6,41.78812967252567,154.66030109872707,-94.87513555586693,63.14,193.25,-51.8,46.19251408702421,154.3920192929479,-93.99228630372347,59.810943538248225,1.2199047951607191
B_PA2_to_C2,1D,147,1,5.0,0.6,0.6,42.8491760867882,154.59469736955518,-94.65992407576107,64.42,192.82,-51.8,38.4493342316228,154.8707621561617,-95.56279720257933,63.48072583371313,0.0
B_PA2_to_C2,1D,147,2,5.0,0.6,0.6,42.8491760867882,154.59469736955518,-94.65992407576107,64.42,192.82,-51.8,39.03597981231152,154.8339535179475,-95.44241411900357,63.18186858870377,0.09252546285119578
B_PA2_to_C2,1D,147,3,5.0,0.6,0.6,42.8491760867882,154.59469736955518,-94.65992407576107,64.42,192.82,-51.8,39.62262539300024,154.79714487973328,-95.3220310354278,62.88731576673797,0.18371828698921533
B_PA2_to_C2,1D,147,4,5.0,0.6,0.6,42.8491760867882,154.59469736955518,-94.65992407576107,64.42,192.82,-51.8,40.20927097368896,154.7603362415191,-95.20164795185202,62.597128131653015,0.273559660080533
B_PA2_to_C2,1D,147,5,5.0,0.6,0.6,42.8491760867882,154.59469736955518,-94.65992407576107,64.42,192.82,-51.8,40.795916554377676,154.7235276033049,-95.08126486827626,62.311366670261414,0.3620307007590462
B_PA2_to_C2,1D,147,6,5.0,0.6,0.6,42.8491760867882,154.59469736955518,-94.65992407576107,64.42,192.82,-51.8,41.3825621350664,154.68671896509068,-94.96088178470049,62.030092554347696,0.4491124703917748
B_PA2_to_C2,1D,147,7,5.0,0.6,0.6,42.8491760867882,154.59469736955518,-94.65992407576107,64.42,192.82,-51.8,41.96920771575512,154.6499103268765,-94.84049870112472,61.75336710079959,0.5347859854221468
B_PA2_to_C2,1D,147,8,5.0,0.6,0.6,42.8491760867882,154.59469736955518,-94.65992407576107,64.42,192.82,-51.8,42.555853296443836,154.61310168866228,-94.72011561754896,61.48125172986718,0.6190322302928628
B_PA2_to_C2,1D,147,9,5.0,0.6,0.6,42.8491760867882,154.59469736955518,-94.65992407576107,64.42,192.82,-51.8,43.14249887713256,154.57629305044807,-94.59973253397318,61.21380792155046,0.7018321709481938
B_PA2_to_C2,1D,147,10,5.0,0.6,0.6,42.8491760867882,154.59469736955518,-94.65992407576107,64.42,192.82,-51.8,43.72914445782128,154.53948441223386,-94.47934945039742,60.95109717012199,0.7831667689136665
B_PA2_to_C2,1D,147,11,5.0,0.6,0.6,42.8491760867882,154.59469736955518,-94.65992407576107,64.42,192.82,-51.8,44.315790038509995,154.50267577401968,-94.35896636682165,60.693180936797404,0.8630169959491418
B_PA2_to_C2,1D,147,12,5.0,0.6,0.6,42.8491760867882,154.59469736955518,-94.65992407576107,64.42,192.82,-51.8,44.90243561919872,154.46586713580547,-94.23858328324587,60.44012060057463,0.9413638492688854
B_PA2_to_C2,1D,147,13,5.0,0.6,0.6,42.8491760867882,154.59469736955518,-94.65992407576107,64.42,192.82,-51.8,45.48908119988744,154.42905849759126,-94.11820019967011,60.19197740726903,1.0181883673201568
B_PA2_to_C2,1D,147,14,5.0,0.6,0.6,42.8491760867882,154.59469736955518,-94.65992407576107,64.42,192.82,-51.8,46.075726780576154,154.39224985937707,-93.99781711609434,59.948812416780704,1.093471646109112
B_PA2_to_C2,1D,147,15,5.0,0.6,0.6,42.8491760867882,154.59469736955518,-94.65992407576107,64.42,192.82,-51.8,46.66237236126488,154.35544122116286,-93.87743403251856,59.7106864486378,1.1671948560604726
B_PA2_to_C2,1D,147,16,5.0,0.6,0.6,42.8491760867882,154.59469736955518,-94.65992407576107,64.42,192.82,-51.8,47.249017941953596,154.31863258294865,-93.7570509489428,59.47766002586784,1.2393392593948285
B_PA2_to_C2,1D,148,1,5.0,0.6,0.6,43.909116704015915,154.5272213537003,-94.43989668681203,65.7,192.39,-51.8,39.51390757905647,154.8110369075157,-95.36271057882153,63.21075585973215,0.0
B_PA2_to_C2,1D,148,2,5.0,0.6,0.6,43.909116704015915,154.5272213537003,-94.43989668681203,65.7,192.39,-51.8,40.0999354623844,154.77319483367364,-95.23966872655359,62.90780678361119,0.09379228362877967
B_PA2_to_C2,1D,148,3,5.0,0.6,0.6,43.909116704015915,154.5272213537003,-94.43989668681203,65.7,192.39,-51.8,40.685963345712324,154.7353527598316,-95.11662687428566,62.609141922643005,0.18625818485731926
B_PA2_to_C2,1D,148,4,5.0,0.6,0.6,43.909116704015915,154.5272213537003,-94.43989668681203,65.7,192.39,-51.8,41.27199122904025,154.69751068598956,-94.99358502201773,62.31482287750765,0.27737863226764503
B_PA2_to_C2,1D,148,5,5.0,0.6,0.6,43.909116704015915,154.5272213537003,-94.43989668681203,65.7,192.39,-51.8,41.858019112368176,154.6596686121475,-94.8705431697498,62.024911513202895,0.36713447260967413
B_PA2_to_C2,1D,148,6,5.0,0.6,0.6,43.909116704015915,154.5272213537003,-94.43989668681203,65.7,192.39,-51.8,42.4440469956961,154.62182653830544,-94.74750131748186,61.73946992148658,0.4555064824289694
B_PA2_to_C2,1D,148,7,5.0,0.6,0.6,43.909116704015915,154.5272213537003,-94.43989668681203,65.7,192.39,-51.8,43.03007487902403,154.58398446446338,-94.62445946521393,61.458560381379286,0.5424753802950022
B_PA2_to_C2,1D,148,8,5.0,0.6,0.6,43.909116704015915,154.5272213537003,-94.43989668681203,65.7,192.39,-51.8,43.61610276235195,154.54614239062133,-94.501417612946,61.182245317715676,0.6280218396335826
B_PA2_to_C2,1D,148,9,5.0,0.6,0.6,43.909116704015915,154.5272213537003,-94.43989668681203,65.7,192.39,-51.8,44.20213064567988,154.50830031677927,-94.37837576067807,60.91058725773902,0.7121265021650558
B_PA2_to_C2,1D,148,10,5.0,0.6,0.6,43.909116704015915,154.5272213537003,-94.43989668681203,65.7,192.39,-51.8,44.7881585290078,154.4704582429372,-94.25533390841014,60.6436487857396,0.7947699919481579
B_PA2_to_C2,1D,148,11,5.0,0.6,0.6,43.909116704015915,154.5272213537003,-94.43989668681203,65.7,192.39,-51.8,45.37418641233573,154.43261616909516,-94.1322920561422,60.381492495744375,0.8759329300271759
B_PA2_to_C2,1D,148,12,5.0,0.6,0.6,43.909116704015915,154.5272213537003,-94.43989668681203,65.7,192.39,-51.8,45.960214295663654,154.3947740952531,-94.00925020387427,60.12418094227257,0.955595949677889
B_PA2_to_C2,1D,148,13,5.0,0.6,0.6,43.909116704015915,154.5272213537003,-94.43989668681203,65.7,192.39,-51.8,46.54624217899158,154.35693202141104,-93.88620835160634,59.871776589179554,1.033739712245385
B_PA2_to_C2,1D,148,14,5.0,0.6,0.6,43.909116704015915,154.5272213537003,-94.43989668681203,65.7,192.39,-51.8,47.132270062319506,154.31908994756898,-93.76316649933841,59.62434175661922,1.110344923564373
B_PA2_to_C2,1D,148,15,5.0,0.6,0.6,43.909116704015915,154.5272213537003,-94.43989668681203,65.7,192.39,-51.8,47.71829794564743,154.28124787372695,-93.64012464707048,59.38193856616355,1.185392350950032
B_PA2_to_C2,1D,148,16,5.0,0.6,0.6,43.909116704015915,154.5272213537003,-94.43989668681203,65.7,192.39,-51.8,48.30432582897536,154.2434057998849,-93.51708279480253,59.144628884127066,1.2588628407446087
B_PA2_to_C2,1D,149,1,5.0,0.6,0.6,44.96792978648344,154.45788129605765,-94.21507258127312,66.98,191.95,-51.8,40.577443166524965,154.74941624903886,-95.15774676207786,62.93546411238759,0.0
B_PA2_to_C2,1D,149,2,5.0,0.6,0.6,44.96792978648344,154.45788129605765,-94.21507258127312,66.98,191.95,-51.8,41.16284138251943,154.7105449219747,-95.0320568713039,62.62837563686343,0.0950738314316304
B_PA2_to_C2,1D,149,3,5.0,0.6,0.6,44.96792978648344,154.45788129605765,-94.21507258127312,66.98,191.95,-51.8,41.74823959851389,154.67167359491054,-94.90636698052992,62.325550352824905,0.18882778933829414
B_PA2_to_C2,1D,149,4,5.0,0.6,0.6,44.96792978648344,154.45788129605765,-94.21507258127312,66.98,191.95,-51.8,42.33363781450836,154.6328022678464,-94.78067708975597,62.02705070090756,0.28124254225388157
B_PA2_to_C2,1D,149,5,5.0,0.6,0.6,44.96792978648344,154.45788129605765,-94.21507258127312,66.98,191.95,-51.8,42.91903603050282,154.5939309407822,-94.654987198982,61.732939428828445,0.3722986636406027
B_PA2_to_C2,1D,149,6,5.0,0.6,0.6,44.96792978648344,154.45788129605765,-94.21507258127312,66.98,191.95,-51.8,43.50443424649728,154.55505961371804,-94.52929730820803,61.4432795543487,0.461976643355694
B_PA2_to_C2,1D,149,7,5.0,0.6,0.6,44.96792978648344,154.45788129605765,-94.21507258127312,66.98,191.95,-51.8,44.08983246249174,154.5161882866539,-94.40360741743407,61.158134326222616,0.5502568997414805
B_PA2_to_C2,1D,149,8,5.0,0.6,0.6,44.96792978648344,154.45788129605765,-94.21507258127312,66.98,191.95,-51.8,44.67523067848621,154.47731695958973,-94.2779175266601,60.87756718311542,0.637119792344329
B_PA2_to_C2,1D,149,9,5.0,0.6,0.6,44.96792978648344,154.45788129605765,-94.21507258127312,66.98,191.95,-51.8,45.26062889448067,154.43844563252557,-94.15222763588613,60.601641710478226,0.7225456352660586
B_PA2_to_C2,1D,149,10,5.0,0.6,0.6,44.96792978648344,154.45788129605765,-94.21507258127312,66.98,191.95,-51.8,45.846027110475134,154.3995743054614,-94.02653774511217,60.3304215953744,0.806514711149596
B_PA2_to_C2,1D,149,11,5.0,0.6,0.6,44.96792978648344,154.45788129605765,-94.21507258127312,66.98,191.95,-51.8,46.43142532646959,154.36070297839726,-93.90084785433821,60.06397057925876,0.889007285798403
B_PA2_to_C2,1D,149,12,5.0,0.6,0.6,44.96792978648344,154.45788129605765,-94.21507258127312,66.98,191.95,-51.8,47.01682354246406,154.3218316513331,-93.77515796356424,59.80235240871804,0.9700036234271074
B_PA2_to_C2,1D,149,13,5.0,0.6,0.6,44.96792978648344,154.45788129605765,-94.21507258127312,66.98,191.95,-51.8,47.60222175845852,154.2829603242689,-93.64946807279027,59.54563078418895,1.0494840025382786
B_PA2_to_C2,1D,149,14,5.0,0.6,0.6,44.96792978648344,154.45788129605765,-94.21507258127312,66.98,191.95,-51.8,48.187619974452986,154.24408899720476,-93.52377818201631,59.293869306677855,1.1274287324178758
B_PA2_to_C2,1D,149,15,5.0,0.6,0.6,44.96792978648344,154.45788129605765,-94.21507258127312,66.98,191.95,-51.8,48.773018190447445,154.2052176701406,-93.39808829124235,59.04713142251567,1.2038181702389856
B_PA2_to_C2,1D,149,16,5.0,0.6,0.6,44.96792978648344,154.45788129605765,-94.21507258127312,66.98,191.95,-51.8,49.35841640644191,154.16634634307644,-93.27239840046838,58.805480366189336,1.2786327387610719
B_PA2_to_C2,1D,150,1,5.0,0.6,0.6,46.02559383187995,154.38668407085044,-93.9854713541777,68.25,191.5,-51.8,41.639917470188564,154.68590838566223,-94.9479201371926,62.65075295475531,0.0
B_PA2_to_C2,1D,150,2,5.0,0.6,0.6,46.02559383187995,154.38668407085044,-93.9854713541777,68.25,191.5,-51.8,42.22467431841409,154.646011810354,-94.81959363279061,62.33954971481283,0.09634775230417247
B_PA2_to_C2,1D,150,3,5.0,0.6,0.6,46.02559383187995,154.38668407085044,-93.9854713541777,68.25,191.5,-51.8,42.809431166639605,154.60611523504573,-94.69126712838862,62.03258878600395,0.19138209558865782
B_PA2_to_C2,1D,150,4,5.0,0.6,0.6,46.02559383187995,154.38668407085044,-93.9854713541777,68.25,191.5,-51.8,43.39418801486512,154.5662186597375,-94.56294062398663,61.729933454858866,0.28508343650044665
B_PA2_to_C2,1D,150,5,5.0,0.6,0.6,46.02559383187995,154.38668407085044,-93.9854713541777,68.25,191.5,-51.8,43.97894486309064,154.52632208442927,-94.43461411958465,61.43164735858175,0.3774320731187508
B_PA2_to_C2,1D,150,6,5.0,0.6,0.6,46.02559383187995,154.38668407085044,-93.9854713541777,68.25,191.5,-51.8,44.563701711316156,154.48642550912103,-94.30628761518267,61.13779444858135,0.46840820624580815
B_PA2_to_C2,1D,150,7,5.0,0.6,0.6,46.02559383187995,154.38668407085044,-93.9854713541777,68.25,191.5,-51.8,45.14845855954167,154.4465289338128,-94.17796111078069,60.84843895191417,0.5579919513440075
B_PA2_to_C2,1D,150,8,5.0,0.6,0.6,46.02559383187995,154.38668407085044,-93.9854713541777,68.25,191.5,-51.8,45.73321540776719,154.40663235850457,-94.0496346063787,60.563645330616175,0.6461633511266669
B_PA2_to_C2,1D,150,9,5.0,0.6,0.6,46.02559383187995,154.38668407085044,-93.9854713541777,68.25,191.5,-51.8,46.317972255992714,154.3667357831963,-93.9213081019767,60.28347823890479,0.7329023888082098
B_PA2_to_C2,1D,150,10,5.0,0.6,0.6,46.02559383187995,154.38668407085044,-93.9854713541777,68.25,191.5,-51.8,46.90272910421823,154.32683920788807,-93.79298159757472,60.00800247823909,0.8181890020174052
B_PA2_to_C2,1D,150,11,5.0,0.6,0.6,46.02559383187995,154.38668407085044,-93.9854713541777,68.25,191.5,-51.8,47.48748595244375,154.28694263257984,-93.66465509317274,59.737282950232924,0.9020030973753528
B_PA2_to_C2,1D,150,12,5.0,0.6,0.6,46.02559383187995,154.38668407085044,-93.9854713541777,68.25,191.5,-51.8,48.072242800669265,154.2470460572716,-93.53632858877076,59.471384607423005,0.9843245657375554
B_PA2_to_C2,1D,150,13,5.0,0.6,0.6,46.02559383187995,154.38668407085044,-93.9854713541777,68.25,191.5,-51.8,48.65699964889478,154.20714948196337,-93.40800208436877,59.2103724019016,1.0651332980971233
B_PA2_to_C2,1D,150,14,5.0,0.6,0.6,46.02559383187995,154.38668407085044,-93.9854713541777,68.25,191.5,-51.8,49.2417564971203,154.16725290665514,-93.27967557996679,58.95431123183199,1.1444092021434429
B_PA2_to_C2,1D,150,15,5.0,0.6,0.6,46.02559383187995,154.38668407085044,-93.9854713541777,68.25,191.5,-51.8,49.826513345345816,154.12735633134687,-93.1513490755648,58.70326588587345,1.2221322194680688
B_PA2_to_C2,1D,150,16,5.0,0.6,0.6,46.02559383187995,154.38668407085044,-93.9854713541777,68.25,191.5,-51.8,50.41127019357134,154.08745975603864,-93.02302257116281,58.45730098555179,1.2982823434066617
B_PA2_to_C2,1D,151,1,5.0,0.6,0.6,47.08208808186795,154.31363728095752,-93.7511147078041,69.52,191.04,-51.8,42.70130795090734,154.6205191919418,-94.73324959512426,62.36092323201944,0.0
B_PA2_to_C2,1D,151,2,5.0,0.6,0.6,47.08208808186795,154.31363728095752,-93.7511147078041,69.52,191.04,-51.8,43.285411968368756,154.57960160381057,-94.6022982768149,62.04555582937181,0.0976369667639716
B_PA2_to_C2,1D,151,3,5.0,0.6,0.6,47.08208808186795,154.31363728095752,-93.7511147078041,69.52,191.04,-51.8,43.86951598583017,154.53868401567934,-94.47134695850556,61.73440896292413,0.19396726597378233
B_PA2_to_C2,1D,151,4,5.0,0.6,0.6,47.08208808186795,154.31363728095752,-93.7511147078041,69.52,191.04,-51.8,44.45362000329158,154.4977664275481,-94.3403956401962,61.42754676712589,0.2889710417627107
B_PA2_to_C2,1D,151,5,5.0,0.6,0.6,47.08208808186795,154.31363728095752,-93.7511147078041,69.52,191.04,-51.8,45.037724020753004,154.45684883941686,-94.20944432188685,61.12503377220588,0.3826283157317505
B_PA2_to_C2,1D,151,6,5.0,0.6,0.6,47.08208808186795,154.31363728095752,-93.7511147078041,69.52,191.04,-51.8,45.62182803821442,154.41593125128563,-94.07849300357749,60.826934868355664,0.4749189980383193
B_PA2_to_C2,1D,151,7,5.0,0.6,0.6,47.08208808186795,154.31363728095752,-93.7511147078041,69.52,191.04,-51.8,46.20593205567583,154.3750136631544,-93.94754168526813,60.533315267751966,0.5658228991540177
B_PA2_to_C2,1D,151,8,5.0,0.6,0.6,47.08208808186795,154.31363728095752,-93.7511147078041,69.52,191.04,-51.8,46.790036073137244,154.33409607502315,-93.81659036695878,60.244240464387346,0.6553197423009571
B_PA2_to_C2,1D,151,9,5.0,0.6,0.6,47.08208808186795,154.31363728095752,-93.7511147078041,69.52,191.04,-51.8,47.37414009059866,154.2931784868919,-93.68563904864943,59.95977619168371,0.7433891765745315
B_PA2_to_C2,1D,151,10,5.0,0.6,0.6,47.08208808186795,154.31363728095752,-93.7511147078041,69.52,191.04,-51.8,47.95824410806007,154.25226089876065,-93.55468773034008,59.67998837786978,0.8300107907584078
B_PA2_to_C2,1D,151,11,5.0,0.6,0.6,47.08208808186795,154.31363728095752,-93.7511147078041,69.52,191.04,-51.8,48.542348125521485,154.21134331062942,-93.42373641203072,59.4049430991104,0.9151641278356166
B_PA2_to_C2,1D,151,12,5.0,0.6,0.6,47.08208808186795,154.31363728095752,-93.7511147078041,69.52,191.04,-51.8,49.1264521429829,154.17042572249818,-93.29278509372136,59.134706530382104,0.9988287001973184
B_PA2_to_C2,1D,151,13,5.0,0.6,0.6,47.08208808186795,154.31363728095752,-93.7511147078041,69.52,191.04,-51.8,49.71055616044432,154.12950813436694,-93.161833775412,58.86934489409821,1.0809840055483697
B_PA2_to_C2,1D,151,14,5.0,0.6,0.6,47.08208808186795,154.31363728095752,-93.7511147078041,69.52,191.04,-51.8,50.29466017790573,154.0885905462357,-93.03088245710265,58.60892440649426,1.1616095435062483
B_PA2_to_C2,1D,151,15,5.0,0.6,0.6,47.08208808186795,154.31363728095752,-93.7511147078041,69.52,191.04,-51.8,50.87876419536715,154.04767295810447,-92.8999311387933,58.353511221793944,1.2406848328871511
B_PA2_to_C2,1D,151,16,5.0,0.6,0.6,47.08208808186795,154.31363728095752,-93.7511147078041,69.52,191.04,-51.8,51.46286821282856,154.00675536997323,-92.76897982048395,58.10317137418494,1.3181894296701238
B_PA2_to_C2,1D,152,1,5.0,0.6,0.6,48.13739187572139,154.23874863471048,-93.5120235955986,70.79,190.58,-51.8,43.76159322447778,154.55325574708849,-94.51375781186468,62.071943587247375,0.0
B_PA2_to_C2,1D,152,2,5.0,0.6,0.6,48.13739187572139,154.23874863471048,-93.5120235955986,70.79,190.58,-51.8,44.34503304464359,154.51132146543807,-94.38019324969586,61.752398379989316,0.09893040472385906
B_PA2_to_C2,1D,152,3,5.0,0.6,0.6,48.13739187572139,154.23874863471048,-93.5120235955986,70.79,190.58,-51.8,44.92847286480941,154.4693871837877,-94.24662868752706,61.4370509600143,0.1965611849018849
B_PA2_to_C2,1D,152,4,5.0,0.6,0.6,48.13739187572139,154.23874863471048,-93.5120235955986,70.79,190.58,-51.8,45.51191268497522,154.42745290213728,-94.11306412535825,61.12596629621392,0.29287222632614984
B_PA2_to_C2,1D,152,5,5.0,0.6,0.6,48.13739187572139,154.23874863471048,-93.5120235955986,70.79,190.58,-51.8,46.09535250514104,154.3855186204869,-93.97949956318944,60.81920979944054,0.3878432779587726
B_PA2_to_C2,1D,152,6,5.0,0.6,0.6,48.13739187572139,154.23874863471048,-93.5120235955986,70.79,190.58,-51.8,46.67879232530685,154.34358433883648,-93.84593500102064,60.51684728743602,0.4814539627898924
B_PA2_to_C2,1D,152,7,5.0,0.6,0.6,48.13739187572139,154.23874863471048,-93.5120235955986,70.79,190.58,-51.8,47.262232145472666,154.30165005718607,-93.71237043885182,60.218944947527426,0.5736837893869833
B_PA2_to_C2,1D,152,8,5.0,0.6,0.6,48.13739187572139,154.23874863471048,-93.5120235955986,70.79,190.58,-51.8,47.84567196563848,154.25971577553568,-93.578805876683,59.92556929705235,0.6645121641470695
B_PA2_to_C2,1D,152,9,5.0,0.6,0.6,48.13739187572139,154.23874863471048,-93.5120235955986,70.79,190.58,-51.8,48.4291117858043,154.21778149388527,-93.4452413145142,59.63678714148098,0.7539184042620448
B_PA2_to_C2,1D,152,10,5.0,0.6,0.6,48.13739187572139,154.23874863471048,-93.5120235955986,70.79,190.58,-51.8,49.01255160597012,154.17584721223488,-93.31167675234539,59.35266553020846,0.8418817514052392
B_PA2_to_C2,1D,152,11,5.0,0.6,0.6,48.13739187572139,154.23874863471048,-93.5120235955986,70.79,190.58,-51.8,49.59599142613593,154.13391293058447,-93.17811219017658,59.073271709998274,0.928381386145233
B_PA2_to_C2,1D,152,12,5.0,0.6,0.6,48.13739187572139,154.23874863471048,-93.5120235955986,70.79,190.58,-51.8,50.179431246301746,154.09197864893406,-93.04454762800778,58.79867307606329,1.0133964430910503
B_PA2_to_C2,1D,152,13,5.0,0.6,0.6,48.13739187572139,154.23874863471048,-93.5120235955986,70.79,190.58,-51.8,50.76287106646756,154.05004436728368,-92.91098306583896,58.528937120780306,1.096906026769993
B_PA2_to_C2,1D,152,14,5.0,0.6,0.6,48.13739187572139,154.23874863471048,-93.5120235955986,70.79,190.58,-51.8,51.346310886633376,154.00811008563326,-92.77741850367015,58.26413138004154,1.1788892282371002
B_PA2_to_C2,1D,152,15,5.0,0.6,0.6,48.13739187572139,154.23874863471048,-93.5120235955986,70.79,190.58,-51.8,51.92975070679919,153.96617580398288,-92.64385394150135,58.00432337725548,1.2593251424123508
B_PA2_to_C2,1D,152,16,5.0,0.6,0.6,48.13739187572139,154.23874863471048,-93.5120235955986,70.79,190.58,-51.8,52.513190526965005,153.92424152233247,-92.51028937933253,57.749580565019805,1.3381928861385681
B_PA2_to_C2,1D,153,1,5.0,0.6,0.6,49.191484803489864,154.1620260381531,-93.26821888920249,72.06,190.1,-51.8,44.8207514988555,154.48412641130844,-94.28946407493078,61.77233739925658,0.0
B_PA2_to_C2,1D,153,2,5.0,0.6,0.6,49.191484803489864,154.1620260381531,-93.26821888920249,72.06,190.1,-51.8,45.40351593947342,154.44117969488772,-94.153298050167,61.44852694530337,0.10025091453659485
B_PA2_to_C2,1D,153,3,5.0,0.6,0.6,49.191484803489864,154.1620260381531,-93.26821888920249,72.06,190.1,-51.8,45.98628038009133,154.398232978467,-94.01713202540323,61.12889054880481,0.19920955122345774
B_PA2_to_C2,1D,153,4,5.0,0.6,0.6,49.191484803489864,154.1620260381531,-93.26821888920249,72.06,190.1,-51.8,46.56904482070925,154.3552862620463,-93.88096600063946,60.81349402647278,0.2968555333695946
B_PA2_to_C2,1D,153,5,5.0,0.6,0.6,49.191484803489864,154.1620260381531,-93.26821888920249,72.06,190.1,-51.8,47.15180926132716,154.3123395456256,-93.7447999758757,60.50240368520843,0.39316833252264516
B_PA2_to_C2,1D,153,6,5.0,0.6,0.6,49.191484803489864,154.1620260381531,-93.26821888920249,72.06,190.1,-51.8,47.73457370194508,154.2693928292049,-93.60863395111191,60.195686287872846,0.4881272790661697
B_PA2_to_C2,1D,153,7,5.0,0.6,0.6,49.191484803489864,154.1620260381531,-93.26821888920249,72.06,190.1,-51.8,48.31733814256299,154.22644611278417,-93.47246792634814,59.89340901675315,0.5817115735304732
B_PA2_to_C2,1D,153,8,5.0,0.6,0.6,49.191484803489864,154.1620260381531,-93.26821888920249,72.06,190.1,-51.8,48.90010258318091,154.18349939636346,-93.33630190158438,59.59563943467818,0.6739002986310823
B_PA2_to_C2,1D,153,9,5.0,0.6,0.6,49.191484803489864,154.1620260381531,-93.26821888920249,72.06,190.1,-51.8,49.48286702379882,154.14055267994274,-93.2001358768206,59.302445443744155,0.7646724320471883
B_PA2_to_C2,1D,153,10,5.0,0.6,0.6,49.191484803489864,154.1620260381531,-93.26821888920249,72.06,190.1,-51.8,50.06563146441674,154.09760596352203,-93.06396985205683,59.01389524161521,0.8540068599508892
B_PA2_to_C2,1D,153,11,5.0,0.6,0.6,49.191484803489864,154.1620260381531,-93.26821888920249,72.06,190.1,-51.8,50.64839590503465,154.0546592471013,-92.92780382729306,58.73005727537151,0.9418823912956888
B_PA2_to_C2,1D,153,12,5.0,0.6,0.6,49.191484803489864,154.1620260381531,-93.26821888920249,72.06,190.1,-51.8,51.23116034565257,154.0117125306806,-92.79163780252928,58.451000192883775,1.0282777728708368
B_PA2_to_C2,1D,153,13,5.0,0.6,0.6,49.191484803489864,154.1620260381531,-93.26821888920249,72.06,190.1,-51.8,51.813924786270476,153.9687658142599,-92.65547177776551,58.17679279170157,1.1131717051253887
B_PA2_to_C2,1D,153,14,5.0,0.6,0.6,49.191484803489864,154.1620260381531,-93.26821888920249,72.06,190.1,-51.8,52.3966892268884,153.9258190978392,-92.51930575300175,57.90750396545048,1.1965428587634968
B_PA2_to_C2,1D,153,15,5.0,0.6,0.6,49.191484803489864,154.1620260381531,-93.26821888920249,72.06,190.1,-51.8,52.979453667506306,153.88287238141848,-92.38313972823798,57.64320264774284,1.2783698921095166
B_PA2_to_C2,1D,153,16,5.0,0.6,0.6,49.191484803489864,154.1620260381531,-93.26821888920249,72.06,190.1,-51.8,53.56221810812423,153.83992566499776,-92.2469737034742,57.383957753616365,1.358631469238457
B_PA2_to_C2,1D,154,1,5.0,0.6,0.6,50.244346869708224,154.08347698062326,-93.01972230558997,73.31999999999998,189.62,-51.8,45.878760900632166,154.41313709859935,-94.06038716673511,61.46938361614703,0.0
B_PA2_to_C2,1D,154,2,5.0,0.6,0.6,50.244346869708224,154.08347698062326,-93.01972230558997,73.31999999999998,189.62,-51.8,46.460839029842305,154.36918241620253,-93.92163185191576,61.14136519751036,0.10155368998039194
B_PA2_to_C2,1D,154,3,5.0,0.6,0.6,50.244346869708224,154.08347698062326,-93.01972230558997,73.31999999999998,189.62,-51.8,47.04291715905245,154.32522773380575,-93.7828765370964,60.817497106355944,0.20182244885172906
B_PA2_to_C2,1D,154,4,5.0,0.6,0.6,50.244346869708224,154.08347698062326,-93.01972230558997,73.31999999999998,189.62,-51.8,47.62499528826259,154.28127305140893,-93.64412122227705,60.497845997588215,0.3007856404206848
B_PA2_to_C2,1D,154,5,5.0,0.6,0.6,50.244346869708224,154.08347698062326,-93.01972230558997,73.31999999999998,189.62,-51.8,48.20707341747273,154.23731836901212,-93.5053659074577,60.18247906504174,0.39842246164250383
B_PA2_to_C2,1D,154,6,5.0,0.6,0.6,50.244346869708224,154.08347698062326,-93.01972230558997,73.31999999999998,189.62,-51.8,48.789151546682874,154.1933636866153,-93.36661059263835,59.87146400816062,0.49471195293696724
B_PA2_to_C2,1D,154,7,5.0,0.6,0.6,50.244346869708224,154.08347698062326,-93.01972230558997,73.31999999999998,189.62,-51.8,49.37122967589301,154.14940900421848,-93.22785527781899,59.56486899630317,0.5896330092395843
B_PA2_to_C2,1D,154,8,5.0,0.6,0.6,50.244346869708224,154.08347698062326,-93.01972230558997,73.31999999999998,189.62,-51.8,49.95330780510315,154.10545432182167,-93.08909996299964,59.2627626306186,0.6831643918044641
B_PA2_to_C2,1D,154,9,5.0,0.6,0.6,50.244346869708224,154.08347698062326,-93.01972230558997,73.31999999999998,189.62,-51.8,50.5353859343133,154.06149963942485,-92.95034464818029,58.965213903447605,0.7752847407738166
B_PA2_to_C2,1D,154,10,5.0,0.6,0.6,50.244346869708224,154.08347698062326,-93.01972230558997,73.31999999999998,189.62,-51.8,51.117464063523435,154.01754495702804,-92.81158933336094,58.67229215520404,0.8659725885272422
B_PA2_to_C2,1D,154,11,5.0,0.6,0.6,50.244346869708224,154.08347698062326,-93.01972230558997,73.31999999999998,189.62,-51.8,51.699542192733574,153.97359027463122,-92.67283401854158,58.384067028701445,0.9552063738221612
B_PA2_to_C2,1D,154,12,5.0,0.6,0.6,50.244346869708224,154.08347698062326,-93.01972230558997,73.31999999999998,189.62,-51.8,52.28162032194372,153.9296355922344,-92.53407870372223,58.10060842089512,1.0429644567343352
B_PA2_to_C2,1D,154,13,5.0,0.6,0.6,50.244346869708224,154.08347698062326,-93.01972230558997,73.31999999999998,189.62,-51.8,52.86369845115386,153.8856809098376,-92.39532338890288,57.821986432018015,1.1292251344052673
B_PA2_to_C2,1D,154,14,5.0,0.6,0.6,50.244346869708224,154.08347698062326,-93.01972230558997,73.31999999999998,189.62,-51.8,53.445776580364,153.84172622744077,-92.25656807408353,57.54827131209731,1.2139666576005297
B_PA2_to_C2,1D,154,15,5.0,0.6,0.6,50.244346869708224,154.08347698062326,-93.01972230558997,73.31999999999998,189.62,-51.8,54.02785470957414,153.797771545044,-92.11781275926417,57.27953340484754,1.297167248080335
B_PA2_to_C2,1D,154,16,5.0,0.6,0.6,50.244346869708224,154.08347698062326,-93.01972230558997,73.31999999999998,189.62,-51.8,54.60993283878428,153.75381686264717,-91.97905744444482,57.01584308894618,1.3788051167804483
B_PA2_to_C2,1D,155,1,5.0,0.6,0.6,51.29595856754602,154.00311012760852,-92.76655613122028,74.58,189.13,-51.8,46.93560073688755,154.34029413901985,-93.82654977792951,61.16181268364007,0.0
B_PA2_to_C2,1D,155,2,5.0,0.6,0.6,51.29595856754602,154.00311012760852,-92.76655613122028,74.58,189.13,-51.8,47.51698178097535,154.29533627083165,-93.68521729170162,60.829533779411435,0.10287272576738005
B_PA2_to_C2,1D,155,3,5.0,0.6,0.6,51.29595856754602,154.00311012760852,-92.76655613122028,74.58,189.13,-51.8,48.09836282506314,154.2503784026435,-93.54388480547371,60.50138038832201,0.20446820288485057
B_PA2_to_C2,1D,155,4,5.0,0.6,0.6,51.29595856754602,154.00311012760852,-92.76655613122028,74.58,189.13,-51.8,48.67974386915094,154.20542053445533,-93.40255231924581,60.17742000089663,0.304765536453079
B_PA2_to_C2,1D,155,5,5.0,0.6,0.6,51.29595856754602,154.00311012760852,-92.76655613122028,74.58,189.13,-51.8,49.26112491323874,154.16046266626714,-93.26121983301792,59.8577206969677,0.40374364912457494
B_PA2_to_C2,1D,155,6,5.0,0.6,0.6,51.29595856754602,154.00311012760852,-92.76655613122028,74.58,189.13,-51.8,49.84250595732653,154.11550479807897,-93.11988734679002,59.54235111337202,0.5013812911046607
B_PA2_to_C2,1D,155,7,5.0,0.6,0.6,51.29595856754602,154.00311012760852,-92.76655613122028,74.58,189.13,-51.8,50.42388700141433,154.07054692989078,-92.97855486056213,59.23138040920501,0.5976570509086905
B_PA2_to_C2,1D,155,8,5.0,0.6,0.6,51.29595856754602,154.00311012760852,-92.76655613122028,74.58,189.13,-51.8,51.00526804550213,154.02558906170262,-92.83722237433423,58.924878228570265,0.6925493668946778
B_PA2_to_C2,1D,155,9,5.0,0.6,0.6,51.29595856754602,154.00311012760852,-92.76655613122028,74.58,189.13,-51.8,51.58664908958992,153.98063119351443,-92.69588988810634,58.62291466076823,0.7860365395888067
B_PA2_to_C2,1D,155,10,5.0,0.6,0.6,51.29595856754602,154.00311012760852,-92.76655613122028,74.58,189.13,-51.8,52.16803013367772,153.93567332532626,-92.55455740187844,58.32556019787203,0.8780967448198282
B_PA2_to_C2,1D,155,11,5.0,0.6,0.6,51.29595856754602,154.00311012760852,-92.76655613122028,74.58,189.13,-51.8,52.749411177765516,153.89071545713807,-92.41322491565055,58.03288568964562,0.9687080476763015
B_PA2_to_C2,1D,155,12,5.0,0.6,0.6,51.29595856754602,154.00311012760852,-92.76655613122028,74.58,189.13,-51.8,53.33079222185331,153.8457575889499,-92.27189242942265,57.74496229576528,1.0578484172986968
B_PA2_to_C2,1D,155,13,5.0,0.6,0.6,51.29595856754602,154.00311012760852,-92.76655613122028,74.58,189.13,-51.8,53.91217326594111,153.80079972076172,-92.13055994319475,57.46186143531408,1.145495742515788
B_PA2_to_C2,1D,155,14,5.0,0.6,0.6,51.29595856754602,154.00311012760852,-92.76655613122028,74.58,189.13,-51.8,54.493554310028905,153.75584185257355,-91.98922745696686,57.183654733526026,1.231627848332522
B_PA2_to_C2,1D,155,15,5.0,0.6,0.6,51.29595856754602,154.00311012760852,-92.76655613122028,74.58,189.13,-51.8,55.0749353541167,153.7108839843854,-91.84789497073895,56.91041396576722,1.3162225132733312
B_PA2_to_C2,1D,155,16,5.0,0.6,0.6,51.29595856754602,154.00311012760852,-92.76655613122028,74.58,189.13,-51.8,55.656316398204495,153.6659261161972,-91.70656248451105,56.642210998749626,1.399257487582183
B_PA2_to_C2,1D,156,1,5.0,0.6,0.6,52.34630046281263,153.92093409495914,-92.50874189047302,75.84,188.63,-51.8,47.99125039777748,154.26560781761629,-93.58797261462193,60.84980657087051,0.0
B_PA2_to_C2,1D,156,2,5.0,0.6,0.6,52.34630046281263,153.92093409495914,-92.50874189047302,75.84,188.63,-51.8,48.571923739782164,154.219651321262,-93.44407518473541,60.5132140702944,0.10420820451272661
B_PA2_to_C2,1D,156,3,5.0,0.6,0.6,52.34630046281263,153.92093409495914,-92.50874189047302,75.84,188.63,-51.8,49.15259708178685,154.17369482490773,-93.30017775484889,60.180721119991546,0.207147198414539
B_PA2_to_C2,1D,156,4,5.0,0.6,0.6,52.34630046281263,153.92093409495914,-92.50874189047302,75.84,188.63,-51.8,49.73327042379154,154.12773832855342,-93.15628032496237,59.852396041655,0.3087958294784876
B_PA2_to_C2,1D,156,5,5.0,0.6,0.6,52.34630046281263,153.92093409495914,-92.50874189047302,75.84,188.63,-51.8,50.313943765796225,154.08178183219914,-93.01238289507585,59.528307798324306,0.4091327469183277
B_PA2_to_C2,1D,156,6,5.0,0.6,0.6,52.34630046281263,153.92093409495914,-92.50874189047302,75.84,188.63,-51.8,50.89461710780091,154.03582533584486,-92.86848546518932,59.20852596321714,0.5081364110381941
B_PA2_to_C2,1D,156,7,5.0,0.6,0.6,52.34630046281263,153.92093409495914,-92.50874189047302,75.84,188.63,-51.8,51.4752904498056,153.98986883949055,-92.7245880353028,58.89312068605196,0.6057851036589952
B_PA2_to_C2,1D,156,8,5.0,0.6,0.6,52.34630046281263,153.92093409495914,-92.50874189047302,75.84,188.63,-51.8,52.055963791810285,153.94391234313628,-92.58069060541628,58.58216265679171,0.702056939343283
B_PA2_to_C2,1D,156,9,5.0,0.6,0.6,52.34630046281263,153.92093409495914,-92.50874189047302,75.84,188.63,-51.8,52.63663713381497,153.897955846782,-92.43679317552976,58.27572306674299,0.7969298774388598
B_PA2_to_C2,1D,156,10,5.0,0.6,0.6,52.34630046281263,153.92093409495914,-92.50874189047302,75.84,188.63,-51.8,53.21731047581966,153.85199935042772,-92.29289574564324,57.97387356694946,0.8903817349600764
B_PA2_to_C2,1D,156,11,5.0,0.6,0.6,52.34630046281263,153.92093409495914,-92.50874189047302,75.84,188.63,-51.8,53.797983817824345,153.8060428540734,-92.14899831575671,57.676686223824994,0.9823902003236888
B_PA2_to_C2,1D,156,12,5.0,0.6,0.6,52.34630046281263,153.92093409495914,-92.50874189047302,75.84,188.63,-51.8,54.37865715982903,153.76008635771913,-92.00510088587019,57.38423347197803,1.072932847954327
B_PA2_to_C2,1D,156,13,5.0,0.6,0.6,52.34630046281263,153.92093409495914,-92.50874189047302,75.84,188.63,-51.8,54.95933050183372,153.71412986136485,-91.86120345598367,57.09658806418649,1.1619871537721416
B_PA2_to_C2,1D,156,14,5.0,0.6,0.6,52.34630046281263,153.92093409495914,-92.50874189047302,75.84,188.63,-51.8,55.540003843838406,153.66817336501055,-91.71730602609715,56.81382301849018,1.249530511572857
B_PA2_to_C2,1D,156,15,5.0,0.6,0.6,52.34630046281263,153.92093409495914,-92.50874189047302,75.84,188.63,-51.8,56.12067718584309,153.62221686865627,-91.57340859621063,56.53601156237717,1.3355402503075346
B_PA2_to_C2,1D,156,16,5.0,0.6,0.6,52.34630046281263,153.92093409495914,-92.50874189047302,75.84,188.63,-51.8,56.70135052784778,153.576260372302,-91.4295111663241,56.26322707405047,1.4199936522662675
B_PA2_to_C2,1D,157,1,5.0,0.6,0.6,53.39535361782308,153.83695674326134,-92.24630226351489,77.09,188.12,-51.8,49.04568912334511,154.18908638535615,-93.34467537891597,60.528921381521364,0.0
B_PA2_to_C2,1D,157,2,5.0,0.6,0.6,53.39535361782308,153.83695674326134,-92.24630226351489,77.09,188.12,-51.8,49.62564438927551,154.14213576641018,-93.19822563019582,60.18803180298554,0.10553856920613569
B_PA2_to_C2,1D,157,3,5.0,0.6,0.6,53.39535361782308,153.83695674326134,-92.24630226351489,77.09,188.12,-51.8,50.2055996552059,154.0951851474642,-93.05177588147568,59.85121570213929,0.20981599980868992
B_PA2_to_C2,1D,157,4,5.0,0.6,0.6,53.39535361782308,153.83695674326134,-92.24630226351489,77.09,188.12,-51.8,50.7855549211363,154.04823452851824,-92.90532613275553,59.51854223459114,0.31281088140254454
B_PA2_to_C2,1D,157,5,5.0,0.6,0.6,53.39535361782308,153.83695674326134,-92.24630226351489,77.09,188.12,-51.8,51.3655101870667,154.00128390957227,-92.75887638403539,59.190081250473156,0.41450158855981556
B_PA2_to_C2,1D,157,6,5.0,0.6,0.6,53.39535361782308,153.83695674326134,-92.24630226351489,77.09,188.12,-51.8,51.94546545299709,153.95433329062627,-92.61242663531524,58.865903264491074,0.5148662901022547
B_PA2_to_C2,1D,157,7,5.0,0.6,0.6,53.39535361782308,153.83695674326134,-92.24630226351489,77.09,188.12,-51.8,52.52542071892749,153.9073826716803,-92.4659768865951,58.54607942340141,0.6138829591702653
B_PA2_to_C2,1D,157,8,5.0,0.6,0.6,53.39535361782308,153.83695674326134,-92.24630226351489,77.09,188.12,-51.8,53.105375984857886,153.86043205273432,-92.31952713787496,58.230681470836586,0.7115293841129322
B_PA2_to_C2,1D,157,9,5.0,0.6,0.6,53.39535361782308,153.83695674326134,-92.24630226351489,77.09,188.12,-51.8,53.68533125078828,153.81348143378835,-92.17307738915483,57.919781709402514,0.8077831802225539
B_PA2_to_C2,1D,157,10,5.0,0.6,0.6,53.39535361782308,153.83695674326134,-92.24630226351489,77.09,188.12,-51.8,54.265286516718675,153.76653081484238,-92.02662764043468,57.61345295997839,0.9026218023352861
B_PA2_to_C2,1D,157,11,5.0,0.6,0.6,53.39535361782308,153.83695674326134,-92.24630226351489,77.09,188.12,-51.8,54.845241782649076,153.7195801958964,-91.88017789171454,57.31176851815382,0.9960225583181241
B_PA2_to_C2,1D,157,12,5.0,0.6,0.6,53.39535361782308,153.83695674326134,-92.24630226351489,77.09,188.12,-51.8,55.42519704857947,153.6726295769504,-91.7337281429944,57.014802107744394,1.0879626234603599
B_PA2_to_C2,1D,157,13,5.0,0.6,0.6,53.39535361782308,153.83695674326134,-92.24630226351489,77.09,188.12,-51.8,56.005152314509864,153.62567895800444,-91.58727839427425,56.722627831334286,1.1784190557854721
B_PA2_to_C2,1D,157,14,5.0,0.6,0.6,53.39535361782308,153.83695674326134,-92.24630226351489,77.09,188.12,-51.8,56.585107580440265,153.57872833905847,-91.4408286455541,56.43532011780268,1.2673688122968052
B_PA2_to_C2,1D,157,15,5.0,0.6,0.6,53.39535361782308,153.83695674326134,-92.24630226351489,77.09,188.12,-51.8,57.16506284637066,153.5317777201125,-91.29437889683396,56.15295366679895,1.3547887661679283
B_PA2_to_C2,1D,157,16,5.0,0.6,0.6,53.39535361782308,153.83695674326134,-92.24630226351489,77.09,188.12,-51.8,57.745018112301054,153.48482710116653,-91.14792914811382,55.87560339014223,1.440655724885179
B_PA2_to_C2,1D,158,1,5.0,0.6,0.6,54.443099474220304,153.75118650031843,-91.97926021080472,78.34,187.6,-51.8,50.09889736042831,154.11073822572092,-93.09668159563914,60.203873989109816,0.0
B_PA2_to_C2,1D,158,2,5.0,0.6,0.6,54.443099474220304,153.75118650031843,-91.97926021080472,78.34,187.6,-51.8,50.67812430893391,154.06279799566727,-92.94769207766122,59.85863219574463,0.10688600413782723
B_PA2_to_C2,1D,158,3,5.0,0.6,0.6,54.443099474220304,153.75118650031843,-91.97926021080472,78.34,187.6,-51.8,51.25735125743951,154.01485776561358,-92.79870255968329,59.51743654925219,0.21251933122526978
B_PA2_to_C2,1D,158,4,5.0,0.6,0.6,54.443099474220304,153.75118650031843,-91.97926021080472,78.34,187.6,-51.8,51.83657820594511,153.96691753555993,-92.64971304170537,59.180357032068365,0.31687831487351303
B_PA2_to_C2,1D,158,5,5.0,0.6,0.6,54.443099474220304,153.75118650031843,-91.97926021080472,78.34,187.6,-51.8,52.41580515445071,153.91897730550627,-92.50072352372744,58.84746437606217,0.41994105667109594
B_PA2_to_C2,1D,158,6,5.0,0.6,0.6,54.443099474220304,153.75118650031843,-91.97926021080472,78.34,187.6,-51.8,52.99503210295631,153.8710370754526,-92.35173400574953,58.51883003393636,0.5216854350382221
B_PA2_to_C2,1D,158,7,5.0,0.6,0.6,54.443099474220304,153.75118650031843,-91.97926021080472,78.34,187.6,-51.8,53.57425905146191,153.82309684539894,-92.20274448777161,58.194526147993976,0.6220891148965428
B_PA2_to_C2,1D,158,8,5.0,0.6,0.6,54.443099474220304,153.75118650031843,-91.97926021080472,78.34,187.6,-51.8,54.15348599996751,153.77515661534525,-92.05375496979369,57.874625516182654,0.7211295581817829
B_PA2_to_C2,1D,158,9,5.0,0.6,0.6,54.443099474220304,153.75118650031843,-91.97926021080472,78.34,187.6,-51.8,54.7327129484731,153.7272163852916,-91.90476545181576,57.559201555330866,0.8187840352256792
B_PA2_to_C2,1D,158,10,5.0,0.6,0.6,54.443099474220304,153.75118650031843,-91.97926021080472,78.34,187.6,-51.8,55.3119398969787,153.67927615523791,-91.75577593383784,57.248328261496226,0.9150296370320703
B_PA2_to_C2,1D,158,11,5.0,0.6,0.6,54.443099474220304,153.75118650031843,-91.97926021080472,78.34,187.6,-51.8,55.8911668454843,153.63133592518426,-91.60678641585991,56.94208016734944,1.0098432884707051
B_PA2_to_C2,1D,158,12,5.0,0.6,0.6,54.443099474220304,153.75118650031843,-91.97926021080472,78.34,187.6,-51.8,56.4703937939899,153.58339569513058,-91.457796897882,56.64053229652487,1.103201762410201
B_PA2_to_C2,1D,158,13,5.0,0.6,0.6,54.443099474220304,153.75118650031843,-91.97926021080472,78.34,187.6,-51.8,57.0496207424955,153.53545546507692,-91.30880737990408,56.343760114874286,1.1950816948097618
B_PA2_to_C2,1D,158,14,5.0,0.6,0.6,54.443099474220304,153.75118650031843,-91.97926021080472,78.34,187.6,-51.8,57.6288476910011,153.48751523502327,-91.15981786192616,56.05183947856949,1.2854596007864778
B_PA2_to_C2,1D,158,15,5.0,0.6,0.6,54.443099474220304,153.75118650031843,-91.97926021080472,78.34,187.6,-51.8,58.2080746395067,153.43957500496958,-91.01082834394823,55.76484657900662,1.3743118916728143
B_PA2_to_C2,1D,158,16,5.0,0.6,0.6,54.443099474220304,153.75118650031843,-91.97926021080472,78.34,187.6,-51.8,58.7873015880123,153.39163477491593,-90.86183882597031,55.482857884476076,1.4616148930754598
B_PA2_to_C2,1D,159,1,5.0,0.6,0.6,55.489519564142554,153.663631248831,-91.70763814280556,79.58,187.08,-51.8,51.15085477231253,154.0305689185864,-92.84401157203074,59.87563844425416,0.0
B_PA2_to_C2,1D,159,2,5.0,0.6,0.6,55.489519564142554,153.663631248831,-91.70763814280556,79.58,187.08,-51.8,51.7293434112232,153.98164389595235,-92.6924951148007,59.526098527707376,0.10821669242934462
B_PA2_to_C2,1D,159,3,5.0,0.6,0.6,55.489519564142554,153.663631248831,-91.70763814280556,79.58,187.08,-51.8,52.30783205013387,153.9327188733183,-92.54097865757069,59.180577326971104,0.21518920039723355
B_PA2_to_C2,1D,159,4,5.0,0.6,0.6,55.489519564142554,153.663631248831,-91.70763814280556,79.58,187.08,-51.8,52.88632068904454,153.88379385068424,-92.38946220034066,58.83914563942007,0.3208956052117955
B_PA2_to_C2,1D,159,5,5.0,0.6,0.6,55.489519564142554,153.663631248831,-91.70763814280556,79.58,187.08,-51.8,53.46480932795521,153.8348688280502,-92.23794574311064,58.501875067387076,0.4253137389681392
B_PA2_to_C2,1D,159,6,5.0,0.6,0.6,55.489519564142554,153.663631248831,-91.70763814280556,79.58,187.08,-51.8,54.04329796686588,153.78594380541614,-92.08642928588063,58.168837991002064,0.5284211929573068
B_PA2_to_C2,1D,159,7,5.0,0.6,0.6,55.489519564142554,153.663631248831,-91.70763814280556,79.58,187.08,-51.8,54.62178660577655,153.7370187827821,-91.9349128286506,57.8401075383399,0.6301953269084422
B_PA2_to_C2,1D,159,8,5.0,0.6,0.6,55.489519564142554,153.663631248831,-91.70763814280556,79.58,187.08,-51.8,55.20027524468722,153.68809376014804,-91.78339637142058,57.51575755277857,0.7306132790946123
B_PA2_to_C2,1D,159,9,5.0,0.6,0.6,55.489519564142554,153.663631248831,-91.70763814280556,79.58,187.08,-51.8,55.77876388359789,153.63916873751396,-91.63187991419055,57.19586255747251,0.8296519773317819
B_PA2_to_C2,1D,159,10,5.0,0.6,0.6,55.489519564142554,153.663631248831,-91.70763814280556,79.58,187.08,-51.8,56.35725252250856,153.5902437148799,-91.48036345696053,56.880497716849895,0.9272881508991553
B_PA2_to_C2,1D,159,11,5.0,0.6,0.6,55.489519564142554,153.663631248831,-91.70763814280556,79.58,187.08,-51.8,56.93574116141923,153.54131869224585,-91.3288469997305,56.569738795046995,1.0234983434077911
B_PA2_to_C2,1D,159,12,5.0,0.6,0.6,55.489519564142554,153.663631248831,-91.70763814280556,79.58,187.08,-51.8,57.5142298003299,153.4923936696118,-91.17733054250048,56.263662111198606,1.1182589266425857
B_PA2_to_C2,1D,159,13,5.0,0.6,0.6,55.489519564142554,153.663631248831,-91.70763814280556,79.58,187.08,-51.8,58.09271843924057,153.44346864697775,-91.02581408527047,55.96234449150969,1.2115461154007647
B_PA2_to_C2,1D,159,14,5.0,0.6,0.6,55.489519564142554,153.663631248831,-91.70763814280556,79.58,187.08,-51.8,58.67120707815124,153.3945436243437,-90.87429762804044,55.6658632180413,1.3033359833476332
B_PA2_to_C2,1D,159,15,5.0,0.6,0.6,55.489519564142554,153.663631248831,-91.70763814280556,79.58,187.08,-51.8,59.24969571706191,153.34561860170965,-90.72278117081042,55.3742959741518,1.3936044799078537
B_PA2_to_C2,1D,159,16,5.0,0.6,0.6,55.489519564142554,153.663631248831,-91.70763814280556,79.58,187.08,-51.8,59.82818435597258,153.2966935790756,-90.57126471358039,55.087720786544104,1.4823274482074495
B_PA2_to_C2,1D,160,1,5.0,0.6,0.6,56.53459623990898,153.5743005258712,-91.43146003128533,80.81999999999998,186.54,-51.8,52.201542243641796,153.9485858689869,-92.58668881700777,59.537974302684205,0.0
B_PA2_to_C2,1D,160,2,5.0,0.6,0.6,56.53459623990898,153.5743005258712,-91.43146003128533,80.81999999999998,186.54,-51.8,52.779282776477416,153.89868115657146,-92.43265831224477,59.18403872470645,0.10957757832128578
B_PA2_to_C2,1D,160,3,5.0,0.6,0.6,56.53459623990898,153.5743005258712,-91.43146003128533,80.81999999999998,186.54,-51.8,53.35702330931304,153.84877644415604,-92.27862780748178,58.834092968856226,0.21791991759380025
B_PA2_to_C2,1D,160,4,5.0,0.6,0.6,56.53459623990898,153.5743005258712,-91.43146003128533,80.81999999999998,186.54,-51.8,53.93476384214867,153.7988717317406,-92.1245973027188,58.48820865070571,0.3250048458137762
B_PA2_to_C2,1D,160,5,5.0,0.6,0.6,56.53459623990898,153.5743005258712,-91.43146003128533,80.81999999999998,186.54,-51.8,54.51250437498429,153.7489670193252,-91.9705667979558,58.14645824870979,0.43080992383108807
B_PA2_to_C2,1D,160,6,5.0,0.6,0.6,56.53459623990898,153.5743005258712,-91.43146003128533,80.81999999999998,186.54,-51.8,55.090244907819915,153.69906230690975,-91.81653629319281,57.80891507864007,0.5353124532644387
B_PA2_to_C2,1D,160,7,5.0,0.6,0.6,56.53459623990898,153.5743005258712,-91.43146003128533,80.81999999999998,186.54,-51.8,55.66798544065554,153.64915759449434,-91.66250578842981,57.47565326527297,0.6384894852666356
B_PA2_to_C2,1D,160,8,5.0,0.6,0.6,56.53459623990898,153.5743005258712,-91.43146003128533,80.81999999999998,186.54,-51.8,56.24572597349117,153.5992528820789,-91.50847528366683,57.14674771122458,0.7403178301732609
B_PA2_to_C2,1D,160,9,5.0,0.6,0.6,56.53459623990898,153.5743005258712,-91.43146003128533,80.81999999999998,186.54,-51.8,56.82346650632679,153.5493481696635,-91.35444477890383,56.822274062825194,0.8407740680678053
B_PA2_to_C2,1D,160,10,5.0,0.6,0.6,56.53459623990898,153.5743005258712,-91.43146003128533,80.81999999999998,186.54,-51.8,57.401207039162415,153.49944345724805,-91.20041427414084,56.50230867293198,0.9398345602948055
B_PA2_to_C2,1D,160,11,5.0,0.6,0.6,56.53459623990898,153.5743005258712,-91.43146003128533,80.81999999999998,186.54,-51.8,57.97894757199804,153.44953874483264,-91.04638376937784,56.186928560580256,1.0374754619516864
B_PA2_to_C2,1D,160,12,5.0,0.6,0.6,56.53459623990898,153.5743005258712,-91.43146003128533,80.81999999999998,186.54,-51.8,58.55668810483367,153.3996340324172,-90.89235326461485,55.87621136738082,1.1336727353880462
B_PA2_to_C2,1D,160,13,5.0,0.6,0.6,56.53459623990898,153.5743005258712,-91.43146003128533,80.81999999999998,186.54,-51.8,59.13442863766929,153.34972932000179,-90.73832275985185,55.57023531057506,1.2284021647396735
B_PA2_to_C2,1D,160,14,5.0,0.6,0.6,56.53459623990898,153.5743005258712,-91.43146003128533,80.81999999999998,186.54,-51.8,59.712169170504914,153.29982460758634,-90.58429225508887,55.2690791326683,1.3216393715219503
B_PA2_to_C2,1D,160,15,5.0,0.6,0.6,56.53459623990898,153.5743005258712,-91.43146003128533,80.81999999999998,186.54,-51.8,60.28990970334054,153.24991989517093,-90.43026175032588,54.97282204756835,1.4133598313052183
B_PA2_to_C2,1D,160,16,5.0,0.6,0.6,56.53459623990898,153.5743005258712,-91.43146003128533,80.81999999999998,186.54,-51.8,60.86765023617616,153.2000151827555,-90.27623124556288,54.68154368316684,1.5035388914914414
B_PA2_to_C2,1D,161,1,5.0,0.6,0.6,57.57831172533226,153.4832032432207,-91.1507485139026,82.06,186.0,-51.8,53.25094096876465,153.86480033284968,-92.3247357354643,59.20208734784643,0.0
B_PA2_to_C2,1D,161,2,5.0,0.6,0.6,57.57831172533226,153.4832032432207,-91.1507485139026,82.06,186.0,-51.8,53.827923736307,153.81392072089915,-92.16820410592274,58.84373995810413,0.11094346431650237
B_PA2_to_C2,1D,161,3,5.0,0.6,0.6,57.57831172533226,153.4832032432207,-91.1507485139026,82.06,186.0,-51.8,54.40490650384935,153.7630411089486,-92.01167247638118,58.489352177741914,0.2206610433760119
B_PA2_to_C2,1D,161,4,5.0,0.6,0.6,57.57831172533226,153.4832032432207,-91.1507485139026,82.06,186.0,-51.8,54.981889271391694,153.71216149699808,-91.85514084683962,58.13899641451394,0.32913031991718
B_PA2_to_C2,1D,161,5,5.0,0.6,0.6,57.57831172533226,153.4832032432207,-91.1507485139026,82.06,186.0,-51.8,55.55887203893405,153.66128188504754,-91.69860921729806,57.792745998107826,0.4363285912503443
B_PA2_to_C2,1D,161,6,5.0,0.6,0.6,57.57831172533226,153.4832032432207,-91.1507485139026,82.06,186.0,-51.8,56.135854806476395,153.610402273097,-91.5420775877565,57.45067515631779,0.5422328766342552
B_PA2_to_C2,1D,161,7,5.0,0.6,0.6,57.57831172533226,153.4832032432207,-91.1507485139026,82.06,186.0,-51.8,56.71283757401874,153.55952266114647,-91.38554595821493,57.11285898842477,0.6468199255175442
B_PA2_to_C2,1D,161,8,5.0,0.6,0.6,57.57831172533226,153.4832032432207,-91.1507485139026,82.06,186.0,-51.8,57.28982034156109,153.50864304919594,-91.22901432867337,56.77937343566442,0.7500662266817386
B_PA2_to_C2,1D,161,9,5.0,0.6,0.6,57.57831172533226,153.4832032432207,-91.1507485139026,82.06,186.0,-51.8,57.86680310910344,153.45776343724543,-91.07248269913183,56.45029524866611,0.85194801832208
B_PA2_to_C2,1D,161,10,5.0,0.6,0.6,57.57831172533226,153.4832032432207,-91.1507485139026,82.06,186.0,-51.8,58.443785876645784,153.4068838252949,-90.91595106959026,56.12570195174862,0.9524412991014906
B_PA2_to_C2,1D,161,11,5.0,0.6,0.6,57.57831172533226,153.4832032432207,-91.1507485139026,82.06,186.0,-51.8,59.02076864418813,153.35600421334436,-90.7594194400487,55.805671803961474,1.051521840212061
B_PA2_to_C2,1D,161,12,5.0,0.6,0.6,57.57831172533226,153.4832032432207,-91.1507485139026,82.06,186.0,-51.8,59.59775141173048,153.30512460139383,-90.60288781050714,55.490283756765955,1.149165198476929
B_PA2_to_C2,1D,161,13,5.0,0.6,0.6,57.57831172533226,153.4832032432207,-91.1507485139026,82.06,186.0,-51.8,60.17473417927283,153.2542449894433,-90.44635618096558,55.17961740825452,1.24534673052381
B_PA2_to_C2,1D,161,14,5.0,0.6,0.6,57.57831172533226,153.4832032432207,-91.1507485139026,82.06,186.0,-51.8,60.75171694681518,153.20336537749276,-90.28982455142402,54.8737529538147,1.3400416080593587
B_PA2_to_C2,1D,161,15,5.0,0.6,0.6,57.57831172533226,153.4832032432207,-91.1507485139026,82.06,186.0,-51.8,61.328699714357526,153.15248576554222,-90.13329292188246,54.572771133150546,1.4332248342711722
B_PA2_to_C2,1D,161,16,5.0,0.6,0.6,57.57831172533226,153.4832032432207,-91.1507485139026,82.06,186.0,-51.8,61.90568248189987,153.1016061535917,-89.9767612923409,54.276753173584105,1.5248712613815272
B_PA2_to_C2,1D,162,1,5.0,0.6,0.6,58.62064887440875,153.39034780748443,-90.86552767323835,83.29999999999998,185.45,-51.8,54.299032002238754,153.77922206398452,-92.05817364870933,58.86267803463592,0.0
B_PA2_to_C2,1D,162,2,5.0,0.6,0.6,58.62064887440875,153.39034780748443,-90.86552767323835,83.29999999999998,185.45,-51.8,54.87524758519476,153.72737216311785,-91.8991541853132,58.499861821185746,0.11232700106816651
B_PA2_to_C2,1D,162,3,5.0,0.6,0.6,58.62064887440875,153.39034780748443,-90.86552767323835,83.29999999999998,185.45,-51.8,55.45146316815075,153.67552226225118,-91.74013472191707,58.14097351082491,0.22343793306842485
B_PA2_to_C2,1D,162,4,5.0,0.6,0.6,58.62064887440875,153.39034780748443,-90.86552767323835,83.29999999999998,185.45,-51.8,56.027678751106755,153.62367236138448,-91.58111525852094,57.786086287921094,0.33331013830180467
B_PA2_to_C2,1D,162,5,5.0,0.6,0.6,58.62064887440875,153.39034780748443,-90.86552767323835,83.29999999999998,185.45,-51.8,56.60389433406275,153.5718224605178,-91.4220957951248,57.43527431956497,0.44192065482072707
B_PA2_to_C2,1D,162,6,5.0,0.6,0.6,58.62064887440875,153.39034780748443,-90.86552767323835,83.29999999999998,185.45,-51.8,57.180109917018754,153.51997255965114,-91.26307633172867,57.08861273364676,0.549246223216457
B_PA2_to_C2,1D,162,7,5.0,0.6,0.6,58.62064887440875,153.39034780748443,-90.86552767323835,83.29999999999998,185.45,-51.8,57.75632549997475,153.46812265878444,-91.10405686833255,56.74617759409804,0.6552632942841718
B_PA2_to_C2,1D,162,8,5.0,0.6,0.6,58.62064887440875,153.39034780748443,-90.86552767323835,83.29999999999998,185.45,-51.8,58.33254108293075,153.41627275791777,-90.94503740493641,56.408045873168945,0.7599480376058736
B_PA2_to_C2,1D,162,9,5.0,0.6,0.6,58.62064887440875,153.39034780748443,-90.86552767323835,83.29999999999998,185.45,-51.8,58.90875666588675,153.3644228570511,-90.78601794154028,56.074295420612714,0.863276351090775
B_PA2_to_C2,1D,162,10,5.0,0.6,0.6,58.62064887440875,153.39034780748443,-90.86552767323835,83.29999999999998,185.45,-51.8,59.48497224884275,153.31257295618443,-90.62699847814415,55.745004929650555,0.9652238715124959
B_PA2_to_C2,1D,162,11,5.0,0.6,0.6,58.62064887440875,153.39034780748443,-90.86552767323835,83.29999999999998,185.45,-51.8,60.06118783179875,153.26072305531773,-90.46797901474802,55.420253899593284,1.0657659860813133
B_PA2_to_C2,1D,162,12,5.0,0.6,0.6,58.62064887440875,153.39034780748443,-90.86552767323835,83.29999999999998,185.45,-51.8,60.63740341475475,153.20887315445106,-90.30895955135189,55.10012259499974,1.1648778450886006
B_PA2_to_C2,1D,162,13,5.0,0.6,0.6,58.62064887440875,153.39034780748443,-90.86552767323835,83.29999999999998,185.45,-51.8,61.213618997710746,153.15702325358438,-90.14994008795576,54.78469200125723,1.2625343756590368
B_PA2_to_C2,1D,162,14,5.0,0.6,0.6,58.62064887440875,153.39034780748443,-90.86552767323835,83.29999999999998,185.45,-51.8,61.78983458066675,153.10517335271769,-89.99092062455962,54.47404377647428,1.358710296644471
B_PA2_to_C2,1D,162,15,5.0,0.6,0.6,58.62064887440875,153.39034780748443,-90.86552767323835,83.29999999999998,185.45,-51.8,62.366050163622745,153.053323451851,-89.8319011611635,54.16826019958417,1.4533801346909456
B_PA2_to_C2,1D,162,16,5.0,0.6,0.6,58.62064887440875,153.39034780748443,-90.86552767323835,83.29999999999998,185.45,-51.8,62.94226574657875,153.00147355098434,-89.67288169776737,53.86742411456548,1.5465182415078758
B_PA2_to_C2,1D,163,1,5.0,0.6,0.6,59.66159077497219,153.29574248131743,-90.57582147899205,84.53,184.89,-51.8,55.345797146610835,153.69185605115953,-91.78702724069502,58.514991494389065,0.0
B_PA2_to_C2,1D,163,2,5.0,0.6,0.6,59.66159077497219,153.29574248131743,-90.57582147899205,84.53,184.89,-51.8,55.92123629705901,153.63904090851392,-91.62553313913463,58.14771615949125,0.1137075340240905
B_PA2_to_C2,1D,163,3,5.0,0.6,0.6,59.66159077497219,153.29574248131743,-90.57582147899205,84.53,184.89,-51.8,56.496675447507194,153.5862257658683,-91.46403903757422,57.78433662802659,0.22620893695432542
B_PA2_to_C2,1D,163,4,5.0,0.6,0.6,59.66159077497219,153.29574248131743,-90.57582147899205,84.53,184.89,-51.8,57.07211459795538,153.5334106232227,-91.30254493601383,57.42492685687488,0.3374813119238951
B_PA2_to_C2,1D,163,5,5.0,0.6,0.6,59.66159077497219,153.29574248131743,-90.57582147899205,84.53,184.89,-51.8,57.64755374840355,153.48059548057708,-91.14105083445344,57.06956184774653,0.44750143858901836
B_PA2_to_C2,1D,163,6,5.0,0.6,0.6,59.66159077497219,153.29574248131743,-90.57582147899205,84.53,184.89,-51.8,58.222992898851736,153.42778033793147,-90.97955673289304,56.71831762728952,0.5562457792877815
B_PA2_to_C2,1D,163,7,5.0,0.6,0.6,59.66159077497219,153.29574248131743,-90.57582147899205,84.53,184.89,-51.8,58.79843204929992,153.37496519528585,-90.81806263133265,56.37127122432522,0.6636904860878765
B_PA2_to_C2,1D,163,8,5.0,0.6,0.6,59.66159077497219,153.29574248131743,-90.57582147899205,84.53,184.89,-51.8,59.3738711997481,153.32215005264024,-90.65656852977226,56.02850064407196,0.7698114087669055
B_PA2_to_C2,1D,163,9,5.0,0.6,0.6,59.66159077497219,153.29574248131743,-90.57582147899205,84.53,184.89,-51.8,59.94931035019628,153.26933490999463,-90.49507442821185,55.690084839216276,0.8745841037686652
B_PA2_to_C2,1D,163,10,5.0,0.6,0.6,59.66159077497219,153.29574248131743,-90.57582147899205,84.53,184.89,-51.8,60.52474950064446,153.216519767349,-90.33358032665146,55.35610367769251,0.9779838441784996
B_PA2_to_C2,1D,163,11,5.0,0.6,0.6,59.66159077497219,153.29574248131743,-90.57582147899205,84.53,184.89,-51.8,61.100188651092644,153.1637046247034,-90.17208622509106,55.02663790703351,1.079985630760234
B_PA2_to_C2,1D,163,12,5.0,0.6,0.6,59.66159077497219,153.29574248131743,-90.57582147899205,84.53,184.89,-51.8,61.67562780154083,153.1108894820578,-90.01059212353067,54.70176911515854,1.180564204096136
B_PA2_to_C2,1D,163,13,5.0,0.6,0.6,59.66159077497219,153.29574248131743,-90.57582147899205,84.53,184.89,-51.8,62.251066951989,153.05807433941217,-89.84909802197028,54.38157968746815,1.2796940578702518
B_PA2_to_C2,1D,163,14,5.0,0.6,0.6,59.66159077497219,153.29574248131743,-90.57582147899205,84.53,184.89,-51.8,62.826506102437186,153.00525919676656,-89.68760392040988,54.066152760121405,1.3773494533336397
B_PA2_to_C2,1D,163,15,5.0,0.6,0.6,59.66159077497219,153.29574248131743,-90.57582147899205,84.53,184.89,-51.8,63.40194525288537,152.95244405412095,-89.52610981884948,53.755572169377174,1.4735044349882003
B_PA2_to_C2,1D,163,16,5.0,0.6,0.6,59.66159077497219,153.29574248131743,-90.57582147899205,84.53,184.89,-51.8,63.977384403333545,152.89962891147533,-89.36461571728908,53.44992239688898,1.5681328475232448
B_PA2_to_C2,1D,164,1,5.0,0.6,0.6,60.701120897744595,153.19939724981538,-90.28165367028168,85.76,184.33,-51.8,56.39121832458467,153.60271051721273,-91.51131956726782,58.16941256219535,0.0
B_PA2_to_C2,1D,164,2,5.0,0.6,0.6,60.701120897744595,153.19939724981538,-90.28165367028168,85.76,184.33,-51.8,56.96587200100599,153.5489354148931,-91.34736411433633,57.797662172503756,0.11509299990451893
B_PA2_to_C2,1D,164,3,5.0,0.6,0.6,60.701120897744595,153.19939724981538,-90.28165367028168,85.76,184.33,-51.8,57.54052567742731,153.49516031257343,-91.18340866140484,57.429774049554254,0.22899025159167152
B_PA2_to_C2,1D,164,4,5.0,0.6,0.6,60.701120897744595,153.19939724981538,-90.28165367028168,85.76,184.33,-51.8,58.11517935384864,153.4413852102538,-91.01945320847337,57.06582289040295,0.34166862903789763
B_PA2_to_C2,1D,164,5,5.0,0.6,0.6,60.701120897744595,153.19939724981538,-90.28165367028168,85.76,184.33,-51.8,58.68983303026996,153.38761010793414,-90.85549775554188,56.705884500065956,0.45310466319795495
B_PA2_to_C2,1D,164,6,5.0,0.6,0.6,60.701120897744595,153.19939724981538,-90.28165367028168,85.76,184.33,-51.8,59.26448670669129,153.3338350056145,-90.6915423026104,56.35003577382009,0.5632745474846033
B_PA2_to_C2,1D,164,7,5.0,0.6,0.6,60.701120897744595,153.19939724981538,-90.28165367028168,85.76,184.33,-51.8,59.83914038311261,153.28005990329484,-90.52758684967891,55.99835467660444,0.672154144145793
B_PA2_to_C2,1D,164,8,5.0,0.6,0.6,60.701120897744595,153.19939724981538,-90.28165367028168,85.76,184.33,-51.8,60.413794059533934,153.2262848009752,-90.36363139674742,55.65092021937075,0.7797189915865665
B_PA2_to_C2,1D,164,9,5.0,0.6,0.6,60.701120897744595,153.19939724981538,-90.28165367028168,85.76,184.33,-51.8,60.988447735955255,153.17250969865555,-90.19967594381595,55.30781243223016,0.8859443126827244
B_PA2_to_C2,1D,164,10,5.0,0.6,0.6,60.701120897744595,153.19939724981538,-90.28165367028168,85.76,184.33,-51.8,61.56310141237658,153.1187345963359,-90.03572049088446,54.96911233424398,0.9908050241335502
B_PA2_to_C2,1D,164,11,5.0,0.6,0.6,60.701120897744595,153.19939724981538,-90.28165367028168,85.76,184.33,-51.8,62.1377550887979,153.06495949401625,-89.87176503795297,54.634901899708005,1.0942757469001059
B_PA2_to_C2,1D,164,12,5.0,0.6,0.6,60.701120897744595,153.19939724981538,-90.28165367028168,85.76,184.33,-51.8,62.71240876521923,153.01118439169662,-89.7078095850215,54.30526402078071,1.1963308177754293
B_PA2_to_C2,1D,164,13,5.0,0.6,0.6,60.701120897744595,153.19939724981538,-90.28165367028168,85.76,184.33,-51.8,63.28706244164055,152.95740928937695,-89.54385413209,53.98028246631063,1.296944302131493
B_PA2_to_C2,1D,164,14,5.0,0.6,0.6,60.701120897744595,153.19939724981538,-90.28165367028168,85.76,184.33,-51.8,63.86171611806188,152.90363418705732,-89.37989867915853,53.66004183672116,1.3960900078867446
B_PA2_to_C2,1D,164,15,5.0,0.6,0.6,60.701120897744595,153.19939724981538,-90.28165367028168,85.76,184.33,-51.8,64.4363697944832,152.84985908473766,-89.21594322622704,53.34462751481773,1.4937415007361068
B_PA2_to_C2,1D,164,16,5.0,0.6,0.6,60.701120897744595,153.19939724981538,-90.28165367028168,85.76,184.33,-51.8,65.01102347090452,152.79608398241803,-89.05198777329555,53.03412561238877,1.5898721206831539
B_PA2_to_C2,1D,165,1,5.0,0.6,0.6,61.739223076886844,153.10132122517263,-89.98304854624612,86.98,183.75,-51.8,57.43527768702566,153.51179839085634,-91.23107201459314,57.81045660886976,0.0
B_PA2_to_C2,1D,165,2,5.0,0.6,0.6,61.739223076886844,153.10132122517263,-89.98304854624612,86.98,183.75,-51.8,58.009137072340486,153.4570681020985,-91.0646688854802,57.4341957759533,0.11648942195555989
B_PA2_to_C2,1D,165,3,5.0,0.6,0.6,61.739223076886844,153.10132122517263,-89.98304854624612,86.98,183.75,-51.8,58.58299645765531,153.4023378133407,-90.89826575636727,57.06176299007111,0.23179369003054262
B_PA2_to_C2,1D,165,4,5.0,0.6,0.6,61.739223076886844,153.10132122517263,-89.98304854624612,86.98,183.75,-51.8,59.15685584297013,153.34760752458286,-90.73186262725433,56.6932336936214,0.34588944744531247
B_PA2_to_C2,1D,165,5,5.0,0.6,0.6,61.739223076886844,153.10132122517263,-89.98304854624612,86.98,183.75,-51.8,59.73071522828496,153.29287723582502,-90.5654594981414,56.328684502161856,0.4587529742129739
B_PA2_to_C2,1D,165,6,5.0,0.6,0.6,61.739223076886844,153.10132122517263,-89.98304854624612,86.98,183.75,-51.8,60.30457461359978,153.2381469470672,-90.39905636902846,55.96819318906593,0.5703601918897299
B_PA2_to_C2,1D,165,7,5.0,0.6,0.6,61.739223076886844,153.10132122517263,-89.98304854624612,86.98,183.75,-51.8,60.87843399891461,153.18341665830937,-90.23265323991552,55.61183866725794,0.6806866692296651
B_PA2_to_C2,1D,165,8,5.0,0.6,0.6,61.739223076886844,153.10132122517263,-89.98304854624612,86.98,183.75,-51.8,61.452293384229435,153.12868636955153,-90.06625011080259,55.259700967863054,0.7897076287946447
B_PA2_to_C2,1D,165,9,5.0,0.6,0.6,61.739223076886844,153.10132122517263,-89.98304854624612,86.98,183.75,-51.8,62.026152769544254,153.07395608079372,-89.89984698168966,54.91186121560772,0.897397954570291
B_PA2_to_C2,1D,165,10,5.0,0.6,0.6,61.739223076886844,153.10132122517263,-89.98304854624612,86.98,183.75,-51.8,62.60001215485908,153.01922579203588,-89.73344385257673,54.5684016008045,1.0037322006394014
B_PA2_to_C2,1D,165,11,5.0,0.6,0.6,61.739223076886844,153.10132122517263,-89.98304854624612,86.98,183.75,-51.8,63.173871540173906,152.96449550327804,-89.56704072346379,54.22940534775577,1.1086846009640823
B_PA2_to_C2,1D,165,12,5.0,0.6,0.6,61.739223076886844,153.10132122517263,-89.98304854624612,86.98,183.75,-51.8,63.74773092548873,152.90976521452023,-89.40063759435085,53.89495667941222,1.2122290803274112
B_PA2_to_C2,1D,165,13,5.0,0.6,0.6,61.739223076886844,153.10132122517263,-89.98304854624612,86.98,183.75,-51.8,64.32159031080356,152.8550349257624,-89.23423446523792,53.56514077812397,1.3143392664847653
B_PA2_to_C2,1D,165,14,5.0,0.6,0.6,61.739223076886844,153.10132122517263,-89.98304854624612,86.98,183.75,-51.8,64.89544969611838,152.80030463700456,-89.06783133612498,53.240043742325746,1.4149885035739977
B_PA2_to_C2,1D,165,15,5.0,0.6,0.6,61.739223076886844,153.10132122517263,-89.98304854624612,86.98,183.75,-51.8,65.46930908143321,152.74557434824675,-88.90142820701205,52.91975253900264,1.5141498668319286
B_PA2_to_C2,1D,165,16,5.0,0.6,0.6,61.739223076886844,153.10132122517263,-89.98304854624612,86.98,183.75,-51.8,66.04316846674803,152.6908440594889,-88.73502507789911,52.604354951788885,1.6117961786628108
B_PA2_to_C2,1D,166,1,5.0,0.6,0.6,62.77588159274177,153.0015225529011,-89.6800312508476,88.2,183.17,-51.8,58.47795854534679,153.4191254896579,-90.946311340671,57.45387692700115,0.0
B_PA2_to_C2,1D,166,2,5.0,0.6,0.6,62.77588159274177,153.0015225529011,-89.6800312508476,88.2,183.17,-51.8,59.05101495166612,153.3634450980903,-90.7774739953612,57.07308931122975,0.11789090271560454
B_PA2_to_C2,1D,166,3,5.0,0.6,0.6,62.77588159274177,153.0015225529011,-89.6800312508476,88.2,183.17,-51.8,59.62407135798545,153.30776470652273,-90.60863665005142,56.69609398461433,0.23460772210118463
B_PA2_to_C2,1D,166,4,5.0,0.6,0.6,62.77588159274177,153.0015225529011,-89.6800312508476,88.2,183.17,-51.8,60.19712776430478,153.25208431495517,-90.43979930474164,56.32296709777313,0.35012688211393694
B_PA2_to_C2,1D,166,5,5.0,0.6,0.6,62.77588159274177,153.0015225529011,-89.6800312508476,88.2,183.17,-51.8,60.77018417062411,153.1964039233876,-90.27096195943186,55.95378604063756,0.4644244230227841
B_PA2_to_C2,1D,166,6,5.0,0.6,0.6,62.77588159274177,153.0015225529011,-89.6800312508476,88.2,183.17,-51.8,61.343240576943444,153.14072353182002,-90.10212461412208,55.588629429642005,0.5774760053743506
B_PA2_to_C2,1D,166,7,5.0,0.6,0.6,62.77588159274177,153.0015225529011,-89.6800312508476,88.2,183.17,-51.8,61.916296983262775,153.08504314025245,-89.93328726881228,55.22757709198071,0.6892569148670091
B_PA2_to_C2,1D,166,8,5.0,0.6,0.6,62.77588159274177,153.0015225529011,-89.6800312508476,88.2,183.17,-51.8,62.48935338958211,153.0293627486849,-89.7644499235025,54.870710046757054,0.799742068187026
B_PA2_to_C2,1D,166,9,5.0,0.6,0.6,62.77588159274177,153.0015225529011,-89.6800312508476,88.2,183.17,-51.8,63.06240979590143,152.9736823571173,-89.59561257819271,54.51811048284689,0.9089060198619983
B_PA2_to_C2,1D,166,10,5.0,0.6,0.6,62.77588159274177,153.0015225529011,-89.6800312508476,88.2,183.17,-51.8,63.63546620222076,152.91800196554973,-89.42677523288293,54.16986173329698,1.0167229701870504
B_PA2_to_C2,1D,166,11,5.0,0.6,0.6,62.77588159274177,153.0015225529011,-89.6800312508476,88.2,183.17,-51.8,64.2085226085401,152.86232157398217,-89.25793788757314,53.82604824607808,1.1231667742795892
B_PA2_to_C2,1D,166,12,5.0,0.6,0.6,62.77588159274177,153.0015225529011,-89.6800312508476,88.2,183.17,-51.8,64.78157901485943,152.80664118241458,-89.08910054226335,53.486755551012244,1.2282109523185483
B_PA2_to_C2,1D,166,13,5.0,0.6,0.6,62.77588159274177,153.0015225529011,-89.6800312508476,88.2,183.17,-51.8,65.35463542117876,152.75096079084702,-88.92026319695357,53.152070222695485,1.3318287010234258
B_PA2_to_C2,1D,166,14,5.0,0.6,0.6,62.77588159274177,153.0015225529011,-89.6800312508476,88.2,183.17,-51.8,65.9276918274981,152.69528039927945,-88.75142585164379,52.822079839239244,1.4339929064278358
B_PA2_to_C2,1D,166,15,5.0,0.6,0.6,62.77588159274177,153.0015225529011,-89.6800312508476,88.2,183.17,-51.8,66.50074823381742,152.6396000077119,-88.582588506334,52.49687293665764,1.534676158001087
B_PA2_to_C2,1D,166,16,5.0,0.6,0.6,62.77588159274177,153.0015225529011,-89.6800312508476,88.2,183.17,-51.8,67.07380464013676,152.5839196161443,-88.41375116102421,52.17653895873308,1.6338507641696793
B_PA2_to_C2,1D,167,1,5.0,0.6,0.6,63.811080741983474,152.90001146789095,-89.37262530661879,89.40999999999998,182.58,-51.8,59.51924333845823,153.32469951201278,-90.65705972179212,57.08941259695048,0.0
B_PA2_to_C2,1D,167,2,5.0,0.6,0.6,63.811080741983474,152.90001146789095,-89.37262530661879,89.40999999999998,182.58,-51.8,60.09148832559493,153.2680744394632,-90.485801799769,56.70410362363282,0.11929070381351536
B_PA2_to_C2,1D,167,3,5.0,0.6,0.6,63.811080741983474,152.90001146789095,-89.37262530661879,89.40999999999998,182.58,-51.8,60.66373331273163,153.21144936691363,-90.31454387774589,56.32255058903606,0.2374185783016749
B_PA2_to_C2,1D,167,4,5.0,0.6,0.6,63.811080741983474,152.90001146789095,-89.37262530661879,89.40999999999998,182.58,-51.8,61.23597829986833,153.15482429436406,-90.14328595572279,55.94483034159069,0.3543598313807408
B_PA2_to_C2,1D,167,5,5.0,0.6,0.6,63.811080741983474,152.90001146789095,-89.37262530661879,89.40999999999998,182.58,-51.8,61.80822328700503,153.09819922181447,-89.97202803369967,55.57102103654571,0.4700902663791844
B_PA2_to_C2,1D,167,6,5.0,0.6,0.6,63.811080741983474,152.90001146789095,-89.37262530661879,89.40999999999998,182.58,-51.8,62.38046827414173,153.0415741492649,-89.80077011167657,55.2012021258509,0.5845852851701494
B_PA2_to_C2,1D,167,7,5.0,0.6,0.6,63.811080741983474,152.90001146789095,-89.37262530661879,89.40999999999998,182.58,-51.8,62.952713261278426,152.9849490767153,-89.62951218965345,54.835454345103095,0.6978198922128129
B_PA2_to_C2,1D,167,8,5.0,0.6,0.6,63.811080741983474,152.90001146789095,-89.37262530661879,89.40999999999998,182.58,-51.8,63.524958248415125,152.92832400416575,-89.45825426763034,54.47385969736975,0.8097686995605962
B_PA2_to_C2,1D,167,9,5.0,0.6,0.6,63.811080741983474,152.90001146789095,-89.37262530661879,89.40999999999998,182.58,-51.8,64.09720323555183,152.87169893161615,-89.28699634560724,54.11650143369918,0.9204059328951395
B_PA2_to_C2,1D,167,10,5.0,0.6,0.6,63.811080741983474,152.90001146789095,-89.37262530661879,89.40999999999998,182.58,-51.8,64.66944822268853,152.8150738590666,-89.11573842358412,53.76346403012368,1.0297054386460687
B_PA2_to_C2,1D,167,11,5.0,0.6,0.6,63.811080741983474,152.90001146789095,-89.37262530661879,89.40999999999998,182.58,-51.8,65.24169320982523,152.758448786517,-88.944480501561,53.414833160960484,1.1376406922569622
B_PA2_to_C2,1D,167,12,5.0,0.6,0.6,63.811080741983474,152.90001146789095,-89.37262530661879,89.40999999999998,182.58,-51.8,65.81393819696193,152.70182371396743,-88.7732225795379,53.070695668213006,1.2441848076586588
B_PA2_to_C2,1D,167,13,5.0,0.6,0.6,63.811080741983474,152.90001146789095,-89.37262530661879,89.40999999999998,182.58,-51.8,66.38618318409863,152.64519864141784,-88.60196465751478,52.731139526876554,1.3493105480105037
B_PA2_to_C2,1D,167,14,5.0,0.6,0.6,63.811080741983474,152.90001146789095,-89.37262530661879,89.40999999999998,182.58,-51.8,66.95842817123533,152.58857356886827,-88.43070673549168,52.39625380595222,1.452990337770359
B_PA2_to_C2,1D,167,15,5.0,0.6,0.6,63.811080741983474,152.90001146789095,-89.37262530661879,89.40999999999998,182.58,-51.8,67.53067315837203,152.5319484963187,-88.25944881346857,52.066128624976535,1.5551962761529232
B_PA2_to_C2,1D,167,16,5.0,0.6,0.6,63.811080741983474,152.90001146789095,-89.37262530661879,89.40999999999998,182.58,-51.8,68.10291814550872,152.4753234237691,-88.08819089144545,51.7408551058778,1.655900152034885
B_PA2_to_C2,1D,168,1,5.0,0.6,0.6,64.84480570796426,152.79679733772667,-89.06085650443455,90.63,181.98,-51.8,60.55911546092981,153.2285336359746,-90.36333985375194,56.72773656439807,0.0
B_PA2_to_C2,1D,168,2,5.0,0.6,0.6,64.84480570796426,152.79679733772667,-89.06085650443455,90.63,181.98,-51.8,61.130540827201074,153.17096879620823,-90.18967540717628,56.337780824745245,0.1207293311618649
B_PA2_to_C2,1D,168,3,5.0,0.6,0.6,64.84480570796426,152.79679733772667,-89.06085650443455,90.63,181.98,-51.8,61.70196619347233,153.11340395644183,-90.01601096060064,55.95154154082194,0.24030805683471712
B_PA2_to_C2,1D,168,4,5.0,0.6,0.6,64.84480570796426,152.79679733772667,-89.06085650443455,90.63,181.98,-51.8,62.27339155974359,153.05583911667543,-89.84234651402498,55.56909620761896,0.35871218476133393
B_PA2_to_C2,1D,168,5,5.0,0.6,0.6,64.84480570796426,152.79679733772667,-89.06085650443455,90.63,181.98,-51.8,62.84481692601485,152.99827427690906,-89.66868206744932,55.19052369627325,0.4759172966330709
B_PA2_to_C2,1D,168,6,5.0,0.6,0.6,64.84480570796426,152.79679733772667,-89.06085650443455,90.63,181.98,-51.8,63.41624229228611,152.94070943714266,-89.49501762087368,54.815904246908026,0.5918985503065173
B_PA2_to_C2,1D,168,7,5.0,0.6,0.6,64.84480570796426,152.79679733772667,-89.06085650443455,90.63,181.98,-51.8,63.98766765855736,152.88314459737626,-89.32135317429803,54.44531945854922,0.7066306829253399
B_PA2_to_C2,1D,168,8,5.0,0.6,0.6,64.84480570796426,152.79679733772667,-89.06085650443455,90.63,181.98,-51.8,64.55909302482863,152.82557975760986,-89.14768872772238,54.07885227591991,0.8200880150087215
B_PA2_to_C2,1D,168,9,5.0,0.6,0.6,64.84480570796426,152.79679733772667,-89.06085650443455,90.63,181.98,-51.8,65.13051839109988,152.7680149178435,-88.97402428114673,53.716586972908615,0.9322444555694922
B_PA2_to_C2,1D,168,10,5.0,0.6,0.6,64.84480570796426,152.79679733772667,-89.06085650443455,90.63,181.98,-51.8,65.70194375737114,152.7104500780771,-88.80035983457108,53.358609132504064,1.0430735083263194
B_PA2_to_C2,1D,168,11,5.0,0.6,0.6,64.84480570796426,152.79679733772667,-89.06085650443455,90.63,181.98,-51.8,66.2733691236424,152.6528852383107,-88.62669538799543,53.005005622984655,1.1525482790753614
B_PA2_to_C2,1D,168,12,5.0,0.6,0.6,64.84480570796426,152.79679733772667,-89.06085650443455,90.63,181.98,-51.8,66.84479448991367,152.5953203985443,-88.45303094141978,52.65586457014948,1.2606414842874898
B_PA2_to_C2,1D,168,13,5.0,0.6,0.6,64.84480570796426,152.79679733772667,-89.06085650443455,90.63,181.98,-51.8,67.41621985618492,152.53775555877792,-88.27936649484413,52.31127532537523,1.3673254609977867
B_PA2_to_C2,1D,168,14,5.0,0.6,0.6,64.84480570796426,152.79679733772667,-89.06085650443455,90.63,181.98,-51.8,67.98764522245618,152.48019071901152,-88.10570204826847,51.97132842928397,1.4725721780539018
B_PA2_to_C2,1D,168,15,5.0,0.6,0.6,64.84480570796426,152.79679733772667,-89.06085650443455,90.63,181.98,-51.8,68.55907058872744,152.42262587924512,-87.93203760169283,51.63611557080752,1.5763532487896459
B_PA2_to_C2,1D,168,16,5.0,0.6,0.6,64.84480570796426,152.79679733772667,-89.06085650443455,90.63,181.98,-51.8,69.1304959549987,152.36506103947875,-87.75837315511717,51.30572954143697,1.6786399451891967
B_PA2_to_C2,1D,169,1,5.0,0.6,0.6,65.8770416411013,152.69188856131194,-88.74474986151313,91.83,181.38,-51.8,61.597559222425495,153.13063396280577,-90.06517884518195,56.35823869610096,0.0
B_PA2_to_C2,1D,169,2,5.0,0.6,0.6,65.8770416411013,152.69188856131194,-88.74474986151313,91.83,181.38,-51.8,62.168156878248936,153.0721345759399,-89.88912164735945,55.963750500778744,0.12213256821121377
B_PA2_to_C2,1D,169,3,5.0,0.6,0.6,65.8770416411013,152.69188856131194,-88.74474986151313,91.83,181.38,-51.8,62.73875453407238,153.01363518907408,-89.71306444953693,55.572940099477655,0.2431265005025729
B_PA2_to_C2,1D,169,4,5.0,0.6,0.6,65.8770416411013,152.69188856131194,-88.74474986151313,91.83,181.38,-51.8,63.30935218989582,152.95513580220825,-89.53700725171443,55.18588562745778,0.3629576063910811
B_PA2_to_C2,1D,169,5,5.0,0.6,0.6,65.8770416411013,152.69188856131194,-88.74474986151313,91.83,181.38,-51.8,63.87994984571926,152.89663641534239,-89.36095005389191,54.80266666571592,0.48160124779722935
B_PA2_to_C2,1D,169,6,5.0,0.6,0.6,65.8770416411013,152.69188856131194,-88.74474986151313,91.83,181.38,-51.8,64.4505475015427,152.83813702847655,-89.1848928560694,54.42336423688166,0.5990323403155742
B_PA2_to_C2,1D,169,7,5.0,0.6,0.6,65.8770416411013,152.69188856131194,-88.74474986151313,91.83,181.38,-51.8,65.02114515736613,152.77963764161072,-89.0088356582469,54.048060798210045,0.7152253553841881
B_PA2_to_C2,1D,169,8,5.0,0.6,0.6,65.8770416411013,152.69188856131194,-88.74474986151313,91.83,181.38,-51.8,65.59174281318958,152.72113825474486,-88.83277846042438,53.676840231460424,0.8301543234181246
B_PA2_to_C2,1D,169,9,5.0,0.6,0.6,65.8770416411013,152.69188856131194,-88.74474986151313,91.83,181.38,-51.8,66.16234046901302,152.66263886787902,-88.65672126260188,53.30978782944506,0.943792837973966
B_PA2_to_C2,1D,169,10,5.0,0.6,0.6,65.8770416411013,152.69188856131194,-88.74474986151313,91.83,181.38,-51.8,66.73293812483647,152.60413948101316,-88.48066406477936,52.94699027902501,1.0561140610142274
B_PA2_to_C2,1D,169,11,5.0,0.6,0.6,65.8770416411013,152.69188856131194,-88.74474986151313,91.83,181.38,-51.8,67.3035357806599,152.54564009414733,-88.30460686695686,52.58853564032648,1.1670907293419468
B_PA2_to_C2,1D,169,12,5.0,0.6,0.6,65.8770416411013,152.69188856131194,-88.74474986151313,91.83,181.38,-51.8,67.87413343648335,152.4871407072815,-88.12854966913434,52.234513321946494,1.2766951622769263
B_PA2_to_C2,1D,169,13,5.0,0.6,0.6,65.8770416411013,152.69188856131194,-88.74474986151313,91.83,181.38,-51.8,68.44473109230678,152.42864132041564,-87.95249247131183,51.885014051914126,1.3848992706460805
B_PA2_to_C2,1D,169,14,5.0,0.6,0.6,65.8770416411013,152.69188856131194,-88.74474986151313,91.83,181.38,-51.8,69.01532874813023,152.3701419335498,-87.77643527348933,51.54012984417138,1.491674567160862
B_PA2_to_C2,1D,169,15,5.0,0.6,0.6,65.8770416411013,152.69188856131194,-88.74474986151313,91.83,181.38,-51.8,69.58592640395366,152.31164254668397,-87.60037807566681,51.19995396033833,1.5969921782546876
B_PA2_to_C2,1D,169,16,5.0,0.6,0.6,65.8770416411013,152.69188856131194,-88.74474986151313,91.83,181.38,-51.8,70.15652405977711,152.2531431598181,-87.42432087784431,50.8645808665272,1.7008228574531792
B_PA2_to_C2,1D,170,1,5.0,0.6,0.6,66.90777413228953,152.5852956136748,-88.42433016003714,93.04,180.76,-51.8,62.63455853342657,153.03100870982226,-89.7626007909474,55.98702427849525,0.0
B_PA2_to_C2,1D,170,2,5.0,0.6,0.6,66.90777413228953,152.5852956136748,-88.42433016003714,93.04,180.76,-51.8,63.204320613274966,152.9715802970026,-89.58416470682603,55.58783263134066,0.1235887452490978
B_PA2_to_C2,1D,170,3,5.0,0.6,0.6,66.90777413228953,152.5852956136748,-88.42433016003714,93.04,180.76,-51.8,63.77408269312336,152.91215188418292,-89.40572862270466,55.19227650440836,0.24605194244175976
B_PA2_to_C2,1D,170,4,5.0,0.6,0.6,66.90777413228953,152.5852956136748,-88.42433016003714,93.04,180.76,-51.8,64.34384477297176,152.85272347136328,-89.2272925385833,54.8004346226213,0.36736521853682547
B_PA2_to_C2,1D,170,5,5.0,0.6,0.6,66.90777413228953,152.5852956136748,-88.42433016003714,93.04,180.76,-51.8,64.91360685282015,152.7932950585436,-89.04885645446193,54.41238722862026,0.4875037306114507
B_PA2_to_C2,1D,170,6,5.0,0.6,0.6,66.90777413228953,152.5852956136748,-88.42433016003714,93.04,180.76,-51.8,65.48336893266854,152.73386664572394,-88.87042037034057,54.028216082029246,0.6064421660885451
B_PA2_to_C2,1D,170,7,5.0,0.6,0.6,66.90777413228953,152.5852956136748,-88.42433016003714,93.04,180.76,-51.8,66.05313101251694,152.6744382329043,-88.6919842862192,53.6480044558562,0.7241547438510985
B_PA2_to_C2,1D,170,8,5.0,0.6,0.6,66.90777413228953,152.5852956136748,-88.42433016003714,93.04,180.76,-51.8,66.62289309236533,152.61500982008462,-88.51354820209782,53.27183712980708,0.840615216312127
B_PA2_to_C2,1D,170,9,5.0,0.6,0.6,66.90777413228953,152.5852956136748,-88.42433016003714,93.04,180.76,-51.8,67.19265517221373,152.55558140726495,-88.33511211797646,52.89980038028328,0.9557968725114456
B_PA2_to_C2,1D,170,10,5.0,0.6,0.6,66.90777413228953,152.5852956136748,-88.42433016003714,93.04,180.76,-51.8,67.76241725206212,152.49615299444528,-88.15667603385509,52.531981966826116,1.069672542312425
B_PA2_to_C2,1D,170,11,5.0,0.6,0.6,66.90777413228953,152.5852956136748,-88.42433016003714,93.04,180.76,-51.8,68.33217933191052,152.43672458162564,-87.97823994973372,52.16847111476498,1.1822146017740778
B_PA2_to_C2,1D,170,12,5.0,0.6,0.6,66.90777413228953,152.5852956136748,-88.42433016003714,93.04,180.76,-51.8,68.90194141175891,152.37729616880597,-87.79980386561236,51.80935849382034,1.2933949797755133
B_PA2_to_C2,1D,170,13,5.0,0.6,0.6,66.90777413228953,152.5852956136748,-88.42433016003714,93.04,180.76,-51.8,69.4717034916073,152.3178677559863,-87.62136778149099,51.45473619240818,1.4031851659712302
B_PA2_to_C2,1D,170,14,5.0,0.6,0.6,66.90777413228953,152.5852956136748,-88.42433016003714,93.04,180.76,-51.8,70.0414655714557,152.25843934316666,-87.44293169736963,51.10469768738921,1.5115562201566686
B_PA2_to_C2,1D,170,15,5.0,0.6,0.6,66.90777413228953,152.5852956136748,-88.42433016003714,93.04,180.76,-51.8,70.61122765130409,152.199010930347,-87.26449561324826,50.759337809003874,1.6184787831242655
B_PA2_to_C2,1D,170,16,5.0,0.6,0.6,66.90777413228953,152.5852956136748,-88.42433016003714,93.04,180.76,-51.8,71.1809897311525,152.13958251752732,-87.08605952912689,50.418752700733236,1.7239230890904071
B_PA2_to_C2,1D,171,1,5.0,0.6,0.6,67.93698914361468,152.4770279819649,-88.09962274820667,94.24,180.14,-51.8,63.67009763382321,152.92967127805088,-89.45562823867412,55.613552825577884,0.0
B_PA2_to_C2,1D,171,2,5.0,0.6,0.6,67.93698914361468,152.4770279819649,-88.09962274820667,94.24,180.14,-51.8,64.2390165017954,152.86931883857275,-89.2748275066118,55.20970710407795,0.12502963513929544
B_PA2_to_C2,1D,171,3,5.0,0.6,0.6,67.93698914361468,152.4770279819649,-88.09962274820667,94.24,180.14,-51.8,64.8079353697676,152.80896639909463,-89.09402677454946,54.80945410376577,0.2489469726972473
B_PA2_to_C2,1D,171,4,5.0,0.6,0.6,67.93698914361468,152.4770279819649,-88.09962274820667,94.24,180.14,-51.8,65.37685423773979,152.7486139596165,-88.91322604248714,54.412873107266996,0.3717274669693147
B_PA2_to_C2,1D,171,5,5.0,0.6,0.6,67.93698914361468,152.4770279819649,-88.09962274820667,94.24,180.14,-51.8,65.945773105712,152.68826152013835,-88.73242531042482,54.02004498722927,0.4933460799840894
B_PA2_to_C2,1D,171,6,5.0,0.6,0.6,67.93698914361468,152.4770279819649,-88.09962274820667,94.24,180.14,-51.8,66.5146919736842,152.62790908066023,-88.55162457836249,53.63105220911675,0.6137772806381214
B_PA2_to_C2,1D,171,7,5.0,0.6,0.6,67.93698914361468,152.4770279819649,-88.09962274820667,94.24,180.14,-51.8,67.0836108416564,152.5675566411821,-88.37082384630015,53.24597883119192,0.7329950447015356
B_PA2_to_C2,1D,171,8,5.0,0.6,0.6,67.93698914361468,152.4770279819649,-88.09962274820667,94.24,180.14,-51.8,67.65252970962858,152.50720420170398,-88.19002311423783,52.86491050145145,0.8509728557666989
B_PA2_to_C2,1D,171,9,5.0,0.6,0.6,67.93698914361468,152.4770279819649,-88.09962274820667,94.24,180.14,-51.8,68.22144857760078,152.44685176222583,-88.00922238217551,52.48793445127371,0.9676837072149134
B_PA2_to_C2,1D,171,10,5.0,0.6,0.6,67.93698914361468,152.4770279819649,-88.09962274820667,94.24,180.14,-51.8,68.79036744557297,152.3864993227477,-87.82842165011319,52.11513948552704,1.0831001052788984
B_PA2_to_C2,1D,171,11,5.0,0.6,0.6,67.93698914361468,152.4770279819649,-88.09962274820667,94.24,180.14,-51.8,69.35928631354517,152.3261468832696,-87.64762091805085,51.74661596887926,1.197194073281306
B_PA2_to_C2,1D,171,12,5.0,0.6,0.6,67.93698914361468,152.4770279819649,-88.09962274820667,94.24,180.14,-51.8,69.92820518151737,152.26579444379146,-87.46682018598852,51.38245580804214,1.3099371571318077
B_PA2_to_C2,1D,171,13,5.0,0.6,0.6,67.93698914361468,152.4770279819649,-88.09962274820667,94.24,180.14,-51.8,70.49712404948957,152.2054420043133,-87.2860194539262,51.022752429677276,1.421300432167369
B_PA2_to_C2,1D,171,14,5.0,0.6,0.6,67.93698914361468,152.4770279819649,-88.09962274820667,94.24,180.14,-51.8,71.06604291746176,152.1450895648352,-87.10521872186388,50.66760075368549,1.5312545114217926
B_PA2_to_C2,1D,171,15,5.0,0.6,0.6,67.93698914361468,152.4770279819649,-88.09962274820667,94.24,180.14,-51.8,71.63496178543396,152.08473712535707,-86.92441798980154,50.3170971615971,1.6397695554120073
B_PA2_to_C2,1D,171,16,5.0,0.6,0.6,67.93698914361468,152.4770279819649,-88.09962274820667,94.24,180.14,-51.8,72.20388065340615,152.02438468587894,-86.74361725773922,49.9713394597777,1.7468152835294664
B_PA2_to_C2,1D,172,1,5.0,0.6,0.6,68.96467309574679,152.36709425458267,-87.77065375851993,95.43,179.51,-51.8,64.70416146508005,152.82662781600536,-89.14428746183374,55.232918724395,0.0
B_PA2_to_C2,1D,172,2,5.0,0.6,0.6,68.96467309574679,152.36709425458267,-87.77065375851993,95.43,179.51,-51.8,65.27222968250229,152.76535667448232,-88.96113630139189,54.82442072965961,0.1264699674103369
B_PA2_to_C2,1D,172,3,5.0,0.6,0.6,68.96467309574679,152.36709425458267,-87.77065375851993,95.43,179.51,-51.8,65.84029789992451,152.7040855329593,-88.77798514095005,54.419471752947366,0.25184116763084674
B_PA2_to_C2,1D,172,4,5.0,0.6,0.6,68.96467309574679,152.36709425458267,-87.77065375851993,95.43,179.51,-51.8,66.40836611734674,152.64281439143627,-88.59483398050821,54.0181516103332,0.3760888898024142
B_PA2_to_C2,1D,172,5,5.0,0.6,0.6,68.96467309574679,152.36709425458267,-87.77065375851993,95.43,179.51,-51.8,66.97643433476898,152.58154324991327,-88.41168282006637,53.620541781336456,0.4991879080676611
B_PA2_to_C2,1D,172,6,5.0,0.6,0.6,68.96467309574679,152.36709425458267,-87.77065375851993,95.43,179.51,-51.8,67.5445025521912,152.52027210839023,-88.22853165962454,53.22672541544479,0.6211124795511473
B_PA2_to_C2,1D,172,7,5.0,0.6,0.6,68.96467309574679,152.36709425458267,-87.77065375851993,95.43,179.51,-51.8,68.11257076961344,152.4590009668672,-88.04538049918268,52.83678733589186,0.7418363431898243
B_PA2_to_C2,1D,172,8,5.0,0.6,0.6,68.96467309574679,152.36709425458267,-87.77065375851993,95.43,179.51,-51.8,68.68063898703568,152.3977298253442,-87.86222933874085,52.450814040445245,0.8613327194890879
B_PA2_to_C2,1D,172,9,5.0,0.6,0.6,68.96467309574679,152.36709425458267,-87.77065375851993,95.43,179.51,-51.8,69.2487072044579,152.33645868382115,-87.67907817829901,52.06889369894924,0.9795743112835176
B_PA2_to_C2,1D,172,10,5.0,0.6,0.6,68.96467309574679,152.36709425458267,-87.77065375851993,95.43,179.51,-51.8,69.81677542188014,152.27518754229814,-87.49592701785717,51.691116147357285,1.0965333055844333
B_PA2_to_C2,1D,172,11,5.0,0.6,0.6,68.96467309574679,152.36709425458267,-87.77065375851993,95.43,179.51,-51.8,70.38484363930237,152.2139164007751,-87.31277585741532,51.31757287797902,1.212181376599375
B_PA2_to_C2,1D,172,12,5.0,0.6,0.6,68.96467309574679,152.36709425458267,-87.77065375851993,95.43,179.51,-51.8,70.9529118567246,152.15264525925207,-87.12962469697348,50.94835702565682,1.3264896900118206
B_PA2_to_C2,1D,172,13,5.0,0.6,0.6,68.96467309574679,152.36709425458267,-87.77065375851993,95.43,179.51,-51.8,71.52098007414683,152.09137411772906,-86.94647353653164,50.583563349579286,1.439428908611676
B_PA2_to_C2,1D,172,14,5.0,0.6,0.6,68.96467309574679,152.36709425458267,-87.77065375851993,95.43,179.51,-51.8,72.08904829156907,152.03010297620602,-86.7633223760898,50.2232882104309,1.550969199369689
B_PA2_to_C2,1D,172,15,5.0,0.6,0.6,68.96467309574679,152.36709425458267,-87.77065375851993,95.43,179.51,-51.8,72.6571165089913,151.96883183468302,-86.58017121564797,49.86762954257114,1.6610802420507316
B_PA2_to_C2,1D,172,16,5.0,0.6,0.6,68.96467309574679,152.36709425458267,-87.77065375851993,95.43,179.51,-51.8,73.22518472641353,151.90756069315998,-86.39702005520611,49.51668682093159,1.7697312394623559
B_PA2_to_C2,1D,173,1,5.0,0.6,0.6,69.99081266367635,152.25550509492143,-87.43744847141123,96.62,178.87,-51.8,65.73673577945891,152.7218868171539,-88.82860552664772,54.85086561930241,0.0
B_PA2_to_C2,1D,173,2,5.0,0.6,0.6,69.99081266367635,152.25550509492143,-87.43744847141123,96.62,178.87,-51.8,66.3039460306879,152.6597025875229,-88.64311791928286,54.437653850390454,0.1279293402204189
B_PA2_to_C2,1D,173,3,5.0,0.6,0.6,69.99081266367635,152.25550509492143,-87.43744847141123,96.62,178.87,-51.8,66.8711562819169,152.5975183578919,-88.457630311918,54.02794512364032,0.2547741472638023
B_PA2_to_C2,1D,173,4,5.0,0.6,0.6,69.99081266367635,152.25550509492143,-87.43744847141123,96.62,178.87,-51.8,67.43836653314588,152.5353341282609,-88.27214270455312,53.62181973629064,0.38050956130395264
B_PA2_to_C2,1D,173,5,5.0,0.6,0.6,69.99081266367635,152.25550509492143,-87.43744847141123,96.62,178.87,-51.8,68.00557678437488,152.4731498986299,-88.08665509718826,53.219359723501064,0.5051101844586192
B_PA2_to_C2,1D,173,6,5.0,0.6,0.6,69.99081266367635,152.25550509492143,-87.43744847141123,96.62,178.87,-51.8,68.57278703560387,152.41096566899893,-87.9011674898234,52.82064886886156,0.6285500775358663
B_PA2_to_C2,1D,173,7,5.0,0.6,0.6,69.99081266367635,152.25550509492143,-87.43744847141123,96.62,178.87,-51.8,69.13999728683287,152.3487814393679,-87.71567988245853,52.425772712242654,0.7508027576036405
B_PA2_to_C2,1D,173,8,5.0,0.6,0.6,69.99081266367635,152.25550509492143,-87.43744847141123,96.62,178.87,-51.8,69.70720753806185,152.28659720973693,-87.53019227509367,52.034818554732034,0.8718411964614177
B_PA2_to_C2,1D,173,9,5.0,0.6,0.6,69.99081266367635,152.25550509492143,-87.43744847141123,96.62,178.87,-51.8,70.27441778929085,152.22441298010594,-87.34470466772879,51.64787546039085,0.9916378200964573
B_PA2_to_C2,1D,173,10,5.0,0.6,0.6,69.99081266367635,152.25550509492143,-87.43744847141123,96.62,178.87,-51.8,70.84162804051984,152.16222875047495,-87.15921706036393,51.265034254550166,1.11016450921122
B_PA2_to_C2,1D,173,11,5.0,0.6,0.6,69.99081266367635,152.25550509492143,-87.43744847141123,96.62,178.87,-51.8,71.40883829174884,152.10004452084394,-86.97372945299907,50.886387518356635,1.2273926009120046
B_PA2_to_C2,1D,173,12,5.0,0.6,0.6,69.99081266367635,152.25550509492143,-87.43744847141123,96.62,178.87,-51.8,71.97604854297782,152.03786029121295,-86.7882418456342,50.51202957926479,1.3432928916525135
B_PA2_to_C2,1D,173,13,5.0,0.6,0.6,69.99081266367635,152.25550509492143,-87.43744847141123,96.62,178.87,-51.8,72.54325879420682,151.97567606158196,-86.60275423826934,50.14205649716294,1.4578356415292468
B_PA2_to_C2,1D,173,14,5.0,0.6,0.6,69.99081266367635,152.25550509492143,-87.43744847141123,96.62,178.87,-51.8,73.1104690454358,151.91349183195098,-86.41726663090446,49.77656604580953,1.570990580028754
B_PA2_to_C2,1D,173,15,5.0,0.6,0.6,69.99081266367635,152.25550509492143,-87.43744847141123,96.62,178.87,-51.8,73.6776792966648,151.85130760231996,-86.2317790235396,49.41565768924864,1.6827269133293399
B_PA2_to_C2,1D,173,16,5.0,0.6,0.6,69.99081266367635,152.25550509492143,-87.43744847141123,96.62,178.87,-51.8,74.24488954789379,151.78912337268898,-86.04629141617474,49.05943255286548,1.7930133332622074
B_PA2_to_C2,1D,174,1,5.0,0.6,0.6,71.01539471176027,152.1422701375941,-87.10003215903092,97.81,178.22,-51.8,66.76780596722485,152.61546160266107,-88.50860579739127,54.46771462524872,0.0
B_PA2_to_C2,1D,174,2,5.0,0.6,0.6,71.01539471176027,152.1422701375941,-87.10003215903092,97.81,178.22,-51.8,67.33415113316289,152.55236940731882,-88.32079597894322,54.04972861478802,0.12940743357916418
B_PA2_to_C2,1D,174,3,5.0,0.6,0.6,71.01539471176027,152.1422701375941,-87.10003215903092,97.81,178.22,-51.8,67.90049629910095,152.48927721197654,-88.13298616049518,53.635197307057034,0.25774529974975025
B_PA2_to_C2,1D,174,4,5.0,0.6,0.6,71.01539471176027,152.1422701375941,-87.10003215903092,97.81,178.22,-51.8,68.46684146503901,152.4261850166343,-87.94517634204713,53.22420142192496,0.3849886078401745
B_PA2_to_C2,1D,174,5,5.0,0.6,0.6,71.01539471176027,152.1422701375941,-87.10003215903092,97.81,178.22,-51.8,69.03318663097707,152.363092821292,-87.75736652359909,52.816823492485256,0.5111118058091222
B_PA2_to_C2,1D,174,6,5.0,0.6,0.6,71.01539471176027,152.1422701375941,-87.10003215903092,97.81,178.22,-51.8,69.59953179691513,152.30000062594976,-87.56955670515103,52.413147879812016,0.6360887756769991
B_PA2_to_C2,1D,174,7,5.0,0.6,0.6,71.01539471176027,152.1422701375941,-87.10003215903092,97.81,178.22,-51.8,70.16587696285318,152.23690843060749,-87.38174688670298,52.013260785166565,0.7598928297467964
B_PA2_to_C2,1D,174,8,5.0,0.6,0.6,71.01539471176027,152.1422701375941,-87.10003215903092,97.81,178.22,-51.8,70.73222212879124,152.17381623526524,-87.19393706825494,51.617250259389515,0.8824967076963492
B_PA2_to_C2,1D,174,9,5.0,0.6,0.6,71.01539471176027,152.1422701375941,-87.10003215903092,97.81,178.22,-51.8,71.2985672947293,152.11072403992296,-87.0061272498069,51.225206209200856,1.003872574627822
B_PA2_to_C2,1D,174,10,5.0,0.6,0.6,71.01539471176027,152.1422701375941,-87.10003215903092,97.81,178.22,-51.8,71.86491246066736,152.0476318445807,-86.81831743135885,50.83722040011483,1.123992020165291
B_PA2_to_C2,1D,174,11,5.0,0.6,0.6,71.01539471176027,152.1422701375941,-87.10003215903092,97.81,178.22,-51.8,72.4312576266054,151.98453964923843,-86.6305076129108,50.453386455663754,1.2428260586950373
B_PA2_to_C2,1D,174,12,5.0,0.6,0.6,71.01539471176027,152.1422701375941,-87.10003215903092,97.81,178.22,-51.8,72.99760279254346,151.92144745389618,-86.44269779446275,50.073799852610094,1.3603451308478736
B_PA2_to_C2,1D,174,13,5.0,0.6,0.6,71.01539471176027,152.1422701375941,-87.10003215903092,97.81,178.22,-51.8,73.56394795848152,151.8583552585539,-86.2548879760147,49.698557911814284,1.4765191063264513
B_PA2_to_C2,1D,174,14,5.0,0.6,0.6,71.01539471176027,152.1422701375941,-87.10003215903092,97.81,178.22,-51.8,74.13029312441958,151.79526306321165,-86.06707815756666,49.32775978441205,1.5913172881847277
B_PA2_to_C2,1D,174,15,5.0,0.6,0.6,71.01539471176027,152.1422701375941,-87.10003215903092,97.81,178.22,-51.8,74.69663829035764,151.73217086786937,-85.87926833911861,48.961506432945484,1.7047084186697337
B_PA2_to_C2,1D,174,16,5.0,0.6,0.6,71.01539471176027,152.1422701375941,-87.10003215903092,97.81,178.22,-51.8,75.26298345629569,151.66907867252712,-85.69145852067057,48.599900607080095,1.8166606867395139
B_PA2_to_C2,1D,175,1,5.0,0.6,0.6,72.03840663046354,152.02739826837123,-86.75843102006482,98.99,177.57,-51.8,67.79735741031472,152.50735874774222,-88.18431301045429,54.08266978903625,0.0
B_PA2_to_C2,1D,175,2,5.0,0.6,0.6,72.03840663046354,152.02739826837123,-86.75843102006482,98.99,177.57,-51.8,68.36283063966789,152.44336401715944,-87.99419541173569,53.65995825886889,0.13087044277627413
B_PA2_to_C2,1D,175,3,5.0,0.6,0.6,72.03840663046354,152.02739826837123,-86.75843102006482,98.99,177.57,-51.8,68.92830386902108,152.37936928657663,-87.8040778130171,53.240652411265316,0.26068649466592575
B_PA2_to_C2,1D,175,4,5.0,0.6,0.6,72.03840663046354,152.02739826837123,-86.75843102006482,98.99,177.57,-51.8,69.49377709837425,152.31537455599383,-87.6139602142985,52.824833345792875,0.38942304744377054
B_PA2_to_C2,1D,175,5,5.0,0.6,0.6,72.03840663046354,152.02739826837123,-86.75843102006482,98.99,177.57,-51.8,70.05925032772743,152.25137982541102,-87.4238426155799,52.41258405043974,0.5170544082342161
B_PA2_to_C2,1D,175,6,5.0,0.6,0.6,72.03840663046354,152.02739826837123,-86.75843102006482,98.99,177.57,-51.8,70.6247235570806,152.18738509482822,-87.23372501686131,52.003989420793765,0.6435542935735263
B_PA2_to_C2,1D,175,7,5.0,0.6,0.6,72.03840663046354,152.02739826837123,-86.75843102006482,98.99,177.57,-51.8,71.19019678643377,152.12339036424544,-87.04360741814271,51.599136276798745,0.76889582422214
B_PA2_to_C2,1D,175,8,5.0,0.6,0.6,72.03840663046354,152.02739826837123,-86.75843102006482,98.99,177.57,-51.8,71.75567001578695,152.05939563366263,-86.85348981942411,51.19811337681562,0.8930515208113423
B_PA2_to_C2,1D,175,9,5.0,0.6,0.6,72.03840663046354,152.02739826837123,-86.75843102006482,98.99,177.57,-51.8,72.32114324514014,151.99540090307983,-86.66337222070553,50.80101142869979,1.0159933004137685
B_PA2_to_C2,1D,175,10,5.0,0.6,0.6,72.03840663046354,152.02739826837123,-86.75843102006482,98.99,177.57,-51.8,72.88661647449331,151.93140617249702,-86.47325462198692,50.40792309758958,1.1376924741320984
B_PA2_to_C2,1D,175,11,5.0,0.6,0.6,72.03840663046354,152.02739826837123,-86.75843102006482,98.99,177.57,-51.8,73.45208970384648,151.86741144191424,-86.28313702326832,50.01894301008492,1.2581197458053683
B_PA2_to_C2,1D,175,12,5.0,0.6,0.6,72.03840663046354,152.02739826837123,-86.75843102006482,98.99,177.57,-51.8,74.01756293319966,151.80341671133144,-86.09301942454974,49.6341677544788,1.3772452119372929
B_PA2_to_C2,1D,175,13,5.0,0.6,0.6,72.03840663046354,152.02739826837123,-86.75843102006482,98.99,177.57,-51.8,74.58303616255283,151.73942198074863,-85.90290182583114,49.25369587668891,1.4950383629558353
B_PA2_to_C2,1D,175,14,5.0,0.6,0.6,72.03840663046354,152.02739826837123,-86.75843102006482,98.99,177.57,-51.8,75.148509391906,151.67542725016582,-85.71278422711254,48.87762787152197,1.6114680859177355
B_PA2_to_C2,1D,175,15,5.0,0.6,0.6,72.03840663046354,152.02739826837123,-86.75843102006482,98.99,177.57,-51.8,75.71398262125919,151.61143251958302,-85.52266662839395,48.506066168888616,1.7265026687763605
B_PA2_to_C2,1D,175,16,5.0,0.6,0.6,72.03840663046354,152.02739826837123,-86.75843102006482,98.99,177.57,-51.8,76.27945585061236,151.54743778900024,-85.33254902967535,48.13911511457412,1.8401098063350272
B_PA2_to_C2,1D,176,1,5.0,0.6,0.6,73.05983625395466,151.9109002355482,-86.41267103113607,100.17,176.91,-51.8,68.82537669625384,152.39758824098493,-87.85575350956903,53.69693754247114,0.0
B_PA2_to_C2,1D,176,2,5.0,0.6,0.6,73.05983625395466,151.9109002355482,-86.41267103113607,100.17,176.91,-51.8,69.38997130394728,152.3326965069267,-87.66334251244464,53.26944104911728,0.13235185552751005
B_PA2_to_C2,1D,176,3,5.0,0.6,0.6,73.05983625395466,151.9109002355482,-86.41267103113607,100.17,176.91,-51.8,69.95456591164073,152.2678047728685,-87.47093151532025,52.845298730641254,0.2636652668203965
B_PA2_to_C2,1D,176,4,5.0,0.6,0.6,73.05983625395466,151.9109002355482,-86.41267103113607,100.17,176.91,-51.8,70.51916051933416,152.20291303881024,-87.27852051819585,52.424591998183914,0.393915029191092
B_PA2_to_C2,1D,176,5,5.0,0.6,0.6,73.05983625395466,151.9109002355482,-86.41267103113607,100.17,176.91,-51.8,71.08375512702762,152.13802130475202,-87.08610952107145,52.00740422691159,0.5230753298945956
B_PA2_to_C2,1D,176,6,5.0,0.6,0.6,73.05983625395466,151.9109002355482,-86.41267103113607,100.17,176.91,-51.8,71.64834973472105,152.0731295706938,-86.89369852394705,51.59382077988327,0.6511197407392757
B_PA2_to_C2,1D,176,7,5.0,0.6,0.6,73.05983625395466,151.9109002355482,-86.41267103113607,100.17,176.91,-51.8,72.21294434241449,152.00823783663554,-86.70128752682267,51.18392902964808,0.7780212114003273
B_PA2_to_C2,1D,176,8,5.0,0.6,0.6,73.05983625395466,151.9109002355482,-86.41267103113607,100.17,176.91,-51.8,72.77753895010794,151.94334610257732,-86.50887652969827,50.77781837729329,0.9037520635225516
B_PA2_to_C2,1D,176,9,5.0,0.6,0.6,73.05983625395466,151.9109002355482,-86.41267103113607,100.17,176.91,-51.8,73.34213355780138,151.8784543685191,-86.31646553257387,50.37558026864522,1.0282839857046167
B_PA2_to_C2,1D,176,10,5.0,0.6,0.6,73.05983625395466,151.9109002355482,-86.41267103113607,100.17,176.91,-51.8,73.90672816549483,151.81356263446088,-86.12405453544947,49.97730820730595,1.1515880294629053
B_PA2_to_C2,1D,176,11,5.0,0.6,0.6,73.05983625395466,151.9109002355482,-86.41267103113607,100.17,176.91,-51.8,74.47132277318826,151.74867090040263,-85.93164353832509,49.58309776419164,1.2736346062784811
B_PA2_to_C2,1D,176,12,5.0,0.6,0.6,73.05983625395466,151.9109002355482,-86.41267103113607,100.17,176.91,-51.8,75.0359173808817,151.6837791663444,-85.73923254120069,49.19304658321865,1.394393485836682
B_PA2_to_C2,1D,176,13,5.0,0.6,0.6,73.05983625395466,151.9109002355482,-86.41267103113607,100.17,176.91,-51.8,75.60051198857515,151.6188874322862,-85.5468215440763,48.80725438276623,1.5138337955742731
B_PA2_to_C2,1D,176,14,5.0,0.6,0.6,73.05983625395466,151.9109002355482,-86.41267103113607,100.17,176.91,-51.8,76.16510659626859,151.55399569822794,-85.3544105469519,48.42582295252594,1.631924021654859
B_PA2_to_C2,1D,176,15,5.0,0.6,0.6,73.05983625395466,151.9109002355482,-86.41267103113607,100.17,176.91,-51.8,76.72970120396204,151.48910396416971,-85.1619995498275,48.04885614533108,1.7486320114984704
B_PA2_to_C2,1D,176,16,5.0,0.6,0.6,73.05983625395466,151.9109002355482,-86.41267103113607,100.17,176.91,-51.8,77.29429581165547,151.4242122301115,-84.96958855270312,47.6764598635433,1.8639249779962341
B_PA2_to_C2,1D,177,1,5.0,0.6,0.6,74.07967157134375,151.79278529141217,-86.06277821481683,101.35,176.24,-51.8,69.85185007688233,152.28616005937408,-87.52295174878752,53.31087298222122,0.0
B_PA2_to_C2,1D,177,2,5.0,0.6,0.6,74.07967157134375,151.79278529141217,-86.06277821481683,101.35,176.24,-51.8,70.41555960947719,152.22037675697916,-87.3282619442581,52.878533449702395,0.1338512484578409
B_PA2_to_C2,1D,177,3,5.0,0.6,0.6,74.07967157134375,151.79278529141217,-86.06277821481683,101.35,176.24,-51.8,70.97926914207204,152.15459345458424,-87.13357213972867,52.449494005720055,0.2666807976783794
B_PA2_to_C2,1D,177,4,5.0,0.6,0.6,74.07967157134375,151.79278529141217,-86.06277821481683,101.35,176.24,-51.8,71.5429786746669,152.08881015218932,-86.93888233519925,52.02383629761298,0.3984633698477502
B_PA2_to_C2,1D,177,5,5.0,0.6,0.6,74.07967157134375,151.79278529141217,-86.06277821481683,101.35,176.24,-51.8,72.10668820726175,152.0230268497944,-86.74419253066982,51.601644012430484,0.5291730556627652
B_PA2_to_C2,1D,177,6,5.0,0.6,0.6,74.07967157134375,151.79278529141217,-86.06277821481683,101.35,176.24,-51.8,72.67039773985661,151.9572435473995,-86.54950272614039,51.18300290575351,0.6587833054079582
B_PA2_to_C2,1D,177,7,5.0,0.6,0.6,74.07967157134375,151.79278529141217,-86.06277821481683,101.35,176.24,-51.8,73.23410727245147,151.89146024500457,-86.35481292161097,50.76800082842678,0.787266920679393
B_PA2_to_C2,1D,177,8,5.0,0.6,0.6,74.07967157134375,151.79278529141217,-86.06277821481683,101.35,176.24,-51.8,73.79781680504632,151.82567694260965,-86.16012311708154,50.35672775091638,0.9145960468436041
B_PA2_to_C2,1D,177,9,5.0,0.6,0.6,74.07967157134375,151.79278529141217,-86.06277821481683,101.35,176.24,-51.8,74.36152633764118,151.7598936402147,-85.96543331255212,49.949275784986945,1.0407421663263996
B_PA2_to_C2,1D,177,10,5.0,0.6,0.6,74.07967157134375,151.79278529141217,-86.06277821481683,101.35,176.24,-51.8,74.92523587023604,151.69411033781978,-85.77074350802269,49.545739202371905,1.1656760928326033
B_PA2_to_C2,1D,177,11,5.0,0.6,0.6,74.07967157134375,151.79278529141217,-86.06277821481683,101.35,176.24,-51.8,75.4889454028309,151.62832703542486,-85.57605370349327,49.146214450089865,1.289367966604134
B_PA2_to_C2,1D,177,12,5.0,0.6,0.6,74.07967157134375,151.79278529141217,-86.06277821481683,101.35,176.24,-51.8,76.05265493542575,151.56254373302994,-85.38136389896384,48.75080016203828,1.4117872508306295
B_PA2_to_C2,1D,177,13,5.0,0.6,0.6,74.07967157134375,151.79278529141217,-86.06277821481683,101.35,176.24,-51.8,76.6163644680206,151.49676043063502,-85.18667409443441,48.35959716647525,1.5329027293331166
B_PA2_to_C2,1D,177,14,5.0,0.6,0.6,74.07967157134375,151.79278529141217,-86.06277821481683,101.35,176.24,-51.8,77.18007400061546,151.4309771282401,-84.99198428990499,47.97270848897872,1.6526825056478316
B_PA2_to_C2,1D,177,15,5.0,0.6,0.6,74.07967157134375,151.79278529141217,-86.06277821481683,101.35,176.24,-51.8,77.74378353321032,151.36519382584518,-84.79729448537556,47.59023935045189,1.7710940036437552
B_PA2_to_C2,1D,177,16,5.0,0.6,0.6,74.07967157134375,151.79278529141217,-86.06277821481683,101.35,176.24,-51.8,78.30749306580518,151.29941052345026,-84.60260468084614,47.21229715972385,1.8881039698134252
B_PA2_to_C2,1D,178,1,5.0,0.6,0.6,75.0979012617257,151.6730638340782,-85.70877930137463,102.52,175.56,-51.8,70.8767647033921,152.1730829174162,-87.18593436168393,52.91886791413386,0.0
B_PA2_to_C2,1D,178,2,5.0,0.6,0.6,75.0979012617257,151.6730638340782,-85.70877930137463,102.52,175.56,-51.8,71.43958291116991,152.10641370630447,-86.98898035364269,52.48168608934469,0.135350410151446
B_PA2_to_C2,1D,178,3,5.0,0.6,0.6,75.0979012617257,151.6730638340782,-85.70877930137463,102.52,175.56,-51.8,72.00240111894772,152.03974449519274,-86.79202634560146,52.047748925841994,0.26969628120491507
B_PA2_to_C2,1D,178,4,5.0,0.6,0.6,75.0979012617257,151.6730638340782,-85.70877930137463,102.52,175.56,-51.8,72.56521932672554,151.973075284081,-86.59507233756021,51.617138255762065,0.40301227813368534
B_PA2_to_C2,1D,178,5,5.0,0.6,0.6,75.0979012617257,151.6730638340782,-85.70877930137463,102.52,175.56,-51.8,73.12803753450335,151.90640607296925,-86.39811832951898,51.18993802673947,0.5352724109580169
B_PA2_to_C2,1D,178,6,5.0,0.6,0.6,75.0979012617257,151.6730638340782,-85.70877930137463,102.52,175.56,-51.8,73.69085574228116,151.83973686185752,-86.20116432147773,50.76623433590871,0.6664500242183138
B_PA2_to_C2,1D,178,7,5.0,0.6,0.6,75.0979012617257,151.6730638340782,-85.70877930137463,102.52,175.56,-51.8,74.25367395005898,151.7730676507458,-86.00421031343649,50.34611546202314,0.796517787031183
B_PA2_to_C2,1D,178,8,5.0,0.6,0.6,75.0979012617257,151.6730638340782,-85.70877930137463,102.52,175.56,-51.8,74.81649215783679,151.70639843963406,-85.80725630539526,49.9296718954004,0.92544768381841
B_PA2_to_C2,1D,178,9,5.0,0.6,0.6,75.0979012617257,151.6730638340782,-85.70877930137463,102.52,175.56,-51.8,75.3793103656146,151.63972922852233,-85.61030229735401,49.516996365382525,1.0532110058053679
B_PA2_to_C2,1D,178,10,5.0,0.6,0.6,75.0979012617257,151.6730638340782,-85.70877930137463,102.52,175.56,-51.8,75.94212857339241,151.5730600174106,-85.41334828931278,49.10818386497587,1.1797783433925684
B_PA2_to_C2,1D,178,11,5.0,0.6,0.6,75.0979012617257,151.6730638340782,-85.70877930137463,102.52,175.56,-51.8,76.50494678117023,151.50639080629887,-85.21639428127153,48.70333167231217,1.305119579511361
B_PA2_to_C2,1D,178,12,5.0,0.6,0.6,75.0979012617257,151.6730638340782,-85.70877930137463,102.52,175.56,-51.8,77.06776498894804,151.43972159518714,-85.01944027323029,48.302539368548885,1.4292038840820371
B_PA2_to_C2,1D,178,13,5.0,0.6,0.6,75.0979012617257,151.6730638340782,-85.70877930137463,102.52,175.56,-51.8,77.63058319672585,151.37305238407538,-84.82248626518906,47.90590885180227,1.5519997097001834
B_PA2_to_C2,1D,178,14,5.0,0.6,0.6,75.0979012617257,151.6730638340782,-85.70877930137463,102.52,175.56,-51.8,78.19340140450367,151.30638317296365,-84.62553225714781,47.51354434668241,1.6734747886846613
B_PA2_to_C2,1D,178,15,5.0,0.6,0.6,75.0979012617257,151.6730638340782,-85.70877930137463,102.52,175.56,-51.8,78.75621961228148,151.23971396185192,-84.42857824910658,47.12555240897582,1.7935961316278775
B_PA2_to_C2,1D,178,16,5.0,0.6,0.6,75.0979012617257,151.6730638340782,-85.70877930137463,102.52,175.56,-51.8,79.3190378200593,151.1730447507402,-84.23162424106533,46.74204192499614,1.9123300275968198
B_PA2_to_C2,1D,179,1,5.0,0.6,0.6,76.11451404738338,151.5517459278318,-85.3507003611686,103.68,174.88,-51.8,71.90010881230185,152.05836968207316,-86.84472876991984,52.52543487518499,0.0
B_PA2_to_C2,1D,179,2,5.0,0.6,0.6,76.11451404738338,151.5517459278318,-85.3507003611686,103.68,174.88,-51.8,72.46202951031272,151.9908198481743,-86.64552498208634,52.08346053014259,0.13683416255182834
B_PA2_to_C2,1D,179,3,5.0,0.6,0.6,76.11451404738338,151.5517459278318,-85.3507003611686,103.68,174.88,-51.8,73.02395020832358,151.92327001427546,-86.44632119425285,51.64467458279258,0.2726812050750489
B_PA2_to_C2,1D,179,4,5.0,0.6,0.6,76.11451404738338,151.5517459278318,-85.3507003611686,103.68,174.88,-51.8,73.58587090633446,151.8557201803766,-86.24711740641935,51.20915899260759,0.40751575311993804
B_PA2_to_C2,1D,179,5,5.0,0.6,0.6,76.11451404738338,151.5517459278318,-85.3507003611686,103.68,174.88,-51.8,74.14779160434533,151.78817034647776,-86.04791361858585,50.77699790946472,0.5413117540929644
B_PA2_to_C2,1D,179,6,5.0,0.6,0.6,76.11451404738338,151.5517459278318,-85.3507003611686,103.68,174.88,-51.8,74.70971230235621,151.72062051257893,-85.84870983075236,50.34827771300031,0.6740424650726577
B_PA2_to_C2,1D,179,7,5.0,0.6,0.6,76.11451404738338,151.5517459278318,-85.3507003611686,103.68,174.88,-51.8,75.27163300036707,151.65307067868008,-85.64950604291886,49.92308705031195,0.8056804411371647
B_PA2_to_C2,1D,179,8,5.0,0.6,0.6,76.11451404738338,151.5517459278318,-85.3507003611686,103.68,174.88,-51.8,75.83355369837794,151.58552084478123,-85.45030225508536,49.50151687171461,0.9361975242942364
B_PA2_to_C2,1D,179,9,5.0,0.6,0.6,76.11451404738338,151.5517459278318,-85.3507003611686,103.68,174.88,-51.8,76.39547439638882,151.51797101088238,-85.25109846725185,49.08366046423459,1.06556483311158
B_PA2_to_C2,1D,179,10,5.0,0.6,0.6,76.11451404738338,151.5517459278318,-85.3507003611686,103.68,174.88,-51.8,76.95739509439969,151.45042117698353,-85.05189467941835,48.66961348249939,1.1937527531534364
B_PA2_to_C2,1D,179,11,5.0,0.6,0.6,76.11451404738338,151.5517459278318,-85.3507003611686,103.68,174.88,-51.8,77.51931579241055,151.38287134308467,-84.85269089158486,48.2594739766557,1.3207309283372428
B_PA2_to_C2,1D,179,12,5.0,0.6,0.6,76.11451404738338,151.5517459278318,-85.3507003611686,103.68,174.88,-51.8,78.08123649042143,151.31532150918585,-84.65348710375136,47.853342416921386,1.4464682533323856
B_PA2_to_C2,1D,179,13,5.0,0.6,0.6,76.11451404738338,151.5517459278318,-85.3507003611686,103.68,174.88,-51.8,78.6431571884323,151.247771675287,-84.45428331591786,47.45132171435005,1.5709328671315603
B_PA2_to_C2,1D,179,14,5.0,0.6,0.6,76.11451404738338,151.5517459278318,-85.3507003611686,103.68,174.88,-51.8,79.20507788644318,151.18022184138815,-84.25507952808437,47.05351723735824,1.6940921479339774
B_PA2_to_C2,1D,179,15,5.0,0.6,0.6,76.11451404738338,151.5517459278318,-85.3507003611686,103.68,174.88,-51.8,79.76699858445404,151.1126720074893,-84.05587574025087,46.66003682353873,1.8159127094880052
B_PA2_to_C2,1D,179,16,5.0,0.6,0.6,76.11451404738338,151.5517459278318,-85.3507003611686,103.68,174.88,-51.8,80.32891928246491,151.04512217359044,-83.85667195241737,46.2709907862541,1.9363603990498106
B_PA2_to_C2,1D,180,1,5.0,0.6,0.6,77.12949884362655,151.42884061949917,-84.98856747237346,104.84,174.18,-51.8,72.9218697625171,151.9420281116597,-86.49936067916653,52.12811202323006,0.0
B_PA2_to_C2,1D,180,2,5.0,0.6,0.6,77.12949884362655,151.42884061949917,-84.98856747237346,104.84,174.18,-51.8,73.4828869733317,151.87360311270496,-86.29792158492745,51.681239082868174,0.13835075552999498
B_PA2_to_C2,1D,180,3,5.0,0.6,0.6,77.12949884362655,151.42884061949917,-84.98856747237346,104.84,174.18,-51.8,74.04390418414629,151.80517811375023,-86.09648249068837,51.237494895581484,0.2757328568571431
B_PA2_to_C2,1D,180,4,5.0,0.6,0.6,77.12949884362655,151.42884061949917,-84.98856747237346,104.84,174.18,-51.8,74.60492139496088,151.73675311479548,-85.8950433964493,50.796961456458185,0.4121209185052237
B_PA2_to_C2,1D,180,5,5.0,0.6,0.6,77.12949884362655,151.42884061949917,-84.98856747237346,104.84,174.18,-51.8,75.16593860577548,151.66832811584075,-85.69360430221022,50.359723025877095,0.5474888536696483
B_PA2_to_C2,1D,180,6,5.0,0.6,0.6,77.12949884362655,151.42884061949917,-84.98856747237346,104.84,174.18,-51.8,75.72695581659006,151.59990311688603,-85.49216520797115,49.92586617453137,0.6818098602782303
B_PA2_to_C2,1D,180,7,5.0,0.6,0.6,77.12949884362655,151.42884061949917,-84.98856747237346,104.84,174.18,-51.8,76.28797302740466,151.53147811793127,-85.29072611373208,49.495479827064756,0.8150564074815172
B_PA2_to_C2,1D,180,8,5.0,0.6,0.6,77.12949884362655,151.42884061949917,-84.98856747237346,104.84,174.18,-51.8,76.84899023821926,151.46305311897655,-85.089287019493,49.06865530402817,0.947200222663124
B_PA2_to_C2,1D,180,9,5.0,0.6,0.6,77.12949884362655,151.42884061949917,-84.98856747237346,104.84,174.18,-51.8,77.41000744903384,151.3946281200218,-84.88784792525392,48.64548636183723,1.0782122790689872
B_PA2_to_C2,1D,180,10,5.0,0.6,0.6,77.12949884362655,151.42884061949917,-84.98856747237346,104.84,174.18,-51.8,77.97102465984844,151.32620312106707,-84.68640883101484,48.22606923038461,1.2080627841626779
B_PA2_to_C2,1D,180,11,5.0,0.6,0.6,77.12949884362655,151.42884061949917,-84.98856747237346,104.84,174.18,-51.8,78.53204187066304,151.2577781221123,-84.48496973677577,47.810502647933,1.3367211688226188
B_PA2_to_C2,1D,180,12,5.0,0.6,0.6,77.12949884362655,151.42884061949917,-84.98856747237346,104.84,174.18,-51.8,79.09305908147762,151.1893531231576,-84.2835306425367,47.39888789288381,1.464156077506578
B_PA2_to_C2,1D,180,13,5.0,0.6,0.6,77.12949884362655,151.42884061949917,-84.98856747237346,104.84,174.18,-51.8,79.65407629229222,151.12092812420286,-84.08209154829763,46.991328811987486,1.590335359517825
B_PA2_to_C2,1D,180,14,5.0,0.6,0.6,77.12949884362655,151.42884061949917,-84.98856747237346,104.84,174.18,-51.8,80.21509350310681,151.0525031252481,-83.88065245405855,46.58793184452905,1.71522606151734
B_PA2_to_C2,1D,180,15,5.0,0.6,0.6,77.12949884362655,151.42884061949917,-84.98856747237346,104.84,174.18,-51.8,80.7761107139214,150.98407812629338,-83.67921335981947,46.188806041990766,1.8387944214363134
B_PA2_to_C2,1D,180,16,5.0,0.6,0.6,77.12949884362655,151.42884061949917,-84.98856747237346,104.84,174.18,-51.8,81.337127924736,150.91565312733863,-83.4777742655804,45.79406308266173,1.9610058639530425
B_PA2_to_C2,1D,181,1,5.0,0.6,0.6,78.14284513143528,151.30435859348498,-84.62240688190954,106.0,173.48,-51.8,73.94203505291279,151.8240672585538,-86.14985494571931,51.73591667538781,0.0
B_PA2_to_C2,1D,181,2,5.0,0.6,0.6,78.14284513143528,151.30435859348498,-84.62240688190954,106.0,173.48,-51.8,74.50214306338245,151.75477276987797,-85.946195203878,51.28414118127945,0.13986857402735708
B_PA2_to_C2,1D,181,3,5.0,0.6,0.6,78.14284513143528,151.30435859348498,-84.62240688190954,106.0,173.48,-51.8,75.06225107385212,151.6854782812021,-85.7425354620367,50.83543251670173,0.2787876652278918
B_PA2_to_C2,1D,181,4,5.0,0.6,0.6,78.14284513143528,151.30435859348498,-84.62240688190954,106.0,173.48,-51.8,75.62235908432179,151.61618379252627,-85.5388757201954,50.38987260967097,0.41673190889066625
B_PA2_to_C2,1D,181,5,5.0,0.6,0.6,78.14284513143528,151.30435859348498,-84.62240688190954,106.0,173.48,-51.8,76.18246709479145,151.54688930385043,-85.3352159783541,49.947545726267684,0.5536752164458623
B_PA2_to_C2,1D,181,6,5.0,0.6,0.6,78.14284513143528,151.30435859348498,-84.62240688190954,106.0,173.48,-51.8,76.74257510526111,151.4775948151746,-85.1315562365128,49.508538521514986,0.6895907597129511
B_PA2_to_C2,1D,181,7,5.0,0.6,0.6,78.14284513143528,151.30435859348498,-84.62240688190954,106.0,173.48,-51.8,77.30268311573079,151.40830032649873,-84.9278964946715,49.07294008916795,0.8244509554860269
B_PA2_to_C2,1D,181,8,5.0,0.6,0.6,78.14284513143528,151.30435859348498,-84.62240688190954,106.0,173.48,-51.8,77.86279112620045,151.3390058378229,-84.7242367528302,48.64084201012354,0.9582274505462145
B_PA2_to_C2,1D,181,9,5.0,0.6,0.6,78.14284513143528,151.30435859348498,-84.62240688190954,106.0,173.48,-51.8,78.42289913667011,151.26971134914706,-84.52057701098889,48.21233839913317,1.09089110719958
B_PA2_to_C2,1D,181,10,5.0,0.6,0.6,78.14284513143528,151.30435859348498,-84.62240688190954,106.0,173.48,-51.8,78.98300714713977,151.20041686047122,-84.31691726914758,47.787525949469945,1.2224119894482577
B_PA2_to_C2,1D,181,11,5.0,0.6,0.6,78.14284513143528,151.30435859348498,-84.62240688190954,106.0,173.48,-51.8,79.54311515760945,151.13112237179536,-84.11325752730629,47.36650397517213,1.3527593499119774
B_PA2_to_C2,1D,181,12,5.0,0.6,0.6,78.14284513143528,151.30435859348498,-84.62240688190954,106.0,173.48,-51.8,80.10322316807911,151.06182788311952,-83.90959778546498,46.94937445045173,1.4819016176272726
B_PA2_to_C2,1D,181,13,5.0,0.6,0.6,78.14284513143528,151.30435859348498,-84.62240688190954,106.0,173.48,-51.8,80.66333117854877,150.99253339444368,-83.70593804362368,46.5362420458234,1.609806386862049
B_PA2_to_C2,1D,181,14,5.0,0.6,0.6,78.14284513143528,151.30435859348498,-84.62240688190954,106.0,173.48,-51.8,81.22343918901844,150.92323890576785,-83.50227830178238,46.127214160473585,1.7364404070941895
B_PA2_to_C2,1D,181,15,5.0,0.6,0.6,78.14284513143528,151.30435859348498,-84.62240688190954,106.0,173.48,-51.8,81.78354719948811,150.85394441709198,-83.29861855994108,45.72240095035394,1.8617695743138931
B_PA2_to_C2,1D,181,16,5.0,0.6,0.6,78.14284513143528,151.30435859348498,-84.62240688190954,106.0,173.48,-51.8,82.34365520995777,150.78464992841614,-83.09495881809977,45.32191535144625,1.985758923820919
B_PA2_to_C2,1D,182,1,5.0,0.6,0.6,79.15454278227848,151.17830968322968,-84.2522453379742,107.15,172.77,-51.8,74.96059267695884,151.7044977670424,-85.7962364696012,51.33865426978429,0.0
B_PA2_to_C2,1D,182,2,5.0,0.6,0.6,79.15454278227848,151.17830968322968,-84.2522453379742,107.15,172.77,-51.8,75.51978602433479,151.63433935586738,-85.59037098538427,50.88197871879791,0.1413856195004275
B_PA2_to_C2,1D,182,3,5.0,0.6,0.6,79.15454278227848,151.17830968322968,-84.2522453379742,107.15,172.77,-51.8,76.07897937171074,151.56418094469234,-85.38450550116733,50.428306480070944,0.2818414209638842
B_PA2_to_C2,1D,182,4,5.0,0.6,0.6,79.15454278227848,151.17830968322968,-84.2522453379742,107.15,172.77,-51.8,76.6381727190867,151.49402253351732,-85.1786400169504,49.977719341279744,0.42134208312834254
B_PA2_to_C2,1D,182,5,5.0,0.6,0.6,79.15454278227848,151.17830968322968,-84.2522453379742,107.15,172.77,-51.8,77.19736606646265,151.42386412234228,-84.97277453273347,49.530301499824226,0.5598615386873274
B_PA2_to_C2,1D,182,6,5.0,0.6,0.6,79.15454278227848,151.17830968322968,-84.2522453379742,107.15,172.77,-51.8,77.7565594138386,151.35370571116727,-84.76690904851654,49.086139619766925,0.6973729566617237
B_PA2_to_C2,1D,182,7,5.0,0.6,0.6,79.15454278227848,151.17830968322968,-84.2522453379742,107.15,172.77,-51.8,78.31575276121455,151.28354729999222,-84.5610435642996,48.64532288801272,0.8338487250066784
B_PA2_to_C2,1D,182,8,5.0,0.6,0.6,79.15454278227848,151.17830968322968,-84.2522453379742,107.15,172.77,-51.8,78.8749461085905,151.2133888888172,-84.35517808008267,48.207943069444234,0.9692604335418142
B_PA2_to_C2,1D,182,9,5.0,0.6,0.6,79.15454278227848,151.17830968322968,-84.2522453379742,107.15,172.77,-51.8,79.43413945596646,151.14323047764216,-84.14931259586574,47.774094560698266,1.1035788573021748
B_PA2_to_C2,1D,182,10,5.0,0.6,0.6,79.15454278227848,151.17830968322968,-84.2522453379742,107.15,172.77,-51.8,79.99333280334241,151.07307206646715,-83.94344711164881,47.343874442236995,1.2367739404171196
B_PA2_to_C2,1D,182,11,5.0,0.6,0.6,79.15454278227848,151.17830968322968,-84.2522453379742,107.15,172.77,-51.8,80.55252615071836,151.0029136552921,-83.73758162743187,46.917382528334464,1.3688147806346223
B_PA2_to_C2,1D,182,12,5.0,0.6,0.6,79.15454278227848,151.17830968322968,-84.2522453379742,107.15,172.77,-51.8,81.11171949809432,150.9327552441171,-83.53171614321494,46.494721414563024,1.499669614619588
B_PA2_to_C2,1D,182,13,5.0,0.6,0.6,79.15454278227848,151.17830968322968,-84.2522453379742,107.15,172.77,-51.8,81.67091284547027,150.86259683294205,-83.32585065899801,46.07599652232807,1.6293058041660125
B_PA2_to_C2,1D,182,14,5.0,0.6,0.6,79.15454278227848,151.17830968322968,-84.2522453379742,107.15,172.77,-51.8,82.23010619284622,150.79243842176703,-83.11998517478108,45.66131613995977,1.7576898234750828
B_PA2_to_C2,1D,182,15,5.0,0.6,0.6,79.15454278227848,151.17830968322968,-84.2522453379742,107.15,172.77,-51.8,82.78929954022217,150.722280010592,-82.91411969056414,45.250791459830985,1.8847872476635619
B_PA2_to_C2,1D,182,16,5.0,0.6,0.6,79.15454278227848,151.17830968322968,-84.2522453379742,107.15,172.77,-51.8,83.34849288759813,150.65212159941697,-82.7082542063472,44.844536610928145,2.0105627426799213
B_PA2_to_C2,1D,183,1,5.0,0.6,0.6,80.16458218699586,151.05070418164797,-83.87810997663453,108.29,172.06,-51.8,75.97753225030088,151.58332968992184,-85.43853392401505,50.9405591215889,0.0
B_PA2_to_C2,1D,183,2,5.0,0.6,0.6,80.16458218699586,151.05070418164797,-83.87810997663453,108.29,172.06,-51.8,76.53580557519355,151.51231295548533,-85.23047739769765,50.479036495219475,0.142886262033878
B_PA2_to_C2,1D,183,3,5.0,0.6,0.6,80.16458218699586,151.05070418164797,-83.87810997663453,108.29,172.06,-51.8,77.0940789000862,151.44129622104882,-85.02242087138025,50.02045269038761,0.28486267219854255
B_PA2_to_C2,1D,183,4,5.0,0.6,0.6,80.16458218699586,151.05070418164797,-83.87810997663453,108.29,172.06,-51.8,77.65235222497887,151.3702794866123,-84.81436434506284,49.56488927877183,0.4259039761043564
B_PA2_to_C2,1D,183,5,5.0,0.6,0.6,80.16458218699586,151.05070418164797,-83.87810997663453,108.29,172.06,-51.8,78.21062554987154,151.2992627521758,-84.60630781874544,49.1124303113022,0.5659841517915485
B_PA2_to_C2,1D,183,6,5.0,0.6,0.6,80.16458218699586,151.05070418164797,-83.87810997663453,108.29,172.06,-51.8,78.7688988747642,151.22824601773925,-84.39825129242804,48.66316238129333,0.7050763901843862
B_PA2_to_C2,1D,183,7,5.0,0.6,0.6,80.16458218699586,151.05070418164797,-83.87810997663453,108.29,172.06,-51.8,79.32717219965686,151.15722928330274,-84.19019476611064,48.21717468717685,0.843153075669365
B_PA2_to_C2,1D,183,8,5.0,0.6,0.6,80.16458218699586,151.05070418164797,-83.87810997663453,108.29,172.06,-51.8,79.88544552454952,151.08621254886623,-83.98213823979323,47.77455909455714,0.9801857668828973
B_PA2_to_C2,1D,183,9,5.0,0.6,0.6,80.16458218699586,151.05070418164797,-83.87810997663453,108.29,172.06,-51.8,80.44371884944219,151.01519581442972,-83.77408171347584,47.33541019728189,1.1161451778040288
B_PA2_to_C2,1D,183,10,5.0,0.6,0.6,80.16458218699586,151.05070418164797,-83.87810997663453,108.29,172.06,-51.8,81.00199217433486,150.9441790799932,-83.56602518715843,46.89982537718603,1.2510011592578536
B_PA2_to_C2,1D,183,11,5.0,0.6,0.6,80.16458218699586,151.05070418164797,-83.87810997663453,108.29,172.06,-51.8,81.56026549922751,150.8731623455567,-83.35796866084102,46.46790486213198,1.384722680946414
B_PA2_to_C2,1D,183,12,5.0,0.6,0.6,80.16458218699586,151.05070418164797,-83.87810997663453,108.29,172.06,-51.8,82.11853882412018,150.80214561112015,-83.14991213452363,46.03975178193031,1.5172778141357846
B_PA2_to_C2,1D,183,13,5.0,0.6,0.6,80.16458218699586,151.05070418164797,-83.87810997663453,108.29,172.06,-51.8,82.67681214901285,150.73112887668364,-82.94185560820623,45.61547222168549,1.6486337151403738
B_PA2_to_C2,1D,183,14,5.0,0.6,0.6,80.16458218699586,151.05070418164797,-83.87810997663453,108.29,172.06,-51.8,83.23508547390551,150.66011214224713,-82.73379908188882,45.195175272068205,1.7787566097587284
B_PA2_to_C2,1D,183,15,5.0,0.6,0.6,80.16458218699586,151.05070418164797,-83.87810997663453,108.29,172.06,-51.8,83.79335879879817,150.58909540781062,-82.52574255557141,44.77897307597139,1.907611778828949
B_PA2_to_C2,1D,183,16,5.0,0.6,0.6,80.16458218699586,151.05070418164797,-83.87810997663453,108.29,172.06,-51.8,84.35163212369083,150.5180786733741,-82.31768602925402,44.366980870960525,2.035163545086183
B_PA2_to_C2,1D,184,1,5.0,0.6,0.6,81.17295358746802,150.9215520382831,-83.50002680614665,109.43,171.33,-51.8,76.99284308031139,151.46057325388063,-85.0767741787763,50.540152037733144,0.0
B_PA2_to_C2,1D,184,2,5.0,0.6,0.6,81.17295358746802,150.9215520382831,-83.50002680614665,109.43,171.33,-51.8,77.55019114793227,151.3887037584676,-84.86654119575901,50.07368225812596,0.1444178884232752
B_PA2_to_C2,1D,184,3,5.0,0.6,0.6,81.17295358746802,150.9215520382831,-83.50002680614665,109.43,171.33,-51.8,78.10753921555315,151.3168342630546,-84.65630821274172,49.61008306562625,0.2879470501878938
B_PA2_to_C2,1D,184,4,5.0,0.6,0.6,81.17295358746802,150.9215520382831,-83.50002680614665,109.43,171.33,-51.8,78.66488728317404,151.24496476764162,-84.44607522972444,49.14943569023873,0.43056233668557553
B_PA2_to_C2,1D,184,5,5.0,0.6,0.6,81.17295358746802,150.9215520382831,-83.50002680614665,109.43,171.33,-51.8,79.22223535079492,151.1730952722286,-84.23584224670715,48.69182390873739,0.5722378108345989
B_PA2_to_C2,1D,184,6,5.0,0.6,0.6,81.17295358746802,150.9215520382831,-83.50002680614665,109.43,171.33,-51.8,79.77958341841581,151.1012257768156,-84.02560926368987,48.23733411425291,0.7129467255356765
B_PA2_to_C2,1D,184,7,5.0,0.6,0.6,81.17295358746802,150.9215520382831,-83.50002680614665,109.43,171.33,-51.8,80.33693148603669,151.0293562814026,-83.81537628067258,47.78605538586173,0.852661502127372
B_PA2_to_C2,1D,184,8,5.0,0.6,0.6,81.17295358746802,150.9215520382831,-83.50002680614665,109.43,171.33,-51.8,80.89427955365757,150.9574867859896,-83.60514329765529,47.33807955791217,0.9913537089229028
B_PA2_to_C2,1D,184,9,5.0,0.6,0.6,81.17295358746802,150.9215520382831,-83.50002680614665,109.43,171.33,-51.8,81.45162762127846,150.8856172905766,-83.39491031463801,46.89350128879054,1.128994039920311
B_PA2_to_C2,1D,184,10,5.0,0.6,0.6,81.17295358746802,150.9215520382831,-83.50002680614665,109.43,171.33,-51.8,82.00897568889934,150.81374779516358,-83.18467733162072,46.45241812879473,1.265552293788982
B_PA2_to_C2,1D,184,11,5.0,0.6,0.6,81.17295358746802,150.9215520382831,-83.50002680614665,109.43,171.33,-51.8,82.56632375652022,150.7418782997506,-82.97444434860343,46.014930586744924,1.400997353247126
B_PA2_to_C2,1D,184,12,5.0,0.6,0.6,81.17295358746802,150.9215520382831,-83.50002680614665,109.43,171.33,-51.8,83.12367182414111,150.67000880433758,-82.76421136558615,45.58114219492016,1.53529716495758
B_PA2_to_C2,1D,184,13,5.0,0.6,0.6,81.17295358746802,150.9215520382831,-83.50002680614665,109.43,171.33,-51.8,83.68101989176199,150.59813930892457,-82.55397838256886,45.151159571866025,1.6684187200827
B_PA2_to_C2,1D,184,14,5.0,0.6,0.6,81.17295358746802,150.9215520382831,-83.50002680614665,109.43,171.33,-51.8,84.23836795938288,150.5262698135116,-82.34374539955158,44.72509248257275,1.800328035653374
B_PA2_to_C2,1D,184,15,5.0,0.6,0.6,81.17295358746802,150.9215520382831,-83.50002680614665,109.43,171.33,-51.8,84.79571602700376,150.45440031809858,-82.13351241653429,44.30305389547387,1.9309901369223752
B_PA2_to_C2,1D,184,16,5.0,0.6,0.6,81.17295358746802,150.9215520382831,-83.50002680614665,109.43,171.33,-51.8,85.35306409462464,150.38253082268557,-81.923279433517,43.88516003566399,2.060369040888281
B_PA2_to_C2,1D,185,1,5.0,0.6,0.6,82.17964783645431,150.79086341092665,-83.11802254281665,110.57,170.6,-51.8,78.00651375860376,151.33623813769458,-84.71098154281798,50.145845923594905,0.0
B_PA2_to_C2,1D,185,2,5.0,0.6,0.6,82.17964783645431,150.79086341092665,-83.11802254281665,110.57,170.6,-51.8,78.5629316356505,151.26352150745885,-84.49858700948447,49.67443425132767,0.1459478861508483
B_PA2_to_C2,1D,185,3,5.0,0.6,0.6,82.17964783645431,150.79086341092665,-83.11802254281665,110.57,170.6,-51.8,79.11934951269724,151.19080487722312,-84.28619247615096,49.205822551665875,0.2910289077179655
B_PA2_to_C2,1D,185,4,5.0,0.6,0.6,82.17964783645431,150.79086341092665,-83.11802254281665,110.57,170.6,-51.8,79.67576738974398,151.1180882469874,-84.07379794281745,48.740091585701634,0.4352180612672658
B_PA2_to_C2,1D,185,5,5.0,0.6,0.6,82.17964783645431,150.79086341092665,-83.11802254281665,110.57,170.6,-51.8,80.23218526679072,151.04537161675168,-83.86140340948394,48.27732472475188,0.5784895352455202
B_PA2_to_C2,1D,185,6,5.0,0.6,0.6,82.17964783645431,150.79086341092665,-83.11802254281665,110.57,170.6,-51.8,80.78860314383746,150.97265498651595,-83.64900887615042,47.81760802649681,0.7208166864080781
B_PA2_to_C2,1D,185,7,5.0,0.6,0.6,82.17964783645431,150.79086341092665,-83.11802254281665,110.57,170.6,-51.8,81.3450210208842,150.89993835628024,-83.43661434281691,47.36103031155727,0.8621720161107227
B_PA2_to_C2,1D,185,8,5.0,0.6,0.6,82.17964783645431,150.79086341092665,-83.11802254281665,110.57,170.6,-51.8,81.90143889793094,150.8272217260445,-83.2242198094834,46.90768324026248,1.0025271465425476
B_PA2_to_C2,1D,185,9,5.0,0.6,0.6,82.17964783645431,150.79086341092665,-83.11802254281665,110.57,170.6,-51.8,82.45785677497767,150.75450509580878,-83.01182527614989,46.45766138932692,1.141852796986992
B_PA2_to_C2,1D,185,10,5.0,0.6,0.6,82.17964783645431,150.79086341092665,-83.11802254281665,110.57,170.6,-51.8,83.01427465202441,150.68178846557305,-82.79943074281638,46.01106232811749,1.2801187602097261
B_PA2_to_C2,1D,185,11,5.0,0.6,0.6,82.17964783645431,150.79086341092665,-83.11802254281665,110.57,170.6,-51.8,83.57069252907115,150.60907183533735,-82.58703620948287,45.56798669415257,1.4172938790843137
B_PA2_to_C2,1D,185,12,5.0,0.6,0.6,82.17964783645431,150.79086341092665,-83.11802254281665,110.57,170.6,-51.8,84.1271104061179,150.53635520510161,-82.37464167614935,45.128538267431395,1.5533460235800334
B_PA2_to_C2,1D,185,13,5.0,0.6,0.6,82.17964783645431,150.79086341092665,-83.11802254281665,110.57,170.6,-51.8,84.68352828316463,150.46363857486588,-82.16224714281584,44.69282404314561,1.6882420682505543
B_PA2_to_C2,1D,185,14,5.0,0.6,0.6,82.17964783645431,150.79086341092665,-83.11802254281665,110.57,170.6,-51.8,85.23994616021137,150.39092194463018,-81.94985260948233,44.2609543022756,1.8219478703774943
B_PA2_to_C2,1D,185,15,5.0,0.6,0.6,82.17964783645431,150.79086341092665,-83.11802254281665,110.57,170.6,-51.8,85.79636403725812,150.31820531439445,-81.73745807614883,43.8330426795207,1.9544282489393812
B_PA2_to_C2,1D,185,16,5.0,0.6,0.6,82.17964783645431,150.79086341092665,-83.11802254281665,110.57,170.6,-51.8,86.35278191430486,150.24548868415872,-81.52506354281532,43.40920622795628,2.0856469645940017
B_PA2_to_C2,1D,186,1,5.0,0.6,0.6,83.18465626890872,150.658648479528,-82.73212435394977,111.7,169.86,-51.8,79.01853436836655,151.21033483508674,-84.34118323258447,49.747530720344855,0.0
B_PA2_to_C2,1D,186,2,5.0,0.6,0.6,83.18465626890872,150.658648479528,-82.73212435394977,111.7,169.86,-51.8,79.57401728843884,151.13677665434557,-84.12664204876651,49.27118472072562,0.14747554167778176
B_PA2_to_C2,1D,186,3,5.0,0.6,0.6,83.18465626890872,150.658648479528,-82.73212435394977,111.7,169.86,-51.8,80.12950020851113,151.0632184736044,-83.91210086494856,48.797566279437305,0.29410663805187376
B_PA2_to_C2,1D,186,4,5.0,0.6,0.6,83.18465626890872,150.658648479528,-82.73212435394977,111.7,169.86,-51.8,80.68498312858341,150.98966029286325,-83.69755968113058,48.32675558951052,0.4398684615586177
B_PA2_to_C2,1D,186,5,5.0,0.6,0.6,83.18465626890872,150.658648479528,-82.73212435394977,111.7,169.86,-51.8,81.2404660486557,150.91610211212208,-83.48301849731263,47.8588355146727,0.584735357793237
B_PA2_to_C2,1D,186,6,5.0,0.6,0.6,83.18465626890872,150.658648479528,-82.73212435394977,111.7,169.86,-51.8,81.795948968728,150.84254393138093,-83.26847731349467,47.393891672162844,0.7286808198705916
B_PA2_to_C2,1D,186,7,5.0,0.6,0.6,83.18465626890872,150.658648479528,-82.73212435394977,111.7,169.86,-51.8,82.35143188880029,150.76898575063976,-83.05393612967671,46.932012516457426,0.8716774625038486
B_PA2_to_C2,1D,186,8,5.0,0.6,0.6,83.18465626890872,150.658648479528,-82.73212435394977,111.7,169.86,-51.8,82.90691480887259,150.69542756989858,-82.83939494585876,46.47328942368,1.0136969958714719
B_PA2_to_C2,1D,186,9,5.0,0.6,0.6,83.18465626890872,150.658648479528,-82.73212435394977,111.7,169.86,-51.8,83.46239772894486,150.62186938915744,-82.62485376204079,46.01781677643277,1.1547101993535875
B_PA2_to_C2,1D,186,10,5.0,0.6,0.6,83.18465626890872,150.658648479528,-82.73212435394977,111.7,169.86,-51.8,84.01788064901716,150.54831120841627,-82.41031257822283,45.56569204875031,1.2946868952305106
B_PA2_to_C2,1D,186,11,5.0,0.6,0.6,83.18465626890872,150.658648479528,-82.73212435394977,111.7,169.86,-51.8,84.57336356908945,150.4747530276751,-82.19577139440487,45.11701589083389,1.4335959224492143
B_PA2_to_C2,1D,186,12,5.0,0.6,0.6,83.18465626890872,150.658648479528,-82.73212435394977,111.7,169.86,-51.8,85.12884648916175,150.40119484693395,-81.98123021058692,44.671892213179945,1.5714051105773716
B_PA2_to_C2,1D,186,13,5.0,0.6,0.6,83.18465626890872,150.658648479528,-82.73212435394977,111.7,169.86,-51.8,85.68432940923404,150.32763666619277,-81.76668902676896,44.23042826966723,1.7080812540797599
B_PA2_to_C2,1D,186,14,5.0,0.6,0.6,83.18465626890872,150.658648479528,-82.73212435394977,111.7,169.86,-51.8,86.23981232930632,150.25407848545163,-81.55214784295099,43.792734739113826,1.8435900870684296
B_PA2_to_C2,1D,186,15,5.0,0.6,0.6,83.18465626890872,150.658648479528,-82.73212435394977,111.7,169.86,-51.8,86.79529524937861,150.18052030471046,-81.33760665913303,43.35892580475902,1.9778962586953064
B_PA2_to_C2,1D,186,16,5.0,0.6,0.6,83.18465626890872,150.658648479528,-82.73212435394977,111.7,169.86,-51.8,87.3507781694509,150.10696212396928,-81.12306547531507,42.92911923106283,2.11096330937524
B_PA2_to_C2,1D,187,1,5.0,0.6,0.6,84.18797034164835,150.52491725041395,-82.34235893159975,112.83,169.12,-51.8,80.0288954779705,151.08287277955517,-83.96740720959758,49.35577476668446,0.0
B_PA2_to_C2,1D,187,2,5.0,0.6,0.6,84.18797034164835,150.52491725041395,-82.34235893159975,112.83,169.12,-51.8,80.58343879312754,151.00847870900301,-83.75073410586454,48.87450585986998,0.14899966155247135
B_PA2_to_C2,1D,187,3,5.0,0.6,0.6,84.18797034164835,150.52491725041395,-82.34235893159975,112.83,169.12,-51.8,81.13798210828459,150.93408463845086,-83.5340610021315,48.395889735319905,0.29717802828623974
B_PA2_to_C2,1D,187,4,5.0,0.6,0.6,84.18797034164835,150.52491725041395,-82.34235893159975,112.83,169.12,-51.8,81.69252542344164,150.85969056789867,-83.31738789839845,47.92000587959084,0.4445104913602549
B_PA2_to_C2,1D,187,5,5.0,0.6,0.6,84.18797034164835,150.52491725041395,-82.34235893159975,112.83,169.12,-51.8,82.24706873859868,150.7852964973465,-83.10071479466541,47.44693650518227,0.5909715979882932
B_PA2_to_C2,1D,187,6,5.0,0.6,0.6,84.18797034164835,150.52491725041395,-82.34235893159975,112.83,169.12,-51.8,82.80161205375573,150.71090242679435,-82.88404169093236,46.976766640048524,0.7365350237262973
B_PA2_to_C2,1D,187,7,5.0,0.6,0.6,84.18797034164835,150.52491725041395,-82.34235893159975,112.83,169.12,-51.8,83.35615536891278,150.6365083562422,-82.66736858719932,46.50958421852805,0.8811735443208715
B_PA2_to_C2,1D,187,8,5.0,0.6,0.6,84.18797034164835,150.52491725041395,-82.34235893159975,112.83,169.12,-51.8,83.91069868406983,150.56211428569003,-82.45069548346628,46.04548017348859,1.0248590071813837
B_PA2_to_C2,1D,187,9,5.0,0.6,0.6,84.18797034164835,150.52491725041395,-82.34235893159975,112.83,169.12,-51.8,84.46524199922688,150.48772021513787,-82.23402237973322,45.584548529451375,1.1675623025489426
B_PA2_to_C2,1D,187,10,5.0,0.6,0.6,84.18797034164835,150.52491725041395,-82.34235893159975,112.83,169.12,-51.8,85.01978531438392,150.4133261445857,-82.01734927600017,45.12688649641902,1.3092533344475061
B_PA2_to_C2,1D,187,11,5.0,0.6,0.6,84.18797034164835,150.52491725041395,-82.34235893159975,112.83,169.12,-51.8,85.57432862954097,150.33893207403355,-81.80067617226713,44.672594564088875,1.449900991515662
B_PA2_to_C2,1D,187,12,5.0,0.6,0.6,84.18797034164835,150.52491725041395,-82.34235893159975,112.83,169.12,-51.8,86.12887194469802,150.2645380034814,-81.58400306853409,44.22177659608714,1.5894731178319876
B_PA2_to_C2,1D,187,13,5.0,0.6,0.6,84.18797034164835,150.52491725041395,-82.34235893159975,112.83,169.12,-51.8,86.68341525985507,150.19014393292923,-81.36732996480104,43.77453992380752,1.7279364838628322
B_PA2_to_C2,1D,187,14,5.0,0.6,0.6,84.18797034164835,150.52491725041395,-82.34235893159975,112.83,169.12,-51.8,87.23795857501212,150.11574986237704,-81.150656861068,43.33099543938261,1.8652567576785906
B_PA2_to_C2,1D,187,15,5.0,0.6,0.6,84.18797034164835,150.52491725041395,-82.34235893159975,112.83,169.12,-51.8,87.79250189016916,150.04135579182488,-80.93398375733496,42.89125768725573,2.001398476603322
B_PA2_to_C2,1D,187,16,5.0,0.6,0.6,84.18797034164835,150.52491725041395,-82.34235893159975,112.83,169.12,-51.8,88.34704520532621,149.96696172127272,-80.71731065360191,42.45544495375536,2.136325019482694
B_PA2_to_C2,1D,188,1,5.0,0.6,0.6,85.18958182372573,150.3896801787657,-81.948752828512,113.95,168.36,-51.8,81.0375878887871,150.95386287799494,-83.58968068985241,48.956963537898595,0.0
B_PA2_to_C2,1D,188,2,5.0,0.6,0.6,85.18958182372573,150.3896801787657,-81.948752828512,113.95,168.36,-51.8,81.59118708011225,150.87863851809772,-83.37089030834036,48.47073227945387,0.15053599332654066
B_PA2_to_C2,1D,188,3,5.0,0.6,0.6,85.18958182372573,150.3896801787657,-81.948752828512,113.95,168.36,-51.8,82.1447862714374,150.80341415820047,-83.1520999268283,47.98707634938652,0.3002746713659672
B_PA2_to_C2,1D,188,4,5.0,0.6,0.6,85.18958182372573,150.3896801787657,-81.948752828512,113.95,168.36,-51.8,82.69838546276256,150.72818979830325,-82.93330954531625,47.50607440546113,0.4491916818691841
B_PA2_to_C2,1D,188,5,5.0,0.6,0.6,85.18958182372573,150.3896801787657,-81.948752828512,113.95,168.36,-51.8,83.2519846540877,150.652965438406,-82.7145191638042,47.0278078829172,0.5972618126877371
B_PA2_to_C2,1D,188,6,5.0,0.6,0.6,85.18958182372573,150.3896801787657,-81.948752828512,113.95,168.36,-51.8,83.80558384541285,150.57774107850878,-82.49572878229213,46.55236109079675,0.744458961951036
B_PA2_to_C2,1D,188,7,5.0,0.6,0.6,85.18958182372573,150.3896801787657,-81.948752828512,113.95,168.36,-51.8,84.359183036738,150.50251671861156,-82.27693840078008,46.07982131023607,0.8907561076354558
B_PA2_to_C2,1D,188,8,5.0,0.6,0.6,85.18958182372573,150.3896801787657,-81.948752828512,113.95,168.36,-51.8,84.91278222806315,150.4272923587143,-82.05814801926803,45.61027889455014,1.0361252765784688
B_PA2_to_C2,1D,188,9,5.0,0.6,0.6,85.18958182372573,150.3896801787657,-81.948752828512,113.95,168.36,-51.8,85.46638141938831,150.3520679988171,-81.83935763775597,45.14382737090425,1.1805375130013456
B_PA2_to_C2,1D,188,10,5.0,0.6,0.6,85.18958182372573,150.3896801787657,-81.948752828512,113.95,168.36,-51.8,86.01998061071346,150.27684363891984,-81.62056725624392,44.680563543327914,1.3239628466163094
B_PA2_to_C2,1D,188,11,5.0,0.6,0.6,85.18958182372573,150.3896801787657,-81.948752828512,113.95,168.36,-51.8,86.57357980203861,150.20161927902262,-81.40177687473187,44.22058759678259,1.4663702604074302
B_PA2_to_C2,1D,188,12,5.0,0.6,0.6,85.18958182372573,150.3896801787657,-81.948752828512,113.95,168.36,-51.8,87.12717899336376,150.1263949191254,-81.1829864932198,43.76400320194761,1.6077276581891589
B_PA2_to_C2,1D,188,13,5.0,0.6,0.6,85.18958182372573,150.3896801787657,-81.948752828512,113.95,168.36,-51.8,87.6807781846889,150.05117055922815,-80.96419611170775,43.31091762033495,1.7480018320630482
B_PA2_to_C2,1D,188,14,5.0,0.6,0.6,85.18958182372573,150.3896801787657,-81.948752828512,113.95,168.36,-51.8,88.23437737601407,149.97594619933093,-80.7454057301957,42.86144180928587,1.887158429911059
B_PA2_to_C2,1D,188,15,5.0,0.6,0.6,85.18958182372573,150.3896801787657,-81.948752828512,113.95,168.36,-51.8,88.78797656733921,149.9007218394337,-80.52661534868363,42.41569052633893,2.0251619230834876
B_PA2_to_C2,1D,188,16,5.0,0.6,0.6,85.18958182372573,150.3896801787657,-81.948752828512,113.95,168.36,-51.8,89.34157575866436,149.82549747953647,-80.30782496717158,41.97378243238887,2.1619755744612146
B_PA2_to_C2,1D,189,1,5.0,0.6,0.6,86.18948264342175,150.25294705232363,-81.55133241463926,115.07,167.6,-51.8,82.04460136461785,150.82331446787057,-83.20802797988448,48.56540285074415,0.0
B_PA2_to_C2,1D,189,2,5.0,0.6,0.6,86.18948264342175,150.25294705232363,-81.55133241463926,115.07,167.6,-51.8,82.59725220179169,150.74726547913096,-82.98713523785177,48.07422817623793,0.15206646269542468
B_PA2_to_C2,1D,189,3,5.0,0.6,0.6,86.18948264342175,150.25294705232363,-81.55133241463926,115.07,167.6,-51.8,83.14990303896555,150.67121649039137,-82.76624249581909,47.58554901886611,0.3033603194668846
B_PA2_to_C2,1D,189,4,5.0,0.6,0.6,86.18948264342175,150.25294705232363,-81.55133241463926,115.07,167.6,-51.8,83.7025538761394,150.5951675016518,-82.54534975378638,47.099443055229735,0.45385752183108785
B_PA2_to_C2,1D,189,5,5.0,0.6,0.6,86.18948264342175,150.25294705232363,-81.55133241463926,115.07,167.6,-51.8,84.25520471331326,150.5191185129122,-82.3244570117537,46.61599078426574,0.6035331475165364
B_PA2_to_C2,1D,189,6,5.0,0.6,0.6,86.18948264342175,150.25294705232363,-81.55133241463926,115.07,167.6,-51.8,84.80785555048712,150.4430695241726,-82.103564269721,46.13527563030993,0.7523613685554871
B_PA2_to_C2,1D,189,7,5.0,0.6,0.6,86.18948264342175,150.25294705232363,-81.55133241463926,115.07,167.6,-51.8,85.36050638766098,150.36702053543303,-81.8826715276883,45.657384048701125,0.9003154185891713
B_PA2_to_C2,1D,189,8,5.0,0.6,0.6,86.18948264342175,150.25294705232363,-81.55133241463926,115.07,167.6,-51.8,85.91315722483483,150.29097154669344,-81.66177878565561,45.18240563379188,1.047367559427947
B_PA2_to_C2,1D,189,9,5.0,0.6,0.6,86.18948264342175,150.25294705232363,-81.55133241463926,115.07,167.6,-51.8,86.46580806200868,150.21492255795383,-81.44088604362291,44.7104332291964,1.1934890469188097
B_PA2_to_C2,1D,189,10,5.0,0.6,0.6,86.18948264342175,150.25294705232363,-81.55133241463926,115.07,167.6,-51.8,87.01845889918253,150.13887356921424,-81.21999330159022,44.241563040068435,1.3386500961844323
B_PA2_to_C2,1D,189,11,5.0,0.6,0.6,86.18948264342175,150.25294705232363,-81.55133241463926,115.07,167.6,-51.8,87.57110973635639,150.06282458047465,-80.99910055955752,43.775894747158155,1.482819846311454
B_PA2_to_C2,1D,189,12,5.0,0.6,0.6,86.18948264342175,150.25294705232363,-81.55133241463926,115.07,167.6,-51.8,88.12376057353025,149.98677559173507,-80.77820781752483,43.31353162234857,1.6259663245806752
B_PA2_to_C2,1D,189,13,5.0,0.6,0.6,86.18948264342175,150.25294705232363,-81.55133241463926,115.07,167.6,-51.8,88.6764114107041,149.91072660299548,-80.55731507549214,42.85458064531853,1.7680564103484908
B_PA2_to_C2,1D,189,14,5.0,0.6,0.6,86.18948264342175,150.25294705232363,-81.55133241463926,115.07,167.6,-51.8,89.22906224787796,149.8346776142559,-80.33642233345944,42.399152620919544,1.9090557987073087
B_PA2_to_C2,1D,189,15,5.0,0.6,0.6,86.18948264342175,150.25294705232363,-81.55133241463926,115.07,167.6,-51.8,89.78171308505182,149.7586286255163,-80.11552959142675,41.947362296787496,2.0489289640732675
B_PA2_to_C2,1D,189,16,5.0,0.6,0.6,86.18948264342175,150.25294705232363,-81.55133241463926,115.07,167.6,-51.8,90.33436392222566,149.6825796367767,-79.89463684939405,41.499328480637736,2.1876391238719552
B_PA2_to_C2,1D,190,1,5.0,0.6,0.6,87.18766562310678,150.11472854178467,-81.15012523298817,116.18,166.83,-51.8,83.0499272060453,150.69123835515336,-82.82247604159954,48.17110514108566,0.0
B_PA2_to_C2,1D,190,2,5.0,0.6,0.6,87.18766562310678,150.11472854178467,-81.15012523298817,116.18,166.83,-51.8,83.60162566165349,150.6143703800375,-82.5994959337847,47.6750046489401,0.1535914836363954
B_PA2_to_C2,1D,190,3,5.0,0.6,0.6,87.18766562310678,150.11472854178467,-81.15012523298817,116.18,166.83,-51.8,84.15332411726169,150.5375024049217,-82.37651582596985,47.18131797692164,0.3064356545399445
B_PA2_to_C2,1D,190,4,5.0,0.6,0.6,87.18766562310678,150.11472854178467,-81.15012523298817,116.18,166.83,-51.8,84.7050225728699,150.46063442980588,-82.153535718155,46.69012169401916,0.4585088071413317
B_PA2_to_C2,1D,190,5,5.0,0.6,0.6,87.18766562310678,150.11472854178467,-81.15012523298817,116.18,166.83,-51.8,85.25672102847808,150.38376645469006,-81.93055561034015,46.20149523083911,0.609786349921535
B_PA2_to_C2,1D,190,6,5.0,0.6,0.6,87.18766562310678,150.11472854178467,-81.15012523298817,116.18,166.83,-51.8,85.80841948408629,150.30689847957424,-81.7075755025253,45.71552098935523,0.7602427714335711
B_PA2_to_C2,1D,190,7,5.0,0.6,0.6,87.18766562310678,150.11472854178467,-81.15012523298817,116.18,166.83,-51.8,86.36011793969449,150.2300305044584,-81.48459539471045,45.23228445580776,0.9098516053491963
B_PA2_to_C2,1D,190,8,5.0,0.6,0.6,87.18766562310678,150.11472854178467,-81.15012523298817,116.18,166.83,-51.8,86.91181639530268,150.15316252934258,-81.2616152868956,44.75187431665894,1.0585853945593566
B_PA2_to_C2,1D,190,9,5.0,0.6,0.6,87.18766562310678,150.11472854178467,-81.15012523298817,116.18,166.83,-51.8,87.46351485091088,150.07629455422676,-81.03863517908074,44.274382577478896,1.2064156543674205
B_PA2_to_C2,1D,190,10,5.0,0.6,0.6,87.18766562310678,150.11472854178467,-81.15012523298817,116.18,166.83,-51.8,88.01521330651907,149.99942657911095,-80.8156550712659,43.7999046845983,1.3533128348258074
B_PA2_to_C2,1D,190,11,5.0,0.6,0.6,87.18766562310678,150.11472854178467,-81.15012523298817,116.18,166.83,-51.8,88.56691176212728,149.9225586039951,-80.59267496345105,43.32853964932151,1.4992462822799233
B_PA2_to_C2,1D,190,12,5.0,0.6,0.6,87.18766562310678,150.11472854178467,-81.15012523298817,116.18,166.83,-51.8,89.11861021773548,149.84569062887928,-80.3696948556362,42.8603901744461,1.6441842001980067
B_PA2_to_C2,1D,190,13,5.0,0.6,0.6,87.18766562310678,150.11472854178467,-81.15012523298817,116.18,166.83,-51.8,89.67030867334367,149.76882265376346,-80.14671474782135,42.39556278278053,1.7880936093823934
B_PA2_to_C2,1D,190,14,5.0,0.6,0.6,87.18766562310678,150.11472854178467,-81.15012523298817,116.18,166.83,-51.8,90.22200712895187,149.69195467864765,-79.9237346400065,41.93416794729109,1.9309403076763392
B_PA2_to_C2,1D,190,15,5.0,0.6,0.6,87.18766562310678,150.11472854178467,-81.15012523298817,116.18,166.83,-51.8,90.77370558456008,149.61508670353183,-79.70075453219165,41.47632022244192,2.072688829301468
B_PA2_to_C2,1D,190,16,5.0,0.6,0.6,87.18766562310678,150.11472854178467,-81.15012523298817,116.18,166.83,-51.8,91.32540404016827,149.53821872841598,-79.4777744243768,41.02213837621675,2.2133024039841835
B_PA2_to_C2,1D,191,1,5.0,0.6,0.6,88.18412342149847,149.97503436988703,-80.74515793431173,117.29,166.06,-51.8,84.05355750562069,150.55764378193768,-82.43305351389557,47.784601343728596,0.0
B_PA2_to_C2,1D,191,2,5.0,0.6,0.6,88.18412342149847,149.97503436988703,-80.74515793431173,117.29,166.06,-51.8,84.60429962773772,150.4799625269976,-82.20800076995107,47.28360273192823,0.15510792934995976
B_PA2_to_C2,1D,191,3,5.0,0.6,0.6,88.18412342149847,149.97503436988703,-80.74515793431173,117.29,166.06,-51.8,85.15504174985476,150.4022812720575,-81.98294802600655,46.78493399634707,0.3094945347930427
B_PA2_to_C2,1D,191,4,5.0,0.6,0.6,88.18412342149847,149.97503436988703,-80.74515793431173,117.29,166.06,-51.8,85.7057838719718,150.32460001711743,-81.75789528206204,46.28867043645013,0.46313650380138327
B_PA2_to_C2,1D,191,5,5.0,0.6,0.6,88.18412342149847,149.97503436988703,-80.74515793431173,117.29,166.06,-51.8,86.25652599408883,150.24691876217733,-81.53284253811754,45.79489024450256,0.616009628243356
B_PA2_to_C2,1D,191,6,5.0,0.6,0.6,88.18412342149847,149.97503436988703,-80.74515793431173,117.29,166.06,-51.8,86.80726811620588,150.16923750723726,-81.30778979417302,45.30367462179835,0.7680887683994584
B_PA2_to_C2,1D,191,7,5.0,0.6,0.6,88.18412342149847,149.97503436988703,-80.74515793431173,117.29,166.06,-51.8,87.35801023832292,150.09155625229715,-81.0827370502285,44.81510789867093,0.9193478158073276
B_PA2_to_C2,1D,191,8,5.0,0.6,0.6,88.18412342149847,149.97503436988703,-80.74515793431173,117.29,166.06,-51.8,87.90875236043995,150.01387499735708,-80.85768430628399,44.32927765823913,1.0697596549502997
B_PA2_to_C2,1D,191,9,5.0,0.6,0.6,88.18412342149847,149.97503436988703,-80.74515793431173,117.29,166.06,-51.8,88.45949448255699,149.93619374241698,-80.63263156233948,43.84627486381255,1.2192961238130167
B_PA2_to_C2,1D,191,10,5.0,0.6,0.6,88.18412342149847,149.97503436988703,-80.74515793431173,117.29,166.06,-51.8,89.01023660467402,149.8585124874769,-80.40757881839497,43.36619398984354,1.3679279733390288
B_PA2_to_C2,1D,191,11,5.0,0.6,0.6,88.18412342149847,149.97503436988703,-80.74515793431173,117.29,166.06,-51.8,89.56097872679106,149.7808312325368,-80.18252607445045,42.88913315627262,1.5156248258377634
B_PA2_to_C2,1D,191,12,5.0,0.6,0.6,88.18412342149847,149.97503436988703,-80.74515793431173,117.29,166.06,-51.8,90.1117208489081,149.70314997759672,-79.95747333050593,42.415194266067246,1.6623551324028956
B_PA2_to_C2,1D,191,13,5.0,0.6,0.6,88.18412342149847,149.97503436988703,-80.74515793431173,117.29,166.06,-51.8,90.66246297102514,149.62546872265662,-79.73242058656143,41.944483145700666,1.8080861294204134
B_PA2_to_C2,1D,191,14,5.0,0.6,0.6,88.18412342149847,149.97503436988703,-80.74515793431173,117.29,166.06,-51.8,91.21320509314218,149.54778746771655,-79.50736784261692,41.47710968825705,1.9527837942636364
B_PA2_to_C2,1D,191,15,5.0,0.6,0.6,88.18412342149847,149.97503436988703,-80.74515793431173,117.29,166.06,-51.8,91.76394721525922,149.47010621277644,-79.2823150986724,41.01318799878216,2.096412800293015
B_PA2_to_C2,1D,191,16,5.0,0.6,0.6,88.18412342149847,149.97503436988703,-80.74515793431173,117.29,166.06,-51.8,92.31468933737625,149.39242495783637,-79.0572623547279,40.55283654142076,2.238936471302736
B_PA2_to_C2,1D,192,1,5.0,0.6,0.6,89.17884914419898,149.83387543735915,-80.33645709844214,118.39,165.27,-51.8,85.05548406160827,150.42254291769393,-82.03978648328467,47.392843565378726,0.0
B_PA2_to_C2,1D,192,2,5.0,0.6,0.6,89.17884914419898,149.83387543735915,-80.33645709844214,118.39,165.27,-51.8,85.60526607262037,150.34405392031596,-81.812675898639,46.88692098719492,0.1566323771466891
B_PA2_to_C2,1D,192,3,5.0,0.6,0.6,89.17884914419898,149.83387543735915,-80.33645709844214,118.39,165.27,-51.8,86.15504808363247,150.26556492293798,-81.58556531399333,46.38324156531601,0.3125702786571871
B_PA2_to_C2,1D,192,4,5.0,0.6,0.6,89.17884914419898,149.83387543735915,-80.33645709844214,118.39,165.27,-51.8,86.70483009464455,150.18707592556,-81.35845472934766,45.88187917417354,0.46779083319045967
B_PA2_to_C2,1D,192,5,5.0,0.6,0.6,89.17884914419898,149.83387543735915,-80.33645709844214,118.39,165.27,-51.8,87.25461210565665,150.10858692818204,-81.13134414470198,45.382910605209744,0.6222702663061863
B_PA2_to_C2,1D,192,6,5.0,0.6,0.6,89.17884914419898,149.83387543735915,-80.33645709844214,118.39,165.27,-51.8,87.80439411666875,150.0300979308041,-80.90423356005631,44.88641568946509,0.7759838625119624
B_PA2_to_C2,1D,192,7,5.0,0.6,0.6,89.17884914419898,149.83387543735915,-80.33645709844214,118.39,165.27,-51.8,88.35417612768083,149.95160893342612,-80.67712297541064,44.39247742460943,0.9289059259347656
B_PA2_to_C2,1D,192,8,5.0,0.6,0.6,89.17884914419898,149.83387543735915,-80.33645709844214,118.39,165.27,-51.8,88.90395813869293,149.87311993604814,-80.45001239076497,43.90118210642463,1.081009739614272
B_PA2_to_C2,1D,192,9,5.0,0.6,0.6,89.17884914419898,149.83387543735915,-80.33645709844214,118.39,165.27,-51.8,89.45374014970503,149.79463093867017,-80.22290180611931,43.41261946471853,1.232267523424209
B_PA2_to_C2,1D,192,10,5.0,0.6,0.6,89.17884914419898,149.83387543735915,-80.33645709844214,118.39,165.27,-51.8,90.00352216071713,149.7161419412922,-79.99579122147364,42.92688280361687,1.3826503906383465
B_PA2_to_C2,1D,192,11,5.0,0.6,0.6,89.17884914419898,149.83387543735915,-80.33645709844214,118.39,165.27,-51.8,90.55330417172921,149.63765294391422,-79.76868063682797,42.4440691461417,1.5321283031693582
B_PA2_to_C2,1D,192,12,5.0,0.6,0.6,89.17884914419898,149.83387543735915,-80.33645709844214,118.39,165.27,-51.8,91.10308618274131,149.55916394653627,-79.5415700521823,41.96427938294016,1.680670025522776
B_PA2_to_C2,1D,192,13,5.0,0.6,0.6,89.17884914419898,149.83387543735915,-80.33645709844214,118.39,165.27,-51.8,91.6528681937534,149.4806749491583,-79.31445946753662,41.48761842497659,1.8282430775238812
B_PA2_to_C2,1D,192,14,5.0,0.6,0.6,89.17884914419898,149.83387543735915,-80.33645709844214,118.39,165.27,-51.8,92.20265020476549,149.40218595178033,-79.08734888289095,41.014195359941624,1.9748136858938405
B_PA2_to_C2,1D,192,15,5.0,0.6,0.6,89.17884914419898,149.83387543735915,-80.33645709844214,118.39,165.27,-51.8,92.75243221577759,149.32369695440235,-78.86023829824528,40.54412361206562,2.1203467347718608
B_PA2_to_C2,1D,192,16,5.0,0.6,0.6,89.17884914419898,149.83387543735915,-80.33645709844214,118.39,165.27,-51.8,93.30221422678969,149.24520795702438,-78.6331277135996,40.077521104946804,2.264805715304
B_PA2_to_C2,1D,193,1,5.0,0.6,0.6,90.17183608422485,149.6912608544792,-79.92404961156332,119.48,164.48,-51.8,86.0556985245604,150.28594449056203,-81.64270110703727,47.00257386877919,0.0
B_PA2_to_C2,1D,193,2,5.0,0.6,0.6,90.17183608422485,149.6912608544792,-79.92404961156332,119.48,164.48,-51.8,86.60451686584899,150.2066533390843,-81.4135475743074,46.49180590321577,0.15813249707845678
B_PA2_to_C2,1D,193,3,5.0,0.6,0.6,90.17183608422485,149.6912608544792,-79.92404961156332,119.48,164.48,-51.8,87.15333520713759,150.12736218760662,-81.18439404157755,45.98319347320859,0.3155976456874914
B_PA2_to_C2,1D,193,4,5.0,0.6,0.6,90.17183608422485,149.6912608544792,-79.92404961156332,119.48,164.48,-51.8,87.70215354842618,150.0480710361289,-80.95524050884768,45.47680890131559,0.4723730549422882
B_PA2_to_C2,1D,193,5,5.0,0.6,0.6,90.17183608422485,149.6912608544792,-79.92404961156332,119.48,164.48,-51.8,88.25097188971478,149.96877988465118,-80.72608697611783,44.97272744340755,0.6284354258116522
B_PA2_to_C2,1D,193,6,5.0,0.6,0.6,90.17183608422485,149.6912608544792,-79.92404961156332,119.48,164.48,-51.8,88.79979023100337,149.88948873317347,-80.49693344338797,44.47102741731146,0.7837605112903177
B_PA2_to_C2,1D,193,7,5.0,0.6,0.6,90.17183608422485,149.6912608544792,-79.92404961156332,119.48,164.48,-51.8,89.34860857229197,149.81019758169577,-80.2677799106581,43.97179033657273,0.9383230749865188
B_PA2_to_C2,1D,193,8,5.0,0.6,0.6,90.17183608422485,149.6912608544792,-79.92404961156332,119.48,164.48,-51.8,89.89742691358056,149.73090643021806,-80.03862637792825,43.475101049402475,1.0920968481042443
B_PA2_to_C2,1D,193,9,5.0,0.6,0.6,90.17183608422485,149.6912608544792,-79.92404961156332,119.48,164.48,-51.8,90.44624525486914,149.65161527874034,-79.80947284519839,42.981047882851826,1.2450544848072322
B_PA2_to_C2,1D,193,10,5.0,0.6,0.6,90.17183608422485,149.6912608544792,-79.92404961156332,119.48,164.48,-51.8,90.99506359615773,149.57232412726262,-79.58031931246853,42.48972279222644,1.3971675159606036
B_PA2_to_C2,1D,193,11,5.0,0.6,0.6,90.17183608422485,149.6912608544792,-79.92404961156332,119.48,164.48,-51.8,91.54388193744633,149.49303297578493,-79.35116577973866,42.001221515718925,1.548406301257046
B_PA2_to_C2,1D,193,12,5.0,0.6,0.6,90.17183608422485,149.6912608544792,-79.92404961156332,119.48,164.48,-51.8,92.09270027873492,149.4137418243072,-79.12201224700881,41.51564373419658,1.6987399797469358
B_PA2_to_C2,1D,193,13,5.0,0.6,0.6,90.17183608422485,149.6912608544792,-79.92404961156332,119.48,164.48,-51.8,92.64151862002352,149.3344506728295,-78.89285871427896,41.03309323603305,1.8481364188068543
B_PA2_to_C2,1D,193,14,5.0,0.6,0.6,90.17183608422485,149.6912608544792,-79.92404961156332,119.48,164.48,-51.8,93.19033696131211,149.25515952135177,-78.66370518154909,40.55367808681754,1.9965621615980318
B_PA2_to_C2,1D,193,15,5.0,0.6,0.6,90.17183608422485,149.6912608544792,-79.92404961156332,119.48,164.48,-51.8,93.73915530260071,149.17586836987408,-78.43455164881924,40.07751080370972,2.143982373086521
B_PA2_to_C2,1D,193,16,5.0,0.6,0.6,90.17183608422485,149.6912608544792,-79.92404961156332,119.48,164.48,-51.8,94.2879736438893,149.09657721839636,-78.20539811608937,39.60470853413409,2.2903607847198444
B_PA2_to_C2,1D,194,1,5.0,0.6,0.6,91.16307814813737,149.54720170457475,-79.50796240030589,120.57,163.68,-51.8,87.05419277957574,150.1478563697857,-81.24182369844381,46.61812123579885,0.0
B_PA2_to_C2,1D,194,2,5.0,0.6,0.6,91.16307814813737,149.54720170457475,-79.50796240030589,120.57,163.68,-51.8,87.60204416205063,150.0677690810909,-81.01064219202543,46.10250058286667,0.15963487706878787
B_PA2_to_C2,1D,194,3,5.0,0.6,0.6,91.16307814813737,149.54720170457475,-79.50796240030589,120.57,163.68,-51.8,88.14989554452552,149.9876817923961,-80.77946068560703,45.58894484884247,0.3186304603580119
B_PA2_to_C2,1D,194,4,5.0,0.6,0.6,91.16307814813737,149.54720170457475,-79.50796240030589,120.57,163.68,-51.8,88.6977469270004,149.90759450370132,-80.54827917918864,45.07752460892659,0.47696489996045344
B_PA2_to_C2,1D,194,5,5.0,0.6,0.6,91.16307814813737,149.54720170457475,-79.50796240030589,120.57,163.68,-51.8,89.24559830947528,149.8275072150065,-80.31709767277025,44.5683133773981,0.6346154360373841
B_PA2_to_C2,1D,194,6,5.0,0.6,0.6,91.16307814813737,149.54720170457475,-79.50796240030589,120.57,163.68,-51.8,89.79344969195016,149.74741992631172,-80.08591616635186,44.061387741916896,0.7915583572389959
B_PA2_to_C2,1D,194,7,5.0,0.6,0.6,91.16307814813737,149.54720170457475,-79.50796240030589,120.57,163.68,-51.8,90.34130107442505,149.66733263761694,-79.85473465993347,43.556827503631666,0.9477689573273018
B_PA2_to_C2,1D,194,8,5.0,0.6,0.6,91.16307814813737,149.54720170457475,-79.50796240030589,120.57,163.68,-51.8,90.88915245689994,149.58724534892215,-79.62355315351508,43.0547158232255,1.1032214899607897
B_PA2_to_C2,1D,194,9,5.0,0.6,0.6,91.16307814813737,149.54720170457475,-79.50796240030589,120.57,163.68,-51.8,91.43700383937481,149.50715806022734,-79.3923716470967,42.55513937300977,1.2578891216065262
B_PA2_to_C2,1D,194,10,5.0,0.6,0.6,91.16307814813737,149.54720170457475,-79.50796240030589,120.57,163.68,-51.8,91.9848552218497,149.42707077153256,-79.1611901406783,42.05818849515355,1.4117438825527238
B_PA2_to_C2,1D,194,11,5.0,0.6,0.6,91.16307814813737,149.54720170457475,-79.50796240030589,120.57,163.68,-51.8,92.53270660432459,149.34698348283777,-78.9300086342599,41.563957366105626,1.5647566160040949
B_PA2_to_C2,1D,194,12,5.0,0.6,0.6,91.16307814813737,149.54720170457475,-79.50796240030589,120.57,163.68,-51.8,93.08055798679946,149.266896194143,-78.69882712784153,41.07254416722962,1.7168969252536304
B_PA2_to_C2,1D,194,13,5.0,0.6,0.6,91.16307814813737,149.54720170457475,-79.50796240030589,120.57,163.68,-51.8,93.62840936927435,149.18680890544817,-78.46764562142313,40.58405126162996,1.8681331189377381
B_PA2_to_C2,1D,194,14,5.0,0.6,0.6,91.16307814813737,149.54720170457475,-79.50796240030589,120.57,163.68,-51.8,94.17626075174923,149.1067216167534,-78.23646411500474,40.098585377095155,2.018432154397429
B_PA2_to_C2,1D,194,15,5.0,0.6,0.6,91.16307814813737,149.54720170457475,-79.50796240030589,120.57,163.68,-51.8,94.72411213422411,149.0266343280586,-78.00528260858634,39.616257795023614,2.167759579187379
B_PA2_to_C2,1D,194,16,5.0,0.6,0.6,91.16307814813737,149.54720170457475,-79.50796240030589,120.57,163.68,-51.8,95.271963516699,148.9465470393638,-77.77410110216796,39.1371845451273,2.316079470796147
B_PA2_to_C2,1D,195,1,5.0,0.6,0.6,92.15256960558915,149.401708646659,-79.08822264474281,121.66,162.88,-51.8,88.05096157151169,150.00829369588544,-80.83718408309592,46.24290590720467,0.0
B_PA2_to_C2,1D,195,2,5.0,0.6,0.6,92.15256960558915,149.401708646659,-79.08822264474281,121.66,162.88,-51.8,88.59784264272201,149.92741568932192,-80.60398922464884,45.72248336099343,0.16112153133475005
B_PA2_to_C2,1D,195,3,5.0,0.6,0.6,92.15256960558915,149.401708646659,-79.08822264474281,121.66,162.88,-51.8,89.14472371393235,149.8465376827584,-80.37079436620176,45.20403325644799,0.32163239961507095
B_PA2_to_C2,1D,195,4,5.0,0.6,0.6,92.15256960558915,149.401708646659,-79.08822264474281,121.66,162.88,-51.8,89.69160478514267,149.76565967619487,-80.13759950775467,44.68762424434523,0.4815113507304769
B_PA2_to_C2,1D,195,5,5.0,0.6,0.6,92.15256960558915,149.401708646659,-79.08822264474281,121.66,162.88,-51.8,90.238485856353,149.68478166963132,-79.9044046493076,44.17332790901687,0.6407362223491653
B_PA2_to_C2,1D,195,6,5.0,0.6,0.6,92.15256960558915,149.401708646659,-79.08822264474281,121.66,162.88,-51.8,90.78536692756333,149.6039036630678,-79.67120979086052,43.661218907759135,0.799283900757132
B_PA2_to_C2,1D,195,7,5.0,0.6,0.6,92.15256960558915,149.401708646659,-79.08822264474281,121.66,162.88,-51.8,91.33224799877365,149.52302565650427,-79.43801493241344,43.15137511673295,0.9571302756878399
B_PA2_to_C2,1D,195,8,5.0,0.6,0.6,92.15256960558915,149.401708646659,-79.08822264474281,121.66,162.88,-51.8,91.87912906998399,149.44214764994075,-79.20482007396636,42.64387778355452,1.114250193080542
B_PA2_to_C2,1D,195,9,5.0,0.6,0.6,92.15256960558915,149.401708646659,-79.08822264474281,121.66,162.88,-51.8,92.42601014119431,149.36126964337723,-78.97162521551927,42.138811686762956,1.27061740570951
B_PA2_to_C2,1D,195,10,5.0,0.6,0.6,92.15256960558915,149.401708646659,-79.08822264474281,121.66,162.88,-51.8,92.97289121240465,149.2803916368137,-78.73843035707219,41.63626530233236,1.426204521632295
B_PA2_to_C2,1D,195,11,5.0,0.6,0.6,92.15256960558915,149.401708646659,-79.08822264474281,121.66,162.88,-51.8,93.51977228361497,149.19951363025018,-78.50523549862511,41.13633097737256,1.5809829504124195
B_PA2_to_C2,1D,195,12,5.0,0.6,0.6,92.15256960558915,149.401708646659,-79.08822264474281,121.66,162.88,-51.8,94.0666533548253,149.11863562368666,-78.27204064017803,40.63910511113251,1.7349228470811653
B_PA2_to_C2,1D,195,13,5.0,0.6,0.6,92.15256960558915,149.401708646659,-79.08822264474281,121.66,162.88,-51.8,94.61353442603563,149.0377576171231,-78.03884578173096,40.14468834338378,1.8879930538145189
B_PA2_to_C2,1D,195,14,5.0,0.6,0.6,92.15256960558915,149.401708646659,-79.08822264474281,121.66,162.88,-51.8,95.16041549724595,148.95687961055958,-77.80565092328386,39.653185750216196,2.0401610393153184
B_PA2_to_C2,1D,195,15,5.0,0.6,0.6,92.15256960558915,149.401708646659,-79.08822264474281,121.66,162.88,-51.8,95.70729656845629,148.87600160399606,-77.57245606483679,39.16470704722409,2.191392835907301
B_PA2_to_C2,1D,195,16,5.0,0.6,0.6,92.15256960558915,149.401708646659,-79.08822264474281,121.66,162.88,-51.8,96.25417763966661,148.79512359743254,-77.33926120638971,38.67936679999583,2.3416529743680616
B_PA2_to_C2,1D,196,1,5.0,0.6,0.6,93.1403041376118,149.25479060283305,-78.66485599380155,122.74,162.07,-51.8,89.0459965172041,149.86726352253956,-80.42880668248237,45.867212911838806,0.0
B_PA2_to_C2,1D,196,2,5.0,0.6,0.6,93.1403041376118,149.25479060283305,-78.66485599380155,122.74,162.07,-51.8,89.59190419992512,149.78560046657867,-80.19361325732493,45.34203348852146,0.16259424870506223
B_PA2_to_C2,1D,196,3,5.0,0.6,0.6,93.1403041376118,149.25479060283305,-78.66485599380155,122.74,162.07,-51.8,90.13781188264615,149.7039374106178,-79.9584198321675,44.81873248373329,0.324606943685918
B_PA2_to_C2,1D,196,4,5.0,0.6,0.6,93.1403041376118,149.25479060283305,-78.66485599380155,122.74,162.07,-51.8,90.68371956536718,149.62227435465695,-79.72322640701005,44.29737646884629,0.4860174746106871
B_PA2_to_C2,1D,196,5,5.0,0.6,0.6,93.1403041376118,149.25479060283305,-78.66485599380155,122.74,162.07,-51.8,91.2296272480882,149.5406112986961,-79.4880329818526,43.77803493302257,0.6468043278068851
B_PA2_to_C2,1D,196,6,5.0,0.6,0.6,93.1403041376118,149.25479060283305,-78.66485599380155,122.74,162.07,-51.8,91.77553493080924,149.45894824273523,-79.25283955669516,43.26078042720903,0.8069450416810469
B_PA2_to_C2,1D,196,7,5.0,0.6,0.6,93.1403041376118,149.25479060283305,-78.66485599380155,122.74,162.07,-51.8,92.32144261353027,149.37728518677434,-79.01764613153772,42.74568871530134,0.9664161599187207
B_PA2_to_C2,1D,196,8,5.0,0.6,0.6,93.1403041376118,149.25479060283305,-78.66485599380155,122.74,162.07,-51.8,92.86735029625129,149.29562213081348,-78.78245270638027,42.232838932750994,1.1251931823801282
B_PA2_to_C2,1D,196,9,5.0,0.6,0.6,93.1403041376118,149.25479060283305,-78.66485599380155,122.74,162.07,-51.8,93.41325797897233,149.21395907485262,-78.54725928122284,41.72231375288211,1.2832505136088859
B_PA2_to_C2,1D,196,10,5.0,0.6,0.6,93.1403041376118,149.25479060283305,-78.66485599380155,122.74,162.07,-51.8,93.95916566169335,149.13229601889176,-78.31206585606539,41.21419956117288,1.440561408874899
B_PA2_to_C2,1D,196,11,5.0,0.6,0.6,93.1403041376118,149.25479060283305,-78.66485599380155,122.74,162.07,-51.8,94.50507334441437,149.05063296293088,-78.07687243090794,40.70858663774059,1.597097917677468
B_PA2_to_C2,1D,196,12,5.0,0.6,0.6,93.1403041376118,149.25479060283305,-78.66485599380155,122.74,162.07,-51.8,95.0509810271354,148.96896990697002,-77.8416790057505,40.205569348246755,1.752830824641503
B_PA2_to_C2,1D,196,13,5.0,0.6,0.6,93.1403041376118,149.25479060283305,-78.66485599380155,122.74,162.07,-51.8,95.59688870985643,148.88730685100916,-77.60648558059306,39.70524634341067,1.9077295877486495
B_PA2_to_C2,1D,196,14,5.0,0.6,0.6,93.1403041376118,149.25479060283305,-78.66485599380155,122.74,162.07,-51.8,96.14279639257747,148.8056437950483,-77.37129215543561,39.20772076728222,2.0617622738565284
B_PA2_to_C2,1D,196,15,5.0,0.6,0.6,93.1403041376118,149.25479060283305,-78.66485599380155,122.74,162.07,-51.8,96.68870407529849,148.72398073908744,-77.13609873027818,38.71310047437975,2.214895491473392
B_PA2_to_C2,1D,196,16,5.0,0.6,0.6,93.1403041376118,149.25479060283305,-78.66485599380155,122.74,162.07,-51.8,97.23461175801951,148.64231768312655,-76.90090530512073,38.22149825574176,2.367094320773081
B_PA2_to_C2,1D,197,1,5.0,0.6,0.6,94.12627702596649,149.10645912989588,-78.23789021098143,123.81,161.25,-51.8,90.03929071389406,149.72477771817586,-80.01671707392231,45.49147916656389,0.0
B_PA2_to_C2,1D,197,2,5.0,0.6,0.6,94.12627702596649,149.10645912989588,-78.23789021098143,123.81,161.25,-51.8,90.58422222217038,149.64233523973851,-79.77954015886353,44.96159313936496,0.1640514016095782
B_PA2_to_C2,1D,197,3,5.0,0.6,0.6,94.12627702596649,149.10645912989588,-78.23789021098143,123.81,161.25,-51.8,91.1291537304467,149.5598927613012,-79.54236324380474,44.43349005533622,0.3275508084296188
B_PA2_to_C2,1D,197,4,5.0,0.6,0.6,94.12627702596649,149.10645912989588,-78.23789021098143,123.81,161.25,-51.8,91.67408523872302,149.47745028286386,-79.30518632874596,43.90723424864672,0.49047830276073334
B_PA2_to_C2,1D,197,5,5.0,0.6,0.6,94.12627702596649,149.10645912989588,-78.23789021098143,123.81,161.25,-51.8,92.21901674699936,149.39500780442654,-79.06800941368718,43.38289294449377,0.6528130718483354
B_PA2_to_C2,1D,197,6,5.0,0.6,0.6,94.12627702596649,149.10645912989588,-78.23789021098143,123.81,161.25,-51.8,92.76394825527568,149.3125653259892,-78.8308324986284,42.86053640706426,0.8145333620741901
B_PA2_to_C2,1D,197,7,5.0,0.6,0.6,94.12627702596649,149.10645912989588,-78.23789021098143,123.81,161.25,-51.8,93.308879763552,149.23012284755188,-78.59365558356961,42.34023809532905,0.9756164307228623
B_PA2_to_C2,1D,197,8,5.0,0.6,0.6,94.12627702596649,149.10645912989588,-78.23789021098143,123.81,161.25,-51.8,93.85381127182832,149.14768036911454,-78.35647866851083,41.82207482702199,1.1360384952142102
B_PA2_to_C2,1D,197,9,5.0,0.6,0.6,94.12627702596649,149.10645912989588,-78.23789021098143,123.81,161.25,-51.8,94.39874278010466,149.06523789067722,-78.11930175345204,41.30612695115457,1.2957746796932899
B_PA2_to_C2,1D,197,10,5.0,0.6,0.6,94.12627702596649,149.10645912989588,-78.23789021098143,123.81,161.25,-51.8,94.94367428838098,148.98279541223988,-77.88212483839325,40.79247852941484,1.4547989588696737
B_PA2_to_C2,1D,197,11,5.0,0.6,0.6,94.12627702596649,149.10645912989588,-78.23789021098143,123.81,161.25,-51.8,95.4886057966573,148.90035293380257,-77.64494792333447,40.28121752679087,1.613084099000936
B_PA2_to_C2,1D,197,12,5.0,0.6,0.6,94.12627702596649,149.10645912989588,-78.23789021098143,123.81,161.25,-51.8,96.03353730493362,148.81791045536522,-77.40777100827569,39.77243601174709,1.7706015959185155
B_PA2_to_C2,1D,197,13,5.0,0.6,0.6,94.12627702596649,149.10645912989588,-78.23789021098143,123.81,161.25,-51.8,96.57846881320995,148.7354679769279,-77.1705940932169,39.26623036626242,1.9273216100004564
B_PA2_to_C2,1D,197,14,5.0,0.6,0.6,94.12627702596649,149.10645912989588,-78.23789021098143,123.81,161.25,-51.8,97.12340032148627,148.65302549849056,-76.93341717815812,38.762701506012995,2.0832128980033744
B_PA2_to_C2,1D,197,15,5.0,0.6,0.6,94.12627702596649,149.10645912989588,-78.23789021098143,123.81,161.25,-51.8,97.6683318297626,148.57058302005325,-76.69624026309934,38.26195511094715,2.238242741677011
B_PA2_to_C2,1D,197,16,5.0,0.6,0.6,94.12627702596649,149.10645912989588,-78.23789021098143,123.81,161.25,-51.8,98.21326333803891,148.4881405416159,-76.45906334804056,37.764101866455235,2.392376873098655
B_PA2_to_C2,1D,198,1,5.0,0.6,0.6,95.110483,148.956723,-77.807352,124.88,160.42,-51.8,91.02717056062562,149.5779541426254,-79.59358585643729,45.1225823084621,0.0
B_PA2_to_C2,1D,198,2,5.0,0.6,0.6,95.110483,148.956723,-77.807352,124.88,160.42,-51.8,91.57161221920887,149.49512332360868,-79.35542134224565,44.58814721760258,0.16545978045186338
B_PA2_to_C2,1D,198,3,5.0,0.6,0.6,95.110483,148.956723,-77.807352,124.88,160.42,-51.8,92.11605387779213,149.41229250459196,-79.11725682805401,44.055400468197604,0.3303968545710525
B_PA2_to_C2,1D,198,4,5.0,0.6,0.6,95.110483,148.956723,-77.807352,124.88,160.42,-51.8,92.66049553637538,149.32946168557524,-78.87909231386237,43.52440405712559,0.4947920282775584
B_PA2_to_C2,1D,198,5,5.0,0.6,0.6,95.110483,148.956723,-77.807352,124.88,160.42,-51.8,93.20493719495863,149.24663086655852,-78.64092779967073,42.99522283513129,0.6586252239414279
B_PA2_to_C2,1D,198,6,5.0,0.6,0.6,95.110483,148.956723,-77.807352,124.88,160.42,-51.8,93.74937885354187,149.1638000475418,-78.4027632854791,42.46792465799642,0.8218754335807059
B_PA2_to_C2,1D,198,7,5.0,0.6,0.6,95.110483,148.956723,-77.807352,124.88,160.42,-51.8,94.29382051212512,149.08096922852508,-78.16459877128744,41.942580546169594,0.9845206694404052
B_PA2_to_C2,1D,198,8,5.0,0.6,0.6,95.110483,148.956723,-77.807352,124.88,160.42,-51.8,94.83826217070838,148.99813840950836,-77.92643425709582,41.419264853285235,1.146537911819463
B_PA2_to_C2,1D,198,9,5.0,0.6,0.6,95.110483,148.956723,-77.807352,124.88,160.42,-51.8,95.38270382929163,148.91530759049166,-77.68826974290417,40.89805544400922,1.307903054010179
B_PA2_to_C2,1D,198,10,5.0,0.6,0.6,95.110483,148.956723,-77.807352,124.88,160.42,-51.8,95.92714548787488,148.83247677147494,-77.45010522871254,40.379033881655936,1.4685908442124358
B_PA2_to_C2,1D,198,11,5.0,0.6,0.6,95.110483,148.956723,-77.807352,124.88,160.42,-51.8,96.47158714645813,148.74964595245822,-77.21194071452089,39.86228562602227,1.6285748242847777
B_PA2_to_C2,1D,198,12,5.0,0.6,0.6,95.110483,148.956723,-77.807352,124.88,160.42,-51.8,97.01602880504137,148.6668151334415,-76.97377620032925,39.3479002418839,1.7878272651944904
B_PA2_to_C2,1D,198,13,5.0,0.6,0.6,95.110483,148.956723,-77.807352,124.88,160.42,-51.8,97.56047046362463,148.58398431442478,-76.73561168613762,38.83597161858979,1.946319099031676
B_PA2_to_C2,1D,198,14,5.0,0.6,0.6,95.110483,148.956723,-77.807352,124.88,160.42,-51.8,98.10491212220788,148.50115349540806,-76.49744717194598,38.32659820117846,2.104019847456234
B_PA2_to_C2,1D,198,15,5.0,0.6,0.6,95.110483,148.956723,-77.807352,124.88,160.42,-51.8,98.64935378079113,148.41832267639134,-76.25928265775434,37.81988323341626,2.260897546453819
B_PA2_to_C2,1D,198,16,5.0,0.6,0.6,95.110483,148.956723,-77.807352,124.88,160.42,-51.8,99.19379543937438,148.33549185737462,-76.0211181435627,37.31593501312683,2.4169186672864615
