condition,probe_type,scan_id,element_id,frequency_mhz,pitch_x_mm,pitch_y_mm,pa_x,pa_y,pa_z,focus_x,focus_y,focus_z,element_x,element_y,element_z,distance_mm,delay_us
A_PA1_to_C1,1D,0,1,5.0,0.6,0.6,-126.47159,137.926021,-64.727672,-124.23,120.25,-51.8,-129.17954175321762,134.55303730516283,-63.48671337997742,19.122084335800515,1.9367263382793212
A_PA1_to_C1,1D,0,2,5.0,0.6,0.6,-126.47159,137.926021,-64.727672,-124.23,120.25,-51.8,-128.81848151945528,135.00276846447446,-63.65217452931376,19.472349141644123,1.8282852219190708
A_PA1_to_C1,1D,0,3,5.0,0.6,0.6,-126.47159,137.926021,-64.727672,-124.23,120.25,-51.8,-128.45742128569293,135.45249962378608,-63.817635678650106,19.834582245227896,1.7161387502213081
A_PA1_to_C1,1D,0,4,5.0,0.6,0.6,-126.47159,137.926021,-64.727672,-124.23,120.25,-51.8,-128.0963610519306,135.9022307830977,-63.98309682798645,20.208140057692862,1.6004861767027432
A_PA1_to_C1,1D,0,5,5.0,0.6,0.6,-126.47159,137.926021,-64.727672,-124.23,120.25,-51.8,-127.73530081816823,136.35196194240933,-64.1485579773228,20.592406278527815,1.4815183064752038
A_PA1_to_C1,1D,0,6,5.0,0.6,0.6,-126.47159,137.926021,-64.727672,-124.23,120.25,-51.8,-127.37424058440588,136.80169310172093,-64.31401912665913,20.986792706094274,1.3594172453091176
A_PA1_to_C1,1D,0,7,5.0,0.6,0.6,-126.47159,137.926021,-64.727672,-124.23,120.25,-51.8,-127.01318035064352,137.25142426103255,-64.47948027599548,21.39073958135139,1.2343562932171306
A_PA1_to_C1,1D,0,8,5.0,0.6,0.6,-126.47159,137.926021,-64.727672,-124.23,120.25,-51.8,-126.65212011688118,137.70115542034418,-64.64494142533182,21.803715545425145,1.1064999575905814
A_PA1_to_C1,1D,0,9,5.0,0.6,0.6,-126.47159,137.926021,-64.727672,-124.23,120.25,-51.8,-126.29105988311883,138.1508865796558,-64.81040257466817,22.22521728430198,0.9760040632014686
A_PA1_to_C1,1D,0,10,5.0,0.6,0.6,-126.47159,137.926021,-64.727672,-124.23,120.25,-51.8,-125.92999964935649,138.60061773896743,-64.97586372400451,22.654768925836702,0.8430159388873131
A_PA1_to_C1,1D,0,11,5.0,0.6,0.6,-126.47159,137.926021,-64.727672,-124.23,120.25,-51.8,-125.56893941559413,139.05034889827905,-65.14132487334086,23.091921246004578,0.7076746632935436
A_PA1_to_C1,1D,0,12,5.0,0.6,0.6,-126.47159,137.926021,-64.727672,-124.23,120.25,-51.8,-125.20787918183179,139.50008005759065,-65.3067860226772,23.536250733290075,0.5701113545364231
A_PA1_to_C1,1D,0,13,5.0,0.6,0.6,-126.47159,137.926021,-64.727672,-124.23,120.25,-51.8,-124.84681894806944,139.94981121690228,-65.47224717201355,23.98735855255678,0.43044949098635943
A_PA1_to_C1,1D,0,14,5.0,0.6,0.6,-126.47159,137.926021,-64.727672,-124.23,120.25,-51.8,-124.4857587143071,140.3995423762139,-65.63770832134989,24.444869442840965,0.2888052525082845
A_PA1_to_C1,1D,0,15,5.0,0.6,0.6,-126.47159,137.926021,-64.727672,-124.23,120.25,-51.8,-124.12469848054474,140.84927353552553,-65.80316947068624,24.9084305773399,0.14528787340644644
A_PA1_to_C1,1D,0,16,5.0,0.6,0.6,-126.47159,137.926021,-64.727672,-124.23,120.25,-51.8,-123.76363824678239,141.29900469483715,-65.96863062002258,25.377710408442724,0.0
A_PA1_to_C1,1D,1,1,5.0,0.6,0.6,-125.5875311773166,139.02719128142945,-65.13280492576665,-123.25,121.26,-51.8,-128.30121187685052,135.65817932957174,-63.89357309547136,19.469895214069624,1.9212008671114642
A_PA1_to_C1,1D,1,2,5.0,0.6,0.6,-125.5875311773166,139.02719128142945,-65.13280492576665,-123.25,121.26,-51.8,-127.93938778357932,136.10738092315276,-64.0588040061774,19.81699658686589,1.8137391417875426
A_PA1_to_C1,1D,1,3,5.0,0.6,0.6,-125.5875311773166,139.02719128142945,-65.13280492576665,-123.25,121.26,-51.8,-127.57756369030814,136.55658251673378,-64.22403491688344,20.175973032318858,1.702600923381051
A_PA1_to_C1,1D,1,4,5.0,0.6,0.6,-125.5875311773166,139.02719128142945,-65.13280492576665,-123.25,121.26,-51.8,-127.21573959703694,137.0057841103148,-64.38926582758947,20.54620212783523,1.5879789123852701
A_PA1_to_C1,1D,1,5,5.0,0.6,0.6,-125.5875311773166,139.02719128142945,-65.13280492576665,-123.25,121.26,-51.8,-126.85391550376576,137.45498570389586,-64.55449673829551,20.927086657126097,1.4700580054840735
A_PA1_to_C1,1D,1,6,5.0,0.6,0.6,-125.5875311773166,139.02719128142945,-65.13280492576665,-123.25,121.26,-51.8,-126.49209141049457,137.90418729747688,-64.71972764900156,21.31805549368583,1.3490150220290476
A_PA1_to_C1,1D,1,7,5.0,0.6,0.6,-125.5875311773166,139.02719128142945,-65.13280492576665,-123.25,121.26,-51.8,-126.13026731722339,138.3533888910579,-64.88495855970758,21.718564043436935,1.225018566997746
A_PA1_to_C1,1D,1,8,5.0,0.6,0.6,-125.5875311773166,139.02719128142945,-65.13280492576665,-123.25,121.26,-51.8,-125.7684432239522,138.80259048463893,-65.05018947041363,22.12809431889414,1.0982290080326669
A_PA1_to_C1,1D,1,9,5.0,0.6,0.6,-125.5875311773166,139.02719128142945,-65.13280492576665,-123.25,121.26,-51.8,-125.40661913068101,139.25179207821998,-65.21542038111967,22.546154711233562,0.9687985460080775
A_PA1_to_C1,1D,1,10,5.0,0.6,0.6,-125.5875311773166,139.02719128142945,-65.13280492576665,-123.25,121.26,-51.8,-125.04479503740983,139.700993671801,-65.38065129182571,22.972279519888374,0.8368713606660307
A_PA1_to_C1,1D,1,11,5.0,0.6,0.6,-125.5875311773166,139.02719128142945,-65.13280492576665,-123.25,121.26,-51.8,-124.68297094413865,140.15019526538202,-65.54588220253174,23.406028292234588,0.7025838150480084
A_PA1_to_C1,1D,1,12,5.0,0.6,0.6,-125.5875311773166,139.02719128142945,-65.13280492576665,-123.25,121.26,-51.8,-124.32114685086745,140.59939685896305,-65.71111311323779,23.846985018947137,0.5660647046106861
A_PA1_to_C1,1D,1,13,5.0,0.6,0.6,-125.5875311773166,139.02719128142945,-65.13280492576665,-123.25,121.26,-51.8,-123.95932275759627,141.0485984525441,-65.87634402394383,24.29475722395459,0.4274355389737039
A_PA1_to_C1,1D,1,14,5.0,0.6,0.6,-125.5875311773166,139.02719128142945,-65.13280492576665,-123.25,121.26,-51.8,-123.59749866432507,141.49780004612512,-66.04157493464986,24.74897498176231,0.28681084615397623
A_PA1_to_C1,1D,1,15,5.0,0.6,0.6,-125.5875311773166,139.02719128142945,-65.13280492576665,-123.25,121.26,-51.8,-123.23567457105389,141.94700163970614,-66.2068058453559,25.20928988934238,0.14429849086602875
A_PA1_to_C1,1D,1,16,5.0,0.6,0.6,-125.5875311773166,139.02719128142945,-65.13280492576665,-123.25,121.26,-51.8,-122.87385047778271,142.39620323328717,-66.37203675606195,25.675374014839655,0.0
A_PA1_to_C1,1D,2,1,5.0,0.6,0.6,-124.6997361978672,140.12576271513814,-65.53680832565904,-122.26,122.26,-51.8,-127.42496365298359,136.76479659768046,-64.3010728866668,19.8328716325821,1.9023741345139271
A_PA1_to_C1,1D,2,2,5.0,0.6,0.6,-124.6997361978672,140.12576271513814,-65.53680832565904,-122.26,122.26,-51.8,-127.06159999230141,137.21292541334148,-64.46583761186577,20.17594566093931,1.7961592650534914
A_PA1_to_C1,1D,2,3,5.0,0.6,0.6,-124.6997361978672,140.12576271513814,-65.53680832565904,-122.26,122.26,-51.8,-126.69823633161921,137.6610542290025,-64.63060233706473,20.530824859997015,1.6862895439829941
A_PA1_to_C1,1D,2,4,5.0,0.6,0.6,-124.6997361978672,140.12576271513814,-65.53680832565904,-122.26,122.26,-51.8,-126.33487267093703,138.10918304466352,-64.7953670622637,20.896907798776528,1.5729511728438261
A_PA1_to_C1,1D,2,5,5.0,0.6,0.6,-124.6997361978672,140.12576271513814,-65.53680832565904,-122.26,122.26,-51.8,-125.97150901025485,138.55731186032455,-64.96013178746266,21.27361609292748,1.4563232179983299
A_PA1_to_C1,1D,2,6,5.0,0.6,0.6,-124.6997361978672,140.12576271513814,-65.53680832565904,-122.26,122.26,-51.8,-125.60814534957267,139.00544067598557,-65.12489651266162,21.660395374691543,1.3365773103314371
A_PA1_to_C1,1D,2,7,5.0,0.6,0.6,-124.6997361978672,140.12576271513814,-65.53680832565904,-122.26,122.26,-51.8,-125.24478168889047,139.4535694916466,-65.28966123786059,22.05671584589724,1.2138774740448435
A_PA1_to_C1,1D,2,8,5.0,0.6,0.6,-124.6997361978672,140.12576271513814,-65.53680832565904,-122.26,122.26,-51.8,-124.88141802820829,139.9016983073076,-65.45442596305955,22.46207247841014,1.0883800645981259
A_PA1_to_C1,1D,2,9,5.0,0.6,0.6,-124.6997361978672,140.12576271513814,-65.53680832565904,-122.26,122.26,-51.8,-124.5180543675261,140.34982712296866,-65.61919068825853,22.87598492183555,0.9602337972837578
A_PA1_to_C1,1D,2,10,5.0,0.6,0.6,-124.6997361978672,140.12576271513814,-65.53680832565904,-122.26,122.26,-51.8,-124.15469070684392,140.79795593862968,-65.78395541345749,23.29799717277739,0.8295798496237454
A_PA1_to_C1,1D,2,11,5.0,0.6,0.6,-124.6997361978672,140.12576271513814,-65.53680832565904,-122.26,122.26,-51.8,-123.79132704616173,141.2460847542907,-65.94872013865645,23.72767705405312,0.6965520226033943
A_PA1_to_C1,1D,2,12,5.0,0.6,0.6,-124.6997361978672,140.12576271513814,-65.53680832565904,-122.26,122.26,-51.8,-123.42796338547954,141.69421356995173,-66.11348486385542,24.164615546292783,0.5612769476065953
A_PA1_to_C1,1D,2,13,5.0,0.6,0.6,-124.6997361978672,140.12576271513814,-65.53680832565904,-122.26,122.26,-51.8,-123.06459972479736,142.14234238561275,-66.27824958905438,24.60842600856118,0.4238743277092585
A_PA1_to_C1,1D,2,14,5.0,0.6,0.6,-124.6997361978672,140.12576271513814,-65.53680832565904,-122.26,122.26,-51.8,-122.70123606411518,142.59047120127377,-66.44301431425335,25.058743319199515,0.2844572036726225
A_PA1_to_C1,1D,2,15,5.0,0.6,0.6,-124.6997361978672,140.12576271513814,-65.53680832565904,-122.26,122.26,-51.8,-122.33787240343298,143.0386000169348,-66.60777903945231,25.515222963090526,0.14313223652370244
A_PA1_to_C1,1D,2,16,5.0,0.6,0.6,-124.6997361978672,140.12576271513814,-65.53680832565904,-122.26,122.26,-51.8,-121.9745087427508,143.48672883259582,-66.77254376465127,25.97754008706209,0.0
A_PA1_to_C1,1D,3,1,5.0,0.6,0.6,-123.80814054759925,141.2216765912607,-65.93965723338754,-121.26,123.25,-51.8,-126.54510747594817,137.8689467582187,-64.707498680378,20.205184669681095,1.883223037225294
A_PA1_to_C1,1D,3,2,5.0,0.6,0.6,-123.80814054759925,141.2216765912607,-65.93965723338754,-121.26,123.25,-51.8,-126.18017855216831,138.3159774026243,-64.87178648744595,20.54418248689827,1.7782701526379334
A_PA1_to_C1,1D,3,3,5.0,0.6,0.6,-123.80814054759925,141.2216765912607,-65.93965723338754,-121.26,123.25,-51.8,-125.81524962838846,138.7630080470299,-65.03607429451388,20.89491279173088,1.6696849189436263
A_PA1_to_C1,1D,3,4,5.0,0.6,0.6,-123.80814054759925,141.2216765912607,-65.93965723338754,-121.26,123.25,-51.8,-125.4503207046086,139.2100386914355,-65.20036210158182,21.256794845251246,1.5576471314760214
A_PA1_to_C1,1D,3,5,5.0,0.6,0.6,-123.80814054759925,141.2216765912607,-65.93965723338754,-121.26,123.25,-51.8,-125.08539178082874,139.6570693358411,-65.36464990864975,21.629268910718206,1.442330083343835
A_PA1_to_C1,1D,3,6,5.0,0.6,0.6,-123.80814054759925,141.2216765912607,-65.93965723338754,-121.26,123.25,-51.8,-124.72046285704889,140.1040999802467,-65.52893771571769,22.01179729443333,1.3239002431843545
A_PA1_to_C1,1D,3,7,5.0,0.6,0.6,-123.80814054759925,141.2216765912607,-65.93965723338754,-121.26,123.25,-51.8,-124.35553393326903,140.5511306246523,-65.69322552278562,22.403864993573848,1.2025170545959583
A_PA1_to_C1,1D,3,8,5.0,0.6,0.6,-123.80814054759925,141.2216765912607,-65.93965723338754,-121.26,123.25,-51.8,-123.99060500948917,140.9981612690579,-65.85751332985356,22.80498000808913,1.0783328395757472
A_PA1_to_C1,1D,3,9,5.0,0.6,0.6,-123.80814054759925,141.2216765912607,-65.93965723338754,-121.26,123.25,-51.8,-123.62567608570933,141.44519191346347,-66.02180113692151,23.21467337027178,0.9514927893644005
A_PA1_to_C1,1D,3,10,5.0,0.6,0.6,-123.80814054759925,141.2216765912607,-65.93965723338754,-121.26,123.25,-51.8,-123.26074716192947,141.89222255786908,-66.18608894398945,23.632498941234864,0.8221350274563246
A_PA1_to_C1,1D,3,11,5.0,0.6,0.6,-123.80814054759925,141.2216765912607,-65.93965723338754,-121.26,123.25,-51.8,-122.89581823814962,142.33925320227468,-66.35037675105738,24.05803301865155,0.6903907310424904
A_PA1_to_C1,1D,3,12,5.0,0.6,0.6,-123.80814054759925,141.2216765912607,-65.93965723338754,-121.26,123.25,-51.8,-122.53088931436976,142.78628384668028,-66.51466455812532,24.49087379506067,0.5563842987176857
A_PA1_to_C1,1D,3,13,5.0,0.6,0.6,-123.80814054759925,141.2216765912607,-65.93965723338754,-121.26,123.25,-51.8,-122.1659603905899,143.23331449108588,-66.67895236519325,24.930640701045984,0.4202335538305908
A_PA1_to_C1,1D,3,14,5.0,0.6,0.6,-123.80814054759925,141.2216765912607,-65.93965723338754,-121.26,123.25,-51.8,-121.80103146681004,143.68034513549148,-66.84324017226119,25.376973662824966,0.2820499743324545
A_PA1_to_C1,1D,3,15,5.0,0.6,0.6,-123.80814054759925,141.2216765912607,-65.93965723338754,-121.26,123.25,-51.8,-121.43610254303019,144.12737577989708,-67.00752797932913,25.829532299342418,0.14193894135491547
A_PA1_to_C1,1D,3,16,5.0,0.6,0.6,-123.80814054759925,141.2216765912607,-65.93965723338754,-121.26,123.25,-51.8,-121.07117361925033,144.57440642430268,-67.17181578639708,26.287995079918794,0.0
A_PA1_to_C1,1D,4,1,5.0,0.6,0.6,-122.91267870531779,142.31487245796063,-66.3413259657362,-120.25,124.23,-51.8,-125.66394191482912,138.97224978755048,-65.11355382268626,20.588720485868947,1.8625311224336532
A_PA1_to_C1,1D,4,2,5.0,0.6,0.6,-122.91267870531779,142.31487245796063,-66.3413259657362,-120.25,124.23,-51.8,-125.29710682022761,139.41793281027182,-65.27725677509292,20.92326553112366,1.7589568050173332
A_PA1_to_C1,1D,4,3,5.0,0.6,0.6,-122.91267870531779,142.31487245796063,-66.3413259657362,-120.25,124.23,-51.8,-124.9302717256261,139.8636158329932,-65.44095972749957,21.26947742015717,1.6517704616633058
A_PA1_to_C1,1D,4,4,5.0,0.6,0.6,-122.91267870531779,142.31487245796063,-66.3413259657362,-120.25,124.23,-51.8,-124.56343663102459,140.30929885571453,-65.60466267990624,21.626795855309762,1.5411455591392835
A_PA1_to_C1,1D,4,5,5.0,0.6,0.6,-122.91267870531779,142.31487245796063,-66.3413259657362,-120.25,124.23,-51.8,-124.19660153642307,140.7549818784359,-65.7683656323129,21.994679543196618,1.4272496805365416
A_PA1_to_C1,1D,4,6,5.0,0.6,0.6,-122.91267870531779,142.31487245796063,-66.3413259657362,-120.25,124.23,-51.8,-123.82976644182156,141.20066490115724,-65.93206858471956,22.372607301085395,1.3102441827381588
A_PA1_to_C1,1D,4,7,5.0,0.6,0.6,-122.91267870531779,142.31487245796063,-66.3413259657362,-120.25,124.23,-51.8,-123.46293134722005,141.6463479238786,-66.09577153712621,22.760078793564134,1.1902839683484565
A_PA1_to_C1,1D,4,8,5.0,0.6,0.6,-122.91267870531779,142.31487245796063,-66.3413259657362,-120.25,124.23,-51.8,-123.09609625261854,142.09203094659995,-66.25947448953288,23.156614949726904,1.067517356533357
A_PA1_to_C1,1D,4,9,5.0,0.6,0.6,-122.91267870531779,142.31487245796063,-66.3413259657362,-120.25,124.23,-51.8,-122.72926115801704,142.53771396932132,-66.42317744193953,23.56175810865106,0.942086037980987
A_PA1_to_C1,1D,4,10,5.0,0.6,0.6,-122.91267870531779,142.31487245796063,-66.3413259657362,-120.25,124.23,-51.8,-122.36242606341553,142.98339699204266,-66.5868803943462,23.975071937561555,0.8141251002377992
A_PA1_to_C1,1D,4,11,5.0,0.6,0.6,-122.91267870531779,142.31487245796063,-66.3413259657362,-120.25,124.23,-51.8,-121.99559096881401,143.42908001476403,-66.75058334675285,24.396141163141355,0.6837631108942084
A_PA1_to_C1,1D,4,12,5.0,0.6,0.6,-122.91267870531779,142.31487245796063,-66.3413259657362,-120.25,124.23,-51.8,-121.6287558742125,143.87476303748537,-66.91428629915951,24.82457115223922,0.5511222473964175
A_PA1_to_C1,1D,4,13,5.0,0.6,0.6,-122.91267870531779,142.31487245796063,-66.3413259657362,-120.25,124.23,-51.8,-121.26192077961099,144.32044606020673,-67.07798925156617,25.259987373972617,0.41631846357802793
A_PA1_to_C1,1D,4,14,5.0,0.6,0.6,-122.91267870531779,142.31487245796063,-66.3413259657362,-120.25,124.23,-51.8,-120.89508568500948,144.76612908292807,-67.24169220397283,25.702034771082303,0.27946168428710383
A_PA1_to_C1,1D,4,15,5.0,0.6,0.6,-122.91267870531779,142.31487245796063,-66.3413259657362,-120.25,124.23,-51.8,-120.52825059040796,145.21181210564944,-67.40539515637948,26.15037706448211,0.1406560206958325
A_PA1_to_C1,1D,4,16,5.0,0.6,0.6,-122.91267870531779,142.31487245796063,-66.3413259657362,-120.25,124.23,-51.8,-120.16141549580645,145.65749512837078,-67.56909810878615,26.604696011329647,0.0
A_PA1_to_C1,1D,5,1,5.0,0.6,0.6,-122.01174866453802,143.40418686963125,-66.74131078089212,-119.24,125.21,-51.8,-124.77779978511433,140.07210886457457,-65.51811113791635,20.969885062982662,1.842055219760665
A_PA1_to_C1,1D,5,2,5.0,0.6,0.6,-122.01174866453802,143.40418686963125,-66.74131078089212,-119.24,125.21,-51.8,-124.40899296903748,140.51638593191547,-65.68120442364645,21.300041663380863,1.7398395540027076
A_PA1_to_C1,1D,5,3,5.0,0.6,0.6,-122.01174866453802,143.40418686963125,-66.74131078089212,-119.24,125.21,-51.8,-124.04018615296064,140.96066299925636,-65.84429770937655,21.641799143528203,1.6340322846072466
A_PA1_to_C1,1D,5,4,5.0,0.6,0.6,-122.01174866453802,143.40418686963125,-66.74131078089212,-119.24,125.21,-51.8,-123.6713793368838,141.40494006659725,-66.00739099510666,21.99461673855391,1.5248008310389167
A_PA1_to_C1,1D,5,5,5.0,0.6,0.6,-122.01174866453802,143.40418686963125,-66.74131078089212,-119.24,125.21,-51.8,-123.30257252080696,141.84921713393814,-66.17048428083676,22.35797085566875,1.4123072963284393
A_PA1_to_C1,1D,5,6,5.0,0.6,0.6,-122.01174866453802,143.40418686963125,-66.74131078089212,-119.24,125.21,-51.8,-122.93376570473012,142.29349420127903,-66.33357756656686,22.73135623076614,1.296708108991787
A_PA1_to_C1,1D,5,7,5.0,0.6,0.6,-122.01174866453802,143.40418686963125,-66.74131078089212,-119.24,125.21,-51.8,-122.56495888865328,142.73777126861992,-66.49667085229697,23.11428673779592,1.1781537724500586
A_PA1_to_C1,1D,5,8,5.0,0.6,0.6,-122.01174866453802,143.40418686963125,-66.74131078089212,-119.24,125.21,-51.8,-122.19615207257644,143.18204833596081,-66.65976413802707,23.50629589501727,1.0567887082948415
A_PA1_to_C1,1D,5,9,5.0,0.6,0.6,-122.01174866453802,143.40418686963125,-66.74131078089212,-119.24,125.21,-51.8,-121.8273452564996,143.62632540330168,-66.82285742375717,23.906937110620465,0.9327511802443169
A_PA1_to_C1,1D,5,10,5.0,0.6,0.6,-122.01174866453802,143.40418686963125,-66.74131078089212,-119.24,125.21,-51.8,-121.45853844042276,144.07060247064257,-66.98595070948727,24.315783707670604,0.8061732864207443
A_PA1_to_C1,1D,5,11,5.0,0.6,0.6,-122.01174866453802,143.40418686963125,-66.74131078089212,-119.24,125.21,-51.8,-121.08973162434592,144.51487953798346,-67.14904399521738,24.732428765191603,0.6771810085504661
A_PA1_to_C1,1D,5,12,5.0,0.6,0.6,-122.01174866453802,143.40418686963125,-66.74131078089212,-119.24,125.21,-51.8,-120.72092480826907,144.95915660532435,-67.31213728094748,25.156484808739364,0.545894307761686
A_PA1_to_C1,1D,5,13,5.0,0.6,0.6,-122.01174866453802,143.40418686963125,-66.74131078089212,-119.24,125.21,-51.8,-120.35211799219223,145.40343367266524,-67.47523056667758,25.587583380213765,0.4124272577696111
A_PA1_to_C1,1D,5,14,5.0,0.6,0.6,-122.01174866453802,143.40418686963125,-66.74131078089212,-119.24,125.21,-51.8,-119.9833111761154,145.84771074000614,-67.6383238524077,26.025374513087215,0.2768882073443937
A_PA1_to_C1,1D,5,15,5.0,0.6,0.6,-122.01174866453802,143.40418686963125,-66.74131078089212,-119.24,125.21,-51.8,-119.61450436003855,146.29198780734703,-67.8014171381378,26.469526135794478,0.13937996502016503
A_PA1_to_C1,1D,5,16,5.0,0.6,0.6,-122.01174866453802,143.40418686963125,-66.74131078089212,-119.24,125.21,-51.8,-119.24569754396171,146.73626487468792,-67.96451042386789,26.919723422809607,0.0
A_PA1_to_C1,1D,6,1,5.0,0.6,0.6,-121.10663104890662,144.49049807357036,-67.13999408581748,-118.22,126.17,-51.8,-123.88530100850555,141.1674911189599,-65.92072461796675,21.36387696830113,1.8228953152752698
A_PA1_to_C1,1D,6,2,5.0,0.6,0.6,-121.10663104890662,144.49049807357036,-67.13999408581748,-118.22,126.17,-51.8,-123.51481168055903,141.61055871290796,-66.08329388034684,21.69005228605261,1.7219122447639759
A_PA1_to_C1,1D,6,3,5.0,0.6,0.6,-121.10663104890662,144.49049807357036,-67.13999408581748,-118.22,126.17,-51.8,-123.1443223526125,142.05362630685602,-66.24586314272695,22.02774380699677,1.6173637862673313
A_PA1_to_C1,1D,6,4,5.0,0.6,0.6,-121.10663104890662,144.49049807357036,-67.13999408581748,-118.22,126.17,-51.8,-122.77383302466598,142.4966939008041,-66.40843240510705,22.376430150532816,1.5094113579279984
A_PA1_to_C1,1D,6,5,5.0,0.6,0.6,-121.10663104890662,144.49049807357036,-67.13999408581748,-118.22,126.17,-51.8,-122.40334369671946,142.93976149475216,-66.57100166748714,22.735605453487764,1.3982115737314205
A_PA1_to_C1,1D,6,6,5.0,0.6,0.6,-121.10663104890662,144.49049807357036,-67.13999408581748,-118.22,126.17,-51.8,-122.03285436877293,143.38282908870022,-66.73357092986724,23.104780552769835,1.283915877359262
A_PA1_to_C1,1D,6,7,5.0,0.6,0.6,-121.10663104890662,144.49049807357036,-67.13999408581748,-118.22,126.17,-51.8,-121.6623650408264,143.82589668264828,-66.89614019224733,23.48348384389845,1.1666702763906498
A_PA1_to_C1,1D,6,8,5.0,0.6,0.6,-121.10663104890662,144.49049807357036,-67.13999408581748,-118.22,126.17,-51.8,-121.29187571287989,144.26896427659634,-67.05870945462743,23.87126185398728,1.0466151649080402
A_PA1_to_C1,1D,6,9,5.0,0.6,0.6,-121.10663104890662,144.49049807357036,-67.13999408581748,-118.22,126.17,-51.8,-120.92138638493336,144.7120318705444,-67.22127871700752,24.267679566794524,0.9238852228624541
A_PA1_to_C1,1D,6,10,5.0,0.6,0.6,-121.10663104890662,144.49049807357036,-67.13999408581748,-118.22,126.17,-51.8,-120.55089705698684,145.15509946449245,-67.38384797938762,24.672320535604374,0.7986093811256589
A_PA1_to_C1,1D,6,11,5.0,0.6,0.6,-121.10663104890662,144.49049807357036,-67.13999408581748,-118.22,126.17,-51.8,-120.18040772904031,145.5981670584405,-67.54641724176771,25.084786817244304,0.6709108419182499
A_PA1_to_C1,1D,6,12,5.0,0.6,0.6,-121.10663104890662,144.49049807357036,-67.13999408581748,-118.22,126.17,-51.8,-119.80991840109378,146.04123465238857,-67.70898650414782,25.504698757710944,0.5409071451793519
A_PA1_to_C1,1D,6,13,5.0,0.6,0.6,-121.10663104890662,144.49049807357036,-67.13999408581748,-118.22,126.17,-51.8,-119.43942907314727,146.48430224633663,-67.8715557665279,25.931694656859015,0.4087102723780909
A_PA1_to_C1,1D,6,14,5.0,0.6,0.6,-121.10663104890662,144.49049807357036,-67.13999408581748,-118.22,126.17,-51.8,-119.06893974520074,146.9273698402847,-68.03412502890801,26.365430336551693,0.2744267802131759
A_PA1_to_C1,1D,6,15,5.0,0.6,0.6,-121.10663104890662,144.49049807357036,-67.13999408581748,-118.22,126.17,-51.8,-118.69845041725421,147.37043743423277,-68.19669429128811,26.80557863368275,0.13815795757198224
A_PA1_to_C1,1D,6,16,5.0,0.6,0.6,-121.10663104890662,144.49049807357036,-67.13999408581748,-118.22,126.17,-51.8,-118.32796108930769,147.81350502818083,-68.3592635536682,27.251828836640254,0.0
A_PA1_to_C1,1D,7,1,5.0,0.6,0.6,-120.19746436062516,145.57388656308214,-67.53741160967894,-117.19,127.13,-51.8,-122.98864060356287,142.25993660504503,-66.32206357043833,21.758436176936563,1.803407475322202
A_PA1_to_C1,1D,7,2,5.0,0.6,0.6,-120.19746436062516,145.57388656308214,-67.53741160967894,-117.19,127.13,-51.8,-122.61648377117118,142.70179659944998,-66.48410997567042,22.08054938698333,1.7036820232953396
A_PA1_to_C1,1D,7,3,5.0,0.6,0.6,-120.19746436062516,145.57388656308214,-67.53741160967894,-117.19,127.13,-51.8,-122.24432693877948,143.14365659385493,-66.6461563809025,22.41409774218444,1.600416278651033
A_PA1_to_C1,1D,7,4,5.0,0.6,0.6,-120.19746436062516,145.57388656308214,-67.53741160967894,-117.19,127.13,-51.8,-121.87217010638778,143.58551658825988,-66.80820278613457,22.758578469697643,1.493765898615985
A_PA1_to_C1,1D,7,5,5.0,0.6,0.6,-120.19746436062516,145.57388656308214,-67.53741160967894,-117.19,127.13,-51.8,-121.50001327399609,144.02737658266483,-66.97024919136666,23.113502770600853,1.3838822141258271
A_PA1_to_C1,1D,7,6,5.0,0.6,0.6,-120.19746436062516,145.57388656308214,-67.53741160967894,-117.19,127.13,-51.8,-121.1278564416044,144.46923657706978,-67.13229559659874,23.478397021342,1.2709118578592182
A_PA1_to_C1,1D,7,7,5.0,0.6,0.6,-120.19746436062516,145.57388656308214,-67.53741160967894,-117.19,127.13,-51.8,-120.7556996092127,144.91109657147473,-67.29434200183081,23.852803672879812,1.1549964858660875
A_PA1_to_C1,1D,7,8,5.0,0.6,0.6,-120.19746436062516,145.57388656308214,-67.53741160967894,-117.19,127.13,-51.8,-120.383542776821,145.35295656587968,-67.4563884070629,24.236281881141277,1.0362725823795662
A_PA1_to_C1,1D,7,9,5.0,0.6,0.6,-120.19746436062516,145.57388656308214,-67.53741160967894,-117.19,127.13,-51.8,-120.01138594442932,145.7948165602846,-67.61843481229498,24.62840790200056,0.9148713375314905
A_PA1_to_C1,1D,7,10,5.0,0.6,0.6,-120.19746436062516,145.57388656308214,-67.53741160967894,-117.19,127.13,-51.8,-119.63922911203763,146.23667655468955,-67.78048121752707,25.02877528271233,0.7909185880851215
A_PA1_to_C1,1D,7,11,5.0,0.6,0.6,-120.19746436062516,145.57388656308214,-67.53741160967894,-117.19,127.13,-51.8,-119.26707227964593,146.6785365490945,-67.94252762275914,25.43699487985362,0.6645348118803884
A_PA1_to_C1,1D,7,12,5.0,0.6,0.6,-120.19746436062516,145.57388656308214,-67.53741160967894,-117.19,127.13,-51.8,-118.89491544725423,147.12039654349945,-68.10457402799122,25.852694731553363,0.5358351673913031
A_PA1_to_C1,1D,7,13,5.0,0.6,0.6,-120.19746436062516,145.57388656308214,-67.53741160967894,-117.19,127.13,-51.8,-118.52275861486254,147.5622565379044,-68.26662043322331,26.27551980928399,0.40492957057067613
A_PA1_to_C1,1D,7,14,5.0,0.6,0.6,-120.19746436062516,145.57388656308214,-67.53741160967894,-117.19,127.13,-51.8,-118.15060178247084,148.00411653230935,-68.42866683845538,26.705131671895252,0.271922801960379
A_PA1_to_C1,1D,7,15,5.0,0.6,0.6,-120.19746436062516,145.57388656308214,-67.53741160967894,-117.19,127.13,-51.8,-117.77844495007915,148.4459765267143,-68.59071324368746,27.141208041987568,0.13691463784511093
A_PA1_to_C1,1D,7,16,5.0,0.6,0.6,-120.19746436062516,145.57388656308214,-67.53741160967894,-117.19,127.13,-51.8,-117.40628811768745,148.88783652111925,-68.75275964891955,27.583442322227274,0.0
A_PA1_to_C1,1D,8,1,5.0,0.6,0.6,-119.2841803722571,146.65428488520172,-67.93353475243892,-116.15,128.08,-51.8,-122.08927387159588,143.3504922409709,-66.7225828029819,22.161822689373388,1.7830689034272797
A_PA1_to_C1,1D,8,2,5.0,0.6,0.6,-119.2841803722571,146.65428488520172,-67.93353475243892,-116.15,128.08,-51.8,-121.71526140501737,143.79099792686836,-66.88404306290951,22.4796785005468,1.6846615315469666
A_PA1_to_C1,1D,8,3,5.0,0.6,0.6,-119.2841803722571,146.65428488520172,-67.93353475243892,-116.15,128.08,-51.8,-121.34124893843887,144.2315036127658,-67.0455033228371,22.808890943241114,1.5827381746756615
A_PA1_to_C1,1D,8,4,5.0,0.6,0.6,-119.2841803722571,146.65428488520172,-67.93353475243892,-116.15,128.08,-51.8,-120.96723647186036,144.67200929866323,-67.20696358276471,23.148975498569833,1.4774488386605782
A_PA1_to_C1,1D,8,5,5.0,0.6,0.6,-119.2841803722571,146.65428488520172,-67.93353475243892,-116.15,128.08,-51.8,-120.59322400528185,145.11251498456068,-67.36842384269231,23.499460147120544,1.3689396595427112
A_PA1_to_C1,1D,8,6,5.0,0.6,0.6,-119.2841803722571,146.65428488520172,-67.93353475243892,-116.15,128.08,-51.8,-120.21921153870336,145.55302067045812,-67.52988410261992,23.859886583528176,1.2573525275279644
A_PA1_to_C1,1D,8,7,5.0,0.6,0.6,-119.2841803722571,146.65428488520172,-67.93353475243892,-116.15,128.08,-51.8,-119.84519907212486,145.99352635635555,-67.69134436254751,24.229811149729322,1.1428247980539252
A_PA1_to_C1,1D,8,8,5.0,0.6,0.6,-119.2841803722571,146.65428488520172,-67.93353475243892,-116.15,128.08,-51.8,-119.47118660554635,146.434032042253,-67.85280462247512,24.608805515999112,1.0254890809425357
A_PA1_to_C1,1D,8,9,5.0,0.6,0.6,-119.2841803722571,146.65428488520172,-67.93353475243892,-116.15,128.08,-51.8,-119.09717413896784,146.87453772815044,-68.01426488240271,24.99645713890248,0.9054730986195114
A_PA1_to_C1,1D,8,10,5.0,0.6,0.6,-119.2841803722571,146.65428488520172,-67.93353475243892,-116.15,128.08,-51.8,-118.72316167238934,147.3150434140479,-68.17572514233032,25.392369524518774,0.7828996046206589
A_PA1_to_C1,1D,8,11,5.0,0.6,0.6,-119.2841803722571,146.65428488520172,-67.93353475243892,-116.15,128.08,-51.8,-118.34914920581083,147.7555490999453,-68.33718540225792,25.796162323927742,0.6578863540296469
A_PA1_to_C1,1D,8,12,5.0,0.6,0.6,-119.2841803722571,146.65428488520172,-67.93353475243892,-116.15,128.08,-51.8,-117.97513673923234,148.19605478584276,-68.49864566218552,26.207471286164754,0.530546118042956
A_PA1_to_C1,1D,8,13,5.0,0.6,0.6,-119.2841803722571,146.65428488520172,-67.93353475243892,-116.15,128.08,-51.8,-117.60112427265383,148.6365604717402,-68.66010592211312,26.625948091812067,0.4009867354896084
A_PA1_to_C1,1D,8,14,5.0,0.6,0.6,-119.2841803722571,146.65428488520172,-67.93353475243892,-116.15,128.08,-51.8,-117.22711180607533,149.07706615763763,-68.82156618204073,27.051260088221223,0.2693111948056579
A_PA1_to_C1,1D,8,15,5.0,0.6,0.6,-119.2841803722571,146.65428488520172,-67.93353475243892,-116.15,128.08,-51.8,-116.85309933949682,149.51757184353508,-68.98302644196832,27.483089945151928,0.13561774064754673
A_PA1_to_C1,1D,8,16,5.0,0.6,0.6,-119.2841803722571,146.65428488520172,-67.93353475243892,-116.15,128.08,-51.8,-116.47908687291832,149.95807752943253,-69.14448670189593,27.9211352474435,0.0
A_PA1_to_C1,1D,9,1,5.0,0.6,0.6,-118.36592519347505,147.73104304627157,-68.32808255362077,-115.1,129.02,-51.8,-121.18643147870145,144.43859769952581,-67.12203614751091,22.57305018978121,1.7618904568511793
A_PA1_to_C1,1D,9,2,5.0,0.6,0.6,-118.36592519347505,147.73104304627157,-68.32808255362077,-115.1,129.02,-51.8,-120.8103639740046,144.87759041242523,-67.28284233499222,22.88645532130473,1.6648610043671175
A_PA1_to_C1,1D,9,3,5.0,0.6,0.6,-118.36592519347505,147.73104304627157,-68.32808255362077,-115.1,129.02,-51.8,-120.43429646930775,145.31658312532468,-67.44364852247354,23.211141279087823,1.5643390360132186
A_PA1_to_C1,1D,9,4,5.0,0.6,0.6,-118.36592519347505,147.73104304627157,-68.32808255362077,-115.1,129.02,-51.8,-120.05822896461089,145.7555758382241,-67.60445470995485,23.5466414119184,1.460469025848953
A_PA1_to_C1,1D,9,5,5.0,0.6,0.6,-118.36592519347505,147.73104304627157,-68.32808255362077,-115.1,129.02,-51.8,-119.68216145991404,146.19456855112355,-67.76526089743616,23.892500163967096,1.3533920128307813
A_PA1_to_C1,1D,9,6,5.0,0.6,0.6,-118.36592519347505,147.73104304627157,-68.32808255362077,-115.1,129.02,-51.8,-119.30609395521718,146.63356126402297,-67.92606708491749,24.24827429713018,1.2432452223778139
A_PA1_to_C1,1D,9,7,5.0,0.6,0.6,-118.36592519347505,147.73104304627157,-68.32808255362077,-115.1,129.02,-51.8,-118.93002645052033,147.07255397692242,-68.0868732723988,24.613533852183057,1.1301617688010719
A_PA1_to_C1,1D,9,8,5.0,0.6,0.6,-118.36592519347505,147.73104304627157,-68.32808255362077,-115.1,129.02,-51.8,-118.55395894582348,147.51154668982184,-68.24767945988012,24.987862873728464,1.014270430861318
A_PA1_to_C1,1D,9,9,5.0,0.6,0.6,-118.36592519347505,147.73104304627157,-68.32808255362077,-115.1,129.02,-51.8,-118.17789144112662,147.9505394027213,-68.40848564736143,25.37085992432961,0.895695492594708
A_PA1_to_C1,1D,9,10,5.0,0.6,0.6,-118.36592519347505,147.73104304627157,-68.32808255362077,-115.1,129.02,-51.8,-117.80182393642977,148.3895321156207,-68.56929183484274,25.762138412865696,0.774556641654744
A_PA1_to_C1,1D,9,11,5.0,0.6,0.6,-118.36592519347505,147.73104304627157,-68.32808255362077,-115.1,129.02,-51.8,-117.42575643173292,148.82852482852016,-68.73009802232406,26.161326761220412,0.6509689177059155
A_PA1_to_C1,1D,9,12,5.0,0.6,0.6,-118.36592519347505,147.73104304627157,-68.32808255362077,-115.1,129.02,-51.8,-117.04968892703606,149.26751754141958,-68.89090420980538,26.568068432067914,0.5250427038212404
A_PA1_to_C1,1D,9,13,5.0,0.6,0.6,-118.36592519347505,147.73104304627157,-68.32808255362077,-115.1,129.02,-51.8,-116.67362142233921,149.70651025431903,-69.0517103972867,26.982021838897488,0.3968837543384005
A_PA1_to_C1,1D,9,14,5.0,0.6,0.6,-118.36592519347505,147.73104304627157,-68.32808255362077,-115.1,129.02,-51.8,-116.29755391764235,150.14550296721845,-69.21251658476801,27.402860157626552,0.26659325318389016
A_PA1_to_C1,1D,9,15,5.0,0.6,0.6,-118.36592519347505,147.73104304627157,-68.32808255362077,-115.1,129.02,-51.8,-115.9214864129455,150.5844956801179,-69.37332277224932,27.83027105728821,0.13426789725148858
A_PA1_to_C1,1D,9,16,5.0,0.6,0.6,-118.36592519347505,147.73104304627157,-68.32808255362077,-115.1,129.02,-51.8,-115.54541890824865,151.02348839301732,-69.53412895973064,28.263956365410518,0.0
A_PA1_to_C1,1D,10,1,5.0,0.6,0.6,-117.44257785267718,148.80403214082943,-68.72100263076132,-114.05,129.95,-51.8,-120.27748399159442,145.5222827577081,-67.51957507576186,22.986574075187715,1.7420494098328438
A_PA1_to_C1,1D,10,2,5.0,0.6,0.6,-117.44257785267718,148.80403214082943,-68.72100263076132,-114.05,129.95,-51.8,-119.89949650640546,145.95984934212427,-67.67976541642845,23.29589738595112,1.6462836789463413
A_PA1_to_C1,1D,10,3,5.0,0.6,0.6,-117.44257785267718,148.80403214082943,-68.72100263076132,-114.05,129.95,-51.8,-119.52150902121649,146.39741592654045,-67.83995575709505,23.61641552648151,1.5470520564911112
A_PA1_to_C1,1D,10,4,5.0,0.6,0.6,-117.44257785267718,148.80403214082943,-68.72100263076132,-114.05,129.95,-51.8,-119.14352153602752,146.83498251095662,-68.00014609776164,23.94767900282007,1.4444937046835076
A_PA1_to_C1,1D,10,5,5.0,0.6,0.6,-117.44257785267718,148.80403214082943,-68.72100263076132,-114.05,129.95,-51.8,-118.76553405083855,147.2725490953728,-68.16033643842823,24.289248175371377,1.3387447348533819
A_PA1_to_C1,1D,10,6,5.0,0.6,0.6,-117.44257785267718,148.80403214082943,-68.72100263076132,-114.05,129.95,-51.8,-118.38754656564959,147.710115679789,-68.32052677909483,24.640694475348205,1.2299378308357882
A_PA1_to_C1,1D,10,7,5.0,0.6,0.6,-117.44257785267718,148.80403214082943,-68.72100263076132,-114.05,129.95,-51.8,-118.00955908046062,148.14768226420517,-68.48071711976142,25.001601379314245,1.1182019472549705
A_PA1_to_C1,1D,10,8,5.0,0.6,0.6,-117.44257785267718,148.80403214082943,-68.72100263076132,-114.05,129.95,-51.8,-117.63157159527165,148.58524884862135,-68.64090746042802,25.37156516324527,1.0036620760688955
A_PA1_to_C1,1D,10,9,5.0,0.6,0.6,-117.44257785267718,148.80403214082943,-68.72100263076132,-114.05,129.95,-51.8,-117.2535841100827,149.02281543303752,-68.80109780109461,25.750195458199403,0.8864390745351072
A_PA1_to_C1,1D,10,10,5.0,0.6,0.6,-117.44257785267718,148.80403214082943,-68.72100263076132,-114.05,129.95,-51.8,-116.87559662489373,149.4603820174537,-68.96128814176122,26.137115629658645,0.7666495477675408
A_PA1_to_C1,1D,10,11,5.0,0.6,0.6,-117.44257785267718,148.80403214082943,-68.72100263076132,-114.05,129.95,-51.8,-116.49760913970476,149.89794860186987,-69.1214784824278,26.531963002024906,0.6444057792330948
A_PA1_to_C1,1D,10,12,5.0,0.6,0.6,-117.44257785267718,148.80403214082943,-68.72100263076132,-114.05,129.95,-51.8,-116.1196216545158,150.33551518628607,-69.2816688230944,26.934388948767566,0.5198157028421768
A_PA1_to_C1,1D,10,13,5.0,0.6,0.6,-117.44257785267718,148.80403214082943,-68.72100263076132,-114.05,129.95,-51.8,-115.74163416932683,150.77308177070225,-69.441859163761,27.344058867442573,0.3929829106827327
A_PA1_to_C1,1D,10,14,5.0,0.6,0.6,-117.44257785267718,148.80403214082943,-68.72100263076132,-114.05,129.95,-51.8,-115.36364668413786,151.21064835511842,-69.60204950442758,27.760652057342547,0.2640066908994587
A_PA1_to_C1,1D,10,15,5.0,0.6,0.6,-117.44257785267718,148.80403214082943,-68.72100263076132,-114.05,129.95,-51.8,-114.9856591989489,151.6482149395346,-69.76223984509419,28.183861515972396,0.1329820907044592
A_PA1_to_C1,1D,10,16,5.0,0.6,0.6,-117.44257785267718,148.80403214082943,-68.72100263076132,-114.05,129.95,-51.8,-114.60767171375993,152.08578152395077,-69.92243018576077,28.6133936689478,0.0
A_PA1_to_C1,1D,11,1,5.0,0.6,0.6,-116.514922269347,149.87380453703935,-69.1125338929097,-112.99,130.88,-51.8,-119.36313689223428,146.6020215262874,-67.91540842224012,23.398829529183924,1.722474041556377
A_PA1_to_C1,1D,11,2,5.0,0.6,0.6,-116.514922269347,149.87380453703935,-69.1125338929097,-112.99,130.88,-51.8,-118.98337494251598,147.03825926105432,-68.07502515166273,23.70414160513476,1.627950179032898
A_PA1_to_C1,1D,11,3,5.0,0.6,0.6,-116.514922269347,149.87380453703935,-69.1125338929097,-112.99,130.88,-51.8,-118.60361299279766,147.47449699582123,-68.23464188108534,24.020562756454122,1.529986974290062
A_PA1_to_C1,1D,11,4,5.0,0.6,0.6,-116.514922269347,149.87380453703935,-69.1125338929097,-112.99,130.88,-51.8,-118.22385104307936,147.91073473058816,-68.39425861050795,24.34765986778241,1.4287185187704674
A_PA1_to_C1,1D,11,5,5.0,0.6,0.6,-116.514922269347,149.87380453703935,-69.1125338929097,-112.99,130.88,-51.8,-117.84408909336106,148.3469724653551,-68.55387533993056,24.68500854643752,1.3242762033973694
A_PA1_to_C1,1D,11,6,5.0,0.6,0.6,-116.514922269347,149.87380453703935,-69.1125338929097,-112.99,130.88,-51.8,-117.46432714364276,148.78321020012203,-68.71349206935317,25.032194327269124,1.2167883455547672
A_PA1_to_C1,1D,11,7,5.0,0.6,0.6,-116.514922269347,149.87380453703935,-69.1125338929097,-112.99,130.88,-51.8,-117.08456519392445,149.21944793488896,-68.87310879877577,25.388813653627764,1.1063798853818136
A_PA1_to_C1,1D,11,8,5.0,0.6,0.6,-116.514922269347,149.87380453703935,-69.1125338929097,-112.99,130.88,-51.8,-116.70480324420615,149.6556856696559,-69.03272552819838,25.754474652749316,0.9931721457156986
A_PA1_to_C1,1D,11,9,5.0,0.6,0.6,-116.514922269347,149.87380453703935,-69.1125338929097,-112.99,130.88,-51.8,-116.32504129448785,150.0919234044228,-69.19234225762101,26.128797724724677,0.8772826497480946
A_PA1_to_C1,1D,11,10,5.0,0.6,0.6,-116.514922269347,149.87380453703935,-69.1125338929097,-112.99,130.88,-51.8,-115.94527934476955,150.52816113918973,-69.35195898704362,26.51141596444914,0.758824990390675
A_PA1_to_C1,1D,11,11,5.0,0.6,0.6,-116.514922269347,149.87380453703935,-69.1125338929097,-112.99,130.88,-51.8,-115.56551739505123,150.96439887395667,-69.51157571646623,26.901975435653785,0.6379087454356771
A_PA1_to_C1,1D,11,12,5.0,0.6,0.6,-116.514922269347,149.87380453703935,-69.1125338929097,-112.99,130.88,-51.8,-115.18575544533293,151.4006366087236,-69.67119244588883,27.30013531543371,0.5146394328103128
A_PA1_to_C1,1D,11,13,5.0,0.6,0.6,-116.514922269347,149.87380453703935,-69.1125338929097,-112.99,130.88,-51.8,-114.80599349561463,151.83687434349054,-69.83080917531144,27.70556792670856,0.3891185005270774
A_PA1_to_C1,1D,11,14,5.0,0.6,0.6,-116.514922269347,149.87380453703935,-69.1125338929097,-112.99,130.88,-51.8,-114.42623154589633,152.27311207825747,-69.99042590473405,28.117958674874203,0.2614433462962289
A_PA1_to_C1,1D,11,15,5.0,0.6,0.6,-116.514922269347,149.87380453703935,-69.1125338929097,-112.99,130.88,-51.8,-114.04646959617801,152.70934981302437,-70.15004263415666,28.537005903605294,0.13170736216895662
A_PA1_to_C1,1D,11,16,5.0,0.6,0.6,-116.514922269347,149.87380453703935,-69.1125338929097,-112.99,130.88,-51.8,-113.66670764645971,153.1455875477913,-70.30965936357927,28.962420683411022,0.0
A_PA1_to_C1,1D,12,1,5.0,0.6,0.6,-115.58288695538624,150.94028445626716,-69.50264433810658,-111.92,131.79,-51.8,-118.44462504747611,147.6787097366813,-68.30992247579324,23.82434404686448,1.7030554962048683
A_PA1_to_C1,1D,12,2,5.0,0.6,0.6,-115.58288695538624,150.94028445626716,-69.50264433810658,-111.92,131.79,-51.8,-118.0630599685308,148.1135863659594,-68.46895205743502,24.12572528064118,1.6097486126826697
A_PA1_to_C1,1D,12,3,5.0,0.6,0.6,-115.58288695538624,150.94028445626716,-69.50264433810658,-111.92,131.79,-51.8,-117.68149488958548,148.54846299523751,-68.6279816390768,24.438123319325705,1.5130309536472133
A_PA1_to_C1,1D,12,4,5.0,0.6,0.6,-115.58288695538624,150.94028445626716,-69.50264433810658,-111.92,131.79,-51.8,-117.29992981064017,148.98333962451565,-68.78701122071857,24.761121186734933,1.4130316138920342
A_PA1_to_C1,1D,12,5,5.0,0.6,0.6,-115.58288695538624,150.94028445626716,-69.50264433810658,-111.92,131.79,-51.8,-116.91836473169485,149.41821625379376,-68.94604080236036,25.09430958360433,1.309877311455689
A_PA1_to_C1,1D,12,6,5.0,0.6,0.6,-115.58288695538624,150.94028445626716,-69.50264433810658,-111.92,131.79,-51.8,-116.53679965274954,149.85309288307187,-69.10507038400213,25.43728807344403,1.2036920204836452
A_PA1_to_C1,1D,12,7,5.0,0.6,0.6,-115.58288695538624,150.94028445626716,-69.50264433810658,-111.92,131.79,-51.8,-116.15523457380422,150.28796951235,-69.26409996564391,25.789666061912875,1.0945966680165107
A_PA1_to_C1,1D,12,8,5.0,0.6,0.6,-115.58288695538624,150.94028445626716,-69.50264433810658,-111.92,131.79,-51.8,-115.77366949485891,150.7228461416281,-69.42312954728568,26.15106358522694,0.9827088899007013
A_PA1_to_C1,1D,12,9,5.0,0.6,0.6,-115.58288695538624,150.94028445626716,-69.50264433810658,-111.92,131.79,-51.8,-115.39210441591358,151.15772277090622,-69.58215912892747,26.52111192412914,0.8681428407049729
A_PA1_to_C1,1D,12,10,5.0,0.6,0.6,-115.58288695538624,150.94028445626716,-69.50264433810658,-111.92,131.79,-51.8,-115.01053933696826,151.59259940018433,-69.74118871056925,26.899454060366853,0.7510090523960837
A_PA1_to_C1,1D,12,11,5.0,0.6,0.6,-115.58288695538624,150.94028445626716,-69.50264433810658,-111.92,131.79,-51.8,-114.62897425802295,152.02747602946246,-69.90021829221102,27.2857449925669,0.631414336544676
A_PA1_to_C1,1D,12,12,5.0,0.6,0.6,-115.58288695538624,150.94028445626716,-69.50264433810658,-111.92,131.79,-51.8,-114.24740917907764,152.46235265874057,-70.0592478738528,27.67965192795949,0.5094617249680233
A_PA1_to_C1,1D,12,13,5.0,0.6,0.6,-115.58288695538624,150.94028445626716,-69.50264433810658,-111.92,131.79,-51.8,-113.86584410013232,152.89722928801868,-70.21827745549459,28.080854365681144,0.3852504439396469
A_PA1_to_C1,1D,12,14,5.0,0.6,0.6,-115.58288695538624,150.94028445626716,-69.50264433810658,-111.92,131.79,-51.8,-113.484279021187,153.33210591729681,-70.37730703713636,28.489044086458865,0.2588759173830777
A_PA1_to_C1,1D,12,15,5.0,0.6,0.6,-115.58288695538624,150.94028445626716,-69.50264433810658,-111.92,131.79,-51.8,-113.10271394224169,153.76698254657492,-70.53633661877814,28.903925062416672,0.1304297947955213
A_PA1_to_C1,1D,12,16,5.0,0.6,0.6,-115.58288695538624,150.94028445626716,-69.50264433810658,-111.92,131.79,-51.8,-112.72114886329638,154.20185917585303,-70.69536620041991,29.3252132996062,0.0
A_PA1_to_C1,1D,13,1,5.0,0.6,0.6,-114.64639947593099,152.00339379708413,-69.8913011714731,-110.84,132.7,-51.8,-117.52349418949677,148.7535110353933,-68.70361937720469,24.251116658701342,1.6822847537610643
A_PA1_to_C1,1D,13,2,5.0,0.6,0.6,-114.64639947593099,152.00339379708413,-69.8913011714731,-110.84,132.7,-51.8,-117.13988156102133,149.18682873695207,-68.8619769497738,24.548219628296838,1.590302410233047
A_PA1_to_C1,1D,13,3,5.0,0.6,0.6,-114.64639947593099,152.00339379708413,-69.8913011714731,-110.84,132.7,-51.8,-116.7562689325459,149.62014643851086,-69.02033452234294,24.85625705218418,1.4949347867385132
A_PA1_to_C1,1D,13,4,5.0,0.6,0.6,-114.64639947593099,152.00339379708413,-69.8913011714731,-110.84,132.7,-51.8,-116.37265630407046,150.05346414006962,-69.17869209491205,25.174827553916074,1.3963061484314254
A_PA1_to_C1,1D,13,5,5.0,0.6,0.6,-114.64639947593099,152.00339379708413,-69.8913011714731,-110.84,132.7,-51.8,-115.98904367559501,150.4867818416284,-69.33704966748118,25.503536423299604,1.2945386966098988
A_PA1_to_C1,1D,13,6,5.0,0.6,0.6,-114.64639947593099,152.00339379708413,-69.8913011714731,-110.84,132.7,-51.8,-115.60543104711958,150.92009954318718,-69.4954072400503,25.84199678468608,1.1897522070165625
A_PA1_to_C1,1D,13,7,5.0,0.6,0.6,-114.64639947593099,152.00339379708413,-69.8913011714731,-110.84,132.7,-51.8,-115.22181841864415,151.35341724474597,-69.65376481261941,26.18983057495567,1.082063727056937
A_PA1_to_C1,1D,13,8,5.0,0.6,0.6,-114.64639947593099,152.00339379708413,-69.8913011714731,-110.84,132.7,-51.8,-114.83820579016871,151.78673494630473,-69.81212238518854,26.546669344195323,0.9715873279115339
A_PA1_to_C1,1D,13,9,5.0,0.6,0.6,-114.64639947593099,152.00339379708413,-69.8913011714731,-110.84,132.7,-51.8,-114.45459316169327,152.22005264786353,-69.97047995775766,26.91215489319272,0.8584339071693066
A_PA1_to_C1,1D,13,10,5.0,0.6,0.6,-114.64639947593099,152.00339379708413,-69.8913011714731,-110.84,132.7,-51.8,-114.07098053321783,152.6533703494223,-70.12883753032679,27.285939762455566,0.7427110374284869
A_PA1_to_C1,1D,13,11,5.0,0.6,0.6,-114.64639947593099,152.00339379708413,-69.8913011714731,-110.84,132.7,-51.8,-113.6873679047424,153.08668805098108,-70.28719510289591,27.667687587608597,0.624522856266557
A_PA1_to_C1,1D,13,12,5.0,0.6,0.6,-114.64639947593099,152.00339379708413,-69.8913011714731,-110.84,132.7,-51.8,-113.30375527626697,153.52000575253984,-70.44555267546502,28.0570733358037,0.5039699930482602
A_PA1_to_C1,1D,13,13,5.0,0.6,0.6,-114.64639947593099,152.00339379708413,-69.8913011714731,-110.84,132.7,-51.8,-112.92014264779152,153.95332345409864,-70.60391024803415,28.45378343728343,0.3811495281938537
A_PA1_to_C1,1D,13,14,5.0,0.6,0.6,-114.64639947593099,152.00339379708413,-69.8913011714731,-110.84,132.7,-51.8,-112.53653001931609,154.3866411556574,-70.76226782060327,28.857515825534616,0.2561549807476666
A_PA1_to_C1,1D,13,15,5.0,0.6,0.6,-114.64639947593099,152.00339379708413,-69.8913011714731,-110.84,132.7,-51.8,-112.15291739084066,154.8199588572162,-70.9206253931724,29.267979898621956,0.12907632034910854
A_PA1_to_C1,1D,13,16,5.0,0.6,0.6,-114.64639947593099,152.00339379708413,-69.8913011714731,-110.84,132.7,-51.8,-111.76930476236521,155.25327655877496,-71.07898296574152,29.68489641334958,0.0
A_PA1_to_C1,1D,14,1,5.0,0.6,0.6,-113.7043365345142,153.06224053959426,-70.27812111471913,-109.76,133.6,-51.8,-116.59767306569978,149.82484104616339,-69.09581479348066,24.680851875432683,1.6618018758827127
A_PA1_to_C1,1D,14,2,5.0,0.6,0.6,-113.7043365345142,153.06224053959426,-70.27812111471913,-109.76,133.6,-51.8,-116.21189486154171,150.25649431195416,-69.25345563631245,24.973763507274523,1.5711171601422054
A_PA1_to_C1,1D,14,3,5.0,0.6,0.6,-113.7043365345142,153.06224053959426,-70.27812111471913,-109.76,133.6,-51.8,-115.82611665738362,150.68814757774496,-69.41109647914425,25.277525158478333,1.477073305280344
A_PA1_to_C1,1D,14,4,5.0,0.6,0.6,-113.7043365345142,153.06224053959426,-70.27812111471913,-109.76,133.6,-51.8,-115.44033845322555,151.11980084353573,-69.56873732197604,25.59175047857674,1.3797899244449248
A_PA1_to_C1,1D,14,5,5.0,0.6,0.6,-113.7043365345142,153.06224053959426,-70.27812111471913,-109.76,133.6,-51.8,-115.05456024906748,151.55145410932653,-69.72637816480784,25.91605886275846,1.2793848519428437
A_PA1_to_C1,1D,14,6,5.0,0.6,0.6,-113.7043365345142,153.06224053959426,-70.27812111471913,-109.76,133.6,-51.8,-114.66878204490939,151.9831073751173,-69.88401900763964,26.250076597948983,1.175973788416366
A_PA1_to_C1,1D,14,7,5.0,0.6,0.6,-113.7043365345142,153.06224053959426,-70.27812111471913,-109.76,133.6,-51.8,-114.28300384075132,152.41476064090807,-70.04165985047143,26.593437833766743,1.069670000237494
A_PA1_to_C1,1D,14,8,5.0,0.6,0.6,-113.7043365345142,153.06224053959426,-70.27812111471913,-109.76,133.6,-51.8,-113.89722563659323,152.84641390669887,-70.19930069330323,26.94578538915956,0.9605840697753205
A_PA1_to_C1,1D,14,9,5.0,0.6,0.6,-113.7043365345142,153.06224053959426,-70.27812111471913,-109.76,133.6,-51.8,-113.51144743243516,153.27806717248964,-70.35694153613503,27.306771406720213,0.8488236928215578
A_PA1_to_C1,1D,14,10,5.0,0.6,0.6,-113.7043365345142,153.06224053959426,-70.27812111471913,-109.76,133.6,-51.8,-113.12566922827708,153.70972043828044,-70.51458237896682,27.67605786738966,0.7344935192396864
A_PA1_to_C1,1D,14,11,5.0,0.6,0.6,-113.7043365345142,153.06224053959426,-70.27812111471913,-109.76,133.6,-51.8,-112.739891024119,154.1413737040712,-70.67222322179862,28.053316978555824,0.6176950328105324
A_PA1_to_C1,1D,14,12,5.0,0.6,0.6,-113.7043365345142,153.06224053959426,-70.27812111471913,-109.76,133.6,-51.8,-112.35411281996092,154.57302696986198,-70.82986406463041,28.438231448519367,0.49852646625835284
A_PA1_to_C1,1D,14,13,5.0,0.6,0.6,-113.7043365345142,153.06224053959426,-70.27812111471913,-109.76,133.6,-51.8,-111.96833461580285,155.00468023565278,-70.98750490746221,28.830494659991263,0.37708274753640225
A_PA1_to_C1,1D,14,14,5.0,0.6,0.6,-113.7043365345142,153.06224053959426,-70.27812111471913,-109.76,133.6,-51.8,-111.58255641164477,155.43633350144356,-71.145145750294,29.22981075477589,0.25345547360927334
A_PA1_to_C1,1D,14,15,5.0,0.6,0.6,-113.7043365345142,153.06224053959426,-70.27812111471913,-109.76,133.6,-51.8,-111.19677820748669,155.86798676723436,-71.3027865931258,29.6358946411314,0.1277329081741314
A_PA1_to_C1,1D,14,16,5.0,0.6,0.6,-113.7043365345142,153.06224053959426,-70.27812111471913,-109.76,133.6,-51.8,-110.81100000332862,156.29964003302513,-71.4604274359576,30.048471934533847,0.0
A_PA1_to_C1,1D,15,1,5.0,0.6,0.6,-112.75724424129103,154.11719913348915,-70.66326812092449,-108.67,134.48,-51.8,-115.66541073859125,150.8913043737042,-69.48591064641958,25.120870168867526,1.6424371725214986
A_PA1_to_C1,1D,15,2,5.0,0.6,0.6,-112.75724424129103,154.11719913348915,-70.66326812092449,-108.67,134.48,-51.8,-115.27765520561789,151.32142367500884,-69.64289164302023,25.4099083214017,1.5529516763808875
A_PA1_to_C1,1D,15,3,5.0,0.6,0.6,-112.75724424129103,154.11719913348915,-70.66326812092449,-108.67,134.48,-51.8,-114.88989967264453,151.75154297631352,-69.79987263962089,25.709701743952248,1.460136375281647
A_PA1_to_C1,1D,15,4,5.0,0.6,0.6,-112.75724424129103,154.11719913348915,-70.66326812092449,-108.67,134.48,-51.8,-114.50214413967116,152.1816622776182,-69.95685363622155,26.019878681960137,1.364106363514498
A_PA1_to_C1,1D,15,5,5.0,0.6,0.6,-112.75724424129103,154.11719913348915,-70.66326812092449,-108.67,134.48,-51.8,-114.1143886066978,152.61178157892283,-70.1138346328222,26.340072313584574,1.2649752082128156
A_PA1_to_C1,1D,15,6,5.0,0.6,0.6,-112.75724424129103,154.11719913348915,-70.66326812092449,-108.67,134.48,-51.8,-113.72663307372444,153.0419008802275,-70.27081562942286,26.66992186613614,1.162854603707686
A_PA1_to_C1,1D,15,7,5.0,0.6,0.6,-112.75724424129103,154.11719913348915,-70.66326812092449,-108.67,134.48,-51.8,-113.33887754075107,153.47202018153217,-70.42779662602351,27.009073571797096,1.0578540756392787
A_PA1_to_C1,1D,15,8,5.0,0.6,0.6,-112.75724424129103,154.11719913348915,-70.66326812092449,-108.67,134.48,-51.8,-112.95112200777771,153.90213948283682,-70.58477762262416,27.357181471556775,0.9500807320604316
A_PA1_to_C1,1D,15,9,5.0,0.6,0.6,-112.75724424129103,154.11719913348915,-70.66326812092449,-108.67,134.48,-51.8,-112.56336647480435,154.3322587841415,-70.74175861922481,27.713908077509227,0.8396390583909401
A_PA1_to_C1,1D,15,10,5.0,0.6,0.6,-112.75724424129103,154.11719913348915,-70.66326812092449,-108.67,134.48,-51.8,-112.175610941831,154.76237808544613,-70.89873961582546,28.078924904446968,0.7266307528374618
A_PA1_to_C1,1D,15,11,5.0,0.6,0.6,-112.75724424129103,154.11719913348915,-70.66326812092449,-108.67,134.48,-51.8,-111.78785540885762,155.1924973867508,-71.05572061242611,28.451912882098352,0.6111545987658253
A_PA1_to_C1,1D,15,12,5.0,0.6,0.6,-112.75724424129103,154.11719913348915,-70.66326812092449,-108.67,134.48,-51.8,-111.40009987588427,155.62261668805547,-71.21270160902677,28.83256265945599,0.49330637048172576
A_PA1_to_C1,1D,15,13,5.0,0.6,0.6,-112.75724424129103,154.11719913348915,-70.66326812092449,-108.67,134.48,-51.8,-111.01234434291091,156.05273598936012,-71.36968260562742,29.22057481249123,0.37317876892282875
A_PA1_to_C1,1D,15,14,5.0,0.6,0.6,-112.75724424129103,154.11719913348915,-70.66326812092449,-108.67,134.48,-51.8,-110.62458880993753,156.4828552906648,-71.52666360222808,29.615659966195913,0.2508613838749394
A_PA1_to_C1,1D,15,15,5.0,0.6,0.6,-112.75724424129103,154.11719913348915,-70.66326812092449,-108.67,134.48,-51.8,-110.23683327696418,156.91297459196946,-71.68364459882874,30.017538841388735,0.12644067948087745
A_PA1_to_C1,1D,15,16,5.0,0.6,0.6,-112.75724424129103,154.11719913348915,-70.66326812092449,-108.67,134.48,-51.8,-109.84907774399082,157.3430938932741,-71.84062559542939,30.425942236111965,0.0
A_PA1_to_C1,1D,16,1,5.0,0.6,0.6,-111.80550111618676,155.16853095706625,-71.04685566781224,-107.57,135.36,-51.8,-114.72803142034581,151.953876847341,-69.87433036910922,25.559256267174156,1.6230342227178092
A_PA1_to_C1,1D,16,2,5.0,0.6,0.6,-111.80550111618676,155.16853095706625,-71.04685566781224,-107.57,135.36,-51.8,-114.3383607131246,152.38249739530437,-70.03066707560295,25.844406480660098,1.5347524228769611
A_PA1_to_C1,1D,16,3,5.0,0.6,0.6,-111.80550111618676,155.16853095706625,-71.04685566781224,-107.57,135.36,-51.8,-113.9486900059034,152.81111794326773,-70.1870037820967,26.14022019310646,1.443169230169108
A_PA1_to_C1,1D,16,4,5.0,0.6,0.6,-111.80550111618676,155.16853095706625,-71.04685566781224,-107.57,135.36,-51.8,-113.55901929868219,153.2397384912311,-70.34334048859043,26.446339579431314,1.348395426353365
A_PA1_to_C1,1D,16,5,5.0,0.6,0.6,-111.80550111618676,155.16853095706625,-71.04685566781224,-107.57,135.36,-51.8,-113.16934859146099,153.66835903919448,-70.49967719508416,26.76241100045175,1.2505404972448702
A_PA1_to_C1,1D,16,6,5.0,0.6,0.6,-111.80550111618676,155.16853095706625,-71.04685566781224,-107.57,135.36,-51.8,-112.77967788423977,154.09697958715785,-70.6560139015779,27.088086088972865,1.1497122964643385
A_PA1_to_C1,1D,16,7,5.0,0.6,0.6,-111.80550111618676,155.16853095706625,-71.04685566781224,-107.57,135.36,-51.8,-112.39000717701857,154.5256001351212,-70.81235060807164,27.423022688429338,1.0460167548369483
A_PA1_to_C1,1D,16,8,5.0,0.6,0.6,-111.80550111618676,155.16853095706625,-71.04685566781224,-107.57,135.36,-51.8,-112.00033646979736,154.95422068308457,-70.96868731456537,27.766885651376437,0.939557633181499
A_PA1_to_C1,1D,16,9,5.0,0.6,0.6,-111.80550111618676,155.16853095706625,-71.04685566781224,-107.57,135.36,-51.8,-111.61066576257616,155.38284123104793,-71.1250240210591,28.1193475063544,0.8304363158508608
A_PA1_to_C1,1D,16,10,5.0,0.6,0.6,-111.80550111618676,155.16853095706625,-71.04685566781224,-107.57,135.36,-51.8,-111.22099505535495,155.8114617790113,-71.28136072755284,28.48008900248775,0.7187516421253655
A_PA1_to_C1,1D,16,11,5.0,0.6,0.6,-111.80550111618676,155.16853095706625,-71.04685566781224,-107.57,135.36,-51.8,-110.83132434813375,156.24008232697466,-71.43769743404658,28.848799541681608,0.6045997724059049
A_PA1_to_C1,1D,16,12,5.0,0.6,0.6,-111.80550111618676,155.16853095706625,-71.04685566781224,-107.57,135.36,-51.8,-110.44165364091253,156.66870287493802,-71.59403414054032,29.225177508488006,0.48807408608813496
A_PA1_to_C1,1D,16,13,5.0,0.6,0.6,-111.80550111618676,155.16853095706625,-71.04685566781224,-107.57,135.36,-51.8,-110.05198293369133,157.0973234229014,-71.75037084703405,29.608930507688704,0.36926510800742207
A_PA1_to_C1,1D,16,14,5.0,0.6,0.6,-111.80550111618676,155.16853095706625,-71.04685566781224,-107.57,135.36,-51.8,-109.66231222647012,157.52594397086477,-71.90670755352778,29.999775519420865,0.24826046041232708
A_PA1_to_C1,1D,16,15,5.0,0.6,0.6,-111.80550111618676,155.16853095706625,-71.04685566781224,-107.57,135.36,-51.8,-109.27264151924892,157.95456451882814,-72.06304426002153,30.3974389813048,0.12514483753804306
A_PA1_to_C1,1D,16,16,5.0,0.6,0.6,-111.80550111618676,155.16853095706625,-71.04685566781224,-107.57,135.36,-51.8,-108.88297081202771,158.3831850667915,-72.21938096651526,30.80165680655268,0.0
A_PA1_to_C1,1D,17,1,5.0,0.6,0.6,-110.849031768006,156.216148479111,-71.42884697464699,-106.46,136.24,-51.8,-113.78615377153197,153.01301272293216,-70.26127014039064,25.996634014507627,1.6031987460101753
A_PA1_to_C1,1D,17,2,5.0,0.6,0.6,-110.849031768006,156.216148479111,-71.42884697464699,-106.46,136.24,-51.8,-113.39453750439517,153.4400974904227,-70.41694705162482,26.27778304200927,1.516155703440008
A_PA1_to_C1,1D,17,3,5.0,0.6,0.6,-110.849031768006,156.216148479111,-71.42884697464699,-106.46,136.24,-51.8,-113.00292123725838,153.86718225791319,-70.572623962859,26.56950852239393,1.4258382172528066
A_PA1_to_C1,1D,17,4,5.0,0.6,0.6,-110.849031768006,156.216148479111,-71.42884697464699,-106.46,136.24,-51.8,-112.61130497012158,154.2942670254037,-70.72830087409318,26.87146599350729,1.3323529320783916
A_PA1_to_C1,1D,17,5,5.0,0.6,0.6,-110.849031768006,156.216148479111,-71.42884697464699,-106.46,136.24,-51.8,-112.21968870298478,154.7213517928942,-70.88397778532736,27.18331448074117,1.2358054128109366
A_PA1_to_C1,1D,17,6,5.0,0.6,0.6,-110.849031768006,156.216148479111,-71.42884697464699,-106.46,136.24,-51.8,-111.82807243584799,155.14843656038474,-71.03965469656154,27.504717553131275,1.136299817643721
A_PA1_to_C1,1D,17,7,5.0,0.6,0.6,-110.849031768006,156.216148479111,-71.42884697464699,-106.46,136.24,-51.8,-111.43645616871119,155.57552132787524,-71.19533160779572,27.835344244255026,1.0339386129614443
A_PA1_to_C1,1D,17,8,5.0,0.6,0.6,-110.849031768006,156.216148479111,-71.42884697464699,-106.46,136.24,-51.8,-111.04483990157439,156.00260609536576,-71.3510085190299,28.174869843795843,0.9288223282738866
A_PA1_to_C1,1D,17,9,5.0,0.6,0.6,-110.849031768006,156.216148479111,-71.42884697464699,-106.46,136.24,-51.8,-110.65322363443761,156.42969086285626,-71.50668543026407,28.522976566857285,0.8210493489978976
A_PA1_to_C1,1D,17,10,5.0,0.6,0.6,-110.849031768006,156.216148479111,-71.42884697464699,-106.46,136.24,-51.8,-110.26160736730081,156.8567756303468,-71.66236234149825,28.87935410898493,0.7107157446240127
A_PA1_to_C1,1D,17,11,5.0,0.6,0.6,-110.849031768006,156.216148479111,-71.42884697464699,-106.46,136.24,-51.8,-109.86999110016401,157.2838603978373,-71.81803925273243,29.243700095418816,0.5979151296290031
A_PA1_to_C1,1D,17,12,5.0,0.6,0.6,-110.849031768006,156.216148479111,-71.42884697464699,-106.46,136.24,-51.8,-109.47837483302722,157.71094516532781,-71.97371616396661,29.615720433402487,0.482738554401859
A_PA1_to_C1,1D,17,13,5.0,0.6,0.6,-110.849031768006,156.216148479111,-71.42884697464699,-106.46,136.24,-51.8,-109.08675856589042,158.1380299328183,-72.1293930752008,29.995129576451365,0.3652744234269747
A_PA1_to_C1,1D,17,14,5.0,0.6,0.6,-110.849031768006,156.216148479111,-71.42884697464699,-106.46,136.24,-51.8,-108.69514229875362,158.56511470030884,-72.28506998643498,30.38165070937987,0.24560843800019327
A_PA1_to_C1,1D,17,15,5.0,0.6,0.6,-110.849031768006,156.216148479111,-71.42884697464699,-106.46,136.24,-51.8,-108.30352603161683,158.99219946779934,-72.44074689766916,30.775015862634678,0.12382356083152146
A_PA1_to_C1,1D,17,16,5.0,0.6,0.6,-110.849031768006,156.216148479111,-71.42884697464699,-106.46,136.24,-51.8,-107.91190976448003,159.41928423528987,-72.59642380890334,31.174965964120492,0.0
A_PA1_to_C1,1D,18,1,5.0,0.6,0.6,-109.88775968148192,157.25996132776058,-71.80920414042144,-105.35,137.1,-51.8,-112.84051622362242,154.0692796654147,-70.64697381367188,26.443765004110922,1.5837814107860577
A_PA1_to_C1,1D,18,2,5.0,0.6,0.6,-109.88775968148192,157.25996132776058,-71.80920414042144,-105.35,137.1,-51.8,-112.44681535133701,154.49470388706084,-70.80193785723849,26.721043276411486,1.4979367444391336
A_PA1_to_C1,1D,18,3,5.0,0.6,0.6,-109.88775968148192,157.25996132776058,-71.80920414042144,-105.35,137.1,-51.8,-112.05311447905162,154.92012810870693,-70.9569019008051,27.008805970776802,1.4088461269885713
A_PA1_to_C1,1D,18,4,5.0,0.6,0.6,-109.88775968148192,157.25996132776058,-71.80920414042144,-105.35,137.1,-51.8,-111.65941360676622,155.34555233035306,-71.1118659443717,27.306721629560048,1.316612176900879
A_PA1_to_C1,1D,18,5,5.0,0.6,0.6,-109.88775968148192,157.25996132776058,-71.80920414042144,-105.35,137.1,-51.8,-111.26571273448081,155.77097655199918,-71.26682998793831,27.614461652212167,1.2213366280921747
A_PA1_to_C1,1D,18,6,5.0,0.6,0.6,-109.88775968148192,157.25996132776058,-71.80920414042144,-105.35,137.1,-51.8,-110.87201186219542,156.19640077364528,-71.42179403150492,27.931701318192367,1.1231200132376227
A_PA1_to_C1,1D,18,7,5.0,0.6,0.6,-109.88775968148192,157.25996132776058,-71.80920414042144,-105.35,137.1,-51.8,-110.47831098991003,156.6218249952914,-71.57675807507152,28.258120686201398,1.0220613853710496
A_PA1_to_C1,1D,18,8,5.0,0.6,0.6,-109.88775968148192,157.25996132776058,-71.80920414042144,-105.35,137.1,-51.8,-110.08461011762462,157.04724921693753,-71.73172211863813,28.593405374371507,0.9182580763400559
A_PA1_to_C1,1D,18,9,5.0,0.6,0.6,-109.88775968148192,157.25996132776058,-71.80920414042144,-105.35,137.1,-51.8,-109.69090924533923,157.47267343858363,-71.88668616220475,28.93724722723899,0.8118054903129721
A_PA1_to_C1,1D,18,10,5.0,0.6,0.6,-109.88775968148192,157.25996132776058,-71.80920414042144,-105.35,137.1,-51.8,-109.29720837305382,157.89809766022975,-72.04165020577136,29.289344876209928,0.7027969302600496
A_PA1_to_C1,1D,18,11,5.0,0.6,0.6,-109.88775968148192,157.25996132776058,-71.80920414042144,-105.35,137.1,-51.8,-108.90350750076843,158.32352188187588,-72.19661424933797,29.649404200839832,0.5913234551424331
A_PA1_to_C1,1D,18,12,5.0,0.6,0.6,-109.88775968148192,157.25996132776058,-71.80920414042144,-105.35,137.1,-51.8,-108.50980662848303,158.74894610352197,-72.35157829290458,30.017138698616687,0.47747376542823616
A_PA1_to_C1,1D,18,13,5.0,0.6,0.6,-109.88775968148192,157.25996132776058,-71.80920414042144,-105.35,137.1,-51.8,-108.11610575619763,159.1743703251681,-72.50654233647118,30.392269771098135,0.36133411450518693
A_PA1_to_C1,1D,18,14,5.0,0.6,0.6,-109.88775968148192,157.25996132776058,-71.80920414042144,-105.35,137.1,-51.8,-107.72240488391223,159.59979454681422,-72.66150638003779,30.77452693424254,0.24298824356264603
A_PA1_to_C1,1D,18,15,5.0,0.6,0.6,-109.88775968148192,157.25996132776058,-71.80920414042144,-105.35,137.1,-51.8,-107.32870401162684,160.02521876846032,-72.8164704236044,31.163647960622843,0.12251733756255412
A_PA1_to_C1,1D,18,16,5.0,0.6,0.6,-109.88775968148192,157.25996132776058,-71.80920414042144,-105.35,137.1,-51.8,-106.93500313934143,160.45064299010645,-72.97143446717101,31.55937896094989,0.0
A_PA1_to_C1,1D,19,1,5.0,0.6,0.6,-108.92107988638196,158.2994494986132,-72.1877053882543,-104.23,137.95,-51.8,-111.89092951806687,155.12251910644392,-71.0313721973045,26.8966713578693,1.5635109653953982
A_PA1_to_C1,1D,19,2,5.0,0.6,0.6,-108.92107988638196,158.2994494986132,-72.1877053882543,-104.23,137.95,-51.8,-111.49494956717555,155.5461098253998,-71.18554995609782,27.169875235295073,1.4789277216103294
A_PA1_to_C1,1D,19,3,5.0,0.6,0.6,-108.92107988638196,158.2994494986132,-72.1877053882543,-104.23,137.95,-51.8,-111.09896961628422,155.96970054435573,-71.33972771489113,27.453475380537434,1.391125819058514
A_PA1_to_C1,1D,19,4,5.0,0.6,0.6,-108.92107988638196,158.2994494986132,-72.1877053882543,-104.23,137.95,-51.8,-110.7029896653929,156.39329126331162,-71.49390547368442,27.747153018608017,1.300203949686816
A_PA1_to_C1,1D,19,5,5.0,0.6,0.6,-108.92107988638196,158.2994494986132,-72.1877053882543,-104.23,137.95,-51.8,-110.30700971450159,156.81688198226755,-71.64808323247773,28.05059163023701,1.2062601070772203
A_PA1_to_C1,1D,19,6,5.0,0.6,0.6,-108.92107988638196,158.2994494986132,-72.1877053882543,-104.23,137.95,-51.8,-109.91102976361026,157.24047270122344,-71.80226099127104,28.36347794214588,1.1093912798608532
A_PA1_to_C1,1D,19,7,5.0,0.6,0.6,-108.92107988638196,158.2994494986132,-72.1877053882543,-104.23,137.95,-51.8,-109.51504981271894,157.66406342017933,-71.95643875006434,28.68550280442839,1.0096931800829871
A_PA1_to_C1,1D,19,8,5.0,0.6,0.6,-108.92107988638196,158.2994494986132,-72.1877053882543,-104.23,137.95,-51.8,-109.11906986182763,158.08765413913525,-72.11061650885765,29.016361958576812,0.9072600054240318
A_PA1_to_C1,1D,19,9,5.0,0.6,0.6,-108.92107988638196,158.2994494986132,-72.1877053882543,-104.23,137.95,-51.8,-108.7230899109363,158.51124485809115,-72.26479426765096,29.35575670084859,0.802184233822862
A_PA1_to_C1,1D,19,10,5.0,0.6,0.6,-108.92107988638196,158.2994494986132,-72.1877053882543,-104.23,137.95,-51.8,-108.32710996004498,158.93483557704707,-72.41897202644427,29.703394446555965,0.69455644877414
A_PA1_to_C1,1D,19,11,5.0,0.6,0.6,-108.92107988638196,158.2994494986132,-72.1877053882543,-104.23,137.95,-51.8,-107.93113000915366,159.35842629600296,-72.57314978523756,30.058989201501184,0.5844651933731431
A_PA1_to_C1,1D,19,12,5.0,0.6,0.6,-108.92107988638196,158.2994494986132,-72.1877053882543,-104.23,137.95,-51.8,-107.53515005826233,159.78201701495885,-72.72732754403087,30.42226194720304,0.4719968510505872
A_PA1_to_C1,1D,19,13,5.0,0.6,0.6,-108.92107988638196,158.2994494986132,-72.1877053882543,-104.23,137.95,-51.8,-107.13917010737102,160.20560773391477,-72.88150530282418,30.792940946790267,0.3572355508687828
A_PA1_to_C1,1D,19,14,5.0,0.6,0.6,-108.92107988638196,158.2994494986132,-72.1877053882543,-104.23,137.95,-51.8,-106.7431901564797,160.62919845287067,-73.03568306161748,31.17076197850777,0.2402630952286895
A_PA1_to_C1,1D,19,15,5.0,0.6,0.6,-108.92107988638196,158.2994494986132,-72.1877053882543,-104.23,137.95,-51.8,-106.34721020558837,161.0527891718266,-73.18986082041079,31.55546850371676,0.12115890785748462
A_PA1_to_C1,1D,19,16,5.0,0.6,0.6,-108.92107988638196,158.2994494986132,-72.1877053882543,-104.23,137.95,-51.8,-105.95123025469705,161.47637989078248,-73.3440385792041,31.946811776096435,0.0
A_PA1_to_C1,1D,20,1,5.0,0.6,0.6,-107.94864743686081,159.33428339378025,-72.56421201203561,-103.1,138.79,-51.8,-110.9349800906427,156.1707486227083,-71.41361867241697,27.35272149409502,1.5436276137183302
A_PA1_to_C1,1D,20,2,5.0,0.6,0.6,-107.94864743686081,159.33428339378025,-72.56421201203561,-103.1,138.79,-51.8,-110.53680240347178,156.59255325885124,-71.56703111769946,27.62195597220837,1.460273286129059
A_PA1_to_C1,1D,20,3,5.0,0.6,0.6,-107.94864743686081,159.33428339378025,-72.56421201203561,-103.1,138.79,-51.8,-110.13862471630085,157.01435789499416,-71.72044356298194,27.90149691912078,1.3737281013264546
A_PA1_to_C1,1D,20,4,5.0,0.6,0.6,-107.94864743686081,159.33428339378025,-72.56421201203561,-103.1,138.79,-51.8,-109.74044702912994,157.4361625311371,-71.87385600826443,28.191037741182843,1.2840869799450125
A_PA1_to_C1,1D,20,5,5.0,0.6,0.6,-107.94864743686081,159.33428339378025,-72.56421201203561,-103.1,138.79,-51.8,-109.34226934195902,157.85796716728,-72.02726845354691,28.49027355996928,1.1914443115900788
A_PA1_to_C1,1D,20,6,5.0,0.6,0.6,-107.94864743686081,159.33428339378025,-72.56421201203561,-103.1,138.79,-51.8,-108.94409165478811,158.27977180342293,-72.1806808988294,28.798902168641316,1.0958936587504375
A_PA1_to_C1,1D,20,7,5.0,0.6,0.6,-107.94864743686081,159.33428339378025,-72.56421201203561,-103.1,138.79,-51.8,-108.54591396761718,158.70157643956586,-72.33409334411188,29.116624885382272,0.9975274925767668
A_PA1_to_C1,1D,20,8,5.0,0.6,0.6,-107.94864743686081,159.33428339378025,-72.56421201203561,-103.1,138.79,-51.8,-108.14773628044627,159.12338107570878,-72.48750578939436,29.443147306515165,0.8964369597182866
A_PA1_to_C1,1D,20,9,5.0,0.6,0.6,-107.94864743686081,159.33428339378025,-72.56421201203561,-103.1,138.79,-51.8,-107.74955859327535,159.54518571185173,-72.64091823467686,29.778179963023963,0.7927116790654072
A_PA1_to_C1,1D,20,10,5.0,0.6,0.6,-107.94864743686081,159.33428339378025,-72.56421201203561,-103.1,138.79,-51.8,-107.35138090610444,159.96699034799465,-72.79433067995934,30.121438885075374,0.6864395669751868
A_PA1_to_C1,1D,20,11,5.0,0.6,0.6,-107.94864743686081,159.33428339378025,-72.56421201203561,-103.1,138.79,-51.8,-106.95320321893351,160.38879498413758,-72.94774312524183,30.472646079794572,0.5777066893531444
A_PA1_to_C1,1D,20,12,5.0,0.6,0.6,-107.94864743686081,159.33428339378025,-72.56421201203561,-103.1,138.79,-51.8,-106.5550255317626,160.8105996202805,-73.10115557052431,30.831529928005658,0.4665971388233974
A_PA1_to_C1,1D,20,13,5.0,0.6,0.6,-107.94864743686081,159.33428339378025,-72.56421201203561,-103.1,138.79,-51.8,-106.15684784459168,161.23240425642342,-73.2545680158068,31.19782550593226,0.3531929351309504
A_PA1_to_C1,1D,20,14,5.0,0.6,0.6,-107.94864743686081,159.33428339378025,-72.56421201203561,-103.1,138.79,-51.8,-105.75867015742077,161.65420889256634,-73.40798046108928,31.571274837986607,0.2375739468788307
A_PA1_to_C1,1D,20,15,5.0,0.6,0.6,-107.94864743686081,159.33428339378025,-72.56421201203561,-103.1,138.79,-51.8,-105.36049247024984,162.07601352870927,-73.56139290637176,31.951627086781905,0.11981783270072022
A_PA1_to_C1,1D,20,16,5.0,0.6,0.6,-107.94864743686081,159.33428339378025,-72.56421201203561,-103.1,138.79,-51.8,-104.96231478307892,162.49781816485222,-73.71480535165425,32.33863868640523,0.0
A_PA1_to_C1,1D,21,1,5.0,0.6,0.6,-106.97120712934904,160.36502322437607,-72.93896483167389,-101.97,139.63,-51.8,-109.97300423737762,157.21417828681166,-71.7938053224107,27.802943263552542,1.5247501389313225
A_PA1_to_C1,1D,21,2,5.0,0.6,0.6,-106.97120712934904,160.36502322437607,-72.93896483167389,-101.97,139.63,-51.8,-109.5727646229738,157.63429094515357,-71.94649325697912,28.06844692717405,1.442550862268316
A_PA1_to_C1,1D,21,3,5.0,0.6,0.6,-106.97120712934904,160.36502322437607,-72.93896483167389,-101.97,139.63,-51.8,-109.17252500856999,158.0544036034955,-72.09918119154756,28.344166449039434,1.3571887811954415
A_PA1_to_C1,1D,21,4,5.0,0.6,0.6,-106.97120712934904,160.36502322437607,-72.93896483167389,-101.97,139.63,-51.8,-108.77228539416619,158.4745162618374,-72.25186912611598,28.629806679021033,1.2687552734612009
A_PA1_to_C1,1D,21,5,5.0,0.6,0.6,-106.97120712934904,160.36502322437607,-72.93896483167389,-101.97,139.63,-51.8,-108.37204577976237,158.89462892017934,-72.4045570606844,28.925073712358678,1.1773413312514034
A_PA1_to_C1,1D,21,6,5.0,0.6,0.6,-106.97120712934904,160.36502322437607,-72.93896483167389,-101.97,139.63,-51.8,-107.97180616535857,159.31474157852128,-72.55724499525283,29.22967581162421,1.0830372757512379
A_PA1_to_C1,1D,21,7,5.0,0.6,0.6,-106.97120712934904,160.36502322437607,-72.93896483167389,-101.97,139.63,-51.8,-107.57156655095476,159.73485423686319,-72.70993292982125,29.54332423475588,0.9859325007878734
A_PA1_to_C1,1D,21,8,5.0,0.6,0.6,-106.97120712934904,160.36502322437607,-72.93896483167389,-101.97,139.63,-51.8,-107.17132693655094,160.15496689520512,-72.86262086438967,29.865733971010652,0.8861152449814433
A_PA1_to_C1,1D,21,9,5.0,0.6,0.6,-106.97120712934904,160.36502322437607,-72.93896483167389,-101.97,139.63,-51.8,-106.77108732214714,160.57507955354703,-73.0153087989581,30.19662438774316,0.7836723915038863
A_PA1_to_C1,1D,21,10,5.0,0.6,0.6,-106.97120712934904,160.36502322437607,-72.93896483167389,-101.97,139.63,-51.8,-106.37084770774332,160.99519221188896,-73.16799673352652,30.53571979177355,0.678689294280856
A_PA1_to_C1,1D,21,11,5.0,0.6,0.6,-106.97120712934904,160.36502322437607,-72.93896483167389,-101.97,139.63,-51.8,-105.97060809333951,161.41530487023087,-73.32068466809494,30.88274990976314,0.571249629268598
A_PA1_to_C1,1D,21,12,5.0,0.6,0.6,-106.97120712934904,160.36502322437607,-72.93896483167389,-101.97,139.63,-51.8,-105.5703684789357,161.8354175285728,-73.47337260266337,31.237450292497336,0.4614352692889714
A_PA1_to_C1,1D,21,13,5.0,0.6,0.6,-106.97120712934904,160.36502322437607,-72.93896483167389,-101.97,139.63,-51.8,-105.17012886453189,162.25553018691474,-73.6260605372318,31.599562648294796,0.349326180806786
A_PA1_to_C1,1D,21,14,5.0,0.6,0.6,-106.97120712934904,160.36502322437607,-72.93896483167389,-101.97,139.63,-51.8,-104.76988925012809,162.67564284525665,-73.77874847180021,31.968835110944724,0.235000340977086
A_PA1_to_C1,1D,21,15,5.0,0.6,0.6,-106.97120712934904,160.36502322437607,-72.93896483167389,-101.97,139.63,-51.8,-104.36964963572427,163.09575550359858,-73.93143640636865,32.34502244763541,0.11853367327099207
A_PA1_to_C1,1D,21,16,5.0,0.6,0.6,-106.97120712934904,160.36502322437607,-72.93896483167389,-101.97,139.63,-51.8,-103.96941002132046,163.5158681619405,-74.08412434093707,32.72788621230071,0.0
A_PA1_to_C1,1D,22,1,5.0,0.6,0.6,-105.9886806011947,161.39156820008367,-73.3119223265337,-100.83,140.45,-51.8,-109.0061805137756,158.2537315975517,-72.17232777872957,28.26401467795228,1.5060143599168097
A_PA1_to_C1,1D,22,2,5.0,0.6,0.6,-105.9886806011947,161.39156820008367,-73.3119223265337,-100.83,140.45,-51.8,-108.60384719209814,158.67210981122264,-72.32427371843679,28.525844383780548,1.4249525314870048
A_PA1_to_C1,1D,22,3,5.0,0.6,0.6,-105.9886806011947,161.39156820008367,-73.3119223265337,-100.83,140.45,-51.8,-108.2015138704207,159.09048802489357,-72.476219658144,28.79779626811445,1.3407569016622674
A_PA1_to_C1,1D,22,4,5.0,0.6,0.6,-105.9886806011947,161.39156820008367,-73.3119223265337,-100.83,140.45,-51.8,-107.79918054874324,159.50886623856448,-72.62816559785122,29.079586344925676,1.2535153918135897
A_PA1_to_C1,1D,22,5,5.0,0.6,0.6,-105.9886806011947,161.39156820008367,-73.3119223265337,-100.83,140.45,-51.8,-107.39684722706579,159.9272444522354,-72.78011153755844,29.37093144733667,1.1633156697049234
A_PA1_to_C1,1D,22,6,5.0,0.6,0.6,-105.9886806011947,161.39156820008367,-73.3119223265337,-100.83,140.45,-51.8,-106.99451390538833,160.34562266590635,-72.93205747726566,29.67155011414659,1.0702448750269298
A_PA1_to_C1,1D,22,7,5.0,0.6,0.6,-105.9886806011947,161.39156820008367,-73.3119223265337,-100.83,140.45,-51.8,-106.59218058371088,160.76400087957728,-73.08400341697288,29.981163390843843,0.9743893714054881
A_PA1_to_C1,1D,22,8,5.0,0.6,0.6,-105.9886806011947,161.39156820008367,-73.3119223265337,-100.83,140.45,-51.8,-106.18984726203342,161.18237909324822,-73.2359493566801,30.299495546306332,0.8758345245130776
A_PA1_to_C1,1D,22,9,5.0,0.6,0.6,-105.9886806011947,161.39156820008367,-73.3119223265337,-100.83,140.45,-51.8,-105.78751394035598,161.60075730691912,-73.38789529638731,30.626274707394607,0.774664505600299
A_PA1_to_C1,1D,22,10,5.0,0.6,0.6,-105.9886806011947,161.39156820008367,-73.3119223265337,-100.83,140.45,-51.8,-105.38518061867852,162.01913552059005,-73.53984123609453,30.961233414464626,0.6709621195105093
A_PA1_to_C1,1D,22,11,5.0,0.6,0.6,-105.9886806011947,161.39156820008367,-73.3119223265337,-100.83,140.45,-51.8,-104.98284729700107,162.437513734261,-73.69178717580175,31.304109101476172,0.5648086560394425
A_PA1_to_C1,1D,22,12,5.0,0.6,0.6,-105.9886806011947,161.39156820008367,-73.3119223265337,-100.83,140.45,-51.8,-104.58051397532361,162.85589194793192,-73.84373311550897,31.654644504863512,0.4562837633498642
A_PA1_to_C1,1D,22,13,5.0,0.6,0.6,-105.9886806011947,161.39156820008367,-73.3119223265337,-100.83,140.45,-51.8,-104.17818065364617,163.27427016160286,-73.99567905521619,32.01258800568064,0.3454653420442515
A_PA1_to_C1,1D,22,14,5.0,0.6,0.6,-105.9886806011947,161.39156820008367,-73.3119223265337,-100.83,140.45,-51.8,-103.7758473319687,163.69264837527376,-74.1476249949234,32.37769390975227,0.2324294584307438
A_PA1_to_C1,1D,22,15,5.0,0.6,0.6,-105.9886806011947,161.39156820008367,-73.3119223265337,-100.83,140.45,-51.8,-103.37351401029126,164.1110265889447,-74.29957093463062,32.74972267066962,0.11725027548419575
A_PA1_to_C1,1D,22,16,5.0,0.6,0.6,-105.9886806011947,161.39156820008367,-73.3119223265337,-100.83,140.45,-51.8,-102.9711806886138,164.52940480261563,-74.45151687433784,33.128441060483574,0.0
A_PA1_to_C1,1D,23,1,5.0,0.6,0.6,-105.00098799462336,162.4138139103925,-73.68304140133728,-99.68,141.27,-51.8,-108.03443307433001,159.28931458895755,-72.54914769434522,28.723150598272277,1.4868140940004864
A_PA1_to_C1,1D,23,2,5.0,0.6,0.6,-105.00098799462336,162.4138139103925,-73.68304140133728,-99.68,141.27,-51.8,-107.62997373036912,159.70591449848223,-72.70033352194416,28.981182982021434,1.4069279070812435
A_PA1_to_C1,1D,23,3,5.0,0.6,0.6,-105.00098799462336,162.4138139103925,-73.68304140133728,-99.68,141.27,-51.8,-107.22551438640824,160.12251440800688,-72.85151934954311,29.249248772981986,1.3239354021398952
A_PA1_to_C1,1D,23,4,5.0,0.6,0.6,-105.00098799462336,162.4138139103925,-73.68304140133728,-99.68,141.27,-51.8,-106.82105504244734,160.53911431753153,-73.00270517714205,29.527074703230706,1.23792118224865
A_PA1_to_C1,1D,23,5,5.0,0.6,0.6,-105.00098799462336,162.4138139103925,-73.68304140133728,-99.68,141.27,-51.8,-106.41659569848646,160.95571422705618,-73.15389100474098,29.814387923895833,1.1489697207424197
A_PA1_to_C1,1D,23,6,5.0,0.6,0.6,-105.00098799462336,162.4138139103925,-73.68304140133728,-99.68,141.27,-51.8,-106.01213635452558,161.37231413658085,-73.30507683233992,30.110916857892683,1.0571650972139839
A_PA1_to_C1,1D,23,7,5.0,0.6,0.6,-105.00098799462336,162.4138139103925,-73.68304140133728,-99.68,141.27,-51.8,-105.60767701056469,161.7889140461055,-73.45626265993887,30.416391974876067,0.9625907575906449
A_PA1_to_C1,1D,23,8,5.0,0.6,0.6,-105.00098799462336,162.4138139103925,-73.68304140133728,-99.68,141.27,-51.8,-105.2032176666038,162.20551395563015,-73.60744848753781,30.730546489050337,0.8653292980939664
A_PA1_to_C1,1D,23,9,5.0,0.6,0.6,-105.00098799462336,162.4138139103925,-73.68304140133728,-99.68,141.27,-51.8,-104.79875832264291,162.62211386515483,-73.75863431513675,31.05311698142497,0.7654622725909839
A_PA1_to_C1,1D,23,10,5.0,0.6,0.6,-105.00098799462336,162.4138139103925,-73.68304140133728,-99.68,141.27,-51.8,-104.39429897868203,163.03871377467948,-73.90982014273568,31.383843948892597,0.6630700226010067
A_PA1_to_C1,1D,23,11,5.0,0.6,0.6,-105.00098799462336,162.4138139103925,-73.68304140133728,-99.68,141.27,-51.8,-103.98983963472114,163.45531368420413,-74.06100597033463,31.722472283143727,0.5582315290248054
A_PA1_to_C1,1D,23,12,5.0,0.6,0.6,-105.00098799462336,162.4138139103925,-73.68304140133728,-99.68,141.27,-51.8,-103.58538029076026,163.8719135937288,-74.21219179793357,32.06875168292651,0.4510242845100123
A_PA1_to_C1,1D,23,13,5.0,0.6,0.6,-105.00098799462336,162.4138139103925,-73.68304140133728,-99.68,141.27,-51.8,-103.18092094679938,164.28851350325345,-74.36337762553251,32.42243700352552,0.34152418525335193
A_PA1_to_C1,1D,23,14,5.0,0.6,0.6,-105.00098799462336,162.4138139103925,-73.68304140133728,-99.68,141.27,-51.8,-102.77646160283848,164.7051134127781,-74.51456345313144,32.783288547581066,0.22980544096370892
A_PA1_to_C1,1D,23,15,5.0,0.6,0.6,-105.00098799462336,162.4138139103925,-73.68304140133728,-99.68,141.27,-51.8,-102.3720022588776,165.12171332230275,-74.6657492807304,33.15107230151597,0.11594050166497816
A_PA1_to_C1,1D,23,16,5.0,0.6,0.6,-105.00098799462336,162.4138139103925,-73.68304140133728,-99.68,141.27,-51.8,-101.9675429149167,165.53831323182743,-74.81693510832933,33.52556012189385,0.0
A_PA1_to_C1,1D,24,1,5.0,0.6,0.6,-104.00804838927861,163.43165260561457,-74.05227738223644,-98.53,142.08,-51.8,-107.05815138491859,160.32122646773053,-72.92439398544589,29.18410064304644,1.4678368996641478
A_PA1_to_C1,1D,24,2,5.0,0.6,0.6,-104.00804838927861,163.43165260561457,-74.05227738223644,-98.53,142.08,-51.8,-106.65147098549993,160.73594995278174,-73.07477843835129,29.43839257177522,1.3891087483549267
A_PA1_to_C1,1D,24,3,5.0,0.6,0.6,-104.00804838927861,163.43165260561457,-74.05227738223644,-98.53,142.08,-51.8,-106.24479058608125,161.15067343783295,-73.2251628912567,29.702629245176897,1.3073017287259248
A_PA1_to_C1,1D,24,4,5.0,0.6,0.6,-104.00804838927861,163.43165260561457,-74.05227738223644,-98.53,142.08,-51.8,-105.83811018666259,161.56539692288413,-73.3755473441621,29.976547682195225,1.2224972590608072
A_PA1_to_C1,1D,24,5,5.0,0.6,0.6,-104.00804838927861,163.43165260561457,-74.05227738223644,-98.53,142.08,-51.8,-105.43142978724393,161.98012040793535,-73.52593179706751,30.259884960280523,1.1347767395297552
A_PA1_to_C1,1D,24,6,5.0,0.6,0.6,-104.00804838927861,163.43165260561457,-74.05227738223644,-98.53,142.08,-51.8,-105.02474938782527,162.39484389298656,-73.67631624997293,30.552379034633276,1.044221298553671
A_PA1_to_C1,1D,24,7,5.0,0.6,0.6,-104.00804838927861,163.43165260561457,-74.05227738223644,-98.53,142.08,-51.8,-104.6180689884066,162.80956737803777,-73.82670070287833,30.85376948676427,0.9509115610518144
A_PA1_to_C1,1D,24,8,5.0,0.6,0.6,-104.00804838927861,163.43165260561457,-74.05227738223644,-98.53,142.08,-51.8,-104.21138858898794,163.22429086308898,-73.97708515578374,31.163798202543823,0.8549274385194465
A_PA1_to_C1,1D,24,9,5.0,0.6,0.6,-104.00804838927861,163.43165260561457,-74.05227738223644,-98.53,142.08,-51.8,-103.80470818956928,163.63901434814017,-74.12746960868914,31.4822099808028,0.7563479406064495
A_PA1_to_C1,1D,24,10,5.0,0.6,0.6,-104.00804838927861,163.43165260561457,-74.05227738223644,-98.53,142.08,-51.8,-103.39802779015062,164.05373783319138,-74.27785406159455,31.808753074300903,0.6552510076349005
A_PA1_to_C1,1D,24,11,5.0,0.6,0.6,-104.00804838927861,163.43165260561457,-74.05227738223644,-98.53,142.08,-51.8,-102.99134739073196,164.4684613182426,-74.42823851449995,32.143179665495666,0.5517133633021576
A_PA1_to_C1,1D,24,12,5.0,0.6,0.6,-104.00804838927861,163.43165260561457,-74.05227738223644,-98.53,142.08,-51.8,-102.5846669913133,164.8831848032938,-74.57862296740537,32.485246280039526,0.44581038666319195
A_PA1_to_C1,1D,24,13,5.0,0.6,0.6,-104.00804838927861,163.43165260561457,-74.05227738223644,-98.53,142.08,-51.8,-102.17798659189464,165.297908288345,-74.72900742031078,32.83471414130644,0.3376160023700283
A_PA1_to_C1,1D,24,14,5.0,0.6,0.6,-104.00804838927861,163.43165260561457,-74.05227738223644,-98.53,142.08,-51.8,-101.77130619247598,165.7126317733962,-74.87939187321618,33.19134946951984,0.2272025880624735
A_PA1_to_C1,1D,24,15,5.0,0.6,0.6,-104.00804838927861,163.43165260561457,-74.05227738223644,-98.53,142.08,-51.8,-101.3646257930573,166.1273552584474,-75.02977632612159,33.55492372922762,0.11464089775046915
A_PA1_to_C1,1D,24,16,5.0,0.6,0.6,-104.00804838927861,163.43165260561457,-74.05227738223644,-98.53,142.08,-51.8,-100.95794539363864,166.54207874349862,-75.18016077902699,33.92521382896163,0.0
A_PA1_to_C1,1D,25,1,5.0,0.6,0.6,-103.00947648346532,164.44471236433247,-74.41947317795704,-97.37,142.87,-51.8,-106.07773061717322,161.34978540092735,-73.29820440457026,29.65636244697362,1.448192040382148
A_PA1_to_C1,1D,25,2,5.0,0.6,0.6,-103.00947648346532,164.44471236433247,-74.41947317795704,-97.37,142.87,-51.8,-105.66863006601216,161.76244232938137,-73.4477069076885,29.906769342453327,1.3706666857444674
A_PA1_to_C1,1D,25,3,5.0,0.6,0.6,-103.00947648346532,164.44471236433247,-74.41947317795704,-97.37,142.87,-51.8,-105.25952951485111,162.17509925783537,-73.59720941080674,30.167032857394915,1.2900897461340683
A_PA1_to_C1,1D,25,4,5.0,0.6,0.6,-103.00947648346532,164.44471236433247,-74.41947317795704,-97.37,142.87,-51.8,-104.85042896369006,162.5877561862894,-73.74671191392497,30.436900143338892,1.206539502807761
A_PA1_to_C1,1D,25,5,5.0,0.6,0.6,-103.00947648346532,164.44471236433247,-74.41947317795704,-97.37,142.87,-51.8,-104.441328412529,163.00041311474342,-73.89621441704321,30.71611806937885,1.1200943244672157
A_PA1_to_C1,1D,25,6,5.0,0.6,0.6,-103.00947648346532,164.44471236433247,-74.41947317795704,-97.37,142.87,-51.8,-104.03222786136796,163.41307004319742,-74.04571692016145,31.004434008194057,1.0308324239052329
A_PA1_to_C1,1D,25,7,5.0,0.6,0.6,-103.00947648346532,164.44471236433247,-74.41947317795704,-97.37,142.87,-51.8,-103.6231273102069,163.82572697165145,-74.19521942327968,31.30159655808149,0.9388316344663998
A_PA1_to_C1,1D,25,8,5.0,0.6,0.6,-103.00947648346532,164.44471236433247,-74.41947317795704,-97.37,142.87,-51.8,-103.21402675904585,164.23838390010548,-74.34472192639792,31.607356200753934,0.8441692063944348
A_PA1_to_C1,1D,25,9,5.0,0.6,0.6,-103.00947648346532,164.44471236433247,-74.41947317795704,-97.37,142.87,-51.8,-102.80492620788479,164.65104082855947,-74.49422442951617,31.921465895503232,0.7469216228807198
A_PA1_to_C1,1D,25,10,5.0,0.6,0.6,-103.00947648346532,164.44471236433247,-74.41947317795704,-97.37,142.87,-51.8,-102.39582565672374,165.0636977570135,-74.64372693263441,32.24368161104149,0.647164435407575
A_PA1_to_C1,1D,25,11,5.0,0.6,0.6,-103.00947648346532,164.44471236433247,-74.41947317795704,-97.37,142.87,-51.8,-101.98672510556268,165.47635468546753,-74.79322943575264,32.57376279692989,0.5449721177950675
A_PA1_to_C1,1D,25,12,5.0,0.6,0.6,-103.00947648346532,164.44471236433247,-74.41947317795704,-97.37,142.87,-51.8,-101.57762455440164,165.88901161392153,-74.94273193887088,32.9114727969912,0.4404179382095226
A_PA1_to_C1,1D,25,13,5.0,0.6,0.6,-103.00947648346532,164.44471236433247,-74.41947317795704,-97.37,142.87,-51.8,-101.16852400324058,166.30166854237555,-75.09223444198912,33.256579207482105,0.3335738482742574
A_PA1_to_C1,1D,25,14,5.0,0.6,0.6,-103.00947648346532,164.44471236433247,-74.41947317795704,-97.37,142.87,-51.8,-100.75942345207953,166.71432547082958,-75.24173694510735,33.60885418308648,0.2245103883348225
A_PA1_to_C1,1D,25,15,5.0,0.6,0.6,-103.00947648346532,164.44471236433247,-74.41947317795704,-97.37,142.87,-51.8,-100.35032290091848,167.12698239928358,-75.39123944822559,33.968074693988875,0.11329660786968532
A_PA1_to_C1,1D,25,16,5.0,0.6,0.6,-103.00947648346532,164.44471236433247,-74.41947317795704,-97.37,142.87,-51.8,-99.94122234975742,167.5396393277376,-75.54074195134383,34.334022737407956,0.0
A_PA1_to_C1,1D,26,1,5.0,0.6,0.6,-102.00468577891398,165.4524307713405,-74.78439012090907,-96.21,143.66,-51.8,-105.09082441051382,162.3729458398417,-73.66970590409292,30.12187611266509,1.4290743849733456
A_PA1_to_C1,1D,26,2,5.0,0.6,0.6,-102.00468577891398,165.4524307713405,-74.78439012090907,-96.21,143.66,-51.8,-104.67933925963384,162.7835438307082,-73.81833046633507,30.36851186121131,1.3527165680859703
A_PA1_to_C1,1D,26,3,5.0,0.6,0.6,-102.00468577891398,165.4524307713405,-74.78439012090907,-96.21,143.66,-51.8,-104.26785410875385,163.1941418215747,-73.96695502857722,30.624918037152693,1.273333851076254
A_PA1_to_C1,1D,26,4,5.0,0.6,0.6,-102.00468577891398,165.4524307713405,-74.78439012090907,-96.21,143.66,-51.8,-103.85636895787388,163.6047398124412,-74.11557959081938,30.89085134631465,1.1910015572180637
A_PA1_to_C1,1D,26,5,5.0,0.6,0.6,-102.00468577891398,165.4524307713405,-74.78439012090907,-96.21,143.66,-51.8,-103.4448838069939,164.01533780330772,-74.26420415306153,31.16606791075669,1.1057951905177408
A_PA1_to_C1,1D,26,6,5.0,0.6,0.6,-102.00468577891398,165.4524307713405,-74.78439012090907,-96.21,143.66,-51.8,-103.03339865611393,164.42593579417422,-74.41282871530369,31.45032402274557,1.017790202285891
A_PA1_to_C1,1D,26,7,5.0,0.6,0.6,-102.00468577891398,165.4524307713405,-74.78439012090907,-96.21,143.66,-51.8,-102.62191350523395,164.83653378504073,-74.56145327754584,31.74337684074389,0.9270617756610235
A_PA1_to_C1,1D,26,8,5.0,0.6,0.6,-102.00468577891398,165.4524307713405,-74.78439012090907,-96.21,143.66,-51.8,-102.21042835435397,165.24713177590723,-74.71007783978798,32.04498502685348,0.8336846282586734
A_PA1_to_C1,1D,26,9,5.0,0.6,0.6,-102.00468577891398,165.4524307713405,-74.78439012090907,-96.21,143.66,-51.8,-101.798943203474,165.65772976677374,-74.85870240203015,32.35490932592847,0.7377328328794199
A_PA1_to_C1,1D,26,10,5.0,0.6,0.6,-102.00468577891398,165.4524307713405,-74.78439012090907,-96.21,143.66,-51.8,-101.38745805259401,166.06832775764025,-75.0073269642723,32.672913087247686,0.6392796560004044
A_PA1_to_C1,1D,26,11,5.0,0.6,0.6,-102.00468577891398,165.4524307713405,-74.78439012090907,-96.21,143.66,-51.8,-100.97597290171403,166.47892574850675,-75.15595152651444,32.99876273020899,0.5383974135975258
A_PA1_to_C1,1D,26,12,5.0,0.6,0.6,-102.00468577891398,165.4524307713405,-74.78439012090907,-96.21,143.66,-51.8,-100.56448775083406,166.88952373937326,-75.3045760887566,33.332228155981696,0.4351573436988545
A_PA1_to_C1,1D,26,13,5.0,0.6,0.6,-102.00468577891398,165.4524307713405,-74.78439012090907,-96.21,143.66,-51.8,-100.15300259995408,167.30012173023977,-75.45320065099875,33.67308310743475,0.32962949495177796
A_PA1_to_C1,1D,26,14,5.0,0.6,0.6,-102.00468577891398,165.4524307713405,-74.78439012090907,-96.21,143.66,-51.8,-99.74151744907411,167.71071972110627,-75.60182521324091,34.02110547995165,0.22188263039546285
A_PA1_to_C1,1D,26,15,5.0,0.6,0.6,-102.00468577891398,165.4524307713405,-74.78439012090907,-96.21,143.66,-51.8,-99.33003229819413,168.12131771197278,-75.75044977548306,34.376077585957724,0.11198414556386105
A_PA1_to_C1,1D,26,16,5.0,0.6,0.6,-102.00468577891398,165.4524307713405,-74.78439012090907,-96.21,143.66,-51.8,-98.91854714731414,168.53191570283929,-75.89907433772521,34.737786376128994,0.0
A_PA1_to_C1,1D,27,1,5.0,0.6,0.6,-100.99443787022501,166.45540656397864,-75.14728615286857,-95.03,144.44,-51.8,-104.09742233586189,163.39062446587033,-74.03886470904358,30.592669367194397,1.4098941074247868
A_PA1_to_C1,1D,27,2,5.0,0.6,0.6,-100.99443787022501,166.45540656397864,-75.14728615286857,-95.03,144.44,-51.8,-103.68369107377698,163.79926207895144,-74.18665423488692,30.835526349882134,1.3347061870880257
A_PA1_to_C1,1D,27,3,5.0,0.6,0.6,-100.99443787022501,166.45540656397864,-75.14728615286857,-95.03,144.44,-51.8,-103.26995981169206,164.20789969203256,-74.33444376073025,31.08806767134419,1.256520019452715
A_PA1_to_C1,1D,27,4,5.0,0.6,0.6,-100.99443787022501,166.45540656397864,-75.14728615286857,-95.03,144.44,-51.8,-102.85622854960714,164.61653730511367,-74.48223328657357,31.350059295029663,1.1754080616553555
A_PA1_to_C1,1D,27,5,5.0,0.6,0.6,-100.99443787022501,166.45540656397864,-75.14728615286857,-95.03,144.44,-51.8,-102.44249728752223,165.02517491819478,-74.63002281241691,31.62126632609258,1.0914430365584753
A_PA1_to_C1,1D,27,6,5.0,0.6,0.6,-100.99443787022501,166.45540656397864,-75.14728615286857,-95.03,144.44,-51.8,-102.0287660254373,165.43381253127586,-74.77781233826025,31.901453733795204,1.004697709096364
A_PA1_to_C1,1D,27,7,5.0,0.6,0.6,-100.99443787022501,166.45540656397864,-75.14728615286857,-95.03,144.44,-51.8,-101.61503476335238,165.84245014435697,-74.92560186410357,32.19038702148944,0.9152446788504687
A_PA1_to_C1,1D,27,8,5.0,0.6,0.6,-100.99443787022501,166.45540656397864,-75.14728615286857,-95.03,144.44,-51.8,-101.20130350126747,166.25108775743809,-75.0733913899469,32.48783284334424,0.8231561891121402
A_PA1_to_C1,1D,27,9,5.0,0.6,0.6,-100.99443787022501,166.45540656397864,-75.14728615286857,-95.03,144.44,-51.8,-100.78757223918255,166.6597253705192,-75.22118091579024,32.79355956770898,0.7285039524667116
A_PA1_to_C1,1D,27,10,5.0,0.6,0.6,-100.99443787022501,166.45540656397864,-75.14728615286857,-95.03,144.44,-51.8,-100.37384097709764,167.0683629836003,-75.36897044163358,33.107337787636716,0.6313589927367627
A_PA1_to_C1,1D,27,11,5.0,0.6,0.6,-100.99443787022501,166.45540656397864,-75.14728615286857,-95.03,144.44,-51.8,-99.96010971501272,167.47700059668142,-75.5167599674769,33.42894077963701,0.5317915029533893
A_PA1_to_C1,1D,27,12,5.0,0.6,0.6,-100.99443787022501,166.45540656397864,-75.14728615286857,-95.03,144.44,-51.8,-99.5463784529278,167.8856382097625,-75.66454949332024,33.758144912187895,0.429870718881908
A_PA1_to_C1,1D,27,13,5.0,0.6,0.6,-100.99443787022501,166.45540656397864,-75.14728615286857,-95.03,144.44,-51.8,-99.13264719084289,168.29427582284362,-75.81233901916357,34.094730005912616,0.325664807512025
A_PA1_to_C1,1D,27,14,5.0,0.6,0.6,-100.99443787022501,166.45540656397864,-75.14728615286857,-95.03,144.44,-51.8,-98.71891592875797,168.70291343592473,-75.9601285450069,34.43847964762496,0.21924076983018637
A_PA1_to_C1,1D,27,15,5.0,0.6,0.6,-100.99443787022501,166.45540656397864,-75.14728615286857,-95.03,144.44,-51.8,-98.30518466667304,169.11155104900584,-76.10791807085023,34.789181460673646,0.11066435712161393
A_PA1_to_C1,1D,27,16,5.0,0.6,0.6,-100.99443787022501,166.45540656397864,-75.14728615286857,-95.03,144.44,-51.8,-97.89145340458813,169.52018866208695,-76.25570759669357,35.14662733417646,0.0
A_PA1_to_C1,1D,28,1,5.0,0.6,0.6,-99.97865204218024,167.45352101051787,-75.50811248064947,-93.86000000000001,145.21,-51.8,-103.09872808989898,164.40381438694092,-74.40610750490632,31.061112407040575,1.39183077498482
A_PA1_to_C1,1D,28,2,5.0,0.6,0.6,-99.97865204218024,167.45352101051787,-75.50811248064947,-93.86000000000001,145.21,-51.8,-102.68271795020316,164.81044193675118,-74.55304150167207,31.300456445898714,1.3177304533569139
A_PA1_to_C1,1D,28,3,5.0,0.6,0.6,-99.97865204218024,167.45352101051787,-75.50811248064947,-93.86000000000001,145.21,-51.8,-102.26670781050733,165.21706948656146,-74.69997549843782,31.549396879819994,1.2406591115856198
A_PA1_to_C1,1D,28,4,5.0,0.6,0.6,-99.97865204218024,167.45352101051787,-75.50811248064947,-93.86000000000001,145.21,-51.8,-101.85069767081148,165.6236970363717,-74.84690949520358,31.80770839339401,1.160686506763943
A_PA1_to_C1,1D,28,5,5.0,0.6,0.6,-99.97865204218024,167.45352101051787,-75.50811248064947,-93.86000000000001,145.21,-51.8,-101.43468753111566,166.03032458618196,-74.99384349196933,32.07516458255483,1.0778827330299432
A_PA1_to_C1,1D,28,6,5.0,0.6,0.6,-99.97865204218024,167.45352101051787,-75.50811248064947,-93.86000000000001,145.21,-51.8,-101.01867739141983,166.43695213599221,-75.14077748873508,32.35153864589398,0.9923180075379445
A_PA1_to_C1,1D,28,7,5.0,0.6,0.6,-99.97865204218024,167.45352101051787,-75.50811248064947,-93.86000000000001,145.21,-51.8,-100.60266725172399,166.8435796858025,-75.28771148550084,32.636604028537725,0.9040624711157328
A_PA1_to_C1,1D,28,8,5.0,0.6,0.6,-99.97865204218024,167.45352101051787,-75.50811248064947,-93.86000000000001,145.21,-51.8,-100.18665711202816,167.25020723561275,-75.43464548226659,32.93013501755432,0.8131860039279335
A_PA1_to_C1,1D,28,9,5.0,0.6,0.6,-99.97865204218024,167.45352101051787,-75.50811248064947,-93.86000000000001,145.21,-51.8,-99.77064697233233,167.656834785423,-75.58157947903236,33.231907288525434,0.7197580562588577
A_PA1_to_C1,1D,28,10,5.0,0.6,0.6,-99.97865204218024,167.45352101051787,-75.50811248064947,-93.86000000000001,145.21,-51.8,-99.3546368326365,168.06346233523325,-75.72851347579811,33.54169840350876,0.6238474943445151
A_PA1_to_C1,1D,28,11,5.0,0.6,0.6,-99.97865204218024,167.45352101051787,-75.50811248064947,-93.86000000000001,145.21,-51.8,-98.93862669294066,168.47008988504354,-75.87544747256386,33.85928826113649,0.5255224610232361
A_PA1_to_C1,1D,28,12,5.0,0.6,0.6,-99.97865204218024,167.45352101051787,-75.50811248064947,-93.86000000000001,145.21,-51.8,-98.52261655324483,168.8767174348538,-76.02238146932962,34.18445950003491,0.42485025083796657
A_PA1_to_C1,1D,28,13,5.0,0.6,0.6,-99.97865204218024,167.45352101051787,-75.50811248064947,-93.86000000000001,145.21,-51.8,-98.106606413549,169.28334498466404,-76.16931546609537,34.51699785711845,0.32189719910931736
A_PA1_to_C1,1D,28,14,5.0,0.6,0.6,-99.97865204218024,167.45352101051787,-75.50811248064947,-93.86000000000001,145.21,-51.8,-97.69059627385316,169.6899725344743,-76.31624946286112,34.85669248260815,0.21672858440662246
A_PA1_to_C1,1D,28,15,5.0,0.6,0.6,-99.97865204218024,167.45352101051787,-75.50811248064947,-93.86000000000001,145.21,-51.8,-97.27458613415733,170.09660008428457,-76.46318345962688,35.203336213857696,0.10940854377208886
A_PA1_to_C1,1D,28,16,5.0,0.6,0.6,-99.97865204218024,167.45352101051787,-75.50811248064947,-93.86000000000001,145.21,-51.8,-96.8585759944615,170.50322763409483,-76.61011745639263,35.556725810241545,0.0
A_PA1_to_C1,1D,29,1,5.0,0.6,0.6,-98.95724657977786,168.4466515454952,-75.86681827461119,-92.67,145.97,-51.8,-102.09466259554881,165.41240471808098,-74.77138825205812,31.53594844757944,1.372879860760161
A_PA1_to_C1,1D,29,2,5.0,0.6,0.6,-98.95724657977786,168.4466515454952,-75.86681827461119,-92.67,145.97,-51.8,-101.67634046011268,165.8169709617362,-74.91744558839854,31.771570867239618,1.2999317432183108
A_PA1_to_C1,1D,29,3,5.0,0.6,0.6,-98.95724657977786,168.4466515454952,-75.86681827461119,-92.67,145.97,-51.8,-101.25801832467656,166.22153720539143,-75.06350292473894,32.016704800083204,1.2240388847528028
A_PA1_to_C1,1D,29,4,5.0,0.6,0.6,-98.95724657977786,168.4466515454952,-75.86681827461119,-92.67,145.97,-51.8,-100.83969618924043,166.62610344904667,-75.20956026107935,32.27113349635108,1.1452683905522232
A_PA1_to_C1,1D,29,5,5.0,0.6,0.6,-98.95724657977786,168.4466515454952,-75.86681827461119,-92.67,145.97,-51.8,-100.4213740538043,167.03066969270188,-75.35561759741975,32.53463889492172,1.063687771799703
A_PA1_to_C1,1D,29,6,5.0,0.6,0.6,-98.95724657977786,168.4466515454952,-75.86681827461119,-92.67,145.97,-51.8,-100.00305191836817,167.43523593635712,-75.50167493376017,32.80700228467385,0.9793647409166901
A_PA1_to_C1,1D,29,7,5.0,0.6,0.6,-98.95724657977786,168.4466515454952,-75.86681827461119,-92.67,145.97,-51.8,-99.58472978293204,167.83980218001236,-75.64773227010058,33.08800492308711,0.892367020045711
A_PA1_to_C1,1D,29,8,5.0,0.6,0.6,-98.95724657977786,168.4466515454952,-75.86681827461119,-92.67,145.97,-51.8,-99.16640764749592,168.2443684236676,-75.79378960644098,33.37742861087233,0.802762163146264
A_PA1_to_C1,1D,29,9,5.0,0.6,0.6,-98.95724657977786,168.4466515454952,-75.86681827461119,-92.67,145.97,-51.8,-98.7480855120598,168.6489346673228,-75.9398469427814,33.67505622203949,0.710617391887082
A_PA1_to_C1,1D,29,10,5.0,0.6,0.6,-98.95724657977786,168.4466515454952,-75.86681827461119,-92.67,145.97,-51.8,-98.32976337662367,169.05350091097804,-76.0859042791218,33.980672189366146,0.6159994453463202
A_PA1_to_C1,1D,29,11,5.0,0.6,0.6,-98.95724657977786,168.4466515454952,-75.86681827461119,-92.67,145.97,-51.8,-97.91144124118755,169.45806715463328,-76.23196161546221,34.29406294571705,0.5189744433800954
A_PA1_to_C1,1D,29,12,5.0,0.6,0.6,-98.95724657977786,168.4466515454952,-75.86681827461119,-92.67,145.97,-51.8,-97.49311910575142,169.86263339828852,-76.37801895180263,34.61501732208791,0.4196077633891182
A_PA1_to_C1,1D,29,13,5.0,0.6,0.6,-98.95724657977786,168.4466515454952,-75.86681827461119,-92.67,145.97,-51.8,-97.07479697031529,170.26719964194373,-76.52407628814304,34.9433269036033,0.3179639301026196
A_PA1_to_C1,1D,29,14,5.0,0.6,0.6,-98.95724657977786,168.4466515454952,-75.86681827461119,-92.67,145.97,-51.8,-96.65647483487916,170.67176588559897,-76.67013362448344,35.2787863449939,0.21410651790738733
A_PA1_to_C1,1D,29,15,5.0,0.6,0.6,-98.95724657977786,168.4466515454952,-75.86681827461119,-92.67,145.97,-51.8,-96.23815269944303,171.0763321292542,-76.81619096082385,35.621193647312964,0.10809806517702647
A_PA1_to_C1,1D,29,16,5.0,0.6,0.6,-98.95724657977786,168.4466515454952,-75.86681827461119,-92.67,145.97,-51.8,-95.8198305640069,171.48089837290942,-76.96224829716427,35.97035039783476,0.0
A_PA1_to_C1,1D,30,1,5.0,0.6,0.6,-97.93013914227564,169.4346716568485,-76.22335155664793,-91.48,146.72,-51.8,-101.08514526741088,166.41628078489288,-75.13465835172101,32.01106953472422,1.3543478358630487
A_PA1_to_C1,1D,30,2,5.0,0.6,0.6,-97.93013914227564,169.4346716568485,-76.22335155664793,-91.48,146.72,-51.8,-100.66447778405951,166.81873290115362,-75.27981744571127,32.243069389897194,1.2825212553141405
A_PA1_to_C1,1D,30,3,5.0,0.6,0.6,-97.93013914227564,169.4346716568485,-76.22335155664793,-91.48,146.72,-51.8,-100.24381030070815,167.2211850174144,-75.42497653970152,32.48449591122667,1.2077762022709617
A_PA1_to_C1,1D,30,4,5.0,0.6,0.6,-97.93013914227564,169.4346716568485,-76.22335155664793,-91.48,146.72,-51.8,-99.82314281735678,167.62363713367515,-75.57013563369178,32.73514053018985,1.1301772490315845
A_PA1_to_C1,1D,30,5,5.0,0.6,0.6,-97.93013914227564,169.4346716568485,-76.22335155664793,-91.48,146.72,-51.8,-99.40247533400542,168.0260892499359,-75.71529472768204,32.994793171893875,1.0497894342625376
A_PA1_to_C1,1D,30,6,5.0,0.6,0.6,-97.93013914227564,169.4346716568485,-76.22335155664793,-91.48,146.72,-51.8,-98.98180785065405,168.42854136619664,-75.8604538216723,33.263242887319784,0.9666780672576127
A_PA1_to_C1,1D,30,7,5.0,0.6,0.6,-97.93013914227564,169.4346716568485,-76.22335155664793,-91.48,146.72,-51.8,-98.56114036730268,168.8309934824574,-76.00561291566254,33.54027844704939,0.8809085441215121
A_PA1_to_C1,1D,30,8,5.0,0.6,0.6,-97.93013914227564,169.4346716568485,-76.22335155664793,-91.48,146.72,-51.8,-98.14047288395132,169.23344559871813,-76.1507720096528,33.82568889513386,0.7925461762935022
A_PA1_to_C1,1D,30,9,5.0,0.6,0.6,-97.93013914227564,169.4346716568485,-76.22335155664793,-91.48,146.72,-51.8,-97.71980540059995,169.63589771497888,-76.29593110364306,34.11926406233227,0.7016560316500318
A_PA1_to_C1,1D,30,10,5.0,0.6,0.6,-97.93013914227564,169.4346716568485,-76.22335155664793,-91.48,146.72,-51.8,-97.29913791724859,170.03834983123963,-76.44109019763332,34.4207950384638,0.6083027882656555
A_PA1_to_C1,1D,30,11,5.0,0.6,0.6,-97.93013914227564,169.4346716568485,-76.22335155664793,-91.48,146.72,-51.8,-96.87847043389722,170.44080194750038,-76.58624929162356,34.73007460407636,0.512550600769508
A_PA1_to_C1,1D,30,12,5.0,0.6,0.6,-97.93013914227564,169.4346716568485,-76.22335155664793,-91.48,146.72,-51.8,-96.45780295054585,170.84325406376112,-76.73140838561382,35.046897622036184,0.41446297911011953
A_PA1_to_C1,1D,30,13,5.0,0.6,0.6,-97.93013914227564,169.4346716568485,-76.22335155664793,-91.48,146.72,-51.8,-96.03713546719449,171.24570618002187,-76.87656747960408,35.37106138998746,0.31410267943480186
A_PA1_to_C1,1D,30,14,5.0,0.6,0.6,-97.93013914227564,169.4346716568485,-76.22335155664793,-91.48,146.72,-51.8,-95.61646798384312,171.64815829628262,-77.02172657359434,35.702365954920104,0.21153160670023752
A_PA1_to_C1,1D,30,15,5.0,0.6,0.6,-97.93013914227564,169.4346716568485,-76.22335155664793,-91.48,146.72,-51.8,-95.19580050049176,172.0506104125434,-77.16688566758458,36.04061439131989,0.1068107285578872
A_PA1_to_C1,1D,30,16,5.0,0.6,0.6,-97.93013914227564,169.4346716568485,-76.22335155664793,-91.48,146.72,-51.8,-94.77513301714039,172.45306252880414,-77.31204476157484,36.38561304456187,0.0
A_PA1_to_C1,1D,31,1,5.0,0.6,0.6,-96.89724697053715,170.41745089425962,-76.57765923268899,-90.28,147.46,-51.8,-100.07009542772417,167.41532407929142,-75.49587031863275,32.48930897619945,1.3355661243337185
A_PA1_to_C1,1D,31,2,5.0,0.6,0.6,-96.89724697053715,170.41745089425962,-76.57765923268899,-90.28,147.46,-51.8,-99.64704896676591,167.81560765462052,-75.64010884050693,32.717627647215686,1.2648792292822542
A_PA1_to_C1,1D,31,3,5.0,0.6,0.6,-96.89724697053715,170.41745089425962,-76.57765923268899,-90.28,147.46,-51.8,-99.22400250580763,168.21589122994962,-75.78434736238108,32.95528971155843,1.1912996427984321
A_PA1_to_C1,1D,31,4,5.0,0.6,0.6,-96.89724697053715,170.41745089425962,-76.57765923268899,-90.28,147.46,-51.8,-98.80095604484936,168.61617480527872,-75.92858588425526,33.20209452856321,1.1148894827350322
A_PA1_to_C1,1D,31,5,5.0,0.6,0.6,-96.89724697053715,170.41745089425962,-76.57765923268899,-90.28,147.46,-51.8,-98.3779095838911,169.0164583806078,-76.07282440612941,33.45783977178656,1.035711388857834
A_PA1_to_C1,1D,31,6,5.0,0.6,0.6,-96.89724697053715,170.41745089425962,-76.57765923268899,-90.28,147.46,-51.8,-97.95486312293282,169.41674195593689,-76.21706292800357,33.72232203311984,0.9538283358134763
A_PA1_to_C1,1D,31,7,5.0,0.6,0.6,-96.89724697053715,170.41745089425962,-76.57765923268899,-90.28,147.46,-51.8,-97.53181666197456,169.81702553126598,-76.36130144987774,33.99533739230039,0.8693034568102078
A_PA1_to_C1,1D,31,8,5.0,0.6,0.6,-96.89724697053715,170.41745089425962,-76.57765923268899,-90.28,147.46,-51.8,-97.10877020101628,170.21730910659508,-76.5055399717519,34.27668195037604,0.7821998784586146
A_PA1_to_C1,1D,31,9,5.0,0.6,0.6,-96.89724697053715,170.41745089425962,-76.57765923268899,-90.28,147.46,-51.8,-96.68572374005802,170.61759268192415,-76.64977849362607,34.566152326201,0.6925805670576981
A_PA1_to_C1,1D,31,10,5.0,0.6,0.6,-96.89724697053715,170.41745089425962,-76.57765923268899,-90.28,147.46,-51.8,-96.26267727909975,171.01787625725325,-76.79401701550023,34.86354611552054,0.6005081864634132
A_PA1_to_C1,1D,31,11,5.0,0.6,0.6,-96.89724697053715,170.41745089425962,-76.57765923268899,-90.28,147.46,-51.8,-95.83963081814149,171.41815983258235,-76.9382555373744,35.16866231263176,0.5060449675435308
A_PA1_to_C1,1D,31,12,5.0,0.6,0.6,-96.89724697053715,170.41745089425962,-76.57765923268899,-90.28,147.46,-51.8,-95.41658435718321,171.81844340791145,-77.08249405924856,35.4813016949889,0.40925258910478846
A_PA1_to_C1,1D,31,13,5.0,0.6,0.6,-96.89724697053715,170.41745089425962,-76.57765923268899,-90.28,147.46,-51.8,-94.99353789622495,172.21872698324051,-77.22673258112272,35.80126717145244,0.3101920700758285
A_PA1_to_C1,1D,31,14,5.0,0.6,0.6,-96.89724697053715,170.41745089425962,-76.57765923268899,-90.28,147.46,-51.8,-94.57049143526667,172.6190105585696,-77.37097110299689,36.12836409516235,0.2089236726424204
A_PA1_to_C1,1D,31,15,5.0,0.6,0.6,-96.89724697053715,170.41745089425962,-76.57765923268899,-90.28,147.46,-51.8,-94.1474449743084,173.0192941338987,-77.51520962487105,36.46240054225054,0.1055068159587691
A_PA1_to_C1,1D,31,16,5.0,0.6,0.6,-96.89724697053715,170.41745089425962,-76.57765923268899,-90.28,147.46,-51.8,-93.72439851335014,173.4195777092278,-77.65944814674522,36.803187557797365,0.0
A_PA1_to_C1,1D,32,1,5.0,0.6,0.6,-95.85848647488528,171.3948547881875,-76.9296856030413,-89.08,148.19,-51.8,-99.05022321642687,168.41014730316934,-75.85528446679376,32.96841547186661,1.3166281758772094
A_PA1_to_C1,1D,32,2,5.0,0.6,0.6,-95.85848647488528,171.3948547881875,-76.9296856030413,-89.08,148.19,-51.8,-98.62465831755466,168.80810830117176,-75.99853795162677,33.193013290661554,1.2470932474577214
A_PA1_to_C1,1D,32,3,5.0,0.6,0.6,-95.85848647488528,171.3948547881875,-76.9296856030413,-89.08,148.19,-51.8,-98.19909341868245,169.20606929917417,-76.14179143645977,33.42687307994057,1.1746908359162305
A_PA1_to_C1,1D,32,4,5.0,0.6,0.6,-95.85848647488528,171.3948547881875,-76.9296856030413,-89.08,148.19,-51.8,-97.77352851981023,169.6040302971766,-76.28504492129278,33.66980184810829,1.099480690972662
A_PA1_to_C1,1D,32,5,5.0,0.6,0.6,-95.85848647488528,171.3948547881875,-76.9296856030413,-89.08,148.19,-51.8,-97.34796362093802,170.001991295179,-76.42829840612579,33.92160475389243,1.0215231350023402
A_PA1_to_C1,1D,32,6,5.0,0.6,0.6,-95.85848647488528,171.3948547881875,-76.9296856030413,-89.08,148.19,-51.8,-96.92239872206581,170.39995229318146,-76.57155189095879,34.18208568340616,0.9408788843788969
A_PA1_to_C1,1D,32,7,5.0,0.6,0.6,-95.85848647488528,171.3948547881875,-76.9296856030413,-89.08,148.19,-51.8,-96.4968338231936,170.79791329118387,-76.7148053757918,34.45104779620122,0.8576088804175761
A_PA1_to_C1,1D,32,8,5.0,0.6,0.6,-95.85848647488528,171.3948547881875,-76.9296856030413,-89.08,148.19,-51.8,-96.07126892432139,171.1958742891863,-76.85805886062481,34.72829403878864,0.7717741303905115
A_PA1_to_C1,1D,32,9,5.0,0.6,0.6,-95.85848647488528,171.3948547881875,-76.9296856030413,-89.08,148.19,-51.8,-95.64570402544918,171.5938352871887,-77.0013123454578,35.01362762458331,0.6834355589370542
A_PA1_to_C1,1D,32,10,5.0,0.6,0.6,-95.85848647488528,171.3948547881875,-76.9296856030413,-89.08,148.19,-51.8,-95.22013912657697,171.99179628519113,-77.14456583029082,35.30685247967318,0.5926538700547397
A_PA1_to_C1,1D,32,11,5.0,0.6,0.6,-95.85848647488528,171.3948547881875,-76.9296856030413,-89.08,148.19,-51.8,-94.79457422770476,172.38975728319355,-77.28781931512383,35.60777365421526,0.49948941973211625
A_PA1_to_C1,1D,32,12,5.0,0.6,0.6,-95.85848647488528,171.3948547881875,-76.9296856030413,-89.08,148.19,-51.8,-94.36900932883255,172.787718281196,-77.43107279995682,35.916197699620824,0.4040020991731179
A_PA1_to_C1,1D,32,13,5.0,0.6,0.6,-95.85848647488528,171.3948547881875,-76.9296856030413,-89.08,148.19,-51.8,-93.94344442996034,173.1856792791984,-77.57432628478983,36.231933012008476,0.3062512284648662
A_PA1_to_C1,1D,32,14,5.0,0.6,0.6,-95.85848647488528,171.3948547881875,-76.9296856030413,-89.08,148.19,-51.8,-93.51787953108811,173.58364027720083,-77.71757976962284,36.55479014267611,0.2062954604563103
A_PA1_to_C1,1D,32,15,5.0,0.6,0.6,-95.85848647488528,171.3948547881875,-76.9296856030413,-89.08,148.19,-51.8,-93.0923146322159,173.98160127520325,-77.86083325445584,36.88458207657383,0.10419269454370372
A_PA1_to_C1,1D,32,16,5.0,0.6,0.6,-95.85848647488528,171.3948547881875,-76.9296856030413,-89.08,148.19,-51.8,-92.66674973334369,174.37956227320566,-78.00408673928885,37.22112447994999,0.0
A_PA1_to_C1,1D,33,1,5.0,0.6,0.6,-94.81326018775638,172.36626166812076,-77.2791700240405,-87.87,148.91,-51.8,-98.02459434982518,169.39985053062045,-76.21252206766312,33.450276454475045,1.2971106046509462
A_PA1_to_C1,1D,33,2,5.0,0.6,0.6,-94.81326018775638,172.36626166812076,-77.2791700240405,-87.87,148.91,-51.8,-97.59641646154934,169.7953720156205,-76.35474179518009,33.671015518429584,1.2287703371727616
A_PA1_to_C1,1D,33,3,5.0,0.6,0.6,-94.81326018775638,172.36626166812076,-77.2791700240405,-87.87,148.91,-51.8,-97.1682385732735,170.19089350062055,-76.49696152269708,33.90093770390202,1.1575869980172087
A_PA1_to_C1,1D,33,4,5.0,0.6,0.6,-94.81326018775638,172.36626166812076,-77.2791700240405,-87.87,148.91,-51.8,-96.74006068499766,170.58641498562056,-76.63918125021407,34.13985747429774,1.0836180288544455
A_PA1_to_C1,1D,33,5,5.0,0.6,0.6,-94.81326018775638,172.36626166812076,-77.2791700240405,-87.87,148.91,-51.8,-96.31188279672182,170.9819364706206,-76.78140097773105,34.3875872885389,1.0069214919376783
A_PA1_to_C1,1D,33,6,5.0,0.6,0.6,-94.81326018775638,172.36626166812076,-77.2791700240405,-87.87,148.91,-51.8,-95.88370490844598,171.37745795562066,-76.92362070524804,34.643938152127006,0.9275558994955411
A_PA1_to_C1,1D,33,7,5.0,0.6,0.6,-94.81326018775638,172.36626166812076,-77.2791700240405,-87.87,148.91,-51.8,-95.45552702017014,171.7729794406207,-77.06584043276501,34.908720140531074,0.8455800516924246
A_PA1_to_C1,1D,33,8,5.0,0.6,0.6,-94.81326018775638,172.36626166812076,-77.2791700240405,-87.87,148.91,-51.8,-95.0273491318943,172.16850092562075,-77.208060160282,35.18174289331669,0.7610528836473414
A_PA1_to_C1,1D,33,9,5.0,0.6,0.6,-94.81326018775638,172.36626166812076,-77.2791700240405,-87.87,148.91,-51.8,-94.59917124361847,172.56402241062077,-77.35027988779899,35.46281607787172,0.6740333218655987
A_PA1_to_C1,1D,33,10,5.0,0.6,0.6,-94.81326018775638,172.36626166812076,-77.2791700240405,-87.87,148.91,-51.8,-94.17099335534263,172.9595438956208,-77.49249961531598,35.751749821994395,0.5845801503105914
A_PA1_to_C1,1D,33,11,5.0,0.6,0.6,-94.81326018775638,172.36626166812076,-77.2791700240405,-87.87,148.91,-51.8,-93.74281546706679,173.35506538062086,-77.63471934283295,36.04835511498402,0.49275188622711497
A_PA1_to_C1,1D,33,12,5.0,0.6,0.6,-94.81326018775638,172.36626166812076,-77.2791700240405,-87.87,148.91,-51.8,-93.31463757879095,173.7505868656209,-77.77693907034994,36.35244417721474,0.398606665722248
A_PA1_to_C1,1D,33,13,5.0,0.6,0.6,-94.81326018775638,172.36626166812076,-77.2791700240405,-87.87,148.91,-51.8,-92.88645969051511,174.14610835062095,-77.91915879786693,36.66383079847267,0.3022021390170089
A_PA1_to_C1,1D,33,14,5.0,0.6,0.6,-94.81326018775638,172.36626166812076,-77.2791700240405,-87.87,148.91,-51.8,-92.45828180223927,174.54162983562097,-78.06137852538392,36.98233064560089,0.20359537520022108
A_PA1_to_C1,1D,33,15,5.0,0.6,0.6,-94.81326018775638,172.36626166812076,-77.2791700240405,-87.87,148.91,-51.8,-92.03010391396343,174.937151320621,-78.2035982529009,37.30776154022203,0.10284277624630711
A_PA1_to_C1,1D,33,16,5.0,0.6,0.6,-94.81326018775638,172.36626166812076,-77.2791700240405,-87.87,148.91,-51.8,-91.60192602568759,175.33267280562106,-78.34581798041788,37.6399437074976,0.0
A_PA1_to_C1,1D,34,1,5.0,0.6,0.6,-93.76170417127643,173.33171905220786,-77.62613400929244,-86.65,149.62,-51.8,-96.99204277565686,170.38327126576075,-76.56709286200652,33.93346683238151,1.2778838748306711
A_PA1_to_C1,1D,34,2,5.0,0.6,0.6,-93.76170417127643,173.33171905220786,-77.62613400929244,-86.65,149.62,-51.8,-96.56133096173947,170.77639763728703,-76.7082983483113,34.15041682071578,1.210716695779814
A_PA1_to_C1,1D,34,3,5.0,0.6,0.6,-93.76170417127643,173.33171905220786,-77.62613400929244,-86.65,149.62,-51.8,-96.13061914782207,171.1695240088133,-76.84950383461609,34.376471121872264,1.1407308440285817
A_PA1_to_C1,1D,34,4,5.0,0.6,0.6,-93.76170417127643,173.33171905220786,-77.62613400929244,-86.65,149.62,-51.8,-95.69990733390469,171.5626503803396,-76.99070932092089,34.611451350054786,1.067981547377645
A_PA1_to_C1,1D,34,5,5.0,0.6,0.6,-93.76170417127643,173.33171905220786,-77.62613400929244,-86.65,149.62,-51.8,-95.26919551998729,171.95577675186587,-77.13191480722567,34.85517698020625,0.9925246959375631
A_PA1_to_C1,1D,34,6,5.0,0.6,0.6,-93.76170417127643,173.33171905220786,-77.62613400929244,-86.65,149.62,-51.8,-94.83848370606991,172.34890312339215,-77.27312029353047,35.107465873882035,0.9144166793196735
A_PA1_to_C1,1D,34,7,5.0,0.6,0.6,-93.76170417127643,173.33171905220786,-77.62613400929244,-86.65,149.62,-51.8,-94.40777189215252,172.74202949491843,-77.41432577983525,35.36813478047835,0.8337142314570372
A_PA1_to_C1,1D,34,8,5.0,0.6,0.6,-93.76170417127643,173.33171905220786,-77.62613400929244,-86.65,149.62,-51.8,-93.97706007823513,173.1351558664447,-77.55553126614005,35.636999812194816,0.7504742835572031
A_PA1_to_C1,1D,34,9,5.0,0.6,0.6,-93.76170417127643,173.33171905220786,-77.62613400929244,-86.65,149.62,-51.8,-93.54634826431774,173.528282237971,-77.69673675244483,35.9138768915118,0.664753825564329
A_PA1_to_C1,1D,34,10,5.0,0.6,0.6,-93.76170417127643,173.33171905220786,-77.62613400929244,-86.65,149.62,-51.8,-93.11563645040034,173.9214086094973,-77.83794223874963,36.19858217034138,0.5766097763910825
A_PA1_to_C1,1D,34,11,5.0,0.6,0.6,-93.76170417127643,173.33171905220786,-77.62613400929244,-86.65,149.62,-51.8,-92.68492463648296,174.31453498102357,-77.97914772505442,36.49093242035955,0.4860988630727654
A_PA1_to_C1,1D,34,12,5.0,0.6,0.6,-93.76170417127643,173.33171905220786,-77.62613400929244,-86.65,149.62,-51.8,-92.25421282256558,174.70766135254985,-78.12035321135922,36.79074539434529,0.39327750889761504
A_PA1_to_C1,1D,34,13,5.0,0.6,0.6,-93.76170417127643,173.33171905220786,-77.62613400929244,-86.65,149.62,-51.8,-91.82350100864818,175.10078772407613,-78.261558697664,37.097840158637666,0.2982017304789206
A_PA1_to_C1,1D,34,14,5.0,0.6,0.6,-93.76170417127643,173.33171905220786,-77.62613400929244,-86.65,149.62,-51.8,-91.3927891947308,175.4939140956024,-78.4027641839688,37.41203739707477,0.20092704365628755
A_PA1_to_C1,1D,34,15,5.0,0.6,0.6,-93.76170417127643,173.33171905220786,-77.62613400929244,-86.65,149.62,-51.8,-90.9620773808134,175.88704046712868,-78.54396967027358,37.73315968699695,0.10150837804570578
A_PA1_to_C1,1D,34,16,5.0,0.6,0.6,-93.76170417127643,173.33171905220786,-77.62613400929244,-86.65,149.62,-51.8,-90.53136556689601,176.28016683865496,-78.68517515657837,38.06103174808458,0.0
A_PA1_to_C1,1D,35,1,5.0,0.6,0.6,-92.7040723383632,174.29139429579996,-77.97065069942045,-85.43,150.32,-51.8,-95.95315519186163,171.36088182641907,-76.91919586068241,34.415541604232544,1.2593348554201018
A_PA1_to_C1,1D,35,2,5.0,0.6,0.6,-92.7040723383632,174.29139429579996,-77.97065069942045,-85.43,150.32,-51.8,-95.51994414472851,171.75161682233653,-77.05938983918081,34.62886003770425,1.1932919967601308
A_PA1_to_C1,1D,35,3,5.0,0.6,0.6,-92.7040723383632,174.29139429579996,-77.97065069942045,-85.43,150.32,-51.8,-95.08673309759538,172.14235181825399,-77.19958381767921,34.85120358193041,1.1244549861637942
A_PA1_to_C1,1D,35,4,5.0,0.6,0.6,-92.7040723383632,174.29139429579996,-77.97065069942045,-85.43,150.32,-51.8,-94.65352205046226,172.53308681417144,-77.33977779617761,35.082400640597676,1.0528769494247037
A_PA1_to_C1,1D,35,5,5.0,0.6,0.6,-92.7040723383632,174.29139429579996,-77.97065069942045,-85.43,150.32,-51.8,-94.22031100332913,172.92382181008887,-77.47997177467603,35.322277365787954,0.9786117094277138
A_PA1_to_C1,1D,35,6,5.0,0.6,0.6,-92.7040723383632,174.29139429579996,-77.97065069942045,-85.43,150.32,-51.8,-93.78709995619602,173.31455680600632,-77.62016575317443,35.570658159554846,0.9017136308621136
A_PA1_to_C1,1D,35,7,5.0,0.6,0.6,-92.7040723383632,174.29139429579996,-77.97065069942045,-85.43,150.32,-51.8,-93.35388890906289,173.70529180192378,-77.76035973167284,35.82736615357253,0.822237471723513
A_PA1_to_C1,1D,35,8,5.0,0.6,0.6,-92.7040723383632,174.29139429579996,-77.97065069942045,-85.43,150.32,-51.8,-92.92067786192976,174.09602679784123,-77.90055371017124,36.09222366522189,0.7402382421107063
A_PA1_to_C1,1D,35,9,5.0,0.6,0.6,-92.7040723383632,174.29139429579996,-77.97065069942045,-85.43,150.32,-51.8,-92.48746681479665,174.4867617937587,-78.04074768866965,36.36505262884481,0.6557710707104221
A_PA1_to_C1,1D,35,10,5.0,0.6,0.6,-92.7040723383632,174.29139429579996,-77.97065069942045,-85.43,150.32,-51.8,-92.05425576766352,174.87749678967614,-78.18094166716806,36.645675001245394,0.5688910792551329
A_PA1_to_C1,1D,35,11,5.0,0.6,0.6,-92.7040723383632,174.29139429579996,-77.97065069942045,-85.43,150.32,-51.8,-91.62104472053039,175.2682317855936,-78.32113564566646,36.933913140840495,0.4796532651390013
A_PA1_to_C1,1D,35,12,5.0,0.6,0.6,-92.7040723383632,174.29139429579996,-77.97065069942045,-85.43,150.32,-51.8,-91.18783367339728,175.65896678151105,-78.46132962416486,37.229590160158885,0.38811239228501115
A_PA1_to_C1,1D,35,13,5.0,0.6,0.6,-92.7040723383632,174.29139429579996,-77.97065069942045,-85.43,150.32,-51.8,-90.75462262626415,176.04970177742848,-78.60152360266328,37.53253025165833,0.2943228902727988
A_PA1_to_C1,1D,35,14,5.0,0.6,0.6,-92.7040723383632,174.29139429579996,-77.97065069942045,-85.43,150.32,-51.8,-90.32141157913102,176.44043677334594,-78.74171758116168,37.84255898707032,0.19833876166227604
A_PA1_to_C1,1D,35,15,5.0,0.6,0.6,-92.7040723383632,174.29139429579996,-77.97065069942045,-85.43,150.32,-51.8,-89.8882005319979,176.8311717692634,-78.88191155966008,38.15950359069344,0.10021349738267205
A_PA1_to_C1,1D,35,16,5.0,0.6,0.6,-92.7040723383632,174.29139429579996,-77.97065069942045,-85.43,150.32,-51.8,-89.45498948486478,177.22190676518085,-79.02210553815848,38.48319318723947,0.0
A_PA1_to_C1,1D,36,1,5.0,0.6,0.6,-91.64028159188729,175.24513757738708,-78.31266006500847,-84.20999999999998,151.01,-51.8,-94.9083589404509,172.3330245117731,-77.26898006765023,34.89692255822521,1.2410898485403479
A_PA1_to_C1,1D,36,2,5.0,0.6,0.6,-91.64028159188729,175.24513757738708,-78.31266006500847,-84.20999999999998,151.01,-51.8,-94.47261529397575,172.72130625385495,-77.40813740063133,35.10667732854308,1.176150291166394
A_PA1_to_C1,1D,36,3,5.0,0.6,0.6,-91.64028159188729,175.24513757738708,-78.31266006500847,-84.20999999999998,151.01,-51.8,-94.0368716475006,173.10958799593683,-77.54729473361243,35.325378725020265,1.108440880492342
A_PA1_to_C1,1D,36,4,5.0,0.6,0.6,-91.64028159188729,175.24513757738708,-78.31266006500847,-84.20999999999998,151.01,-51.8,-93.60112800102546,173.4978697380187,-77.68645206659353,35.55286164406161,1.0380127321823291
A_PA1_to_C1,1D,36,5,5.0,0.6,0.6,-91.64028159188729,175.24513757738708,-78.31266006500847,-84.20999999999998,151.01,-51.8,-93.16538435455031,173.88615148010055,-77.82560939957463,35.7889586338784,0.9649176888953956
A_PA1_to_C1,1D,36,6,5.0,0.6,0.6,-91.64028159188729,175.24513757738708,-78.31266006500847,-84.20999999999998,151.01,-51.8,-92.72964070807515,174.2744332221824,-77.96476673255573,36.03350037275219,0.8892081722162057
A_PA1_to_C1,1D,36,7,5.0,0.6,0.6,-91.64028159188729,175.24513757738708,-78.31266006500847,-84.20999999999998,151.01,-51.8,-92.2938970616,174.6627149642643,-78.10392406553683,36.28631612782987,0.8109370406132079
A_PA1_to_C1,1D,36,8,5.0,0.6,0.6,-91.64028159188729,175.24513757738708,-78.31266006500847,-84.20999999999998,151.01,-51.8,-91.85815341512486,175.05099670634615,-78.24308139851793,36.547234192815175,0.7301574539304507
A_PA1_to_C1,1D,36,9,5.0,0.6,0.6,-91.64028159188729,175.24513757738708,-78.31266006500847,-84.20999999999998,151.01,-51.8,-91.42240976864971,175.439278448428,-78.38223873149902,36.816082303256415,0.6469227448155159
A_PA1_to_C1,1D,36,10,5.0,0.6,0.6,-91.64028159188729,175.24513757738708,-78.31266006500847,-84.20999999999998,151.01,-51.8,-90.98666612217457,175.82756019050987,-78.52139606448011,37.09268802844872,0.5612862973875572
A_PA1_to_C1,1D,36,11,5.0,0.6,0.6,-91.64028159188729,175.24513757738708,-78.31266006500847,-84.20999999999998,151.01,-51.8,-90.55092247569942,176.21584193259176,-78.66055339746121,37.37687913926867,0.4733014333566139
A_PA1_to_C1,1D,36,12,5.0,0.6,0.6,-91.64028159188729,175.24513757738708,-78.31266006500847,-84.20999999999998,151.01,-51.8,-90.11517882922426,176.60412367467362,-78.79971073044231,37.668483951536594,0.3830213057194847
A_PA1_to_C1,1D,36,13,5.0,0.6,0.6,-91.64028159188729,175.24513757738708,-78.31266006500847,-84.20999999999998,151.01,-51.8,-89.67943518274912,176.99240541675547,-78.93886806342341,37.96733164475536,0.29049880007899986
A_PA1_to_C1,1D,36,14,5.0,0.6,0.6,-91.64028159188729,175.24513757738708,-78.31266006500847,-84.20999999999998,151.01,-51.8,-89.24369153627397,177.38068715883733,-79.07802539640451,38.27325255630249,0.19578644356286112
A_PA1_to_C1,1D,36,15,5.0,0.6,0.6,-91.64028159188729,175.24513757738708,-78.31266006500847,-84.20999999999998,151.01,-51.8,-88.80794788979883,177.76896890091922,-79.21718272938561,38.58607845135586,0.09893632125531582
A_PA1_to_C1,1D,36,16,5.0,0.6,0.6,-91.64028159188729,175.24513757738708,-78.31266006500847,-84.20999999999998,151.01,-51.8,-88.37220424332368,178.15725064300108,-79.35634006236671,38.905642769010534,0.0
A_PA1_to_C1,1D,37,1,5.0,0.6,0.6,-90.57025047081125,176.19279682622724,-78.652099442385,-82.98,151.69,-51.8,-93.85756963987174,173.29955721177492,-77.61638847204084,35.38050872865674,1.2225130174517176
A_PA1_to_C1,1D,37,2,5.0,0.6,0.6,-90.57025047081125,176.19279682622724,-78.652099442385,-82.98,151.69,-51.8,-93.41926041733035,173.6853224937019,-77.75448326808673,35.5866206793534,1.1587012680100273
A_PA1_to_C1,1D,37,3,5.0,0.6,0.6,-90.57025047081125,176.19279682622724,-78.652099442385,-82.98,151.69,-51.8,-92.98095119478894,174.07108777562888,-77.89257806413262,35.80160254588906,1.0921434145934157
A_PA1_to_C1,1D,37,4,5.0,0.6,0.6,-90.57025047081125,176.19279682622724,-78.652099442385,-82.98,151.69,-51.8,-92.54264197224754,174.45685305755586,-78.0306728601785,36.02529553426919,1.0228886194292883
A_PA1_to_C1,1D,37,5,5.0,0.6,0.6,-90.57025047081125,176.19279682622724,-78.652099442385,-82.98,151.69,-51.8,-92.10433274970615,174.8426183394828,-78.16876765622439,36.25753841353632,0.950986799222747
A_PA1_to_C1,1D,37,6,5.0,0.6,0.6,-90.57025047081125,176.19279682622724,-78.652099442385,-82.98,151.69,-51.8,-91.66602352716474,175.2283836214098,-78.30686245227028,36.498167971648776,0.8764884840176528
A_PA1_to_C1,1D,37,7,5.0,0.6,0.6,-90.57025047081125,176.19279682622724,-78.652099442385,-82.98,151.69,-51.8,-91.22771430462335,175.61414890333677,-78.44495724831616,36.747019454158654,0.7994446813830152
A_PA1_to_C1,1D,37,8,5.0,0.6,0.6,-90.57025047081125,176.19279682622724,-78.652099442385,-82.98,151.69,-51.8,-90.78940508208194,175.99991418526375,-78.58305204436205,37.00392698406402,0.7199067464277924
A_PA1_to_C1,1D,37,9,5.0,0.6,0.6,-90.57025047081125,176.19279682622724,-78.652099442385,-82.98,151.69,-51.8,-90.35109585954055,176.38567946719073,-78.72114684040794,37.26872396151454,0.6379262580530192
A_PA1_to_C1,1D,37,10,5.0,0.6,0.6,-90.57025047081125,176.19279682622724,-78.652099442385,-82.98,151.69,-51.8,-89.91278663699914,176.7714447491177,-78.85924163645383,37.541243442342115,0.5535549017596519
A_PA1_to_C1,1D,37,11,5.0,0.6,0.6,-90.57025047081125,176.19279682622724,-78.652099442385,-82.98,151.69,-51.8,-89.47447741445775,177.15721003104468,-78.99733643249971,37.821318494664105,0.4668443592451048
A_PA1_to_C1,1D,37,12,5.0,0.6,0.6,-90.57025047081125,176.19279682622724,-78.652099442385,-82.98,151.69,-51.8,-89.03616819191635,177.54297531297166,-79.1354312285456,38.1087825330651,0.37784620494139
A_PA1_to_C1,1D,37,13,5.0,0.6,0.6,-90.57025047081125,176.19279682622724,-78.652099442385,-82.98,151.69,-51.8,-88.59785896937495,177.9287405948986,-79.27352602459149,38.40346963010079,0.2866118095743051
A_PA1_to_C1,1D,37,14,5.0,0.6,0.6,-90.57025047081125,176.19279682622724,-78.652099442385,-82.98,151.69,-51.8,-88.15954974683355,178.3145058768256,-79.41162082063737,38.70521480508407,0.19319225075595092
A_PA1_to_C1,1D,37,15,5.0,0.6,0.6,-90.57025047081125,176.19279682622724,-78.652099442385,-82.98,151.69,-51.8,-87.72124052429214,178.70027115875257,-79.54971561668326,39.01385429030726,0.0976382305630139
A_PA1_to_C1,1D,37,16,5.0,0.6,0.6,-90.57025047081125,176.19279682622724,-78.652099442385,-82.98,151.69,-51.8,-87.28293130175075,179.08603644067955,-79.68781041272915,39.32922577502579,0.0
A_PA1_to_C1,1D,38,1,5.0,0.6,0.6,-89.49389790372966,177.13421557530071,-78.9889050592017,-81.73999999999998,152.36,-51.8,-92.80070604272134,174.2603376953133,-77.96136145291659,35.866151764615104,1.203594738534946
A_PA1_to_C1,1D,38,2,5.0,0.6,0.6,-89.49389790372966,177.13421557530071,-78.9889050592017,-81.73999999999998,152.36,-51.8,-92.35979829085579,174.64352141264496,-78.09836726708794,36.068539798568395,1.1409359044936807
A_PA1_to_C1,1D,38,3,5.0,0.6,0.6,-89.49389790372966,177.13421557530071,-78.9889050592017,-81.73999999999998,152.36,-51.8,-91.91889053899024,175.02670512997662,-78.23537308125928,36.27972276629772,1.0755541807384699
A_PA1_to_C1,1D,38,4,5.0,0.6,0.6,-89.49389790372966,177.13421557530071,-78.9889050592017,-81.73999999999998,152.36,-51.8,-91.47798278712467,175.40988884730828,-78.37237889543064,36.499548008131974,1.0074968303253886
A_PA1_to_C1,1D,38,5,5.0,0.6,0.6,-89.49389790372966,177.13421557530071,-78.9889050592017,-81.73999999999998,152.36,-51.8,-91.03707503525912,175.7930725646399,-78.50938470960199,36.72786034601579,0.9368118959960352
A_PA1_to_C1,1D,38,6,5.0,0.6,0.6,-89.49389790372966,177.13421557530071,-78.9889050592017,-81.73999999999998,152.36,-51.8,-90.59616728339356,176.17625628197158,-78.64639052377333,36.964502517887986,0.8635480656950456
A_PA1_to_C1,1D,38,7,5.0,0.6,0.6,-89.49389790372966,177.13421557530071,-78.9889050592017,-81.73999999999998,152.36,-51.8,-90.155259531528,176.55943999930324,-78.78339633794468,37.209315596950404,0.7877545427655033
A_PA1_to_C1,1D,38,8,5.0,0.6,0.6,-89.49389790372966,177.13421557530071,-78.9889050592017,-81.73999999999998,152.36,-51.8,-89.71435177966244,176.9426237166349,-78.92040215211603,37.46213939421994,0.7094809213198268
A_PA1_to_C1,1D,38,9,5.0,0.6,0.6,-89.49389790372966,177.13421557530071,-78.9889050592017,-81.73999999999998,152.36,-51.8,-89.27344402779688,177.32580743396653,-79.05740796628737,37.722812843032706,0.6287770671982269
A_PA1_to_C1,1D,38,10,5.0,0.6,0.6,-89.49389790372966,177.13421557530071,-78.9889050592017,-81.73999999999998,152.36,-51.8,-88.83253627593132,177.7089911512982,-79.19441378045872,37.99117436443604,0.5456930048442548
A_PA1_to_C1,1D,38,11,5.0,0.6,0.6,-89.49389790372966,177.13421557530071,-78.9889050592017,-81.73999999999998,152.36,-51.8,-88.39162852406577,178.09217486862985,-79.33141959463006,38.2670622126587,0.4602788103480737
A_PA1_to_C1,1D,38,12,5.0,0.6,0.6,-89.49389790372966,177.13421557530071,-78.9889050592017,-81.73999999999998,152.36,-51.8,-87.9507207722002,178.47535858596152,-79.46842540880141,38.55031480008951,0.3725845108338923
A_PA1_to_C1,1D,38,13,5.0,0.6,0.6,-89.49389790372966,177.13421557530071,-78.9889050592017,-81.73999999999998,152.36,-51.8,-87.50981302033465,178.85854230329315,-79.60543122297275,38.8407710014169,0.2826599902990967
A_PA1_to_C1,1D,38,14,5.0,0.6,0.6,-89.49389790372966,177.13421557530071,-78.9889050592017,-81.73999999999998,152.36,-51.8,-87.06890526846908,179.2417260206248,-79.74243703714411,39.13827043678626,0.1905549019494508
A_PA1_to_C1,1D,38,15,5.0,0.6,0.6,-89.49389790372966,177.13421557530071,-78.9889050592017,-81.73999999999998,152.36,-51.8,-86.62799751660353,179.62490973795647,-79.87944285131546,39.44265373401651,0.09631858701748364
A_PA1_to_C1,1D,38,16,5.0,0.6,0.6,-89.49389790372966,177.13421557530071,-78.9889050592017,-81.73999999999998,152.36,-51.8,-86.18708976473798,180.00809345528813,-80.0164486654868,39.75376277008298,0.0
A_PA1_to_C1,1D,39,1,5.0,0.6,0.6,-88.4111426719469,178.0692323141224,-79.32301148830727,-80.5,153.02,-51.8,-91.73768655508199,175.21521873427417,-78.30383913800607,36.35060966236808,1.184928421913808
A_PA1_to_C1,1D,39,2,5.0,0.6,0.6,-88.4111426719469,178.0692323141224,-79.32301148830727,-80.5,153.02,-51.8,-91.29414737066398,175.59575387825393,-78.4397287847129,36.549328726450916,1.123405491857202
A_PA1_to_C1,1D,39,3,5.0,0.6,0.6,-88.4111426719469,178.0692323141224,-79.32301148830727,-80.5,153.02,-51.8,-90.85060818624596,175.9762890222337,-78.57561843141973,36.75676859957213,1.05918262092184
A_PA1_to_C1,1D,39,4,5.0,0.6,0.6,-88.4111426719469,178.0692323141224,-79.32301148830727,-80.5,153.02,-51.8,-90.40706900182796,176.35682416621344,-78.71150807812656,36.972782494840914,0.9923052539655615
A_PA1_to_C1,1D,39,5,5.0,0.6,0.6,-88.4111426719469,178.0692323141224,-79.32301148830727,-80.5,153.02,-51.8,-89.96352981740995,176.73735931019323,-78.84739772483339,37.19722103785629,0.9228196369329371
A_PA1_to_C1,1D,39,6,5.0,0.6,0.6,-88.4111426719469,178.0692323141224,-79.32301148830727,-80.5,153.02,-51.8,-89.51999063299193,177.11789445417298,-78.9832873715402,37.429932680509324,0.8507726887431435
A_PA1_to_C1,1D,39,7,5.0,0.6,0.6,-88.4111426719469,178.0692323141224,-79.32301148830727,-80.5,153.02,-51.8,-89.07645144857392,177.49842959815274,-79.11917701824703,37.67076410156532,0.7762118772706987
A_PA1_to_C1,1D,39,8,5.0,0.6,0.6,-88.4111426719469,178.0692323141224,-79.32301148830727,-80.5,153.02,-51.8,-88.6329122641559,177.8789647421325,-79.25506666495386,37.91956059244496,0.6991850999085809
A_PA1_to_C1,1D,39,9,5.0,0.6,0.6,-88.4111426719469,178.0692323141224,-79.32301148830727,-80.5,153.02,-51.8,-88.1893730797379,178.25949988611228,-79.39095631166069,38.176166426874616,0.6197405691254065
A_PA1_to_C1,1D,39,10,5.0,0.6,0.6,-88.4111426719469,178.0692323141224,-79.32301148830727,-80.5,153.02,-51.8,-87.74583389531989,178.64003503009204,-79.52684595836752,38.44042521331873,0.537926703353234
A_PA1_to_C1,1D,39,11,5.0,0.6,0.6,-88.4111426719469,178.0692323141224,-79.32301148830727,-80.5,153.02,-51.8,-87.30229471090188,179.0205701740718,-79.66273560507435,38.712180229342195,0.4537920234698092
A_PA1_to_C1,1D,39,12,5.0,0.6,0.6,-88.4111426719469,178.0692323141224,-79.32301148830727,-80.5,153.02,-51.8,-86.85875552648386,179.40110531805155,-79.79862525178116,38.991274737271596,0.3673850550706135
A_PA1_to_C1,1D,39,13,5.0,0.6,0.6,-88.4111426719469,178.0692323141224,-79.32301148830727,-80.5,153.02,-51.8,-86.41521634206585,179.78164046203133,-79.93451489848799,39.27755228073305,0.278754236661495
A_PA1_to_C1,1D,39,14,5.0,0.6,0.6,-88.4111426719469,178.0692323141224,-79.32301148830727,-80.5,153.02,-51.8,-85.97167715764785,180.1621756060111,-80.07040454519482,39.57085696183544,0.18794783384341684
A_PA1_to_C1,1D,39,15,5.0,0.6,0.6,-88.4111426719469,178.0692323141224,-79.32301148830727,-80.5,153.02,-51.8,-85.52813797322983,180.54271074999085,-80.20629419190165,39.87103369894443,0.09501385950626862
A_PA1_to_C1,1D,39,16,5.0,0.6,0.6,-88.4111426719469,178.0692323141224,-79.32301148830727,-80.5,153.02,-51.8,-85.08459878881182,180.9232458939706,-80.34218383860848,40.17792846514968,0.0
A_PA1_to_C1,1D,40,1,5.0,0.6,0.6,-87.32190406766502,178.99768111829334,-79.65435128222146,-79.25,153.67,-51.8,-90.66842810847925,176.16404718576095,-78.64375958393114,36.836803442530744,1.1658915363642972
A_PA1_to_C1,1D,40,2,5.0,0.6,0.6,-87.32190406766502,178.99768111829334,-79.65435128222146,-79.25,153.67,-51.8,-90.22222490303736,176.54186504343193,-78.77850514370319,37.03176568402615,1.1055317092759367
A_PA1_to_C1,1D,40,3,5.0,0.6,0.6,-87.32190406766502,178.99768111829334,-79.65435128222146,-79.25,153.67,-51.8,-89.77602169759545,176.9196829011029,-78.91325070347523,37.23537634413795,1.042494353204173
A_PA1_to_C1,1D,40,4,5.0,0.6,0.6,-87.32190406766502,178.99768111829334,-79.65435128222146,-79.25,153.67,-51.8,-89.32981849215355,177.2975007587739,-79.04799626324727,37.44749435279429,0.976823143093851
A_PA1_to_C1,1D,40,5,5.0,0.6,0.6,-87.32190406766502,178.99768111829334,-79.65435128222146,-79.25,153.67,-51.8,-88.88361528671166,177.67531861644488,-79.18274182301931,37.667975989101556,0.9085625745776689
A_PA1_to_C1,1D,40,6,5.0,0.6,0.6,-87.32190406766502,178.99768111829334,-79.65435128222146,-79.25,153.67,-51.8,-88.43741208126976,178.0531364741159,-79.31748738279136,37.896675275391964,0.8377578419800198
A_PA1_to_C1,1D,40,7,5.0,0.6,0.6,-87.32190406766502,178.99768111829334,-79.65435128222146,-79.25,153.67,-51.8,-87.99120887582787,178.43095433178686,-79.4522329425634,38.13344435979362,0.7644547198742426
A_PA1_to_C1,1D,40,8,5.0,0.6,0.6,-87.32190406766502,178.99768111829334,-79.65435128222146,-79.25,153.67,-51.8,-87.54500567038596,178.80877218945784,-79.58697850233544,38.37813388577468,0.6886994486726756
A_PA1_to_C1,1D,40,9,5.0,0.6,0.6,-87.32190406766502,178.99768111829334,-79.65435128222146,-79.25,153.67,-51.8,-87.09880246494407,179.18659004712885,-79.72172406210747,38.63059334733831,0.6105386246591689
A_PA1_to_C1,1D,40,10,5.0,0.6,0.6,-87.32190406766502,178.99768111829334,-79.65435128222146,-79.25,153.67,-51.8,-86.65259925950217,179.56440790479982,-79.85646962187951,38.89067142876798,0.530019094804782
A_PA1_to_C1,1D,40,11,5.0,0.6,0.6,-87.32190406766502,178.99768111829334,-79.65435128222146,-79.25,153.67,-51.8,-86.20639605406028,179.9422257624708,-79.99121518165155,39.158216328037234,0.44718785664092664
A_PA1_to_C1,1D,40,12,5.0,0.6,0.6,-87.32190406766502,178.99768111829334,-79.65435128222146,-79.25,153.67,-51.8,-85.76019284861837,180.3200436201418,-80.1259607414236,39.433076063202755,0.36209196340082705
A_PA1_to_C1,1D,40,13,5.0,0.6,0.6,-87.32190406766502,178.99768111829334,-79.65435128222146,-79.25,153.67,-51.8,-85.31398964317648,180.69786147781278,-80.26070630119564,39.71509876129362,0.2747784345801261
A_PA1_to_C1,1D,40,14,5.0,0.6,0.6,-87.32190406766502,178.99768111829334,-79.65435128222146,-79.25,153.67,-51.8,-84.86778643773458,181.07567933548378,-80.39545186096768,40.00413292938966,0.18529417201169096
A_PA1_to_C1,1D,40,15,5.0,0.6,0.6,-87.32190406766502,178.99768111829334,-79.65435128222146,-79.25,153.67,-51.8,-84.42158323229268,181.45349719315476,-80.53019742073973,40.300027707747915,0.09368588149830082
A_PA1_to_C1,1D,40,16,5.0,0.6,0.6,-87.32190406766502,178.99768111829334,-79.65435128222146,-79.25,153.67,-51.8,-83.97538002685079,181.83131505082574,-80.66494298051177,40.602633104987426,0.0
A_PA1_to_C1,1D,41,1,5.0,0.6,0.6,-86.2261025357334,179.91939200172868,-79.98285537263546,-77.98999999999998,154.31,-51.8,-89.59284838022118,177.10666599948624,-78.98105955764443,37.32457729034245,1.1464743141843154
A_PA1_to_C1,1D,41,2,5.0,0.6,0.6,-86.2261025357334,179.91939200172868,-79.98285537263546,-77.98999999999998,154.31,-51.8,-89.14394893428948,177.48169613311856,-79.11463233297656,37.51569295641502,1.0873053773197423
A_PA1_to_C1,1D,41,3,5.0,0.6,0.6,-86.2261025357334,179.91939200172868,-79.98285537263546,-77.98999999999998,154.31,-51.8,-88.69504948835777,177.85672626675088,-79.2482051083087,37.715386331009114,1.0254808031420044
A_PA1_to_C1,1D,41,4,5.0,0.6,0.6,-86.2261025357334,179.91939200172868,-79.98285537263546,-77.98999999999998,154.31,-51.8,-88.24615004242607,178.2317564003832,-79.38177788364084,37.923521911796776,0.9610425428362266
A_PA1_to_C1,1D,41,5,5.0,0.6,0.6,-86.2261025357334,179.91939200172868,-79.98285537263546,-77.98999999999998,154.31,-51.8,-87.79725059649437,178.60678653401555,-79.51535065897298,38.13996148781214,0.8940333861751242
A_PA1_to_C1,1D,41,6,5.0,0.6,0.6,-86.2261025357334,179.91939200172868,-79.98285537263546,-77.98999999999998,154.31,-51.8,-87.34835115056266,178.98181666764788,-79.64892343430512,38.36456451452374,0.8244968453975368
A_PA1_to_C1,1D,41,7,5.0,0.6,0.6,-86.2261025357334,179.91939200172868,-79.98285537263546,-77.98999999999998,154.31,-51.8,-86.89945170463096,179.3568468012802,-79.78249620963724,38.59718847903711,0.7524770421426261
A_PA1_to_C1,1D,41,8,5.0,0.6,0.6,-86.2261025357334,179.91939200172868,-79.98285537263546,-77.98999999999998,154.31,-51.8,-86.45055225869926,179.73187693491252,-79.91606898496939,38.837689253913865,0.678018597908336
A_PA1_to_C1,1D,41,9,5.0,0.6,0.6,-86.2261025357334,179.91939200172868,-79.98285537263546,-77.98999999999998,154.31,-51.8,-86.00165281276755,180.10690706854484,-80.04964176030153,39.085921438298435,0.6011665284394283
A_PA1_to_C1,1D,41,10,5.0,0.6,0.6,-86.2261025357334,179.91939200172868,-79.98285537263546,-77.98999999999998,154.31,-51.8,-85.55275336683584,180.48193720217716,-80.18321453563367,39.34173868524495,0.5219661423878765
A_PA1_to_C1,1D,41,11,5.0,0.6,0.6,-86.2261025357334,179.91939200172868,-79.98285537263546,-77.98999999999998,154.31,-51.8,-85.10385392090414,180.8569673358095,-80.3167873109658,39.60499401433308,0.44046294452777346
A_PA1_to_C1,1D,41,12,5.0,0.6,0.6,-86.2261025357334,179.91939200172868,-79.98285537263546,-77.98999999999998,154.31,-51.8,-84.65495447497244,181.2319974694418,-80.45036008629793,39.875540108851446,0.35670254374809396
A_PA1_to_C1,1D,41,13,5.0,0.6,0.6,-86.2261025357334,179.91939200172868,-79.98285537263546,-77.98999999999998,154.31,-51.8,-84.20605502904074,181.60702760307416,-80.58393286163007,40.15322959700606,0.2707305659912471
A_PA1_to_C1,1D,41,14,5.0,0.6,0.6,-86.2261025357334,179.91939200172868,-79.98285537263546,-77.98999999999998,154.31,-51.8,-83.75715558310904,181.98205773670648,-80.71750563696222,40.437915316780916,0.1825925722529007
A_PA1_to_C1,1D,41,15,5.0,0.6,0.6,-86.2261025357334,179.91939200172868,-79.98285537263546,-77.98999999999998,154.31,-51.8,-83.30825613717732,182.3570878703388,-80.85107841229436,40.7294505642343,0.09233398171005902
A_PA1_to_C1,1D,41,16,5.0,0.6,0.6,-86.2261025357334,179.91939200172868,-79.98285537263546,-77.98999999999998,154.31,-51.8,-82.85935669124562,182.73211800397112,-80.98465118762648,41.02768932515779,0.0
A_PA1_to_C1,1D,42,1,5.0,0.6,0.6,-85.12365930706834,180.83419046085234,-80.30845245386091,-76.73999999999998,154.94,-51.8,-88.5108665756142,178.0429155743165,-79.31567280675665,37.80754234254584,1.1278476817792455
A_PA1_to_C1,1D,42,2,5.0,0.6,0.6,-85.12365930706834,180.83419046085234,-80.30845245386091,-76.73999999999998,154.94,-51.8,-88.05923893980808,178.41508555918796,-79.44804342637055,37.99498805756011,1.0698149526726617
A_PA1_to_C1,1D,42,3,5.0,0.6,0.6,-85.12365930706834,180.83419046085234,-80.30845245386091,-76.73999999999998,154.94,-51.8,-87.60761130400198,178.7872555440594,-79.58041404598445,38.19094103324602,1.0091483967327495
A_PA1_to_C1,1D,42,4,5.0,0.6,0.6,-85.12365930706834,180.83419046085234,-80.30845245386091,-76.73999999999998,154.94,-51.8,-87.15598366819586,179.15942552893085,-79.71278466559835,38.39527101760858,0.9458883396545588
A_PA1_to_C1,1D,42,5,5.0,0.6,0.6,-85.12365930706834,180.83419046085234,-80.30845245386091,-76.73999999999998,154.94,-51.8,-86.70435603238974,179.5315955138023,-79.84515528521226,38.6078450062465,0.8800759592713003
A_PA1_to_C1,1D,42,6,5.0,0.6,0.6,-85.12365930706834,180.83419046085234,-80.30845245386091,-76.73999999999998,154.94,-51.8,-86.25272839658362,179.90376549867372,-79.97752590482615,38.82852759939643,0.8117531750143563
A_PA1_to_C1,1D,42,7,5.0,0.6,0.6,-85.12365930706834,180.83419046085234,-80.30845245386091,-76.73999999999998,154.94,-51.8,-85.80110076077752,180.27593548354517,-80.10989652444006,39.05718135052541,0.7409625399899049
A_PA1_to_C1,1D,42,8,5.0,0.6,0.6,-85.12365930706834,180.83419046085234,-80.30845245386091,-76.73999999999998,154.94,-51.8,-85.3494731249714,180.64810546841662,-80.24226714405395,39.293667105000125,0.6677471361277636
A_PA1_to_C1,1D,42,9,5.0,0.6,0.6,-85.12365930706834,180.83419046085234,-80.30845245386091,-76.73999999999998,154.94,-51.8,-84.89784548916528,181.02027545328806,-80.37463776366786,39.537844327546594,0.5921504728006841
A_PA1_to_C1,1D,42,10,5.0,0.6,0.6,-85.12365930706834,180.83419046085234,-80.30845245386091,-76.73999999999998,154.94,-51.8,-84.44621785335916,181.3924454381595,-80.50700838328176,39.78957141739588,0.5142163892560134
A_PA1_to_C1,1D,42,11,5.0,0.6,0.6,-85.12365930706834,180.83419046085234,-80.30845245386091,-76.73999999999998,154.94,-51.8,-83.99459021755305,181.76461542303096,-80.63937900289567,40.04870601019198,0.4339889611457668
A_PA1_to_C1,1D,42,12,5.0,0.6,0.6,-85.12365930706834,180.83419046085234,-80.30845245386091,-76.73999999999998,154.94,-51.8,-83.54296258174693,182.13678540790238,-80.77174962250956,40.315105265911484,0.3515124113874055
A_PA1_to_C1,1D,42,13,5.0,0.6,0.6,-85.12365930706834,180.83419046085234,-80.30845245386091,-76.73999999999998,154.94,-51.8,-83.09133494594082,182.50895539277383,-80.90412024212347,40.5886261422121,0.26683102553582216
A_PA1_to_C1,1D,42,14,5.0,0.6,0.6,-85.12365930706834,180.83419046085234,-80.30845245386091,-76.73999999999998,154.94,-51.8,-82.6397073101347,182.88112537764528,-81.03649086173736,40.86912565278345,0.17998907179856083
A_PA1_to_C1,1D,42,15,5.0,0.6,0.6,-85.12365930706834,180.83419046085234,-80.30845245386091,-76.73999999999998,154.94,-51.8,-82.18807967432859,183.25329536251672,-81.16886148135127,41.156461110422775,0.091030725780195
A_PA1_to_C1,1D,42,16,5.0,0.6,0.6,-85.12365930706834,180.83419046085234,-80.30845245386091,-76.73999999999998,154.94,-51.8,-81.73645203852247,183.62546534738817,-81.30123210096517,41.4504903546928,0.0
A_PA1_to_C1,1D,43,1,5.0,0.6,0.6,-84.01449627720152,181.7418966549487,-80.63107011321773,-75.47,155.56,-51.8,-87.42240094798184,178.97263043863344,-79.6475303946254,38.29485737741986,1.108217489519351
A_PA1_to_C1,1D,43,2,5.0,0.6,0.6,-84.01449627720152,181.7418966549487,-80.63107011321773,-75.47,155.56,-51.8,-86.96801365854446,179.34186593414216,-79.77866902377104,38.47840154870408,1.0513926686883242
A_PA1_to_C1,1D,43,3,5.0,0.6,0.6,-84.01449627720152,181.7418966549487,-80.63107011321773,-75.47,155.56,-51.8,-86.51362636910709,179.71110142965085,-79.9098076529167,38.67038492088869,0.9919550921605822
A_PA1_to_C1,1D,43,4,5.0,0.6,0.6,-84.01449627720152,181.7418966549487,-80.63107011321773,-75.47,155.56,-51.8,-86.05923907966971,180.08033692515954,-80.04094628206234,38.87068244983714,0.9299434732910914
A_PA1_to_C1,1D,43,5,5.0,0.6,0.6,-84.01449627720152,181.7418966549487,-80.63107011321773,-75.47,155.56,-51.8,-85.60485179023233,180.44957242066826,-80.17208491120797,39.079166294874575,0.8653973912361579
A_PA1_to_C1,1D,43,6,5.0,0.6,0.6,-84.01449627720152,181.7418966549487,-80.63107011321773,-75.47,155.56,-51.8,-85.15046450079495,180.81880791617695,-80.30322354035363,39.29570615841945,0.7983571858043081
A_PA1_to_C1,1D,43,7,5.0,0.6,0.6,-84.01449627720152,181.7418966549487,-80.63107011321773,-75.47,155.56,-51.8,-84.69607721135758,181.18804341168564,-80.43436216949927,39.52016961850273,0.728863854509175
A_PA1_to_C1,1D,43,8,5.0,0.6,0.6,-84.01449627720152,181.7418966549487,-80.63107011321773,-75.47,155.56,-51.8,-84.2416899219202,181.55727890719436,-80.5655007986449,39.75242245274632,0.6569589522665762
A_PA1_to_C1,1D,43,9,5.0,0.6,0.6,-84.01449627720152,181.7418966549487,-80.63107011321773,-75.47,155.56,-51.8,-83.78730263248283,181.92651440270305,-80.69663942779056,39.9923289525378,0.5826844941268021
A_PA1_to_C1,1D,43,10,5.0,0.6,0.6,-84.01449627720152,181.7418966549487,-80.63107011321773,-75.47,155.56,-51.8,-83.33291534304546,182.29574989821177,-80.8277780569362,40.23975222630448,0.5060828613816977
A_PA1_to_C1,1D,43,11,5.0,0.6,0.6,-84.01449627720152,181.7418966549487,-80.63107011321773,-75.47,155.56,-51.8,-82.87852805360808,182.66498539372046,-80.95891668608184,40.494554490952964,0.42719671133572845
A_PA1_to_C1,1D,43,12,5.0,0.6,0.6,-84.01449627720152,181.7418966549487,-80.63107011321773,-75.47,155.56,-51.8,-82.4241407641707,183.03422088922915,-81.09005531522749,40.75659735070068,0.3460688909803977
A_PA1_to_C1,1D,43,13,5.0,0.6,0.6,-84.01449627720152,181.7418966549487,-80.63107011321773,-75.47,155.56,-51.8,-81.96975347473332,183.40345638473786,-81.22119394437313,41.02574206267969,0.26274235476398644
A_PA1_to_C1,1D,43,14,5.0,0.6,0.6,-84.01449627720152,181.7418966549487,-80.63107011321773,-75.47,155.56,-51.8,-81.51536618529595,183.77269188024655,-81.35233257351877,41.30184978884006,0.17726008660288173
A_PA1_to_C1,1D,43,15,5.0,0.6,0.6,-84.01449627720152,181.7418966549487,-80.63107011321773,-75.47,155.56,-51.8,-81.06097889585857,184.14192737575524,-81.48347120266442,41.58478183381862,0.0896650262380021
A_PA1_to_C1,1D,43,16,5.0,0.6,0.6,-84.01449627720152,181.7418966549487,-80.63107011321773,-75.47,155.56,-51.8,-80.60659160642119,184.51116287126396,-81.61460983181006,41.874399868567366,0.0
A_PA1_to_C1,1D,44,1,5.0,0.6,0.6,-82.89853717976428,182.64232658248503,-80.95063473369008,-74.2,156.17,-51.8,-86.32737219516582,179.89564154383788,-79.97656505670172,38.78012430899767,1.0887501554762302
A_PA1_to_C1,1D,44,2,5.0,0.6,0.6,-82.89853717976428,182.64232658248503,-80.95063473369008,-74.2,156.17,-51.8,-85.87019419311227,180.2618662156575,-80.1064410136335,38.959800475828985,1.0331228592436261
A_PA1_to_C1,1D,44,3,5.0,0.6,0.6,-82.89853717976428,182.64232658248503,-80.95063473369008,-74.2,156.17,-51.8,-85.41301619105874,180.62809088747713,-80.23631697056527,39.14784878906498,0.9749035672200979
A_PA1_to_C1,1D,44,4,5.0,0.6,0.6,-82.89853717976428,182.64232658248503,-80.95063473369008,-74.2,156.17,-51.8,-84.95583818900519,180.99431555929672,-80.36619292749705,39.34414920298299,0.9141294452640576
A_PA1_to_C1,1D,44,5,5.0,0.6,0.6,-82.89853717976428,182.64232658248503,-80.95063473369008,-74.2,156.17,-51.8,-84.49866018695167,181.36054023111635,-80.49606888442884,39.548578839215956,0.8508385362136028
A_PA1_to_C1,1D,44,6,5.0,0.6,0.6,-82.89853717976428,182.64232658248503,-80.95063473369008,-74.2,156.17,-51.8,-84.04148218489811,181.72676490293597,-80.62594484136062,39.76101230975857,0.7850696598846216
A_PA1_to_C1,1D,44,7,5.0,0.6,0.6,-82.89853717976428,182.64232658248503,-80.95063473369008,-74.2,156.17,-51.8,-83.58430418284458,182.0929895747556,-80.7558207982924,39.98132203406817,0.7168623148971278
A_PA1_to_C1,1D,44,8,5.0,0.6,0.6,-82.89853717976428,182.64232658248503,-80.95063473369008,-74.2,156.17,-51.8,-83.12712618079104,182.45921424657521,-80.88569675522419,40.209378548877844,0.6462565827579105
A_PA1_to_C1,1D,44,9,5.0,0.6,0.6,-82.89853717976428,182.64232658248503,-80.95063473369008,-74.2,156.17,-51.8,-82.66994817873751,182.82543891839484,-81.01557271215597,40.44505080948781,0.5732930345814502
A_PA1_to_C1,1D,44,10,5.0,0.6,0.6,-82.89853717976428,182.64232658248503,-80.95063473369008,-74.2,156.17,-51.8,-82.21277017668397,183.19166359021446,-81.14544866908776,40.68820648145041,0.49801264078497987
A_PA1_to_C1,1D,44,11,5.0,0.6,0.6,-82.89853717976428,182.64232658248503,-80.95063473369008,-74.2,156.17,-51.8,-81.75559217463044,183.55788826203408,-81.27532462601954,40.938712221713025,0.4204566840473287
A_PA1_to_C1,1D,44,12,5.0,0.6,0.6,-82.89853717976428,182.64232658248503,-80.95063473369008,-74.2,156.17,-51.8,-81.29841417257688,183.9241129338537,-81.40520058295132,41.196433948429664,0.3406666757759229
A_PA1_to_C1,1D,44,13,5.0,0.6,0.6,-82.89853717976428,182.64232658248503,-80.95063473369008,-74.2,156.17,-51.8,-80.84123617052336,184.29033760567333,-81.53507653988311,41.46123709879411,0.2586842762822865
A_PA1_to_C1,1D,44,14,5.0,0.6,0.6,-82.89853717976428,182.64232658248503,-80.95063473369008,-74.2,156.17,-51.8,-80.3840581684698,184.65656227749292,-81.66495249681489,41.73298687438405,0.1745512188240994
A_PA1_to_C1,1D,44,15,5.0,0.6,0.6,-82.89853717976428,182.64232658248503,-80.95063473369008,-74.2,156.17,-51.8,-79.92688016641628,185.02278694931255,-81.79482845374666,42.011548473635244,0.08830923763177978
A_PA1_to_C1,1D,44,16,5.0,0.6,0.6,-82.89853717976428,182.64232658248503,-80.95063473369008,-74.2,156.17,-51.8,-79.46970216436273,185.38901162113217,-81.92470441067844,42.296787311185895,0.0
A_PA1_to_C1,1D,45,1,5.0,0.6,0.6,-81.77570602721802,183.53529052099293,-81.26706971245501,-72.93,156.77,-51.8,-85.22586385443462,180.8119530851818,-80.30278542968061,39.26337419691904,1.0692931938632064
A_PA1_to_C1,1D,45,2,5.0,0.6,0.6,-81.77570602721802,183.53529052099293,-81.26706971245501,-72.93,156.77,-51.8,-84.76584281080574,181.17506474328997,-80.43135666738387,39.43918032592999,1.0148640517545537
A_PA1_to_C1,1D,45,3,5.0,0.6,0.6,-81.77570602721802,183.53529052099293,-81.26706971245501,-72.93,156.77,-51.8,-84.30582176717687,181.53817640139812,-80.55992790508712,39.623292849473756,0.9578632704716536
A_PA1_to_C1,1D,45,4,5.0,0.6,0.6,-81.77570602721802,183.53529052099293,-81.26706971245501,-72.93,156.77,-51.8,-83.84580072354798,181.90128805950627,-80.68849914279038,39.8155965381544,0.8983265247500913
A_PA1_to_C1,1D,45,5,5.0,0.6,0.6,-81.77570602721802,183.53529052099293,-81.26706971245501,-72.93,156.77,-51.8,-83.3857796799191,182.2643997176144,-80.81707038049363,40.01597329995894,0.8362903755845998
A_PA1_to_C1,1D,45,6,5.0,0.6,0.6,-81.77570602721802,183.53529052099293,-81.26706971245501,-72.93,156.77,-51.8,-82.92575863629023,182.62751137572255,-80.94564161819687,40.224302487388904,0.7717921751418864
A_PA1_to_C1,1D,45,7,5.0,0.6,0.6,-81.77570602721802,183.53529052099293,-81.26706971245501,-72.93,156.77,-51.8,-82.46573759266134,182.9906230338307,-81.07421285590013,40.440461199779804,0.7048699731632784
A_PA1_to_C1,1D,45,8,5.0,0.6,0.6,-81.77570602721802,183.53529052099293,-81.26706971245501,-72.93,156.77,-51.8,-82.00571654903246,183.35373469193885,-81.20278409360338,40.66432457947421,0.6355624252702743
A_PA1_to_C1,1D,45,9,5.0,0.6,0.6,-81.77570602721802,183.53529052099293,-81.26706971245501,-72.93,156.77,-51.8,-81.54569550540359,183.716846350047,-81.33135533130664,40.895766100646235,0.5639087035451897
A_PA1_to_C1,1D,45,10,5.0,0.6,0.6,-81.77570602721802,183.53529052099293,-81.26706971245501,-72.93,156.77,-51.8,-81.0856744617747,184.07995800815516,-81.4599265690099,41.1346578497099,0.48994840971742804
A_PA1_to_C1,1D,45,11,5.0,0.6,0.6,-81.77570602721802,183.53529052099293,-81.26706971245501,-72.93,156.77,-51.8,-80.62565341814582,184.4430696662633,-81.58849780671315,41.380870796379284,0.4137214912439351
A_PA1_to_C1,1D,45,12,5.0,0.6,0.6,-81.77570602721802,183.53529052099293,-81.26706971245501,-72.93,156.77,-51.8,-80.16563237451695,184.80618132437147,-81.71706904441639,41.63427505458177,0.33526816053109165
A_PA1_to_C1,1D,45,13,5.0,0.6,0.6,-81.77570602721802,183.53529052099293,-81.26706971245501,-72.93,156.77,-51.8,-79.70561133088806,185.1692929824796,-81.84564028211965,41.89474013255725,0.25462881750462607
A_PA1_to_C1,1D,45,14,5.0,0.6,0.6,-81.77570602721802,183.53529052099293,-81.26706971245501,-72.93,156.77,-51.8,-79.24559028725918,185.53240464058774,-81.9742115198229,42.162135171601996,0.1718439756951078
A_PA1_to_C1,1D,45,15,5.0,0.6,0.6,-81.77570602721802,183.53529052099293,-81.26706971245501,-72.93,156.77,-51.8,-78.7855692436303,185.8955162986959,-82.10278275752616,42.43632917303726,0.08695419196902066
A_PA1_to_C1,1D,45,16,5.0,0.6,0.6,-81.77570602721802,183.53529052099293,-81.26706971245501,-72.93,156.77,-51.8,-78.32554820000142,186.25862795680405,-82.23135399522941,42.717191213097195,0.0
A_PA1_to_C1,1D,46,1,5.0,0.6,0.6,-80.64582348921154,184.42047698396848,-81.58024546867004,-71.65,157.35,-51.8,-84.11774290602843,181.72133563773215,-80.6260905775924,39.75361759545132,1.0494470446339381
A_PA1_to_C1,1D,46,2,5.0,0.6,0.6,-80.64582348921154,184.42047698396848,-81.58024546867004,-71.65,157.35,-51.8,-83.6548203171195,182.08122115056366,-80.75331122973607,39.9254710881459,0.9962416289390212
A_PA1_to_C1,1D,46,3,5.0,0.6,0.6,-80.64582348921154,184.42047698396848,-81.58024546867004,-71.65,157.35,-51.8,-83.19189772821059,182.44110666339517,-80.88053188187976,40.10556534067775,0.9404848944090372
A_PA1_to_C1,1D,46,4,5.0,0.6,0.6,-80.64582348921154,184.42047698396848,-81.58024546867004,-71.65,157.35,-51.8,-82.72897513930167,182.80099217622669,-81.00775253402345,40.29378985625912,0.8822110505757959
A_PA1_to_C1,1D,46,5,5.0,0.6,0.6,-80.64582348921154,184.42047698396848,-81.58024546867004,-71.65,157.35,-51.8,-82.26605255039274,183.1608776890582,-81.13497318616713,40.490031250486425,0.8214552009698188
A_PA1_to_C1,1D,46,6,5.0,0.6,0.6,-80.64582348921154,184.42047698396848,-81.58024546867004,-71.65,157.35,-51.8,-81.80312996148383,183.5207632018897,-81.26219383831082,40.69417354303151,0.7582532528134447
A_PA1_to_C1,1D,46,7,5.0,0.6,0.6,-80.64582348921154,184.42047698396848,-81.58024546867004,-71.65,157.35,-51.8,-81.34020737257491,183.88064871472122,-81.38941449045451,40.90609844552966,0.6926418278914177
A_PA1_to_C1,1D,46,8,5.0,0.6,0.6,-80.64582348921154,184.42047698396848,-81.58024546867004,-71.65,157.35,-51.8,-80.877284783666,184.24053422755273,-81.5166351425982,41.125685644379985,0.6246581749965792
A_PA1_to_C1,1D,46,9,5.0,0.6,0.6,-80.64582348921154,184.42047698396848,-81.58024546867004,-71.65,157.35,-51.8,-80.41436219475708,184.60041974038424,-81.64385579474188,41.352813077290875,0.5543400843120931
A_PA1_to_C1,1D,46,10,5.0,0.6,0.6,-80.64582348921154,184.42047698396848,-81.58024546867004,-71.65,157.35,-51.8,-79.95143960584817,184.96030525321575,-81.77107644688557,41.58735720252439,0.4817258040540402
A_PA1_to_C1,1D,46,11,5.0,0.6,0.6,-80.64582348921154,184.42047698396848,-81.58024546867004,-71.65,157.35,-51.8,-79.48851701693924,185.32019076604726,-81.89829709902926,41.82919325991544,0.4068539596605252
A_PA1_to_C1,1D,46,12,5.0,0.6,0.6,-80.64582348921154,184.42047698396848,-81.58024546867004,-71.65,157.35,-51.8,-79.02559442803033,185.68007627887877,-82.02551775117296,42.07819552286379,0.3297634757755876
A_PA1_to_C1,1D,46,13,5.0,0.6,0.6,-80.64582348921154,184.42047698396848,-81.58024546867004,-71.65,157.35,-51.8,-78.5626718391214,186.03996179171028,-82.15273840331663,42.334237540616584,0.2504935012391183
A_PA1_to_C1,1D,46,14,5.0,0.6,0.6,-80.64582348921154,184.42047698396848,-81.58024546867004,-71.65,157.35,-51.8,-78.09974925021248,186.3998473045418,-82.27995905546032,42.597192370276574,0.16908333725769786
A_PA1_to_C1,1D,46,15,5.0,0.6,0.6,-80.64582348921154,184.42047698396848,-81.58024546867004,-71.65,157.35,-51.8,-77.63682666130357,186.7597328173733,-82.40717970760402,42.8669327980828,0.08557236889663677
A_PA1_to_C1,1D,46,16,5.0,0.6,0.6,-80.64582348921154,184.42047698396848,-81.58024546867004,-71.65,157.35,-51.8,-77.17390407239465,187.11961833020482,-82.53440035974769,43.143331549618935,0.0
A_PA1_to_C1,1D,47,1,5.0,0.6,0.6,-79.50878396989144,185.297642211527,-81.89006653611777,-70.37,157.93,-51.8,-83.00244953970471,182.62306092071591,-80.94618317195427,40.23463722342335,1.0296484620425126
A_PA1_to_C1,1D,47,2,5.0,0.6,0.6,-79.50878396989144,185.297642211527,-81.89006653611777,-70.37,157.93,-51.8,-82.53662746372962,182.97967175949074,-81.07203428717607,40.40253544530366,0.9776675883953558
A_PA1_to_C1,1D,47,3,5.0,0.6,0.6,-79.50878396989144,185.297642211527,-81.89006653611777,-70.37,157.93,-51.8,-82.0708053877545,183.33628259826554,-81.19788540239787,40.578611463646126,0.9231548892181234
A_PA1_to_C1,1D,47,4,5.0,0.6,0.6,-79.50878396989144,185.297642211527,-81.89006653611777,-70.37,157.93,-51.8,-81.6049833117794,183.69289343704037,-81.32373651761966,40.76275930584298,0.8661431733677052
A_PA1_to_C1,1D,47,5,5.0,0.6,0.6,-79.50878396989144,185.297642211527,-81.89006653611777,-70.37,157.93,-51.8,-81.13916123580431,184.04950427581517,-81.44958763284147,40.954870090559716,0.8066661502355874
A_PA1_to_C1,1D,47,6,5.0,0.6,0.6,-79.50878396989144,185.297642211527,-81.89006653611777,-70.37,157.93,-51.8,-80.6733391598292,184.40611511458997,-81.57543874806328,41.1548323048844,0.7447583439431149
A_PA1_to_C1,1D,47,7,5.0,0.6,0.6,-79.50878396989144,185.297642211527,-81.89006653611777,-70.37,157.93,-51.8,-80.2075170838541,184.7627259533648,-81.70128986328507,41.3625320785816,0.680455008433146
A_PA1_to_C1,1D,47,8,5.0,0.6,0.6,-79.50878396989144,185.297642211527,-81.89006653611777,-70.37,157.93,-51.8,-79.74169500787899,185.1193367921396,-81.82714097850688,41.57785345421558,0.6137920438405846
A_PA1_to_C1,1D,47,9,5.0,0.6,0.6,-79.50878396989144,185.297642211527,-81.89006653611777,-70.37,157.93,-51.8,-79.27587293190389,185.47594763091442,-81.95299209372867,41.800678652011875,0.5448059144918851
A_PA1_to_C1,1D,47,10,5.0,0.6,0.6,-79.50878396989144,185.297642211527,-81.89006653611777,-70.37,157.93,-51.8,-78.81005085592878,185.83255846968922,-82.07884320895047,42.030888328434074,0.47353356885033726
A_PA1_to_C1,1D,47,11,5.0,0.6,0.6,-79.50878396989144,185.297642211527,-81.89006653611777,-70.37,157.93,-51.8,-78.34422877995368,186.18916930846405,-82.20469432417227,42.268361827563545,0.4000123616895106
A_PA1_to_C1,1D,47,12,5.0,0.6,0.6,-79.50878396989144,185.297642211527,-81.89006653611777,-70.37,157.93,-51.8,-77.87840670397857,186.54578014723884,-82.33054543939407,42.51297742448022,0.3242799787431725
A_PA1_to_C1,1D,47,13,5.0,0.6,0.6,-79.50878396989144,185.297642211527,-81.89006653611777,-70.37,157.93,-51.8,-77.41258462800347,186.90239098601364,-82.45639655461588,42.76461255995311,0.2463743640456837
A_PA1_to_C1,1D,47,14,5.0,0.6,0.6,-79.50878396989144,185.297642211527,-81.89006653611777,-70.37,157.93,-51.8,-76.94676255202837,187.25900182478847,-82.58224766983767,43.0231440658564,0.16633365014373602
A_PA1_to_C1,1D,47,15,5.0,0.6,0.6,-79.50878396989144,185.297642211527,-81.89006653611777,-70.37,157.93,-51.8,-76.48094047605326,187.61561266356327,-82.70809878505948,43.288448380832136,0.08419609132771733
A_PA1_to_C1,1D,47,16,5.0,0.6,0.6,-79.50878396989144,185.297642211527,-81.89006653611777,-70.37,157.93,-51.8,-76.01511840007817,187.9722235023381,-82.83394990028127,43.56040175582066,0.0
A_PA1_to_C1,1D,48,1,5.0,0.6,0.6,-78.36470409990349,186.16679159789868,-82.19653532246785,-69.08,158.5,-51.8,-81.8800443072666,183.5170789824245,-81.26304387532268,40.71567670418905,1.0095921407002173
A_PA1_to_C1,1D,48,2,5.0,0.6,0.6,-78.36470409990349,186.16679159789868,-82.19653532246785,-69.08,158.5,-51.8,-81.4113322796182,183.87037399782105,-81.3875094016087,40.87955901388799,0.9588545835178834
A_PA1_to_C1,1D,48,3,5.0,0.6,0.6,-78.36470409990349,186.16679159789868,-82.19653532246785,-69.08,158.5,-51.8,-80.94262025196977,184.2236690132176,-81.51197492789473,41.05155734999416,0.9056043246614838
A_PA1_to_C1,1D,48,4,5.0,0.6,0.6,-78.36470409990349,186.16679159789868,-82.19653532246785,-69.08,158.5,-51.8,-80.47390822432136,184.57696402861416,-81.63644045418074,41.231570144123395,0.8498728094511954
A_PA1_to_C1,1D,48,5,5.0,0.6,0.6,-78.36470409990349,186.16679159789868,-82.19653532246785,-69.08,158.5,-51.8,-80.00519619667294,184.93025904401074,-81.76090598046677,41.41949290176883,0.7916923891275314
A_PA1_to_C1,1D,48,6,5.0,0.6,0.6,-78.36470409990349,186.16679159789868,-82.19653532246785,-69.08,158.5,-51.8,-79.53648416902453,185.2835540594073,-81.88537150675279,41.61521846547951,0.7310962393719027
A_PA1_to_C1,1D,48,7,5.0,0.6,0.6,-78.36470409990349,186.16679159789868,-82.19653532246785,-69.08,158.5,-51.8,-79.06777214137611,185.63684907480385,-82.00983703303882,41.818637275974154,0.6681182794664391
A_PA1_to_C1,1D,48,8,5.0,0.6,0.6,-78.36470409990349,186.16679159789868,-82.19653532246785,-69.08,158.5,-51.8,-78.5990601137277,185.9901440902004,-82.13430255932484,42.029637630003464,0.6027930924604608
A_PA1_to_C1,1D,48,9,5.0,0.6,0.6,-78.36470409990349,186.16679159789868,-82.19653532246785,-69.08,158.5,-51.8,-78.13034808607928,186.34343910559696,-82.25876808561087,42.248105933867755,0.5351558466820432
A_PA1_to_C1,1D,48,10,5.0,0.6,0.6,-78.36470409990349,186.16679159789868,-82.19653532246785,-69.08,158.5,-51.8,-77.66163605843087,186.6967341209935,-82.38323361189688,42.47392695159255,0.46524221890346773
A_PA1_to_C1,1D,48,11,5.0,0.6,0.6,-78.36470409990349,186.16679159789868,-82.19653532246785,-69.08,158.5,-51.8,-77.19292403078245,187.05002913639007,-82.50769913818291,42.706984046864385,0.39308831943850464
A_PA1_to_C1,1D,48,12,5.0,0.6,0.6,-78.36470409990349,186.16679159789868,-82.19653532246785,-69.08,158.5,-51.8,-76.72421200313404,187.40332415178662,-82.63216466446893,42.94715941792934,0.3187306194183943
A_PA1_to_C1,1D,48,13,5.0,0.6,0.6,-78.36470409990349,186.16679159789868,-82.19653532246785,-69.08,158.5,-51.8,-76.25549997548562,187.7566191671832,-82.75663019075496,43.19433432475777,0.24220588046222424
A_PA1_to_C1,1D,48,14,5.0,0.6,0.6,-78.36470409990349,186.16679159789868,-82.19653532246785,-69.08,158.5,-51.8,-75.78678794783721,188.10991418257976,-82.88109571704098,43.44838930787717,0.1635510869268053
A_PA1_to_C1,1D,48,15,5.0,0.6,0.6,-78.36470409990349,186.16679159789868,-82.19653532246785,-69.08,158.5,-51.8,-75.31807592018879,188.4632091979763,-83.00556124332701,43.70920439837317,0.08280338089089412
A_PA1_to_C1,1D,48,16,5.0,0.6,0.6,-78.36470409990349,186.16679159789868,-82.19653532246785,-69.08,158.5,-51.8,-74.84936389254038,188.81650421337287,-83.13002676961302,43.97665931865075,0.0
A_PA1_to_C1,1D,49,1,5.0,0.6,0.6,-77.21351525637408,187.0277172845943,-82.49957047786444,-67.79,159.06,-51.8,-80.75073450713275,184.40351523146438,-81.57672511898195,41.19378305112629,0.9896074320787758
A_PA1_to_C1,1D,49,2,5.0,0.6,0.6,-77.21351525637408,187.0277172845943,-82.49957047786444,-67.79,159.06,-51.8,-80.27910527369826,184.75340883854835,-81.69977116683296,41.35366155627924,0.9401094428673353
A_PA1_to_C1,1D,49,3,5.0,0.6,0.6,-77.21351525637408,187.0277172845943,-82.49957047786444,-67.79,159.06,-51.8,-79.80747604026378,185.10330244563235,-81.82281721468395,41.521595419243184,0.8881175348289645
A_PA1_to_C1,1D,49,4,5.0,0.6,0.6,-77.21351525637408,187.0277172845943,-82.49957047786444,-67.79,159.06,-51.8,-79.33584680682928,185.45319605271635,-81.94586326253496,41.6974873128747,0.8336618402062044
A_PA1_to_C1,1D,49,5,5.0,0.6,0.6,-77.21351525637408,187.0277172845943,-82.49957047786444,-67.79,159.06,-51.8,-78.8642175733948,185.80308965980035,-82.06890931038595,41.88123697140971,0.7767734010312761
A_PA1_to_C1,1D,49,6,5.0,0.6,0.6,-77.21351525637408,187.0277172845943,-82.49957047786444,-67.79,159.06,-51.8,-78.3925883399603,186.15298326688432,-82.19195535823694,42.07274144031266,0.7174840917733984
A_PA1_to_C1,1D,49,7,5.0,0.6,0.6,-77.21351525637408,187.0277172845943,-82.49957047786444,-67.79,159.06,-51.8,-77.92095910652581,186.50287687396832,-82.31500140608794,42.27189532480691,0.6558265423943723
A_PA1_to_C1,1D,49,8,5.0,0.6,0.6,-77.21351525637408,187.0277172845943,-82.49957047786444,-67.79,159.06,-51.8,-77.44932987309133,186.85277048105232,-82.43804745393894,42.47859103594965,0.5918340621644234
A_PA1_to_C1,1D,49,9,5.0,0.6,0.6,-77.21351525637408,187.0277172845943,-82.49957047786444,-67.79,159.06,-51.8,-76.97770063965683,187.2026640881363,-82.56109350178994,42.692719033196866,0.5255405645646665
A_PA1_to_C1,1D,49,10,5.0,0.6,0.6,-77.21351525637408,187.0277172845943,-82.49957047786444,-67.79,159.06,-51.8,-76.50607140622235,187.5525576952203,-82.68413954964093,42.91416806248863,0.45698049357650383
A_PA1_to_C1,1D,49,11,5.0,0.6,0.6,-77.21351525637408,187.0277172845943,-82.49957047786444,-67.79,159.06,-51.8,-76.03444217278786,187.90245130230429,-82.80718559749194,43.14282538897457,0.38618875163039235
A_PA1_to_C1,1D,49,12,5.0,0.6,0.6,-77.21351525637408,187.0277172845943,-82.49957047786444,-67.79,159.06,-51.8,-75.56281293935336,188.25234490938826,-82.93023164534293,43.37857702359053,0.31320062945826876
A_PA1_to_C1,1D,49,13,5.0,0.6,0.6,-77.21351525637408,187.0277172845943,-82.49957047786444,-67.79,159.06,-51.8,-75.09118370591888,188.60223851647226,-83.05327769319392,43.62130794278875,0.23805173806563218
A_PA1_to_C1,1D,49,14,5.0,0.6,0.6,-77.21351525637408,187.0277172845943,-82.49957047786444,-67.79,159.06,-51.8,-74.61955447248438,188.95213212355625,-83.17632374104492,43.87090230081477,0.16077794301113535
A_PA1_to_C1,1D,49,15,5.0,0.6,0.6,-77.21351525637408,187.0277172845943,-82.49957047786444,-67.79,159.06,-51.8,-74.1479252390499,189.30202573064025,-83.29936978889592,44.12724363401439,0.08141530115366713
A_PA1_to_C1,1D,49,16,5.0,0.6,0.6,-77.21351525637408,187.0277172845943,-82.49957047786444,-67.79,159.06,-51.8,-73.67629600561541,189.65191933772422,-83.42241583674692,44.390215056740736,0.0
A_PA1_to_C1,1D,50,1,5.0,0.6,0.6,-76.05515221567958,187.88020837156645,-82.79908752134475,-66.49,159.6,-51.8,-79.61444596297414,185.28217038860166,-81.88715185500521,41.67807174582745,0.9693392188784262
A_PA1_to_C1,1D,50,2,5.0,0.6,0.6,-76.05515221567958,187.88020837156645,-82.79908752134475,-66.49,159.6,-51.8,-79.13987346333487,185.62857545299696,-82.00874327718383,41.833888286143555,0.9210988039198806
A_PA1_to_C1,1D,50,3,5.0,0.6,0.6,-76.05515221567958,187.88020837156645,-82.79908752134475,-66.49,159.6,-51.8,-78.66530096369559,185.97498051739228,-82.13033469936242,41.99769938728475,0.8703832927306578
A_PA1_to_C1,1D,50,4,5.0,0.6,0.6,-76.05515221567958,187.88020837156645,-82.79908752134475,-66.49,159.6,-51.8,-78.19072846405632,186.32138558178758,-82.25192612154103,42.16941188245263,0.8172215295207863
A_PA1_to_C1,1D,50,5,5.0,0.6,0.6,-76.05515221567958,187.88020837156645,-82.79908752134475,-66.49,159.6,-51.8,-77.71615596441704,186.66779064618288,-82.37351754371963,42.34892965824678,0.7616432707609881
A_PA1_to_C1,1D,50,6,5.0,0.6,0.6,-76.05515221567958,187.88020837156645,-82.79908752134475,-66.49,159.6,-51.8,-77.24158346477776,187.01419571057818,-82.49510896589824,42.53615389155833,0.7036791118410033
A_PA1_to_C1,1D,50,7,5.0,0.6,0.6,-76.05515221567958,187.88020837156645,-82.79908752134475,-66.49,159.6,-51.8,-76.7670109651385,187.3606007749735,-82.61670038807684,42.7309832858259,0.6433604139253468
A_PA1_to_C1,1D,50,8,5.0,0.6,0.6,-76.05515221567958,187.88020837156645,-82.79908752134475,-66.49,159.6,-51.8,-76.29243846549922,187.7070058393688,-82.73829181025545,42.93331430556847,0.5807192313425062
A_PA1_to_C1,1D,50,9,5.0,0.6,0.6,-76.05515221567958,187.88020837156645,-82.79908752134475,-66.49,159.6,-51.8,-75.81786596585995,188.0534109037641,-82.85988323243404,43.14304140817993,0.5157882398219318
A_PA1_to_C1,1D,50,10,5.0,0.6,0.6,-76.05515221567958,187.88020837156645,-82.79908752134475,-66.49,159.6,-51.8,-75.34329346622067,188.3998159681594,-82.98147465461265,43.360057272046205,0.4486006658695256
A_PA1_to_C1,1D,50,11,5.0,0.6,0.6,-76.05515221567958,187.88020837156645,-82.79908752134475,-66.49,159.6,-51.8,-74.8687209665814,188.74622103255473,-83.10306607679125,43.58425302012559,0.37919021754773574
A_PA1_to_C1,1D,50,12,5.0,0.6,0.6,-76.05515221567958,187.88020837156645,-82.79908752134475,-66.49,159.6,-51.8,-74.39414846694213,189.09262609695003,-83.22465749896986,43.81551843821462,0.307591016900977
A_PA1_to_C1,1D,50,13,5.0,0.6,0.6,-76.05515221567958,187.88020837156645,-82.79908752134475,-66.49,159.6,-51.8,-73.91957596730285,189.43903116134533,-83.34624892114846,44.05374218720497,0.23383753424142562
A_PA1_to_C1,1D,50,14,5.0,0.6,0.6,-76.05515221567958,187.88020837156645,-82.79908752134475,-66.49,159.6,-51.8,-73.44500346766358,189.78543622574063,-83.46784034332707,44.29881200872006,0.157964524484429
A_PA1_to_C1,1D,50,15,5.0,0.6,0.6,-76.05515221567958,187.88020837156645,-82.79908752134475,-66.49,159.6,-51.8,-72.9704309680243,190.13184129013595,-83.58943176550567,44.55061492360257,0.08000696569727417
A_PA1_to_C1,1D,50,16,5.0,0.6,0.6,-76.05515221567958,187.88020837156645,-82.79908752134475,-66.49,159.6,-51.8,-72.49585846838502,190.47824635453125,-83.71102318768428,44.80903742280477,0.0
A_PA1_to_C1,1D,51,1,5.0,0.6,0.6,-74.88955223574898,188.72404937384064,-83.0949989297513,-65.19,160.14,-51.8,-78.47110849819137,186.15284488482098,-82.19424246177292,42.152887407240904,0.9488788951933369
A_PA1_to_C1,1D,51,2,5.0,0.6,0.6,-74.88955223574898,188.72404937384064,-83.0949989297513,-65.19,160.14,-51.8,-77.99356766319904,186.4956721500236,-82.31434332417003,42.30458542393445,0.9019135649476571
A_PA1_to_C1,1D,51,3,5.0,0.6,0.6,-74.88955223574898,188.72404937384064,-83.0949989297513,-65.19,160.14,-51.8,-77.51602682820673,186.83849941522624,-82.43444418656715,42.464219985941185,0.8524910999300914
A_PA1_to_C1,1D,51,4,5.0,0.6,0.6,-74.88955223574898,188.72404937384064,-83.0949989297513,-65.19,160.14,-51.8,-77.03848599321441,187.18132668042884,-82.55454504896427,42.63170193808645,0.8006391023618988
A_PA1_to_C1,1D,51,5,5.0,0.6,0.6,-74.88955223574898,188.72404937384064,-83.0949989297513,-65.19,160.14,-51.8,-76.5609451582221,187.52415394563147,-82.67464591136138,42.806939171836184,0.7463860888170899
A_PA1_to_C1,1D,51,6,5.0,0.6,0.6,-74.88955223574898,188.72404937384064,-83.0949989297513,-65.19,160.14,-51.8,-76.08340432322977,187.8669812108341,-82.7947467737585,42.98983684994306,0.6897614206725464
A_PA1_to_C1,1D,51,7,5.0,0.6,0.6,-74.88955223574898,188.72404937384064,-83.0949989297513,-65.19,160.14,-51.8,-75.60586348823746,188.2098084760367,-82.91484763615563,43.180297631074296,0.6307952345638039
A_PA1_to_C1,1D,51,8,5.0,0.6,0.6,-74.88955223574898,188.72404937384064,-83.0949989297513,-65.19,160.14,-51.8,-75.12832265324514,188.55263574123933,-83.03494849855274,43.378221893383305,0.5695183731678259
A_PA1_to_C1,1D,51,9,5.0,0.6,0.6,-74.88955223574898,188.72404937384064,-83.0949989297513,-65.19,160.14,-51.8,-74.65078181825282,188.89546300644196,-83.15504936094986,43.583507956049594,0.5059623166147951
A_PA1_to_C1,1D,51,10,5.0,0.6,0.6,-74.88955223574898,188.72404937384064,-83.0949989297513,-65.19,160.14,-51.8,-74.1732409832605,189.2382902716446,-83.27515022334697,43.796052297878134,0.4401591148102941
A_PA1_to_C1,1D,51,11,5.0,0.6,0.6,-74.88955223574898,188.72404937384064,-83.0949989297513,-65.19,160.14,-51.8,-73.69570014826819,189.5811175368472,-83.39525108574409,44.01574977212037,0.3721413209272484
A_PA1_to_C1,1D,51,12,5.0,0.6,0.6,-74.88955223574898,188.72404937384064,-83.0949989297513,-65.19,160.14,-51.8,-73.21815931327586,189.92394480204982,-83.51535194814122,44.24249381675217,0.30194192630439964
A_PA1_to_C1,1D,51,13,5.0,0.6,0.6,-74.88955223574898,188.72404937384064,-83.0949989297513,-65.19,160.14,-51.8,-72.74061847828355,190.26677206725245,-83.63545281053833,44.47617665951957,0.22959429696464895
A_PA1_to_C1,1D,51,14,5.0,0.6,0.6,-74.88955223574898,188.72404937384064,-83.0949989297513,-65.19,160.14,-51.8,-72.26307764329123,190.60959933245505,-83.75555367293545,44.716689517139244,0.15513211194307708
A_PA1_to_C1,1D,51,15,5.0,0.6,0.6,-74.88955223574898,188.72404937384064,-83.0949989297513,-65.19,160.14,-51.8,-71.78553680829891,190.95242659765768,-83.87565453533257,44.96392278811614,0.07858930359109628
A_PA1_to_C1,1D,51,16,5.0,0.6,0.6,-74.88955223574898,188.72404937384064,-83.0949989297513,-65.19,160.14,-51.8,-71.30799597330659,191.2952538628603,-83.99575539772968,45.217766238715384,0.0
A_PA1_to_C1,1D,52,1,5.0,0.6,0.6,-73.71665496632944,189.55901897357802,-83.38721635930006,-63.89,160.66,-51.8,-77.3206536424387,187.01533432554,-82.49791216278544,42.63036377780783,0.9286546701386929
A_PA1_to_C1,1D,52,2,5.0,0.6,0.6,-73.71665496632944,189.55901897357802,-83.38721635930006,-63.89,160.66,-51.8,-76.84012048562414,187.35449227861176,-82.61648605565406,42.77800078806122,0.8829466174286651
A_PA1_to_C1,1D,52,3,5.0,0.6,0.6,-73.71665496632944,189.55901897357802,-83.38721635930006,-63.89,160.66,-51.8,-76.35958732880957,187.69365023168348,-82.73505994852268,42.93351589397845,0.8347995258134233
A_PA1_to_C1,1D,52,4,5.0,0.6,0.6,-73.71665496632944,189.55901897357802,-83.38721635930006,-63.89,160.66,-51.8,-75.879054171995,188.03280818475523,-82.85363384139129,43.09682381120024,0.784239799119371
A_PA1_to_C1,1D,52,5,5.0,0.6,0.6,-73.71665496632944,189.55901897357802,-83.38721635930006,-63.89,160.66,-51.8,-75.39852101518044,188.37196613782694,-82.9722077342599,43.26783630144648,0.7312947556994818
A_PA1_to_C1,1D,52,6,5.0,0.6,0.6,-73.71665496632944,189.55901897357802,-83.38721635930006,-63.89,160.66,-51.8,-74.91798785836586,188.7111240908987,-83.09078162712852,43.446462385376165,0.6759925625323966
A_PA1_to_C1,1D,52,7,5.0,0.6,0.6,-73.71665496632944,189.55901897357802,-83.38721635930006,-63.89,160.66,-51.8,-74.43745470155129,189.0502820439704,-83.20935551999713,43.63260855597611,0.6183621691578001
A_PA1_to_C1,1D,52,8,5.0,0.6,0.6,-73.71665496632944,189.55901897357802,-83.38721635930006,-63.89,160.66,-51.8,-73.95692154473673,189.38943999704216,-83.32792941286574,43.82617899149064,0.5584332417539208
A_PA1_to_C1,1D,52,9,5.0,0.6,0.6,-73.71665496632944,189.55901897357802,-83.38721635930006,-63.89,160.66,-51.8,-73.47638838792216,189.72859795011388,-83.44650330573437,44.027075766956294,0.4962360976469089
A_PA1_to_C1,1D,52,10,5.0,0.6,0.6,-73.71665496632944,189.55901897357802,-83.38721635930006,-63.89,160.66,-51.8,-72.9958552311076,190.06775590318563,-83.56507719860298,44.23519906346581,0.43180164052322034
A_PA1_to_C1,1D,52,11,5.0,0.6,0.6,-73.71665496632944,189.55901897357802,-83.38721635930006,-63.89,160.66,-51.8,-72.51532207429302,190.40691385625735,-83.68365109147159,44.45044737434686,0.36516129659719887
A_PA1_to_C1,1D,52,12,5.0,0.6,0.6,-73.71665496632944,189.55901897357802,-83.38721635930006,-63.89,160.66,-51.8,-72.03478891747845,190.7460718093291,-83.80222498434021,44.6727177075082,0.2963469519652051
A_PA1_to_C1,1D,52,13,5.0,0.6,0.6,-73.71665496632944,189.55901897357802,-83.38721635930006,-63.89,160.66,-51.8,-71.55425576066389,191.08522976240081,-83.92079887720882,44.90190578327216,0.22539089135716495
A_PA1_to_C1,1D,52,14,5.0,0.6,0.6,-73.71665496632944,189.55901897357802,-83.38721635930006,-63.89,160.66,-51.8,-71.07372260384932,191.42438771547256,-84.03937277007743,45.137906227083526,0.15232573847439035
A_PA1_to_C1,1D,52,15,5.0,0.6,0.6,-73.71665496632944,189.55901897357802,-83.38721635930006,-63.89,160.66,-51.8,-70.59318944703475,191.76354566854428,-84.15794666294605,45.380612756551876,0.0771843980817124
A_PA1_to_C1,1D,52,16,5.0,0.6,0.6,-73.71665496632944,189.55901897357802,-83.38721635930006,-63.89,160.66,-51.8,-70.11265629022019,192.10270362161603,-84.27652055581467,45.62991836235581,0.0
A_PA1_to_C1,1D,53,1,5.0,0.6,0.6,-72.53640296667295,190.38489062496797,-83.67564995326215,-62.58,161.18,-51.8,-76.1630153308231,187.86942849367023,-82.79807771908409,43.10109883836477,0.9076538611469438
A_PA1_to_C1,1D,53,2,5.0,0.6,0.6,-72.53640296667295,190.38489062496797,-83.67564995326215,-62.58,161.18,-51.8,-75.67946701560308,188.2048234445099,-82.91508735030783,43.24448842473561,0.8632608003510196
A_PA1_to_C1,1D,53,3,5.0,0.6,0.6,-72.53640296667295,190.38489062496797,-83.67564995326215,-62.58,161.18,-51.8,-75.19591870038306,188.54021839534963,-83.03209698153157,43.395700675985125,0.8164458618836754
A_PA1_to_C1,1D,53,4,5.0,0.6,0.6,-72.53640296667295,190.38489062496797,-83.67564995326215,-62.58,161.18,-51.8,-74.71237038516304,188.8756133461893,-83.14910661275532,43.55465411643513,0.7672342704130859
A_PA1_to_C1,1D,53,5,5.0,0.6,0.6,-72.53640296667295,190.38489062496797,-83.67564995326215,-62.58,161.18,-51.8,-74.22882206994302,189.21100829702903,-83.26611624397906,43.72126431434599,0.7156521657967225
A_PA1_to_C1,1D,53,6,5.0,0.6,0.6,-72.53640296667295,190.38489062496797,-83.67564995326215,-62.58,161.18,-51.8,-73.745273754723,189.5464032478687,-83.3831258752028,43.895444083498084,0.6617265406722339
A_PA1_to_C1,1D,53,7,5.0,0.6,0.6,-72.53640296667295,190.38489062496797,-83.67564995326215,-62.58,161.18,-51.8,-73.26172543950298,189.88179819870842,-83.50013550642655,44.077103685815295,0.6054851777257291
A_PA1_to_C1,1D,53,8,5.0,0.6,0.6,-72.53640296667295,190.38489062496797,-83.67564995326215,-62.58,161.18,-51.8,-72.77817712428296,190.2171931495481,-83.61714513765028,44.26615103408828,0.546956586929138
A_PA1_to_C1,1D,53,9,5.0,0.6,0.6,-72.53640296667295,190.38489062496797,-83.67564995326215,-62.58,161.18,-51.8,-72.29462880906294,190.55258810038782,-83.73415476887402,44.462491893902204,0.48616994302389926
A_PA1_to_C1,1D,53,10,5.0,0.6,0.6,-72.53640296667295,190.38489062496797,-83.67564995326215,-62.58,161.18,-51.8,-71.81108049384292,190.8879830512275,-83.85116440009776,44.66603008392308,0.4231550235127912
A_PA1_to_C1,1D,53,11,5.0,0.6,0.6,-72.53640296667295,190.38489062496797,-83.67564995326215,-62.58,161.18,-51.8,-71.3275321786229,191.22337800206722,-83.96817403132151,44.876667673753666,0.3579421474042519
A_PA1_to_C1,1D,53,12,5.0,0.6,0.6,-72.53640296667295,190.38489062496797,-83.67564995326215,-62.58,161.18,-51.8,-70.84398386340288,191.5587729529069,-84.08518366254525,45.09430517862682,0.2905621149357831
A_PA1_to_C1,1D,53,13,5.0,0.6,0.6,-72.53640296667295,190.38489062496797,-83.67564995326215,-62.58,161.18,-51.8,-70.36043554818286,191.89416790374662,-84.20219329376899,45.3188417502669,0.2210461484837456
A_PA1_to_C1,1D,53,14,5.0,0.6,0.6,-72.53640296667295,190.38489062496797,-83.67564995326215,-62.58,161.18,-51.8,-69.87688723296284,192.2295628545863,-84.31920292499274,45.55017536331049,0.14942583484796046
A_PA1_to_C1,1D,53,15,5.0,0.6,0.6,-72.53640296667295,190.38489062496797,-83.67564995326215,-62.58,161.18,-51.8,-69.39333891774282,192.56495780542602,-84.43621255621647,45.788202996742974,0.07573306907938893
A_PA1_to_C1,1D,53,16,5.0,0.6,0.6,-72.53640296667295,190.38489062496797,-83.67564995326215,-62.58,161.18,-51.8,-68.9097906025228,192.9003527562657,-84.55322218744021,46.0328208098694,0.0
A_PA1_to_C1,1D,54,1,5.0,0.6,0.6,-71.34874150332857,191.201432346799,-83.96020704576206,-61.26,161.68,-51.8,-74.99812649943613,188.71490802025428,-83.0946517767663,43.57726013882906,0.8863037675889256
A_PA1_to_C1,1D,54,2,5.0,0.6,0.6,-71.34874150332857,191.201432346799,-83.96020704576206,-61.26,161.68,-51.8,-74.51154183328845,189.0464445971269,-83.21005914596573,43.71632951655566,0.8432482326890494
A_PA1_to_C1,1D,54,3,5.0,0.6,0.6,-71.34874150332857,191.201432346799,-83.96020704576206,-61.26,161.68,-51.8,-74.02495716714077,189.37798117399953,-83.32546651516516,43.86316600056328,0.797788020921983
A_PA1_to_C1,1D,54,4,5.0,0.6,0.6,-71.34874150332857,191.201432346799,-83.96020704576206,-61.26,161.68,-51.8,-73.5383725009931,189.70951775087218,-83.4408738843646,44.017691861180865,0.7499471972013705
A_PA1_to_C1,1D,54,5,5.0,0.6,0.6,-71.34874150332857,191.201432346799,-83.96020704576206,-61.26,161.68,-51.8,-73.05178783484543,190.0410543277448,-83.55628125356404,44.179826414085916,0.699750741193613
A_PA1_to_C1,1D,54,6,5.0,0.6,0.6,-71.34874150332857,191.201432346799,-83.96020704576206,-61.26,161.68,-51.8,-72.56520316869775,190.37259090461743,-83.67168862276347,44.349486210909575,0.6472244883070317
A_PA1_to_C1,1D,54,7,5.0,0.6,0.6,-71.34874150332857,191.201432346799,-83.96020704576206,-61.26,161.68,-51.8,-72.07861850255009,190.70412748149008,-83.78709599196291,44.526585231348655,0.5923950702144385
A_PA1_to_C1,1D,54,8,5.0,0.6,0.6,-71.34874150332857,191.201432346799,-83.96020704576206,-61.26,161.68,-51.8,-71.59203383640241,191.0356640583627,-83.90250336116235,44.71103507588984,0.5352898551862069
A_PA1_to_C1,1D,54,9,5.0,0.6,0.6,-71.34874150332857,191.201432346799,-83.96020704576206,-61.26,161.68,-51.8,-71.10544917025473,191.36720063523532,-84.01791073036178,44.90274515829012,0.4759368884988149
A_PA1_to_C1,1D,54,10,5.0,0.6,0.6,-71.34874150332857,191.201432346799,-83.96020704576206,-61.26,161.68,-51.8,-70.61886450410705,191.69873721210794,-84.13331809956121,45.10162289700052,0.4143648331705183
A_PA1_to_C1,1D,54,11,5.0,0.6,0.6,-71.34874150332857,191.201432346799,-83.96020704576206,-61.26,161.68,-51.8,-70.13227983795939,192.0302737889806,-84.24872546876065,45.30757390476938,0.350602911260653
A_PA1_to_C1,1D,54,12,5.0,0.6,0.6,-71.34874150332857,191.201432346799,-83.96020704576206,-61.26,161.68,-51.8,-69.64569517181171,192.36181036585322,-84.36413283796008,45.520502175712366,0.2846808459532273
A_PA1_to_C1,1D,54,13,5.0,0.6,0.6,-71.34874150332857,191.201432346799,-83.96020704576206,-61.26,161.68,-51.8,-69.15911050566403,192.69334694272584,-84.47954020715952,45.74031026919176,0.21662880462833733
A_PA1_to_C1,1D,54,14,5.0,0.6,0.6,-71.34874150332857,191.201432346799,-83.96020704576206,-61.26,161.68,-51.8,-68.67252583951637,193.0248835195985,-84.59494757635896,45.96689948990281,0.14647734310788962
A_PA1_to_C1,1D,54,15,5.0,0.6,0.6,-71.34874150332857,191.201432346799,-83.96020704576206,-61.26,161.68,-51.8,-68.18594117336869,193.3564200964711,-84.7103549455584,46.20017006362338,0.07425735124393462
A_PA1_to_C1,1D,54,16,5.0,0.6,0.6,-71.34874150332857,191.201432346799,-83.96020704576206,-61.26,161.68,-51.8,-67.69935650722101,193.68795667334373,-84.82576231475782,46.44002130814129,0.0
A_PA1_to_C1,1D,55,1,5.0,0.6,0.6,-70.15362113228008,192.0084093828919,-84.24079431973101,-59.94,162.18,-51.8,-73.82592651149047,189.5515530081318,-83.38754760533764,44.043092907730205,0.8647084152092024
A_PA1_to_C1,1D,55,2,5.0,0.6,0.6,-70.15362113228008,192.0084093828919,-84.24079431973101,-59.94,162.18,-51.8,-73.33628579426242,189.8791338580998,-83.50131383392342,44.1777748236304,0.8230112276240025
A_PA1_to_C1,1D,55,3,5.0,0.6,0.6,-70.15362113228008,192.0084093828919,-84.24079431973101,-59.94,162.18,-51.8,-72.84664507703437,190.20671470806784,-83.61508006250921,44.320170846419714,0.7789257716520783
A_PA1_to_C1,1D,55,4,5.0,0.6,0.6,-70.15362113228008,192.0084093828919,-84.24079431973101,-59.94,162.18,-51.8,-72.35700435980631,190.53429555803584,-83.72884629109498,44.47020687318948,0.7324749893704166
A_PA1_to_C1,1D,55,5,5.0,0.6,0.6,-70.15362113228008,192.0084093828919,-84.24079431973101,-59.94,162.18,-51.8,-71.86736364257825,190.86187640800384,-83.84261251968077,44.62780584829046,0.6836827370171736
A_PA1_to_C1,1D,55,6,5.0,0.6,0.6,-70.15362113228008,192.0084093828919,-84.24079431973101,-59.94,162.18,-51.8,-71.37772292535021,191.18945725797187,-83.95637874826656,44.792887943524555,0.6325737292047595
A_PA1_to_C1,1D,55,7,5.0,0.6,0.6,-70.15362113228008,192.0084093828919,-84.24079431973101,-59.94,162.18,-51.8,-70.88808220812216,191.51703810793987,-84.07014497685233,44.96537074026617,0.5791734825355306
A_PA1_to_C1,1D,55,8,5.0,0.6,0.6,-70.15362113228008,192.0084093828919,-84.24079431973101,-59.94,162.18,-51.8,-70.3984414908941,191.8446189579079,-84.18391120543812,45.145169412662796,0.5235082588833233
A_PA1_to_C1,1D,55,9,5.0,0.6,0.6,-70.15362113228008,192.0084093828919,-84.24079431973101,-59.94,162.18,-51.8,-69.90880077366606,192.1721998078759,-84.2976774340239,45.33219691109689,0.4656050085941299
A_PA1_to_C1,1D,55,10,5.0,0.6,0.6,-70.15362113228008,192.0084093828919,-84.24079431973101,-59.94,162.18,-51.8,-69.419160056438,192.49978065784393,-84.41144366260968,45.52636414512916,0.405491313847298
A_PA1_to_C1,1D,55,11,5.0,0.6,0.6,-70.15362113228008,192.0084093828919,-84.24079431973101,-59.94,162.18,-51.8,-68.92951933920995,192.82736150781193,-84.52520989119546,45.72758016518411,0.3431953324061361
A_PA1_to_C1,1D,55,12,5.0,0.6,0.6,-70.15362113228008,192.0084093828919,-84.24079431973101,-59.94,162.18,-51.8,-68.4398786219819,193.15494235777996,-84.63897611978125,45.9357523422854,0.2787457419723012
A_PA1_to_C1,1D,55,13,5.0,0.6,0.6,-70.15362113228008,192.0084093828919,-84.24079431973101,-59.94,162.18,-51.8,-67.95023790475385,193.48252320774796,-84.75274234836704,46.1507865451957,0.21217168534372455
A_PA1_to_C1,1D,55,14,5.0,0.6,0.6,-70.15362113228008,192.0084093828919,-84.24079431973101,-59.94,162.18,-51.8,-67.46059718752579,193.81010405771596,-84.86650857695281,46.37258731436768,0.14350271655982993
A_PA1_to_C1,1D,55,15,5.0,0.6,0.6,-70.15362113228008,192.0084093828919,-84.24079431973101,-59.94,162.18,-51.8,-66.97095647029774,194.137684907684,-84.9802748055386,46.601058032163756,0.07276874820191104
A_PA1_to_C1,1D,55,16,5.0,0.6,0.6,-70.15362113228008,192.0084093828919,-84.24079431973101,-59.94,162.18,-51.8,-66.4813157530697,194.465265757652,-85.09404103412437,46.836101088855926,0.0
A_PA1_to_C1,1D,56,1,5.0,0.6,0.6,-68.95099439080366,192.80558006060818,-84.51731481171478,-58.62,162.66,-51.8,-72.64635766153818,190.37913981320776,-83.67667337620158,44.51080460704557,0.8432707956977694
A_PA1_to_C1,1D,56,2,5.0,0.6,0.6,-68.95099439080366,192.80558006060818,-84.51731481171478,-58.62,162.66,-51.8,-72.15364255877357,190.70266517952783,-83.78875890093667,44.64113850812953,0.8029197427305999
A_PA1_to_C1,1D,56,3,5.0,0.6,0.6,-68.95099439080366,192.80558006060818,-84.51731481171478,-58.62,162.66,-51.8,-71.66092745600898,191.02619054584787,-83.90084442567176,44.779133174252266,0.7601969358814564
A_PA1_to_C1,1D,56,4,5.0,0.6,0.6,-68.95099439080366,192.80558006060818,-84.51731481171478,-58.62,162.66,-51.8,-71.16821235324437,191.34971591216794,-84.01292995040686,44.9247180110553,0.7151242309888772
A_PA1_to_C1,1D,56,5,5.0,0.6,0.6,-68.95099439080366,192.80558006060818,-84.51731481171478,-58.62,162.66,-51.8,-70.67549725047976,191.67324127848798,-84.12501547514195,45.07781947818962,0.6677243959627717
A_PA1_to_C1,1D,56,6,5.0,0.6,0.6,-68.95099439080366,192.80558006060818,-84.51731481171478,-58.62,162.66,-51.8,-70.18278214771516,191.99676664480805,-84.23710099987704,45.23836125948493,0.6180210581004442
A_PA1_to_C1,1D,56,7,5.0,0.6,0.6,-68.95099439080366,192.80558006060818,-84.51731481171478,-58.62,162.66,-51.8,-69.69006704495057,192.3202920111281,-84.34918652461214,45.40626443541774,0.5660386506909063
A_PA1_to_C1,1D,56,8,5.0,0.6,0.6,-68.95099439080366,192.80558006060818,-84.51731481171478,-58.62,162.66,-51.8,-69.19735194218596,192.64381737744816,-84.46127204934723,45.58144765707314,0.5118023591567269
A_PA1_to_C1,1D,56,9,5.0,0.6,0.6,-68.95099439080366,192.80558006060818,-84.51731481171478,-58.62,162.66,-51.8,-68.70463683942135,192.9673427437682,-84.57335757408234,45.7638273208209,0.45533806697475754
A_PA1_to_C1,1D,56,10,5.0,0.6,0.6,-68.95099439080366,192.80558006060818,-84.51731481171478,-58.62,162.66,-51.8,-68.21192173665675,193.29086811008827,-84.68544309881743,45.95331774295878,0.3966723016069942
A_PA1_to_C1,1D,56,11,5.0,0.6,0.6,-68.95099439080366,192.80558006060818,-84.51731481171478,-58.62,162.66,-51.8,-67.71920663389216,193.6143934764083,-84.79752862355252,46.14983133361101,0.335832180662031
A_PA1_to_C1,1D,56,12,5.0,0.6,0.6,-68.95099439080366,192.80558006060818,-84.51731481171478,-58.62,162.66,-51.8,-67.22649153112755,193.93791884272838,-84.90961414828762,46.35327876921072,0.27284535849493885
A_PA1_to_C1,1D,56,13,5.0,0.6,0.6,-68.95099439080366,192.80558006060818,-84.51731481171478,-58.62,162.66,-51.8,-66.73377642836294,194.26144420904842,-85.02169967302271,46.56356916293655,0.20773997344049988
A_PA1_to_C1,1D,56,14,5.0,0.6,0.6,-68.95099439080366,192.80558006060818,-84.51731481171478,-58.62,162.66,-51.8,-66.24106132559834,194.5849695753685,-85.1337851977578,46.780610232520395,0.14054459586036394
A_PA1_to_C1,1D,56,15,5.0,0.6,0.6,-68.95099439080366,192.80558006060818,-84.51731481171478,-58.62,162.66,-51.8,-65.74834622283375,194.90849494168853,-85.2458707224929,47.00430846488869,0.07128817717048896
A_PA1_to_C1,1D,56,16,5.0,0.6,0.6,-68.95099439080366,192.80558006060818,-84.51731481171478,-58.62,162.66,-51.8,-65.25563112006914,195.2320203080086,-85.35795624722799,47.23456927714937,0.0
A_PA1_to_C1,1D,57,1,5.0,0.6,0.6,-67.7408184239931,193.59269790109772,-84.78967186808131,-57.3,163.13,-51.8,-71.459372375695,191.19744826626567,-83.9619426278589,44.97399283864823,0.8217513637313196
A_PA1_to_C1,1D,57,2,5.0,0.6,0.6,-67.7408184239931,193.59269790109772,-84.78967186808131,-57.3,163.13,-51.8,-70.96356518213474,191.51681488424327,-84.07230652655522,45.09995611198175,0.7827534462906023
A_PA1_to_C1,1D,57,3,5.0,0.6,0.6,-67.7408184239931,193.59269790109772,-84.78967186808131,-57.3,163.13,-51.8,-70.46775798857449,191.83618150222088,-84.18267042525154,45.233527949459976,0.7413999362354229
A_PA1_to_C1,1D,57,4,5.0,0.6,0.6,-67.7408184239931,193.59269790109772,-84.78967186808131,-57.3,163.13,-51.8,-69.97195079501424,192.1555481201985,-84.29303432394786,45.374641157881065,0.6977116364146525
A_PA1_to_C1,1D,57,5,5.0,0.6,0.6,-67.7408184239931,193.59269790109772,-84.78967186808131,-57.3,163.13,-51.8,-69.47614360145398,192.4749147381761,-84.40339822264419,45.52322560691819,0.651710259003778
A_PA1_to_C1,1D,57,6,5.0,0.6,0.6,-67.7408184239931,193.59269790109772,-84.78967186808131,-57.3,163.13,-51.8,-68.98033640789373,192.7942813561537,-84.5137621213405,45.6792083897069,0.6034183757874594
A_PA1_to_C1,1D,57,7,5.0,0.6,0.6,-67.7408184239931,193.59269790109772,-84.78967186808131,-57.3,163.13,-51.8,-68.48452921433348,193.1136479741313,-84.62412602003683,45.84251398606065,0.5528593676284022
A_PA1_to_C1,1D,57,8,5.0,0.6,0.6,-67.7408184239931,193.59269790109772,-84.78967186808131,-57.3,163.13,-51.8,-67.98872202077322,193.43301459210892,-84.73448991873315,46.01306442755214,0.5000573733585938
A_PA1_to_C1,1D,57,9,5.0,0.6,0.6,-67.7408184239931,193.59269790109772,-84.78967186808131,-57.3,163.13,-51.8,-67.49291482721299,193.75238121008653,-84.84485381742948,46.19077946371941,0.4450372383222856
A_PA1_to_C1,1D,57,10,5.0,0.6,0.6,-67.7408184239931,193.59269790109772,-84.78967186808131,-57.3,163.13,-51.8,-66.99710763365273,194.07174782806413,-84.9552177161258,46.37557672868188,0.3878244627921106
A_PA1_to_C1,1D,57,11,5.0,0.6,0.6,-67.7408184239931,193.59269790109772,-84.78967186808131,-57.3,163.13,-51.8,-66.50130044009248,194.39111444604174,-85.06558161482212,46.56737190748215,0.32844515047004563
A_PA1_to_C1,1D,57,12,5.0,0.6,0.6,-67.7408184239931,193.59269790109772,-84.78967186808131,-57.3,163.13,-51.8,-66.00549324653223,194.71048106401935,-85.17594551351844,46.76607890150354,0.2669259572745677
A_PA1_to_C1,1D,57,13,5.0,0.6,0.6,-67.7408184239931,193.59269790109772,-84.78967186808131,-57.3,163.13,-51.8,-65.50968605297197,195.02984768199696,-85.28630941221476,46.97160999235126,0.20329404060344558
A_PA1_to_C1,1D,57,14,5.0,0.6,0.6,-67.7408184239931,193.59269790109772,-84.78967186808131,-57.3,163.13,-51.8,-65.01387885941172,195.34921429997456,-85.39667331091108,47.1838760036249,0.13757700924937843
A_PA1_to_C1,1D,57,15,5.0,0.6,0.6,-67.7408184239931,193.59269790109772,-84.78967186808131,-57.3,163.13,-51.8,-64.51807166585147,195.66858091795217,-85.5070372096074,47.40278646005261,0.06980287413244035
A_PA1_to_C1,1D,57,16,5.0,0.6,0.6,-67.7408184239931,193.59269790109772,-84.78967186808131,-57.3,163.13,-51.8,-64.02226447229121,195.98794753592978,-85.61740110830372,47.62824974350039,0.0
A_PA1_to_C1,1D,58,1,5.0,0.6,0.6,-66.52304882046394,194.36950405264457,-85.05776186945315,-55.97,163.59,-51.8,-70.26535832560066,192.00685257490966,-84.24351524678869,45.43629013784114,0.7991687394656584
A_PA1_to_C1,1D,58,2,5.0,0.6,0.6,-66.52304882046394,194.36950405264457,-85.05776186945315,-55.97,163.59,-51.8,-69.76638372491576,192.321872771941,-84.35208146314395,45.557641778863896,0.7615985719663527
A_PA1_to_C1,1D,58,3,5.0,0.6,0.6,-66.52304882046394,194.36950405264457,-85.05776186945315,-55.97,163.59,-51.8,-69.26740912423087,192.63689296897232,-84.46064767949922,45.68655149398442,0.7216884434460678
A_PA1_to_C1,1D,58,4,5.0,0.6,0.6,-66.52304882046394,194.36950405264457,-85.05776186945315,-55.97,163.59,-51.8,-68.76843452354596,192.95191316600364,-84.56921389585447,45.82295549583956,0.6794581023144453
A_PA1_to_C1,1D,58,5,5.0,0.6,0.6,-66.52304882046394,194.36950405264457,-85.05776186945315,-55.97,163.59,-51.8,-68.26945992286107,193.26693336303495,-84.67778011220973,45.96678706778294,0.6349282038799622
A_PA1_to_C1,1D,58,6,5.0,0.6,0.6,-66.52304882046394,194.36950405264457,-85.05776186945315,-55.97,163.59,-51.8,-67.77048532217619,193.58195356006627,-84.78634632856499,46.11797671511729,0.5881202635287703
A_PA1_to_C1,1D,58,7,5.0,0.6,0.6,-66.52304882046394,194.36950405264457,-85.05776186945315,-55.97,163.59,-51.8,-67.27151072149128,193.89697375709758,-84.89491254492026,46.27645231926605,0.5390566089935493
A_PA1_to_C1,1D,58,8,5.0,0.6,0.6,-66.52304882046394,194.36950405264457,-85.05776186945315,-55.97,163.59,-51.8,-66.7725361208064,194.2119939541289,-85.00347876127552,46.442139294163745,0.4877603319354389
A_PA1_to_C1,1D,58,9,5.0,0.6,0.6,-66.52304882046394,194.36950405264457,-85.05776186945315,-55.97,163.59,-51.8,-66.27356152012149,194.52701415116024,-85.11204497763077,46.61496074416146,0.4342552390568901
A_PA1_to_C1,1D,58,10,5.0,0.6,0.6,-66.52304882046394,194.36950405264457,-85.05776186945315,-55.97,163.59,-51.8,-65.7745869194366,194.84203434819156,-85.22061119398603,46.794837622764724,0.37856580295680864
A_PA1_to_C1,1D,58,11,5.0,0.6,0.6,-66.52304882046394,194.36950405264457,-85.05776186945315,-55.97,163.59,-51.8,-65.2756123187517,195.15705454522288,-85.3291774103413,46.98168889154711,0.3207171129313018
A_PA1_to_C1,1D,58,12,5.0,0.6,0.6,-66.52304882046394,194.36950405264457,-85.05776186945315,-55.97,163.59,-51.8,-64.77663771806681,195.4720747422542,-85.43774362669656,47.175431678611325,0.2607348259145166
A_PA1_to_C1,1D,58,13,5.0,0.6,0.6,-66.52304882046394,194.36950405264457,-85.05776186945315,-55.97,163.59,-51.8,-64.27766311738192,195.7870949392855,-85.54630984305182,47.37598143600329,0.19864511774362903
A_PA1_to_C1,1D,58,14,5.0,0.6,0.6,-66.52304882046394,194.36950405264457,-85.05776186945315,-55.97,163.59,-51.8,-63.77868851669702,196.10211513631683,-85.65487605940707,47.58325209551919,0.13447463492136968
A_PA1_to_C1,1D,58,15,5.0,0.6,0.6,-66.52304882046394,194.36950405264457,-85.05776186945315,-55.97,163.59,-51.8,-63.27971391601212,196.41713533334814,-85.76344227576234,47.79715622238352,0.06825044703767702
A_PA1_to_C1,1D,58,16,5.0,0.6,0.6,-66.52304882046394,194.36950405264457,-85.05776186945315,-55.97,163.59,-51.8,-62.780739315327224,196.7321555303795,-85.8720084921176,48.017605166315214,0.0
A_PA1_to_C1,1D,59,1,5.0,0.6,0.6,-65.29736445794792,195.13533624133382,-85.32131526549605,-54.63,164.04,-51.8,-69.06357853280836,192.80617860958085,-84.52090520260948,45.89639265061265,0.7758893953010837
A_PA1_to_C1,1D,59,2,5.0,0.6,0.6,-65.29736445794792,195.13533624133382,-85.32131526549605,-54.63,164.04,-51.8,-68.5614166561603,193.11673296048124,-84.6276265443277,46.012974629299144,0.7397959034476784
A_PA1_to_C1,1D,59,3,5.0,0.6,0.6,-65.29736445794792,195.13533624133382,-85.32131526549605,-54.63,164.04,-51.8,-68.05925477951224,193.42728731138166,-84.73434788604591,46.137065469466556,0.7013776866775814
A_PA1_to_C1,1D,59,4,5.0,0.6,0.6,-65.29736445794792,195.13533624133382,-85.32131526549605,-54.63,164.04,-51.8,-67.55709290286418,193.73784166228205,-84.84106922776411,46.26860475561326,0.6606534494804599
A_PA1_to_C1,1D,59,5,5.0,0.6,0.6,-65.29736445794792,195.13533624133382,-85.32131526549605,-54.63,164.04,-51.8,-67.05493102621612,194.04839601318244,-84.94779056948232,46.40752915129692,0.6176428006619901
A_PA1_to_C1,1D,59,6,5.0,0.6,0.6,-65.29736445794792,195.13533624133382,-85.32131526549605,-54.63,164.04,-51.8,-66.55276914956806,194.35895036408283,-85.05451191120054,46.553772541285944,0.5723662093341186
A_PA1_to_C1,1D,59,7,5.0,0.6,0.6,-65.29736445794792,195.13533624133382,-85.32131526549605,-54.63,164.04,-51.8,-66.05060727292,194.66950471498322,-85.16123325291873,46.70726617693551,0.5248449599070071
A_PA1_to_C1,1D,59,8,5.0,0.6,0.6,-65.29736445794792,195.13533624133382,-85.32131526549605,-54.63,164.04,-51.8,-65.54844539627194,194.9800590658836,-85.26795459463695,46.867938824108954,0.47510110629293933
A_PA1_to_C1,1D,59,9,5.0,0.6,0.6,-65.29736445794792,195.13533624133382,-85.32131526549605,-54.63,164.04,-51.8,-65.0462835196239,195.29061341678403,-85.37467593635516,47.03571691297728,0.4231574255287516
A_PA1_to_C1,1D,59,10,5.0,0.6,0.6,-65.29736445794792,195.13533624133382,-85.32131526549605,-54.63,164.04,-51.8,-64.54412164297584,195.60116776768442,-85.48139727807337,47.21052468904632,0.36903737101821044
A_PA1_to_C1,1D,59,11,5.0,0.6,0.6,-65.29736445794792,195.13533624133382,-85.32131526549605,-54.63,164.04,-51.8,-64.04195976632778,195.9117221185848,-85.58811861979157,47.39228436478207,0.3127650255891865
A_PA1_to_C1,1D,59,12,5.0,0.6,0.6,-65.29736445794792,195.13533624133382,-85.32131526549605,-54.63,164.04,-51.8,-63.53979788967972,196.2222764694852,-85.69483996150979,47.58091627122877,0.25436505455305713
A_PA1_to_C1,1D,59,13,5.0,0.6,0.6,-65.29736445794792,195.13533624133382,-85.32131526549605,-54.63,164.04,-51.8,-63.03763601303166,196.53283082038558,-85.801561303228,47.77633900904294,0.1938626589449548
A_PA1_to_C1,1D,59,14,5.0,0.6,0.6,-65.29736445794792,195.13533624133382,-85.32131526549605,-54.63,164.04,-51.8,-62.5354741363836,196.84338517128597,-85.9082826449462,47.97846959839708,0.1312835291139507
A_PA1_to_C1,1D,59,15,5.0,0.6,0.6,-65.29736445794792,195.13533624133382,-85.32131526549605,-54.63,164.04,-51.8,-62.03331225973554,197.1539395221864,-86.01500398666441,48.18722362723994,0.06665379882204547
A_PA1_to_C1,1D,59,16,5.0,0.6,0.6,-65.29736445794792,195.13533624133382,-85.32131526549605,-54.63,164.04,-51.8,-61.53115038308748,197.46449387308678,-86.12172532838262,48.402515397435145,0.0
A_PA1_to_C1,1D,60,1,5.0,0.6,0.6,-64.06398870106675,195.89027226448488,-85.58037062872329,-53.3,164.48,-51.8,-67.85380466944778,193.5948947110095,-84.79389951494643,46.34746734819489,0.7533855412710686
A_PA1_to_C1,1D,60,2,5.0,0.6,0.6,-64.06398870106675,195.89027226448488,-85.58037062872329,-53.3,164.48,-51.8,-67.34849587366365,193.90094505147286,-84.89876233011668,46.45944803610652,0.7187165976451748
A_PA1_to_C1,1D,60,3,5.0,0.6,0.6,-64.06398870106675,195.89027226448488,-85.58037062872329,-53.3,164.48,-51.8,-66.8431870778795,194.20699539193626,-85.00362514528693,46.578888931010084,0.6817379924118754
A_PA1_to_C1,1D,60,4,5.0,0.6,0.6,-64.06398870106675,195.89027226448488,-85.58037062872329,-53.3,164.48,-51.8,-66.33787828209537,194.51304573239963,-85.10848796045718,46.70573279882315,0.6424674451013281
A_PA1_to_C1,1D,60,5,5.0,0.6,0.6,-64.06398870106675,195.89027226448488,-85.58037062872329,-53.3,164.48,-51.8,-65.83256948631123,194.81909607286303,-85.21335077562742,46.83991949718482,0.6009235756395093
A_PA1_to_C1,1D,60,6,5.0,0.6,0.6,-64.06398870106675,195.89027226448488,-85.58037062872329,-53.3,164.48,-51.8,-65.3272606905271,195.1251464133264,-85.31821359079767,46.9813861090799,0.557125862978495
A_PA1_to_C1,1D,60,7,5.0,0.6,0.6,-64.06398870106675,195.89027226448488,-85.58037062872329,-53.3,164.48,-51.8,-64.82195189474295,195.4311967537898,-85.42307640596792,47.13006707992401,0.5110946026552412
A_PA1_to_C1,1D,60,8,5.0,0.6,0.6,-64.06398870106675,195.89027226448488,-85.58037062872329,-53.3,164.48,-51.8,-64.31664309895882,195.73724709425318,-85.52793922113817,47.28589435747014,0.46285086347687177
A_PA1_to_C1,1D,60,9,5.0,0.6,0.6,-64.06398870106675,195.89027226448488,-85.58037062872329,-53.3,164.48,-51.8,-63.81133430317468,196.04329743471658,-85.6328020363084,47.44879753390509,0.41241644352797024
A_PA1_to_C1,1D,60,10,5.0,0.6,0.6,-64.06398870106675,195.89027226448488,-85.58037062872329,-53.3,164.48,-51.8,-63.306025507390544,196.34934777517995,-85.73766485147866,47.61870398951664,0.35981382569157816
A_PA1_to_C1,1D,60,11,5.0,0.6,0.6,-64.06398870106675,195.89027226448488,-85.58037062872329,-53.3,164.48,-51.8,-62.800716711606405,196.65539811564335,-85.8425276666489,47.795539037329625,0.30506613287022155
A_PA1_to_C1,1D,60,12,5.0,0.6,0.6,-64.06398870106675,195.89027226448488,-85.58037062872329,-53.3,164.48,-51.8,-62.29540791582227,196.96144845610672,-85.94739048181916,47.97922606812859,0.24819708308726085
A_PA1_to_C1,1D,60,13,5.0,0.6,0.6,-64.06398870106675,195.89027226448488,-85.58037062872329,-53.3,164.48,-51.8,-61.79009912003813,197.26749879657012,-86.05225329698939,48.169686695309544,0.1892309446411442
A_PA1_to_C1,1D,60,14,5.0,0.6,0.6,-64.06398870106675,195.89027226448488,-85.58037062872329,-53.3,164.48,-51.8,-61.28479032425399,197.5735491370335,-86.15711611215964,48.36684089902886,0.12819249147726985
A_PA1_to_C1,1D,60,15,5.0,0.6,0.6,-64.06398870106675,195.89027226448488,-85.58037062872329,-53.3,164.48,-51.8,-60.77948152846985,197.8795994774969,-86.26197892732989,48.57060716914771,0.06510695893273244
A_PA1_to_C1,1D,60,16,5.0,0.6,0.6,-64.06398870106675,195.89027226448488,-85.58037062872329,-53.3,164.48,-51.8,-60.27417273268571,198.18564981796027,-86.36684174250014,48.78090264650044,0.0
A_PA1_to_C1,1D,61,1,5.0,0.6,0.6,-62.8228995497926,196.63404521676426,-85.83482177572114,-51.96,164.91,-51.8,-66.6363759018039,194.37327211771435,-85.0626151276904,46.79617482900064,0.7302154037301651
A_PA1_to_C1,1D,61,2,5.0,0.6,0.6,-62.8228995497926,196.63404521676426,-85.83482177572114,-51.96,164.91,-51.8,-66.12791238820239,194.674708530921,-85.1655760140945,46.90340369443116,0.6970176125752037
A_PA1_to_C1,1D,61,3,5.0,0.6,0.6,-62.8228995497926,196.63404521676426,-85.83482177572114,-51.96,164.91,-51.8,-65.61944887460089,194.97614494412767,-85.2685369004986,47.01804523392233,0.6615248758906329
A_PA1_to_C1,1D,61,4,5.0,0.6,0.6,-62.8228995497926,196.63404521676426,-85.83482177572114,-51.96,164.91,-51.8,-65.11098536099938,195.27758135733433,-85.3714977869027,47.140045366074396,0.6237539371438618
A_PA1_to_C1,1D,61,5,5.0,0.6,0.6,-62.8228995497926,196.63404521676426,-85.83482177572114,-51.96,164.91,-51.8,-64.60252184739788,195.57901777054096,-85.4744586733068,47.26934711429742,0.583722436146024
A_PA1_to_C1,1D,61,6,5.0,0.6,0.6,-62.8228995497926,196.63404521676426,-85.83482177572114,-51.96,164.91,-51.8,-64.09405833379637,195.88045418374762,-85.57741955971089,47.40589073214767,0.5414488702481126
A_PA1_to_C1,1D,61,7,5.0,0.6,0.6,-62.8228995497926,196.63404521676426,-85.83482177572114,-51.96,164.91,-51.8,-63.58559482019486,196.18189059695428,-85.680380446115,47.54961383234054,0.49695255439892705
A_PA1_to_C1,1D,61,8,5.0,0.6,0.6,-62.8228995497926,196.63404521676426,-85.83482177572114,-51.96,164.91,-51.8,-63.07713130659336,196.48332701016093,-85.78334133251909,47.70045151883886,0.4502535802508394
A_PA1_to_C1,1D,61,9,5.0,0.6,0.6,-62.8228995497926,196.63404521676426,-85.83482177572114,-51.96,164.91,-51.8,-62.568667792991846,196.7847634233676,-85.88630221892319,47.85833652142,0.40137277449816544
A_PA1_to_C1,1D,61,10,5.0,0.6,0.6,-62.8228995497926,196.63404521676426,-85.83482177572114,-51.96,164.91,-51.8,-62.06020427939034,197.08619983657425,-85.98926310532728,48.02319933213394,0.3503316566300718
A_PA1_to_C1,1D,61,11,5.0,0.6,0.6,-62.8228995497926,196.63404521676426,-85.83482177572114,-51.96,164.91,-51.8,-61.551740765788836,197.3876362497809,-86.09222399173139,48.19496834307765,0.2971523962759832
A_PA1_to_C1,1D,61,12,5.0,0.6,0.6,-62.8228995497926,196.63404521676426,-85.83482177572114,-51.96,164.91,-51.8,-61.04327725218733,197.68907266298757,-86.19518487813548,48.37356998492713,0.24185777031639155
A_PA1_to_C1,1D,61,13,5.0,0.6,0.6,-62.8228995497926,196.63404521676426,-85.83482177572114,-51.96,164.91,-51.8,-60.534813738585825,197.9905090761942,-86.29814576453958,48.55892886568883,0.1844711199257727
A_PA1_to_C1,1D,61,14,5.0,0.6,0.6,-62.8228995497926,196.63404521676426,-85.83482177572114,-51.96,164.91,-51.8,-60.02635022498432,198.29194548940086,-86.40110665094367,48.75096790915452,0.125016307707293
A_PA1_to_C1,1D,61,15,5.0,0.6,0.6,-62.8228995497926,196.63404521676426,-85.83482177572114,-51.96,164.91,-51.8,-59.517886711382815,198.59338190260752,-86.50406753734778,48.94960849256918,0.06351767507117323
A_PA1_to_C1,1D,61,16,5.0,0.6,0.6,-62.8228995497926,196.63404521676426,-85.83482177572114,-51.96,164.91,-51.8,-59.0094231977813,198.89481831581418,-86.60702842375187,49.15477058304907,0.0
A_PA1_to_C1,1D,62,1,5.0,0.6,0.6,-61.574080991881786,197.36638378280423,-86.08456237099055,-50.61,165.33,-51.8,-65.41125880139623,195.14105457578856,-85.32695008322533,47.24227575921417,0.7063697713729074
A_PA1_to_C1,1D,62,2,5.0,0.6,0.6,-61.574080991881786,197.36638378280423,-86.08456237099055,-50.61,165.33,-51.8,-64.89963509346097,195.43776513672398,-85.42796505492737,47.34460081538146,0.674690187420186
A_PA1_to_C1,1D,62,3,5.0,0.6,0.6,-61.574080991881786,197.36638378280423,-86.08456237099055,-50.61,165.33,-51.8,-64.38801138552572,195.7344756976594,-85.5289800266294,47.454292048517615,0.6407300533223061
A_PA1_to_C1,1D,62,4,5.0,0.6,0.6,-61.574080991881786,197.36638378280423,-86.08456237099055,-50.61,165.33,-51.8,-63.87638767759045,196.03118625859483,-85.62999499833143,47.57129850323811,0.6045051447401093
A_PA1_to_C1,1D,62,5,5.0,0.6,0.6,-61.574080991881786,197.36638378280423,-86.08456237099055,-50.61,165.33,-51.8,-63.36476396965519,196.32789681953025,-85.73100997003345,47.695566342610576,0.5660321294545163
A_PA1_to_C1,1D,62,6,5.0,0.6,0.6,-61.574080991881786,197.36638378280423,-86.08456237099055,-50.61,165.33,-51.8,-62.853140261719936,196.62460738046568,-85.83202494173548,47.82703896542781,0.5253285310590865
A_PA1_to_C1,1D,62,7,5.0,0.6,0.6,-61.574080991881786,197.36638378280423,-86.08456237099055,-50.61,165.33,-51.8,-62.34151655378467,196.9213179414011,-85.93303991343751,47.9656571273524,0.48241269145395016
A_PA1_to_C1,1D,62,8,5.0,0.6,0.6,-61.574080991881786,197.36638378280423,-86.08456237099055,-50.61,165.33,-51.8,-61.829892845849415,197.21802850233652,-86.03405488513954,48.111359065369534,0.4373037323155202
A_PA1_to_C1,1D,62,9,5.0,0.6,0.6,-61.574080991881786,197.36638378280423,-86.08456237099055,-50.61,165.33,-51.8,-61.31826913791416,197.51473906327195,-86.13506985684157,48.26408062498547,0.3900215157161586
A_PA1_to_C1,1D,62,10,5.0,0.6,0.6,-61.574080991881786,197.36638378280423,-86.08456237099055,-50.61,165.33,-51.8,-60.8066454299789,197.81144962420737,-86.2360848285436,48.42375538961513,0.3405866040661092
A_PA1_to_C1,1D,62,11,5.0,0.6,0.6,-61.574080991881786,197.36638378280423,-86.08456237099055,-50.61,165.33,-51.8,-60.295021722043636,198.1081601851428,-86.33709980024562,48.590314811610995,0.2890202195472664
A_PA1_to_C1,1D,62,12,5.0,0.6,0.6,-61.574080991881786,197.36638378280423,-86.08456237099055,-50.61,165.33,-51.8,-59.78339801410838,198.40487074607822,-86.43811477194765,48.7636883443987,0.23534420320432226
A_PA1_to_C1,1D,62,13,5.0,0.6,0.6,-61.574080991881786,197.36638378280423,-86.08456237099055,-50.61,165.33,-51.8,-59.27177430617312,198.70158130701364,-86.53912974364968,48.9438035752007,0.1795809738538594
A_PA1_to_C1,1D,62,14,5.0,0.6,0.6,-61.574080991881786,197.36638378280423,-86.08456237099055,-50.61,165.33,-51.8,-58.76015059823786,198.99829186794906,-86.64014471535171,49.130586357848514,0.12175348696598931
A_PA1_to_C1,1D,62,15,5.0,0.6,0.6,-61.574080991881786,197.36638378280423,-86.08456237099055,-50.61,165.33,-51.8,-58.2485268903026,199.2950024288845,-86.74115968705374,49.32396094520587,0.061885193666499916
A_PA1_to_C1,1D,62,16,5.0,0.6,0.6,-61.574080991881786,197.36638378280423,-86.08456237099055,-50.61,165.33,-51.8,-57.73690318236734,199.5917129898199,-86.84217465875578,49.52385012074866,0.0
A_PA1_to_C1,1D,63,1,5.0,0.6,0.6,-60.3175221924691,198.08701135089117,-86.32948341654753,-49.26,165.73,-51.8,-64.17842402659592,195.8979798005121,-85.58680051067103,47.688722665105026,0.6825464413790137
A_PA1_to_C1,1D,63,2,5.0,0.6,0.6,-60.3175221924691,198.08701135089117,-86.32948341654753,-49.26,165.73,-51.8,-63.66363711537901,196.189850673896,-85.68582489812123,47.78615274589177,0.6523823296803322
A_PA1_to_C1,1D,63,3,5.0,0.6,0.6,-60.3175221924691,198.08701135089117,-86.32948341654753,-49.26,165.73,-51.8,-63.1488502041621,196.48172154727988,-85.78484928557143,47.890902257924694,0.619952140196455
A_PA1_to_C1,1D,63,4,5.0,0.6,0.6,-60.3175221924691,198.08701135089117,-86.32948341654753,-49.26,165.73,-51.8,-62.63406329294519,196.77359242066373,-85.88387367302163,48.002923284967686,0.585270707675404
A_PA1_to_C1,1D,63,5,5.0,0.6,0.6,-60.3175221924691,198.08701135089117,-86.32948341654753,-49.26,165.73,-51.8,-62.119276381728284,197.06546329404762,-85.98289806047183,48.122165046129105,0.5483537537554604
A_PA1_to_C1,1D,63,6,5.0,0.6,0.6,-60.3175221924691,198.08701135089117,-86.32948341654753,-49.26,165.73,-51.8,-61.604489470511375,197.35733416743147,-86.08192244792203,48.24857400536606,0.5092178530629052
A_PA1_to_C1,1D,63,7,5.0,0.6,0.6,-60.3175221924691,198.08701135089117,-86.32948341654753,-49.26,165.73,-51.8,-61.089702559294466,197.64920504081536,-86.18094683537223,48.38209398502387,0.46788039806048687
A_PA1_to_C1,1D,63,8,5.0,0.6,0.6,-60.3175221924691,198.08701135089117,-86.32948341654753,-49.26,165.73,-51.8,-60.57491564807756,197.94107591419925,-86.27997122282243,48.52266628288351,0.4243595628098227
A_PA1_to_C1,1D,63,9,5.0,0.6,0.6,-60.3175221924691,198.08701135089117,-86.32948341654753,-49.26,165.73,-51.8,-60.06012873686064,198.2329467875831,-86.37899561027264,48.670229792188955,0.37867426581123453
A_PA1_to_C1,1D,63,10,5.0,0.6,0.6,-60.3175221924691,198.08701135089117,-86.32948341654753,-49.26,165.73,-51.8,-59.54534182564373,198.524817660967,-86.47801999772284,48.82472112412804,0.3308441320839641
A_PA1_to_C1,1D,63,11,5.0,0.6,0.6,-60.3175221924691,198.08701135089117,-86.32948341654753,-49.26,165.73,-51.8,-59.03055491442682,198.81668853435087,-86.57704438517304,48.98607473224684,0.28088945464780224
A_PA1_to_C1,1D,63,12,5.0,0.6,0.6,-60.3175221924691,198.08701135089117,-86.32948341654753,-49.26,165.73,-51.8,-58.515768003209914,199.10855940773473,-86.67606877262324,49.154223038287036,0.22883115556415135
A_PA1_to_C1,1D,63,13,5.0,0.6,0.6,-60.3175221924691,198.08701135089117,-86.32948341654753,-49.26,165.73,-51.8,-58.000981091993005,199.40043028111862,-86.77509316007344,49.32909655894851,0.17469074669062934
A_PA1_to_C1,1D,63,14,5.0,0.6,0.6,-60.3175221924691,198.08701135089117,-86.32948341654753,-49.26,165.73,-51.8,-57.486194180776096,199.69230115450247,-86.87411754752364,49.510624033094764,0.1184902902986007
A_PA1_to_C1,1D,63,15,5.0,0.6,0.6,-60.3175221924691,198.08701135089117,-86.32948341654753,-49.26,165.73,-51.8,-56.97140726955919,199.98417202788636,-86.97314193497384,49.69873254893789,0.0602523596970137
A_PA1_to_C1,1D,63,16,5.0,0.6,0.6,-60.3175221924691,198.08701135089117,-86.32948341654753,-49.26,165.73,-51.8,-56.45662035834228,200.27604290127024,-87.07216632242404,49.89334767075924,0.0
A_PA1_to_C1,1D,64,1,5.0,0.6,0.6,-59.05321894838989,198.7956474068054,-86.56947528206895,-47.91,166.13,-51.8,-62.93784583785888,196.64377779664744,-85.84206129368738,48.12264251963722,0.6583575121764778
A_PA1_to_C1,1D,64,2,5.0,0.6,0.6,-59.05321894838989,198.7956474068054,-86.56947528206895,-47.91,166.13,-51.8,-62.41989558592968,196.9306937446685,-85.93904982547159,48.21508610438723,0.6297372073003125
A_PA1_to_C1,1D,64,3,5.0,0.6,0.6,-59.05321894838989,198.7956474068054,-86.56947528206895,-47.91,166.13,-51.8,-61.90194533400048,197.21760969268956,-86.03603835725579,48.31480449131668,0.5988646416874808
A_PA1_to_C1,1D,64,4,5.0,0.6,0.6,-59.05321894838989,198.7956474068054,-86.56947528206895,-47.91,166.13,-51.8,-61.38399508207129,197.50452564071063,-86.13302688904001,48.42175273588136,0.5657537300575477
A_PA1_to_C1,1D,64,5,5.0,0.6,0.6,-59.05321894838989,198.7956474068054,-86.56947528206895,-47.91,166.13,-51.8,-60.86604483014209,197.7914415887317,-86.23001542082422,48.535883045387294,0.530419268910201
A_PA1_to_C1,1D,64,6,5.0,0.6,0.6,-59.05321894838989,198.7956474068054,-86.56947528206895,-47.91,166.13,-51.8,-60.34809457821289,198.07835753675275,-86.32700395260842,48.65714488105723,0.49287690492570135
A_PA1_to_C1,1D,64,7,5.0,0.6,0.6,-59.05321894838989,198.7956474068054,-86.56947528206895,-47.91,166.13,-51.8,-59.83014432628369,198.3652734847738,-86.42399248439264,48.78548506427781,0.45314310207103325
A_PA1_to_C1,1D,64,8,5.0,0.6,0.6,-59.05321894838989,198.7956474068054,-86.56947528206895,-47.91,166.13,-51.8,-59.31219407435449,198.65218943279487,-86.52098101617685,48.920847886535576,0.41123510756398396
A_PA1_to_C1,1D,64,9,5.0,0.6,0.6,-59.05321894838989,198.7956474068054,-86.56947528206895,-47.91,166.13,-51.8,-58.794243822425294,198.9391053808159,-86.61796954796105,49.06317522254578,0.3671709168487496
A_PA1_to_C1,1D,64,10,5.0,0.6,0.6,-59.05321894838989,198.7956474068054,-86.56947528206895,-47.91,166.13,-51.8,-58.276293570496094,199.22602132883696,-86.71495807974526,49.21240664607767,0.32096923773671016
A_PA1_to_C1,1D,64,11,5.0,0.6,0.6,-59.05321894838989,198.7956474068054,-86.56947528206895,-47.91,166.13,-51.8,-57.758343318566894,199.51293727685803,-86.81194661152948,49.36847954798274,0.2726494538651725
A_PA1_to_C1,1D,64,12,5.0,0.6,0.6,-59.05321894838989,198.7956474068054,-86.56947528206895,-47.91,166.13,-51.8,-57.240393066637694,199.7998532248791,-86.90893514331368,49.531329255939305,0.2222315876247496
A_PA1_to_C1,1D,64,13,5.0,0.6,0.6,-59.05321894838989,198.7956474068054,-86.56947528206895,-47.91,166.13,-51.8,-56.722442814708494,200.08676917290015,-87.00592367509789,49.70088915543612,0.16973626270313247
A_PA1_to_C1,1D,64,14,5.0,0.6,0.6,-59.05321894838989,198.7956474068054,-86.56947528206895,-47.91,166.13,-51.8,-56.2044925627793,200.3736851209212,-87.10291220688211,49.87709081153018,0.11518466638918312
A_PA1_to_C1,1D,64,15,5.0,0.6,0.6,-59.05321894838989,198.7956474068054,-86.56947528206895,-47.91,166.13,-51.8,-55.6865423108501,200.66060106894227,-87.19990073866632,50.059864090929246,0.05859851177647002
A_PA1_to_C1,1D,64,16,5.0,0.6,0.6,-59.05321894838989,198.7956474068054,-86.56947528206895,-47.91,166.13,-51.8,-55.1685920589209,200.94751701696333,-87.29688927045052,50.249137283967244,0.0
A_PA1_to_C1,1D,65,1,5.0,0.6,0.6,-57.78117418123128,199.4920086289987,-86.80442607520538,-46.56,166.51,-51.8,-61.68950511272719,197.37817630901222,-86.09262395881844,48.5564649823402,0.6341560879257226
A_PA1_to_C1,1D,65,2,5.0,0.6,0.6,-57.78117418123128,199.4920086289987,-86.80442607520538,-46.56,166.51,-51.8,-61.168394321861065,197.66002061834374,-86.18753090767004,48.643923064573904,0.6070792822806137
A_PA1_to_C1,1D,65,3,5.0,0.6,0.6,-57.78117418123128,199.4920086289987,-86.80442607520538,-46.56,166.51,-51.8,-60.64728353099495,197.94186492767528,-86.28243785652163,48.73861108652093,0.5777641052072315
A_PA1_to_C1,1D,65,4,5.0,0.6,0.6,-57.78117418123128,199.4920086289987,-86.80442607520538,-46.56,166.51,-51.8,-60.12617274012882,198.2237092370068,-86.37734480537321,48.840486997716305,0.5462235754253815
A_PA1_to_C1,1D,65,5,5.0,0.6,0.6,-57.78117418123128,199.4920086289987,-86.80442607520538,-46.56,166.51,-51.8,-59.605061949262705,198.50555354633835,-86.47225175422481,48.9495059189064,0.5124715874408334
A_PA1_to_C1,1D,65,6,5.0,0.6,0.6,-57.78117418123128,199.4920086289987,-86.80442607520538,-46.56,166.51,-51.8,-59.08395115839658,198.78739785566987,-86.5671587030764,49.06562023694398,0.4765228821660408
A_PA1_to_C1,1D,65,7,5.0,0.6,0.6,-57.78117418123128,199.4920086289987,-86.80442607520538,-46.56,166.51,-51.8,-58.56284036753046,199.06924216500138,-86.66206565192799,49.18877970398291,0.43839301620971405
A_PA1_to_C1,1D,65,8,5.0,0.6,0.6,-57.78117418123128,199.4920086289987,-86.80442607520538,-46.56,166.51,-51.8,-58.04172957666434,199.35108647433293,-86.75697260077959,49.318931540514114,0.39809832997714345
A_PA1_to_C1,1D,65,9,5.0,0.6,0.6,-57.78117418123128,199.4920086289987,-86.80442607520538,-46.56,166.51,-51.8,-57.52061878579822,199.63293078366445,-86.85187954963118,49.456020541779054,0.35565591472484037
A_PA1_to_C1,1D,65,10,5.0,0.6,0.6,-57.78117418123128,199.4920086289987,-86.80442607520538,-46.56,166.51,-51.8,-56.999507994932095,199.914775092996,-86.94678649848278,49.599989187093875,0.3110835787140598
A_PA1_to_C1,1D,65,11,5.0,0.6,0.6,-57.78117418123128,199.4920086289987,-86.80442607520538,-46.56,166.51,-51.8,-56.47839720406598,200.1966194023275,-87.04169344733437,49.75077775161694,0.2643998126078486
A_PA1_to_C1,1D,65,12,5.0,0.6,0.6,-57.78117418123128,199.4920086289987,-86.80442607520538,-46.56,166.51,-51.8,-55.95728641319985,200.47846371165903,-87.13660039618595,49.90832442009787,0.21562375425461866
A_PA1_to_C1,1D,65,13,5.0,0.6,0.6,-57.78117418123128,199.4920086289987,-86.80442607520538,-46.56,166.51,-51.8,-55.436175622333735,200.76030802099058,-87.23150734503756,50.07256540215105,0.16477515299976453
A_PA1_to_C1,1D,65,14,5.0,0.6,0.6,-57.78117418123128,199.4920086289987,-86.80442607520538,-46.56,166.51,-51.8,-54.91506483146761,201.0421523303221,-87.32641429388914,50.24343504860757,0.11187433366337984
A_PA1_to_C1,1D,65,15,5.0,0.6,0.6,-57.78117418123128,199.4920086289987,-86.80442607520538,-46.56,166.51,-51.8,-54.39395404060149,201.32399663965364,-87.42132124274073,50.420865968511535,0.05694216031849919
A_PA1_to_C1,1D,65,16,5.0,0.6,0.6,-57.78117418123128,199.4920086289987,-86.80442607520538,-46.56,166.51,-51.8,-53.87284324973537,201.60584094898516,-87.51622819159233,50.60478914634029,0.0
A_PA1_to_C1,1D,66,1,5.0,0.6,0.6,-56.50139772720847,200.17580744614372,-87.03422398879702,-45.2,166.89,-51.8,-60.43338989471733,198.10090077759546,-86.33837924213081,48.98036479760679,0.6090515551567552
A_PA1_to_C1,1D,66,2,5.0,0.6,0.6,-56.50139772720847,200.17580744614372,-87.03422398879702,-45.2,166.89,-51.8,-59.90912427238281,198.37755500006855,-86.43115854168632,49.06262934945657,0.5835826536552737
A_PA1_to_C1,1D,66,3,5.0,0.6,0.6,-56.50139772720847,200.17580744614372,-87.03422398879702,-45.2,166.89,-51.8,-59.3848586500483,198.65420922254165,-86.5239378412418,49.15208094941328,0.5558886598606279
A_PA1_to_C1,1D,66,4,5.0,0.6,0.6,-56.50139772720847,200.17580744614372,-87.03422398879702,-45.2,166.89,-51.8,-58.86059302771378,198.93086344501478,-86.6167171407973,49.24868043545123,0.5259816982389722
A_PA1_to_C1,1D,66,5,5.0,0.6,0.6,-56.50139772720847,200.17580744614372,-87.03422398879702,-45.2,166.89,-51.8,-58.33632740537927,199.20751766748788,-86.7094964403528,49.35238583502033,0.49387476338785774
A_PA1_to_C1,1D,66,6,5.0,0.6,0.6,-56.50139772720847,200.17580744614372,-87.03422398879702,-45.2,166.89,-51.8,-57.812061783044754,199.48417188996098,-86.80227573990828,49.46315245295465,0.4595816928199543
A_PA1_to_C1,1D,66,7,5.0,0.6,0.6,-56.50139772720847,200.17580744614372,-87.03422398879702,-45.2,166.89,-51.8,-57.28779616071024,199.76082611243407,-86.89505503946378,49.58093296378914,0.42311713838203424
A_PA1_to_C1,1D,66,8,5.0,0.6,0.6,-56.50139772720847,200.17580744614372,-87.03422398879702,-45.2,166.89,-51.8,-56.763530538375726,200.03748033490717,-86.98783433901927,49.70567750806009,0.3844965364405617
A_PA1_to_C1,1D,66,9,5.0,0.6,0.6,-56.50139772720847,200.17580744614372,-87.03422398879702,-45.2,166.89,-51.8,-56.239264916041215,200.31413455738027,-87.08061363857477,49.83733379215615,0.3437360769680975
A_PA1_to_C1,1D,66,10,5.0,0.6,0.6,-56.50139772720847,200.17580744614372,-87.03422398879702,-45.2,166.89,-51.8,-55.7149992937067,200.59078877985337,-87.17339293813026,49.97584719128139,0.300852671666167
A_PA1_to_C1,1D,66,11,5.0,0.6,0.6,-56.50139772720847,200.17580744614372,-87.03422398879702,-45.2,166.89,-51.8,-55.190733671372186,200.86744300232647,-87.26617223768577,50.12116085509022,0.25586392126095703
A_PA1_to_C1,1D,66,12,5.0,0.6,0.6,-56.50139772720847,200.17580744614372,-87.03422398879702,-45.2,166.89,-51.8,-54.66646804903767,201.14409722479957,-87.35895153724125,50.273215815554764,0.20878808210784605
A_PA1_to_C1,1D,66,13,5.0,0.6,0.6,-56.50139772720847,200.17580744614372,-87.03422398879702,-45.2,166.89,-51.8,-54.14220242670316,201.42075144727266,-87.45173083679674,50.43195109662984,0.15964403223940238
A_PA1_to_C1,1D,66,14,5.0,0.6,0.6,-56.50139772720847,200.17580744614372,-87.03422398879702,-45.2,166.89,-51.8,-53.61793680436864,201.6974056697458,-87.54451013635224,50.59730382528683,0.10845123698955916
A_PA1_to_C1,1D,66,15,5.0,0.6,0.6,-56.50139772720847,200.17580744614372,-87.03422398879702,-45.2,166.89,-51.8,-53.09367118203413,201.9740598922189,-87.63728943590773,50.76920934349779,0.055229714323626666
A_PA1_to_C1,1D,66,16,5.0,0.6,0.6,-56.50139772720847,200.17580744614372,-87.03422398879702,-45.2,166.89,-51.8,-52.56940555969961,202.250714114692,-87.73006873546323,50.947601320763106,0.0
A_PA1_to_C1,1D,67,1,5.0,0.6,0.6,-55.21390634241263,200.8467522123485,-87.25875552522025,-43.84,167.25,-51.8,-59.16949271608109,198.81166870926924,-86.5792177588356,49.40370701235439,0.5839051065619323
A_PA1_to_C1,1D,67,2,5.0,0.6,0.6,-55.21390634241263,200.8467522123485,-87.25875552522025,-43.84,167.25,-51.8,-58.642081199591956,199.08301317634647,-86.66982279435355,49.48077280554923,0.5600457278638391
A_PA1_to_C1,1D,67,3,5.0,0.6,0.6,-55.21390634241263,200.8467522123485,-87.25875552522025,-43.84,167.25,-51.8,-58.11466968310283,199.3543576434237,-86.7604278298715,49.56498248064057,0.533974621024413
A_PA1_to_C1,1D,67,4,5.0,0.6,0.6,-55.21390634241263,200.8467522123485,-87.25875552522025,-43.84,167.25,-51.8,-57.5872581666137,199.62570211050092,-86.85103286538946,49.65629969276842,0.5057030383222934
A_PA1_to_C1,1D,67,5,5.0,0.6,0.6,-55.21390634241263,200.8467522123485,-87.25875552522025,-43.84,167.25,-51.8,-57.05984665012458,199.89704657757818,-86.94163790090741,49.754685307515125,0.4752430956762552
A_PA1_to_C1,1D,67,6,5.0,0.6,0.6,-55.21390634241263,200.8467522123485,-87.25875552522025,-43.84,167.25,-51.8,-56.532435133635445,200.1683910446554,-87.03224293642536,49.86009748207165,0.44260774751633924
A_PA1_to_C1,1D,67,7,5.0,0.6,0.6,-55.21390634241263,200.8467522123485,-87.25875552522025,-43.84,167.25,-51.8,-56.00502361714632,200.43973551173264,-87.12284797194332,49.972491750897454,0.4078107602637697
A_PA1_to_C1,1D,67,8,5.0,0.6,0.6,-55.21390634241263,200.8467522123485,-87.25875552522025,-43.84,167.25,-51.8,-55.47761210065719,200.71107997880986,-87.21345300746127,50.091821115480926,0.37086668454133154
A_PA1_to_C1,1D,67,9,5.0,0.6,0.6,-55.21390634241263,200.8467522123485,-87.25875552522025,-43.84,167.25,-51.8,-54.950200584168066,200.98242444588712,-87.30405804297924,50.21803613779784,0.33179082623888334
A_PA1_to_C1,1D,67,10,5.0,0.6,0.6,-55.21390634241263,200.8467522123485,-87.25875552522025,-43.84,167.25,-51.8,-54.422789067678934,201.25376891296435,-87.39466307849719,50.35108503705751,0.29059921656096677
A_PA1_to_C1,1D,67,11,5.0,0.6,0.6,-55.21390634241263,200.8467522123485,-87.25875552522025,-43.84,167.25,-51.8,-53.89537755118981,201.52511338004157,-87.48526811401514,50.490913789322754,0.2473085811847291
A_PA1_to_C1,1D,67,12,5.0,0.6,0.6,-55.21390634241263,200.8467522123485,-87.25875552522025,-43.84,167.25,-51.8,-53.36796603470068,201.7964578471188,-87.5758731495331,50.637466229587844,0.20193630865683687
A_PA1_to_C1,1D,67,13,5.0,0.6,0.6,-55.21390634241263,200.8467522123485,-87.25875552522025,-43.84,167.25,-51.8,-52.840554518211555,202.06780231419606,-87.66647818505105,50.79068415590085,0.15450041815745585
A_PA1_to_C1,1D,67,14,5.0,0.6,0.6,-55.21390634241263,200.8467522123485,-87.25875552522025,-43.84,167.25,-51.8,-52.31314300172242,202.33914678127329,-87.757083220569,50.95050743512084,0.10501952675807757
A_PA1_to_C1,1D,67,15,5.0,0.6,0.6,-55.21390634241263,200.8467522123485,-87.25875552522025,-43.84,167.25,-51.8,-51.7857314852333,202.6104912483505,-87.84768825608695,51.11687410990749,0.053512816297812904
A_PA1_to_C1,1D,67,16,5.0,0.6,0.6,-55.21390634241263,200.8467522123485,-87.25875552522025,-43.84,167.25,-51.8,-51.25831996874417,202.88183571542774,-87.93829329160491,51.28972050654943,0.0
A_PA1_to_C1,1D,68,1,5.0,0.6,0.6,-53.9187252008448,201.50454957328992,-87.47790625334092,-42.48,167.6,-51.8,-57.89781375683702,199.51019579434606,-86.81502823440826,49.819893405450216,0.5585249425567973
A_PA1_to_C1,1D,68,2,5.0,0.6,0.6,-53.9187252008448,201.50454957328992,-87.47790625334092,-42.48,167.6,-51.8,-57.367268616038054,199.77610963153856,-86.90341197026595,49.891706022354775,0.5362919342272132
A_PA1_to_C1,1D,68,3,5.0,0.6,0.6,-53.9187252008448,201.50454957328992,-87.47790625334092,-42.48,167.6,-51.8,-56.83672347523909,200.0420234687311,-86.99179570612364,49.970620175376276,0.511860307904767
A_PA1_to_C1,1D,68,4,5.0,0.6,0.6,-53.9187252008448,201.50454957328992,-87.47790625334092,-42.48,167.6,-51.8,-56.306178334440126,200.3079373059236,-87.08017944198133,50.056602277845144,0.48524046193917414
A_PA1_to_C1,1D,68,5,5.0,0.6,0.6,-53.9187252008448,201.50454957328992,-87.47790625334092,-42.48,167.6,-51.8,-55.77563319364116,200.57385114311612,-87.16856317783902,50.1496159755289,0.4564436515107655
A_PA1_to_C1,1D,68,6,5.0,0.6,0.6,-53.9187252008448,201.50454957328992,-87.47790625334092,-42.48,167.6,-51.8,-55.245088052842206,200.83976498030864,-87.2569469136967,50.249622221303056,0.42548196551257433
A_PA1_to_C1,1D,68,7,5.0,0.6,0.6,-53.9187252008448,201.50454957328992,-87.47790625334092,-42.48,167.6,-51.8,-54.71454291204324,201.10567881750114,-87.34533064955438,50.35657935438351,0.3923683020201736
A_PA1_to_C1,1D,68,8,5.0,0.6,0.6,-53.9187252008448,201.50454957328992,-87.47790625334092,-42.48,167.6,-51.8,-54.18399777124428,201.37159265469367,-87.43371438541207,50.4704431837583,0.357116342461417
A_PA1_to_C1,1D,68,9,5.0,0.6,0.6,-53.9187252008448,201.50454957328992,-87.47790625334092,-42.48,167.6,-51.8,-53.653452630445315,201.63750649188617,-87.52209812126976,50.59116707544534,0.3197405246016505
A_PA1_to_C1,1D,68,10,5.0,0.6,0.6,-53.9187252008448,201.50454957328992,-87.47790625334092,-42.48,167.6,-51.8,-53.12290748964635,201.9034203290787,-87.61048185712745,50.718702043193844,0.280256014462795
A_PA1_to_C1,1D,68,11,5.0,0.6,0.6,-53.9187252008448,201.50454957328992,-87.47790625334092,-42.48,167.6,-51.8,-52.59236234884739,202.1693341662712,-87.69886559298514,50.85299684224052,0.23867867729664205
A_PA1_to_C1,1D,68,12,5.0,0.6,0.6,-53.9187252008448,201.50454957328992,-87.47790625334092,-42.48,167.6,-51.8,-52.06181720804843,202.43524800346373,-87.78724932884282,50.99399806572902,0.1950250477336386
A_PA1_to_C1,1D,68,13,5.0,0.6,0.6,-53.9187252008448,201.50454957328992,-87.47790625334092,-42.48,167.6,-51.8,-51.53127206724947,202.70116184065625,-87.87563306470051,51.14165024339972,0.14931229922877876
A_PA1_to_C1,1D,68,14,5.0,0.6,0.6,-53.9187252008448,201.50454957328992,-87.47790625334092,-42.48,167.6,-51.8,-51.000726926450504,202.96707567784875,-87.9640168005582,51.295895942159696,0.10155821292537937
A_PA1_to_C1,1D,68,15,5.0,0.6,0.6,-53.9187252008448,201.50454957328992,-87.47790625334092,-42.48,167.6,-51.8,-50.47018178565154,203.23298951504128,-88.05240053641589,51.45667586814685,0.051781146056290694
A_PA1_to_C1,1D,68,16,5.0,0.6,0.6,-53.9187252008448,201.50454957328992,-87.47790625334092,-42.48,167.6,-51.8,-49.93963664485258,203.49890335223378,-88.14078427227358,51.623928969908675,0.0
A_PA1_to_C1,1D,69,1,5.0,0.6,0.6,-52.61588688166932,202.14890215357067,-87.69156066867265,-41.12,167.94,-51.8,-56.6183591816792,200.19619244296055,-87.04569669402896,50.22867929469309,0.5328997444933119
A_PA1_to_C1,1D,69,2,5.0,0.6,0.6,-52.61588688166932,202.14890215357067,-87.69156066867265,-41.12,167.94,-51.8,-56.08469620834455,200.4565537377086,-87.13181189064812,50.29518198656286,0.512310675802981
A_PA1_to_C1,1D,69,3,5.0,0.6,0.6,-52.61588688166932,202.14890215357067,-87.69156066867265,-41.12,167.94,-51.8,-55.5510332350099,200.7169150324566,-87.21792708726728,50.36874465810938,0.4895358548907467
A_PA1_to_C1,1D,69,4,5.0,0.6,0.6,-52.61588688166932,202.14890215357067,-87.69156066867265,-41.12,167.94,-51.8,-55.01737026167525,200.9772763272046,-87.30404228388643,50.44933642582591,0.46458484321379956
A_PA1_to_C1,1D,69,5,5.0,0.6,0.6,-52.61588688166932,202.14890215357067,-87.69156066867265,-41.12,167.94,-51.8,-54.4837072883406,201.23763762195262,-87.3901574805056,50.536923661601236,0.4374680519520897
A_PA1_to_C1,1D,69,6,5.0,0.6,0.6,-52.61588688166932,202.14890215357067,-87.69156066867265,-41.12,167.94,-51.8,-53.95004431500595,201.49799891670062,-87.47627267712475,50.63147006112755,0.40819672082939107
A_PA1_to_C1,1D,69,7,5.0,0.6,0.6,-52.61588688166932,202.14890215357067,-87.69156066867265,-41.12,167.94,-51.8,-53.4163813416713,201.75836021144866,-87.56238787374392,50.7329367169219,0.37678289550606436
A_PA1_to_C1,1D,69,8,5.0,0.6,0.6,-52.61588688166932,202.14890215357067,-87.69156066867265,-41.12,167.94,-51.8,-52.88271836833665,202.01872150619667,-87.64850307036308,50.84128219562865,0.3432394036463897
A_PA1_to_C1,1D,69,9,5.0,0.6,0.6,-52.61588688166932,202.14890215357067,-87.69156066867265,-41.12,167.94,-51.8,-52.34905539500199,202.27908280094468,-87.73461826698222,50.95646261925852,0.3075798297671728
A_PA1_to_C1,1D,69,10,5.0,0.6,0.6,-52.61588688166932,202.14890215357067,-87.69156066867265,-41.12,167.94,-51.8,-51.81539242166734,202.5394440956927,-87.82073346360139,51.0784317500081,0.2698184889778279
A_PA1_to_C1,1D,69,11,5.0,0.6,0.6,-52.61588688166932,202.14890215357067,-87.69156066867265,-41.12,167.94,-51.8,-51.28172944833269,202.79980539044072,-87.90684866022055,51.207141078296715,0.22997039972438849
A_PA1_to_C1,1D,69,12,5.0,0.6,0.6,-52.61588688166932,202.14890215357067,-87.69156066867265,-41.12,167.94,-51.8,-50.74806647499804,203.06016668518873,-87.99296385683971,51.34253991365179,0.18805125565160807
A_PA1_to_C1,1D,69,13,5.0,0.6,0.6,-52.61588688166932,202.14890215357067,-87.69156066867265,-41.12,167.94,-51.8,-50.21440350166339,203.32052797993674,-88.07907905345887,51.484575478071804,0.14407739669804442
A_PA1_to_C1,1D,69,14,5.0,0.6,0.6,-52.61588688166932,202.14890215357067,-87.69156066867265,-41.12,167.94,-51.8,-49.680740528328734,203.58088927468475,-88.16519425007802,51.633193001494845,0.09806577953920836
A_PA1_to_C1,1D,69,15,5.0,0.6,0.6,-52.61588688166932,202.14890215357067,-87.69156066867265,-41.12,167.94,-51.8,-49.147077554994084,203.84125056943276,-88.25130944669718,51.78833581900428,0.05003394749294188
A_PA1_to_C1,1D,69,16,5.0,0.6,0.6,-52.61588688166932,202.14890215357067,-87.69156066867265,-41.12,167.94,-51.8,-48.613414581659434,204.1016118641808,-88.33742464331634,51.94994546940649,0.0
A_PA1_to_C1,1D,70,1,5.0,0.6,0.6,-51.305433226217545,202.77951170494578,-87.89960339828632,-39.75,168.27,-51.8,-55.33179126830625,200.87057100001735,-87.27160156550634,50.63421734635847,0.5057078842668989
A_PA1_to_C1,1D,70,2,5.0,0.6,0.6,-51.305433226217545,202.77951170494578,-87.89960339828632,-39.75,168.27,-51.8,-54.79494352936109,201.12509642734116,-87.35533514321034,50.6950642981894,0.4868698186845659
A_PA1_to_C1,1D,70,3,5.0,0.6,0.6,-51.305433226217545,202.77951170494578,-87.89960339828632,-39.75,168.27,-51.8,-54.25809579041593,201.37962185466495,-87.43906872091434,50.76293059031211,0.4658585827332633
A_PA1_to_C1,1D,70,4,5.0,0.6,0.6,-51.305433226217545,202.77951170494578,-87.89960339828632,-39.75,168.27,-51.8,-53.721248051470766,201.63414728198873,-87.52280229861833,50.83778811116916,0.44268287968154496
A_PA1_to_C1,1D,70,5,5.0,0.6,0.6,-51.305433226217545,202.77951170494578,-87.89960339828632,-39.75,168.27,-51.8,-53.18440031252561,201.88867270931252,-87.60653587632233,50.91960602710335,0.4173522555533129
A_PA1_to_C1,1D,70,6,5.0,0.6,0.6,-51.305433226217545,202.77951170494578,-87.89960339828632,-39.75,168.27,-51.8,-52.64755257358045,202.1431981366363,-87.69026945402632,51.008350844491204,0.3898770798914377
A_PA1_to_C1,1D,70,7,5.0,0.6,0.6,-51.305433226217545,202.77951170494578,-87.89960339828632,-39.75,168.27,-51.8,-52.110704834635285,202.39772356396008,-87.77400303173032,51.10398647653619,0.36026852507874807
A_PA1_to_C1,1D,70,8,5.0,0.6,0.6,-51.305433226217545,202.77951170494578,-87.89960339828632,-39.75,168.27,-51.8,-51.57385709569012,202.65224899128387,-87.85773660943431,51.20647431441928,0.32853854430999085
A_PA1_to_C1,1D,70,9,5.0,0.6,0.6,-51.305433226217545,202.77951170494578,-87.89960339828632,-39.75,168.27,-51.8,-51.03700935674497,202.90677441860768,-87.94147018713832,51.31577330249026,0.29469984831278495
A_PA1_to_C1,1D,70,10,5.0,0.6,0.6,-51.305433226217545,202.77951170494578,-87.89960339828632,-39.75,168.27,-51.8,-50.500161617799805,203.16129984593147,-88.02520376484232,51.43184001717087,0.25876588091940533
A_PA1_to_C1,1D,70,11,5.0,0.6,0.6,-51.305433226217545,202.77951170494578,-87.89960339828632,-39.75,168.27,-51.8,-49.96331387885464,203.41582527325525,-88.10893734254631,51.554628749232066,0.22075079359395744
A_PA1_to_C1,1D,70,12,5.0,0.6,0.6,-51.305433226217545,202.77951170494578,-87.89960339828632,-39.75,168.27,-51.8,-49.42646613990948,203.67035070057904,-88.19267092025031,51.68409158909957,0.18066941902197442
A_PA1_to_C1,1D,70,13,5.0,0.6,0.6,-51.305433226217545,202.77951170494578,-87.89960339828632,-39.75,168.27,-51.8,-48.88961840096432,203.92487612790282,-88.2764044979543,51.82017851483841,0.13853724387062982
A_PA1_to_C1,1D,70,14,5.0,0.6,0.6,-51.305433226217545,202.77951170494578,-87.89960339828632,-39.75,168.27,-51.8,-48.35277066201916,204.1794015552266,-88.3601380756583,51.96283748246441,0.09437038082852567
A_PA1_to_C1,1D,70,15,5.0,0.6,0.6,-51.305433226217545,202.77951170494578,-87.89960339828632,-39.75,168.27,-51.8,-47.815922923074,204.4339269825504,-88.4438716533623,52.11201451823077,0.04818554003398745
A_PA1_to_C1,1D,70,16,5.0,0.6,0.6,-51.305433226217545,202.77951170494578,-87.89960339828632,-39.75,168.27,-51.8,-47.27907518412884,204.6884524098742,-88.52760523106629,52.267653812540544,0.0
A_PA1_to_C1,1D,71,1,5.0,0.6,0.6,-49.98700076908163,203.3952860211952,-88.10159506690974,-38.38,168.59,-51.8,-54.037596808789075,201.53212320497292,-87.4922544041003,51.03215499589679,0.47754599742771653
A_PA1_to_C1,1D,71,2,5.0,0.6,0.6,-49.98700076908163,203.3952860211952,-88.10159506690974,-38.38,168.59,-51.8,-53.49751733682808,201.78054491380257,-87.57349982580823,51.08713039398029,0.46052575034304155
A_PA1_to_C1,1D,71,3,5.0,0.6,0.6,-49.98700076908163,203.3952860211952,-88.10159506690974,-38.38,168.59,-51.8,-52.95743786486709,202.0289666226322,-87.65474524751615,51.14908542933933,0.441344624844886
A_PA1_to_C1,1D,71,4,5.0,0.6,0.6,-49.98700076908163,203.3952860211952,-88.10159506690974,-38.38,168.59,-51.8,-52.417358392906095,202.27738833146185,-87.73599066922407,51.21799477355749,0.42001046254824104
A_PA1_to_C1,1D,71,5,5.0,0.6,0.6,-49.98700076908163,203.3952860211952,-88.10159506690974,-38.38,168.59,-51.8,-51.8772789209451,202.52581004029147,-87.817236090932,51.2938303988937,0.3965319407723271
A_PA1_to_C1,1D,71,6,5.0,0.6,0.6,-49.98700076908163,203.3952860211952,-88.10159506690974,-38.38,168.59,-51.8,-51.337199448984116,202.7742317491211,-87.89848151263992,51.376561634239195,0.3709185552164449
A_PA1_to_C1,1D,71,7,5.0,0.6,0.6,-49.98700076908163,203.3952860211952,-88.10159506690974,-38.38,168.59,-51.8,-50.79711997702312,203.02265345795075,-87.97972693434785,51.466155225770365,0.3431806011820271
A_PA1_to_C1,1D,71,8,5.0,0.6,0.6,-49.98700076908163,203.3952860211952,-88.10159506690974,-38.38,168.59,-51.8,-50.25704050506213,203.27107516678038,-88.06097235605577,51.562575402023874,0.3133291534255225
A_PA1_to_C1,1D,71,9,5.0,0.6,0.6,-49.98700076908163,203.3952860211952,-88.10159506690974,-38.38,168.59,-51.8,-49.716961033101136,203.51949687561003,-88.1422177777637,51.665783943105986,0.28137604473137046
A_PA1_to_C1,1D,71,10,5.0,0.6,0.6,-49.98700076908163,203.3952860211952,-88.10159506690974,-38.38,168.59,-51.8,-49.17688156114014,203.76791858443966,-88.22346319947162,51.77574025373289,0.24733384329889319
A_PA1_to_C1,1D,71,11,5.0,0.6,0.6,-49.98700076908163,203.3952860211952,-88.10159506690974,-38.38,168.59,-51.8,-48.63680208917915,204.0163402932693,-88.30470862117956,51.89240143979008,0.21121582903970193
A_PA1_to_C1,1D,71,12,5.0,0.6,0.6,-49.98700076908163,203.3952860211952,-88.10159506690974,-38.38,168.59,-51.8,-48.09672261721816,204.26476200209893,-88.38595404288748,52.01572238808796,0.17303596888555717
A_PA1_to_C1,1D,71,13,5.0,0.6,0.6,-49.98700076908163,203.3952860211952,-88.10159506690974,-38.38,168.59,-51.8,-47.55664314525717,204.51318371092856,-88.46719946459541,52.14565584898654,0.13280889120797923
A_PA1_to_C1,1D,71,14,5.0,0.6,0.6,-49.98700076908163,203.3952860211952,-88.10159506690974,-38.38,168.59,-51.8,-47.016563673296176,204.7616054197582,-88.54844488630333,52.28215252155609,0.09054985945270033
A_PA1_to_C1,1D,71,15,5.0,0.6,0.6,-49.98700076908163,203.3952860211952,-88.10159506690974,-38.38,168.59,-51.8,-46.47648420133518,205.01002712858784,-88.62969030801125,52.42516114094035,0.046274745092247827
A_PA1_to_C1,1D,71,16,5.0,0.6,0.6,-49.98700076908163,203.3952860211952,-88.10159506690974,-38.38,168.59,-51.8,-45.93640472937419,205.2584488374175,-88.71093572971918,52.574628567588306,0.0
A_PA1_to_C1,1D,72,1,5.0,0.6,0.6,-48.66072424070704,203.99600512794532,-88.29745317406535,-37.0,168.89,-51.8,-52.73474901836852,202.17849781524242,-87.70670002826597,51.42953937559936,0.44948180322373865
A_PA1_to_C1,1D,72,2,5.0,0.6,0.6,-48.66072424070704,203.99600512794532,-88.29745317406535,-37.0,168.89,-51.8,-52.191545714680316,202.42083212360282,-87.78546711437255,51.47867138477883,0.4342706548709625
A_PA1_to_C1,1D,72,3,5.0,0.6,0.6,-48.66072424070704,203.99600512794532,-88.29745317406535,-37.0,168.89,-51.8,-51.64834241099212,202.6631664319632,-87.86423420047913,51.53474259853992,0.4169111459665995
A_PA1_to_C1,1D,72,4,5.0,0.6,0.6,-48.66072424070704,203.99600512794532,-88.29745317406535,-37.0,168.89,-51.8,-51.10513910730393,202.9055007403236,-87.94300128658573,51.597730394402895,0.39741028037434667
A_PA1_to_C1,1D,72,5,5.0,0.6,0.6,-48.66072424070704,203.99600512794532,-88.29745317406535,-37.0,168.89,-51.8,-50.561935803615725,203.147835048684,-88.0217683726923,51.66760947643319,0.37577588965289266
A_PA1_to_C1,1D,72,6,5.0,0.6,0.6,-48.66072424070704,203.99600512794532,-88.29745317406535,-37.0,168.89,-51.8,-50.01873249992753,203.39016935704436,-88.10053545879889,51.74435192525778,0.35201661757097824
A_PA1_to_C1,1D,72,7,5.0,0.6,0.6,-48.66072424070704,203.99600512794532,-88.29745317406535,-37.0,168.89,-51.8,-49.475529196239336,203.63250366540476,-88.17930254490548,51.827927252791525,0.3261419031642454
A_PA1_to_C1,1D,72,8,5.0,0.6,0.6,-48.66072424070704,203.99600512794532,-88.29745317406535,-37.0,168.89,-51.8,-48.93232589255114,203.87483797376512,-88.25806963101206,51.918302461428475,0.2981619624097718
A_PA1_to_C1,1D,72,9,5.0,0.6,0.6,-48.66072424070704,203.99600512794532,-88.29745317406535,-37.0,168.89,-51.8,-48.38912258886294,204.11717228212552,-88.33683671711864,52.01544210743663,0.26808776859919803
A_PA1_to_C1,1D,72,10,5.0,0.6,0.6,-48.66072424070704,203.99600512794532,-88.29745317406535,-37.0,168.89,-51.8,-47.845919285174745,204.3595065904859,-88.41560380322522,52.119308368279505,0.2359310314961398
A_PA1_to_C1,1D,72,11,5.0,0.6,0.6,-48.66072424070704,203.99600512794532,-88.29745317406535,-37.0,168.89,-51.8,-47.30271598148655,204.6018408988463,-88.49437088933182,52.2298611135769,0.20170417536691332
A_PA1_to_C1,1D,72,12,5.0,0.6,0.6,-48.66072424070704,203.99600512794532,-88.29745317406535,-37.0,168.89,-51.8,-46.759512677798355,204.84417520720666,-88.5731379754384,52.3470579794056,0.16542031597722584
A_PA1_to_C1,1D,72,13,5.0,0.6,0.6,-48.66072424070704,203.99600512794532,-88.29745317406535,-37.0,168.89,-51.8,-46.21630937411015,205.08650951556706,-88.65190506154498,52.47085444563461,0.12709323664935823
A_PA1_to_C1,1D,72,14,5.0,0.6,0.6,-48.66072424070704,203.99600512794532,-88.29745317406535,-37.0,168.89,-51.8,-45.67310607042196,205.32884382392746,-88.73067214765157,52.60120391598176,0.086737363476864
A_PA1_to_C1,1D,72,15,5.0,0.6,0.6,-48.66072424070704,203.99600512794532,-88.29745317406535,-37.0,168.89,-51.8,-45.129902766733764,205.57117813228783,-88.80943923375816,52.73805780047664,0.04436773979423947
A_PA1_to_C1,1D,72,16,5.0,0.6,0.6,-48.66072424070704,203.99600512794532,-88.29745317406535,-37.0,168.89,-51.8,-44.58669946304556,205.81351244064822,-88.88820631986474,52.88136560001203,0.0
A_PA1_to_C1,1D,73,1,5.0,0.6,0.6,-47.32700018966312,204.58196768582224,-88.48730791743925,-35.63,169.19,-51.8,-51.42372770949011,202.81012444519018,-87.91512336773641,51.807882976805864,0.42209778904139483
A_PA1_to_C1,1D,73,2,5.0,0.6,0.6,-47.32700018966312,204.58196768582224,-88.48730791743925,-35.63,169.19,-51.8,-50.87749737351318,203.0463702106078,-87.99141464103013,51.85131120533012,0.40865251705245953
A_PA1_to_C1,1D,73,3,5.0,0.6,0.6,-47.32700018966312,204.58196768582224,-88.48730791743925,-35.63,169.19,-51.8,-50.33126703753625,203.2826159760254,-88.06770591432384,51.90163975141414,0.3930709238375947
A_PA1_to_C1,1D,73,4,5.0,0.6,0.6,-47.32700018966312,204.58196768582224,-88.48730791743925,-35.63,169.19,-51.8,-49.785036701559314,203.518861741443,-88.14399718761756,51.95884856363884,0.37535921726647814
A_PA1_to_C1,1D,73,5,5.0,0.6,0.6,-47.32700018966312,204.58196768582224,-88.48730791743925,-35.63,169.19,-51.8,-49.238806365582384,203.7551075068606,-88.22028846091126,52.0229149436355,0.3555244246978546
A_PA1_to_C1,1D,73,6,5.0,0.6,0.6,-47.32700018966312,204.58196768582224,-88.48730791743925,-35.63,169.19,-51.8,-48.69257602960545,203.99135327227822,-88.29657973420497,52.09381359054368,0.3335743792154453
A_PA1_to_C1,1D,73,7,5.0,0.6,0.6,-47.32700018966312,204.58196768582224,-88.48730791743925,-35.63,169.19,-51.8,-48.14634569362852,204.22759903769582,-88.37287100749869,52.17151665017891,0.30951770440577775
A_PA1_to_C1,1D,73,8,5.0,0.6,0.6,-47.32700018966312,204.58196768582224,-88.48730791743925,-35.63,169.19,-51.8,-47.60011535765158,204.46384480311343,-88.4491622807924,52.25599376869103,0.2833637977456789
A_PA1_to_C1,1D,73,9,5.0,0.6,0.6,-47.32700018966312,204.58196768582224,-88.48730791743925,-35.63,169.19,-51.8,-47.05388502167465,204.70009056853104,-88.52545355408611,52.34721215047709,0.2551228126725924
A_PA1_to_C1,1D,73,10,5.0,0.6,0.6,-47.32700018966312,204.58196768582224,-88.48730791743925,-35.63,169.19,-51.8,-46.507654685697716,204.93633633394865,-88.60174482737982,52.44513662009697,0.22480563941566345
A_PA1_to_C1,1D,73,11,5.0,0.6,0.6,-47.32700018966312,204.58196768582224,-88.48730791743925,-35.63,169.19,-51.8,-45.96142434972079,205.17258209936625,-88.67803610067354,52.5497296879272,0.1924238846694628
A_PA1_to_C1,1D,73,12,5.0,0.6,0.6,-47.32700018966312,204.58196768582224,-88.48730791743925,-35.63,169.19,-51.8,-45.41519401374385,205.40882786478386,-88.75432737396724,52.66095161927666,0.15798985019594625
A_PA1_to_C1,1D,73,13,5.0,0.6,0.6,-47.32700018966312,204.58196768582224,-88.48730791743925,-35.63,169.19,-51.8,-44.86896367776692,205.64507363020147,-88.83061864726095,52.778760506678985,0.12151651044290546
A_PA1_to_C1,1D,73,14,5.0,0.6,0.6,-47.32700018966312,204.58196768582224,-88.48730791743925,-35.63,169.19,-51.8,-44.322733341789984,205.88131939561907,-88.90690992055467,52.90311234506868,0.0830174892696256
A_PA1_to_C1,1D,73,15,5.0,0.6,0.6,-47.32700018966312,204.58196768582224,-88.48730791743925,-35.63,169.19,-51.8,-43.776503005813055,206.11756516103668,-88.98320119384837,53.033961109543185,0.04250703587194593
A_PA1_to_C1,1D,73,16,5.0,0.6,0.6,-47.32700018966312,204.58196768582224,-88.48730791743925,-35.63,169.19,-51.8,-43.230272669836125,206.3538109264543,-89.05949246714209,53.17125883540957,0.0
A_PA1_to_C1,1D,74,1,5.0,0.6,0.6,-45.985910393316935,205.15286772437383,-88.67104090949582,-34.25,169.47,-51.8,-50.10506867765338,203.42763014620883,-88.11778660316845,52.18702397793055,0.3940741079023127
A_PA1_to_C1,1D,74,2,5.0,0.6,0.6,-45.985910393316935,205.15286772437383,-88.67104090949582,-34.25,169.47,-51.8,-49.555847573075184,203.6576618232975,-88.1915538440121,52.224614714289636,0.3824361090295305
A_PA1_to_C1,1D,74,3,5.0,0.6,0.6,-45.985910393316935,205.15286772437383,-88.67104090949582,-34.25,169.47,-51.8,-49.006626468497,203.88769350038615,-88.26532108485574,52.269066305405666,0.3686740065168266
A_PA1_to_C1,1D,74,4,5.0,0.6,0.6,-45.985910393316935,205.15286772437383,-88.67104090949582,-34.25,169.47,-51.8,-48.4574053639188,204.11772517747482,-88.3390883256994,52.320361264251545,0.3527932143044801
A_PA1_to_C1,1D,74,5,5.0,0.6,0.6,-45.985910393316935,205.15286772437383,-88.67104090949582,-34.25,169.47,-51.8,-47.90818425934061,204.3477568545635,-88.41285556654304,52.37847948542123,0.3347999569764042
A_PA1_to_C1,1D,74,6,5.0,0.6,0.6,-45.985910393316935,205.15286772437383,-88.67104090949582,-34.25,169.47,-51.8,-47.358963154762414,204.57778853165217,-88.4866228073867,52.44339828412717,0.3147012576866395
A_PA1_to_C1,1D,74,7,5.0,0.6,0.6,-45.985910393316935,205.15286772437383,-88.67104090949582,-34.25,169.47,-51.8,-46.80974205018423,204.80782020874082,-88.56039004823035,52.51509243989284,0.2925049246322544
A_PA1_to_C1,1D,74,8,5.0,0.6,0.6,-45.985910393316935,205.15286772437383,-88.67104090949582,-34.25,169.47,-51.8,-46.26052094560603,205.0378518858295,-88.634157289074,52.59353424474713,0.26821953613247373
A_PA1_to_C1,1D,74,9,5.0,0.6,0.6,-45.985910393316935,205.15286772437383,-88.67104090949582,-34.25,169.47,-51.8,-45.71129984102784,205.26788356291817,-88.70792452991763,52.67869355570891,0.24185442437959992
A_PA1_to_C1,1D,74,10,5.0,0.6,0.6,-45.985910393316935,205.15286772437383,-88.67104090949582,-34.25,169.47,-51.8,-45.162078736449644,205.49791524000685,-88.78169177076128,52.77053785133507,0.21341965793187256
A_PA1_to_C1,1D,74,11,5.0,0.6,0.6,-45.985910393316935,205.15286772437383,-88.67104090949582,-34.25,169.47,-51.8,-44.61285763187146,205.7279469170955,-88.85545901160494,52.86903229209028,0.1829260230231391
A_PA1_to_C1,1D,74,12,5.0,0.6,0.6,-45.985910393316935,205.15286772437383,-88.67104090949582,-34.25,169.47,-51.8,-44.06363652729326,205.95797859418417,-88.92922625244859,52.974139784285164,0.15038500376775588
A_PA1_to_C1,1D,74,13,5.0,0.6,0.6,-45.985910393316935,205.15286772437383,-88.67104090949582,-34.25,169.47,-51.8,-43.51441542271507,206.18801027127284,-89.00299349329224,53.08582104731813,0.11580876134269147
A_PA1_to_C1,1D,74,14,5.0,0.6,0.6,-45.985910393316935,205.15286772437383,-88.67104090949582,-34.25,169.47,-51.8,-42.965194318136874,206.41804194836152,-89.07676073413589,53.20403468394839,0.07921011223115215
A_PA1_to_C1,1D,74,15,5.0,0.6,0.6,-45.985910393316935,205.15286772437383,-88.67104090949582,-34.25,169.47,-51.8,-42.415973213558686,206.64807362545017,-89.15052797497952,53.32873725332037,0.04060250561444434
A_PA1_to_C1,1D,74,16,5.0,0.6,0.6,-45.985910393316935,205.15286772437383,-88.67104090949582,-34.25,169.47,-51.8,-41.86675210898049,206.87810530253884,-89.22429521582318,53.45988334645502,0.0
A_PA1_to_C1,1D,75,1,5.0,0.6,0.6,-44.637546495547674,205.7083984412187,-88.84853507484068,-32.87,169.75,-51.8,-48.77882986757505,204.03070542783212,-88.3145704829402,52.55065641777326,0.3656019731449085
A_PA1_to_C1,1D,75,2,5.0,0.6,0.6,-44.637546495547674,205.7083984412187,-88.84853507484068,-32.87,169.75,-51.8,-48.22665875130473,204.25439782961698,-88.38576576186027,52.58230400020722,0.3558039600074565
A_PA1_to_C1,1D,75,3,5.0,0.6,0.6,-44.637546495547674,205.7083984412187,-88.84853507484068,-32.87,169.75,-51.8,-47.67448763503442,204.47809023140186,-88.45696104078033,52.62077439568486,0.3438936208502952
A_PA1_to_C1,1D,75,4,5.0,0.6,0.6,-44.637546495547674,205.7083984412187,-88.84853507484068,-32.87,169.75,-51.8,-47.122316518764094,204.70178263318675,-88.52815631970039,52.66605265285143,0.32987558457581656
A_PA1_to_C1,1D,75,5,5.0,0.6,0.6,-44.637546495547674,205.7083984412187,-88.84853507484068,-32.87,169.75,-51.8,-46.57014540249378,204.9254750349716,-88.59935159862046,52.71812123041064,0.3137552819259035
A_PA1_to_C1,1D,75,6,5.0,0.6,0.6,-44.637546495547674,205.7083984412187,-88.84853507484068,-32.87,169.75,-51.8,-46.01797428622346,205.1491674367565,-88.67054687754052,52.77696003082811,0.295538935047432
A_PA1_to_C1,1D,75,7,5.0,0.6,0.6,-44.637546495547674,205.7083984412187,-88.84853507484068,-32.87,169.75,-51.8,-45.46580316995315,205.3728598385414,-88.74174215646059,52.84254643870774,0.27523354561101243
A_PA1_to_C1,1D,75,8,5.0,0.6,0.6,-44.637546495547674,205.7083984412187,-88.84853507484068,-32.87,169.75,-51.8,-44.91363205368283,205.59655224032625,-88.81293743538065,52.914855363672096,0.25284688153536194
A_PA1_to_C1,1D,75,9,5.0,0.6,0.6,-44.637546495547674,205.7083984412187,-88.84853507484068,-32.87,169.75,-51.8,-44.36146093741252,205.82024464211113,-88.88413271430072,52.99385928755986,0.22838746237506413
A_PA1_to_C1,1D,75,10,5.0,0.6,0.6,-44.637546495547674,205.7083984412187,-88.84853507484068,-32.87,169.75,-51.8,-43.8092898211422,206.043937043896,-88.95532799322078,53.07952831573626,0.2018645434350006
A_PA1_to_C1,1D,75,11,5.0,0.6,0.6,-44.637546495547674,205.7083984412187,-88.84853507484068,-32.87,169.75,-51.8,-43.257118704871885,206.26762944568088,-89.02652327214085,53.17183023229879,0.17328809867879968
A_PA1_to_C1,1D,75,12,5.0,0.6,0.6,-44.637546495547674,205.7083984412187,-88.84853507484068,-32.87,169.75,-51.8,-42.70494758860157,206.49132184746577,-89.09771855106091,53.270730558945395,0.14266880250337977
A_PA1_to_C1,1D,75,13,5.0,0.6,0.6,-44.637546495547674,205.7083984412187,-88.84853507484068,-32.87,169.75,-51.8,-42.152776472331254,206.71501424925063,-89.16891382998098,53.37619261726255,0.11001801045472703
A_PA1_to_C1,1D,75,14,5.0,0.6,0.6,-44.637546495547674,205.7083984412187,-88.84853507484068,-32.87,169.75,-51.8,-41.60060535606093,206.93870665103552,-89.24010910890104,53.488177594179334,0.07534773896346181
A_PA1_to_C1,1D,75,15,5.0,0.6,0.6,-44.637546495547674,205.7083984412187,-88.84853507484068,-32.87,169.75,-51.8,-41.048434239790616,207.1623990528204,-89.3113043878211,53.60664461032628,0.0386706441811242
A_PA1_to_C1,1D,75,16,5.0,0.6,0.6,-44.637546495547674,205.7083984412187,-88.84853507484068,-32.87,169.75,-51.8,-40.4962631235203,207.38609145460526,-89.38249966674117,53.73155079103131,0.0
A_PA1_to_C1,1D,76,1,5.0,0.6,0.6,-43.282011396903435,206.24825580764937,-89.01967349375997,-31.49,170.01,-51.8,-47.445081266001715,204.61904522759758,-88.5053563242494,52.911565963036196,0.3369759397609897
A_PA1_to_C1,1D,76,2,5.0,0.6,0.6,-43.282011396903435,206.24825580764937,-89.01967349375997,-31.49,170.01,-51.8,-46.89000528345528,204.83627330493783,-88.5739319468508,52.93724157785605,0.3290268330056172
A_PA1_to_C1,1D,76,3,5.0,0.6,0.6,-43.282011396903435,206.24825580764937,-89.01967349375997,-31.49,170.01,-51.8,-46.33492930090884,205.05350138227806,-88.64250756945222,52.969701519678694,0.3189773154134663
A_PA1_to_C1,1D,76,4,5.0,0.6,0.6,-43.282011396903435,206.24825580764937,-89.01967349375997,-31.49,170.01,-51.8,-45.779853318362406,205.2707294596183,-88.71108319205364,53.00893332538783,0.3068312455344788
A_PA1_to_C1,1D,76,5,5.0,0.6,0.6,-43.282011396903435,206.24825580764937,-89.01967349375997,-31.49,170.01,-51.8,-45.224777335815965,205.48795753695853,-88.77965881465504,53.05492197248971,0.2925932742955055
A_PA1_to_C1,1D,76,6,5.0,0.6,0.6,-43.282011396903435,206.24825580764937,-89.01967349375997,-31.49,170.01,-51.8,-44.66970135326953,205.70518561429878,-88.84823443725645,53.10764990769722,0.27626883615076636
A_PA1_to_C1,1D,76,7,5.0,0.6,0.6,-43.282011396903435,206.24825580764937,-89.01967349375997,-31.49,170.01,-51.8,-44.11462537072309,205.922413691639,-88.91681005985785,53.16709708014997,0.2578641387969718
A_PA1_to_C1,1D,76,8,5.0,0.6,0.6,-43.282011396903435,206.24825580764937,-89.01967349375997,-31.49,170.01,-51.8,-43.559549388176656,206.13964176897926,-88.98538568245927,53.23324097912557,0.23738615149802555
A_PA1_to_C1,1D,76,9,5.0,0.6,0.6,-43.282011396903435,206.24825580764937,-89.01967349375997,-31.49,170.01,-51.8,-43.004473405630215,206.35686984631948,-89.05396130506067,53.306056676077745,0.21484259207010936
A_PA1_to_C1,1D,76,10,5.0,0.6,0.6,-43.282011396903435,206.24825580764937,-89.01967349375997,-31.49,170.01,-51.8,-42.44939742308378,206.57409792365974,-89.12253692766208,53.38551687082157,0.19024191258285583
A_PA1_to_C1,1D,76,11,5.0,0.6,0.6,-43.282011396903435,206.24825580764937,-89.01967349375997,-31.49,170.01,-51.8,-41.89432144053734,206.79132600099996,-89.19111255026348,53.471591941668734,0.16359328383760285
A_PA1_to_C1,1D,76,12,5.0,0.6,0.6,-43.282011396903435,206.24825580764937,-89.01967349375997,-31.49,170.01,-51.8,-41.339245457990906,207.0085540783402,-89.2596881728649,53.56424999930359,0.13490657868749167
A_PA1_to_C1,1D,76,13,5.0,0.6,0.6,-43.282011396903435,206.24825580764937,-89.01967349375997,-31.49,170.01,-51.8,-40.784169475444465,207.22578215568043,-89.3282637954663,53.663456944176204,0.10419235426872575
A_PA1_to_C1,1D,76,14,5.0,0.6,0.6,-43.282011396903435,206.24825580764937,-89.01967349375997,-31.49,170.01,-51.8,-40.22909349289803,207.4430102330207,-89.39683941806771,53.76917652717973,0.07146183321500388
A_PA1_to_C1,1D,76,15,5.0,0.6,0.6,-43.282011396903435,206.24825580764937,-89.01967349375997,-31.49,170.01,-51.8,-39.67401751035159,207.6602383103609,-89.46541504066913,53.88137041336806,0.036726883930690235
A_PA1_to_C1,1D,76,16,5.0,0.6,0.6,-43.282011396903435,206.24825580764937,-89.01967349375997,-31.49,170.01,-51.8,-39.118941527805156,207.87746638770116,-89.53399066327053,53.999998248464195,0.0
A_PA1_to_C1,1D,77,1,5.0,0.6,0.6,-41.919417359232085,206.77213383026503,-89.18434026853464,-30.1,170.26,-51.8,-46.10468795615059,205.19419192629738,-88.69077226078666,53.2679723672148,0.3063373168877952
A_PA1_to_C1,1D,77,2,5.0,0.6,0.6,-41.919417359232085,206.77213383026503,-89.18434026853464,-30.1,170.26,-51.8,-45.546651876561455,205.40458418015973,-88.75658132848639,53.28723819903826,0.3003726630724799
A_PA1_to_C1,1D,77,3,5.0,0.6,0.6,-41.919417359232085,206.77213383026503,-89.18434026853464,-30.1,170.26,-51.8,-44.988615796972326,205.61497643402208,-88.82239039618612,53.31325003831342,0.2923194620585008
A_PA1_to_C1,1D,77,4,5.0,0.6,0.6,-41.919417359232085,206.77213383026503,-89.18434026853464,-30.1,170.26,-51.8,-44.43057971738319,205.82536868788443,-88.88819946388585,53.34599801685604,0.2821807690112479
A_PA1_to_C1,1D,77,5,5.0,0.6,0.6,-41.919417359232085,206.77213383026503,-89.18434026853464,-30.1,170.26,-51.8,-43.87254363779405,206.0357609417468,-88.95400853158559,53.38546973832011,0.2699604218087508
A_PA1_to_C1,1D,77,6,5.0,0.6,0.6,-41.919417359232085,206.77213383026503,-89.18434026853464,-30.1,170.26,-51.8,-43.31450755820492,206.24615319560914,-89.01981759928532,53.431650301556054,0.25566303381000566
A_PA1_to_C1,1D,77,7,5.0,0.6,0.6,-41.919417359232085,206.77213383026503,-89.18434026853464,-30.1,170.26,-51.8,-42.75647147861579,206.4565454494715,-89.08562666698505,53.4845223285621,0.23929398520132494
A_PA1_to_C1,1D,77,8,5.0,0.6,0.6,-41.919417359232085,206.77213383026503,-89.18434026853464,-30.1,170.26,-51.8,-42.19843539902665,206.66693770333384,-89.15143573468478,53.54406599690708,0.2208594129582977
A_PA1_to_C1,1D,77,9,5.0,0.6,0.6,-41.919417359232085,206.77213383026503,-89.18434026853464,-30.1,170.26,-51.8,-41.64039931943752,206.87732995719622,-89.2172448023845,53.61025907648484,0.20036619946673184
A_PA1_to_C1,1D,77,10,5.0,0.6,0.6,-41.919417359232085,206.77213383026503,-89.18434026853464,-30.1,170.26,-51.8,-41.082363239848384,207.08772221105858,-89.28305387008423,53.683076970443004,0.17782195985119742
A_PA1_to_C1,1D,77,11,5.0,0.6,0.6,-41.919417359232085,206.77213383026503,-89.18434026853464,-30.1,170.26,-51.8,-40.52432716025925,207.29811446492093,-89.34886293778396,53.762492760112885,0.15323502806485934
A_PA1_to_C1,1D,77,12,5.0,0.6,0.6,-41.919417359232085,206.77213383026503,-89.18434026853464,-30.1,170.26,-51.8,-39.96629108067012,207.50850671878328,-89.4146720054837,53.84847725375225,0.12661444179880021
A_PA1_to_C1,1D,77,13,5.0,0.6,0.6,-41.919417359232085,206.77213383026503,-89.18434026853464,-30.1,170.26,-51.8,-39.40825500108098,207.71889897264563,-89.48048107318343,53.94099903889949,0.09796992627333978
A_PA1_to_C1,1D,77,14,5.0,0.6,0.6,-41.919417359232085,206.77213383026503,-89.18434026853464,-30.1,170.26,-51.8,-38.850218921491845,207.92929122650798,-89.54629014088316,54.040024538125806,0.06731187697726781
A_PA1_to_C1,1D,77,15,5.0,0.6,0.6,-41.919417359232085,206.77213383026503,-89.18434026853464,-30.1,170.26,-51.8,-38.292182841902715,208.13968348037034,-89.61209920858289,54.14551806796129,0.03465134142448534
A_PA1_to_C1,1D,77,16,5.0,0.6,0.6,-41.919417359232085,206.77213383026503,-89.18434026853464,-30.1,170.26,-51.8,-37.73414676231358,208.3500757342327,-89.67790827628262,54.25744190076238,0.0
A_PA1_to_C1,1D,78,1,5.0,0.6,0.6,-40.549391092869115,207.2785156165476,-89.34193078350054,-28.71,170.5,-51.8,-44.75698494870651,205.75421899732262,-88.87004757661691,53.61486837051676,0.2744600620794664
A_PA1_to_C1,1D,78,2,5.0,0.6,0.6,-40.549391092869115,207.2785156165476,-89.34193078350054,-28.71,170.5,-51.8,-44.19597243459486,205.95745854655263,-88.93296533753472,53.627454009901356,0.27056357929786046
A_PA1_to_C1,1D,78,3,5.0,0.6,0.6,-40.549391092869115,207.2785156165476,-89.34193078350054,-28.71,170.5,-51.8,-43.634959920483205,206.16069809578264,-88.99588309845255,53.646747681293164,0.26459030642113746
A_PA1_to_C1,1D,78,4,5.0,0.6,0.6,-40.549391092869115,207.2785156165476,-89.34193078350054,-28.71,170.5,-51.8,-43.07394740637155,206.3639376450126,-89.05880085937036,53.67274215070978,0.25654248307234084
A_PA1_to_C1,1D,78,5,5.0,0.6,0.6,-40.549391092869115,207.2785156165476,-89.34193078350054,-28.71,170.5,-51.8,-42.5129348922599,206.56717719424262,-89.12171862028818,53.70542768820323,0.24642312161925872
A_PA1_to_C1,1D,78,6,5.0,0.6,0.6,-40.549391092869115,207.2785156165476,-89.34193078350054,-28.71,170.5,-51.8,-41.95192237814825,206.7704167434726,-89.184636381206,53.74479208601585,0.23423600155343394
A_PA1_to_C1,1D,78,7,5.0,0.6,0.6,-40.549391092869115,207.2785156165476,-89.34193078350054,-28.71,170.5,-51.8,-41.390909864036594,206.9736562927026,-89.24755414212382,53.790820681277204,0.21998566246323037
A_PA1_to_C1,1D,78,8,5.0,0.6,0.6,-40.549391092869115,207.2785156165476,-89.34193078350054,-28.71,170.5,-51.8,-40.82989734992494,207.1768958419326,-89.31047190304163,53.84349638314331,0.2036773956316189
A_PA1_to_C1,1D,78,9,5.0,0.6,0.6,-40.549391092869115,207.2785156165476,-89.34193078350054,-28.71,170.5,-51.8,-40.26888483581329,207.38013539116258,-89.37338966395946,53.902799704262236,0.18531723429449087
A_PA1_to_C1,1D,78,10,5.0,0.6,0.6,-40.549391092869115,207.2785156165476,-89.34193078350054,-28.71,170.5,-51.8,-39.707872321701636,207.5833749403926,-89.43630742487727,53.96870879643185,0.16491194260111186
A_PA1_to_C1,1D,78,11,5.0,0.6,0.6,-40.549391092869115,207.2785156165476,-89.34193078350054,-28.71,170.5,-51.8,-39.14685980758998,207.7866144896226,-89.49922518579508,54.041199490299135,0.14246900332331336
A_PA1_to_C1,1D,78,12,5.0,0.6,0.6,-40.549391092869115,207.2785156165476,-89.34193078350054,-28.71,170.5,-51.8,-38.58584729347833,207.98985403885257,-89.56214294671291,54.12024533893535,0.11799660436473403
A_PA1_to_C1,1D,78,13,5.0,0.6,0.6,-40.549391092869115,207.2785156165476,-89.34193078350054,-28.71,170.5,-51.8,-38.02483477936668,208.19309358808258,-89.62506070763072,54.205817665106764,0.09150362412590596
A_PA1_to_C1,1D,78,14,5.0,0.6,0.6,-40.549391092869115,207.2785156165476,-89.34193078350054,-28.71,170.5,-51.8,-37.463822265255025,208.39633313731255,-89.68797846854854,54.29788561204797,0.0629996157849746
A_PA1_to_C1,1D,78,15,5.0,0.6,0.6,-40.549391092869115,207.2785156165476,-89.34193078350054,-28.71,170.5,-51.8,-36.90280975114337,208.59957268654256,-89.75089622946636,54.39641619753358,0.03249479055723015
A_PA1_to_C1,1D,78,16,5.0,0.6,0.6,-40.549391092869115,207.2785156165476,-89.34193078350054,-28.71,170.5,-51.8,-36.34179723703172,208.80281223577256,-89.81381399038418,54.50137437103344,0.0
A_PA1_to_C1,1D,79,1,5.0,0.6,0.6,-39.172223859249115,207.7673671887726,-89.49243903545896,-27.33,170.73,-51.8,-43.40092462820115,206.29593736377902,-89.041901493423,53.94598915411041,0.24387877912257494
A_PA1_to_C1,1D,79,2,5.0,0.6,0.6,-39.172223859249115,207.7673671887726,-89.49243903545896,-27.33,170.73,-51.8,-42.83709785900754,206.4921280071115,-89.10197316569446,53.95217405869809,0.24196394798087795
A_PA1_to_C1,1D,79,3,5.0,0.6,0.6,-39.172223859249115,207.7673671887726,-89.49243903545896,-27.33,170.73,-51.8,-42.27327108981394,206.68831865044396,-89.16204483796592,53.96502965351461,0.2379838876661644
A_PA1_to_C1,1D,79,4,5.0,0.6,0.6,-39.172223859249115,207.7673671887726,-89.49243903545896,-27.33,170.73,-51.8,-41.709444320620335,206.88450929377643,-89.22211651023738,53.98455117299179,0.2319400735865429
A_PA1_to_C1,1D,79,5,5.0,0.6,0.6,-39.172223859249115,207.7673671887726,-89.49243903545896,-27.33,170.73,-51.8,-41.14561755142673,207.08069993710893,-89.28218818250885,54.010731389178844,0.2238347434976724
A_PA1_to_C1,1D,79,6,5.0,0.6,0.6,-39.172223859249115,207.7673671887726,-89.49243903545896,-27.33,170.73,-51.8,-40.58179078223313,207.2768905804414,-89.34225985478031,54.043560625098394,0.21367089336778022
A_PA1_to_C1,1D,79,7,5.0,0.6,0.6,-39.172223859249115,207.7673671887726,-89.49243903545896,-27.33,170.73,-51.8,-40.017964013039524,207.47308122377387,-89.40233152705177,54.083026772577576,0.2014522718571996
A_PA1_to_C1,1D,79,8,5.0,0.6,0.6,-39.172223859249115,207.7673671887726,-89.49243903545896,-27.33,170.73,-51.8,-39.45413724384592,207.66927186710635,-89.46240319932323,54.129115314477474,0.1871833734361772
A_PA1_to_C1,1D,79,9,5.0,0.6,0.6,-39.172223859249115,207.7673671887726,-89.49243903545896,-27.33,170.73,-51.8,-38.89031047465231,207.86546251043885,-89.52247487159468,54.181809351226526,0.17086943017021738
A_PA1_to_C1,1D,79,10,5.0,0.6,0.6,-39.172223859249115,207.7673671887726,-89.49243903545896,-27.33,170.73,-51.8,-38.326483705458706,208.06165315377132,-89.58254654386614,54.24108963154516,0.1525164022077945
A_PA1_to_C1,1D,79,11,5.0,0.6,0.6,-39.172223859249115,207.7673671887726,-89.49243903545896,-27.33,170.73,-51.8,-37.7626569362651,208.2578437971038,-89.6426182161376,54.30693458723271,0.13213096701040783
A_PA1_to_C1,1D,79,12,5.0,0.6,0.6,-39.172223859249115,207.7673671887726,-89.49243903545896,-27.33,170.73,-51.8,-37.1988301670715,208.45403444043626,-89.70268988840907,54.379320371871415,0.10972050736994277
A_PA1_to_C1,1D,79,13,5.0,0.6,0.6,-39.172223859249115,207.7673671887726,-89.49243903545896,-27.33,170.73,-51.8,-36.635003397877895,208.65022508376876,-89.76276156068053,54.458220903287774,0.08529309826271003
A_PA1_to_C1,1D,79,14,5.0,0.6,0.6,-39.172223859249115,207.7673671887726,-89.49243903545896,-27.33,170.73,-51.8,-36.07117662868429,208.84641572710123,-89.822833232952,54.54360790959786,0.058857492593954674
A_PA1_to_C1,1D,79,15,5.0,0.6,0.6,-39.172223859249115,207.7673671887726,-89.49243903545896,-27.33,170.73,-51.8,-35.50734985949069,209.0426063704337,-89.88290490522346,54.63545097865124,0.030423105890118762
A_PA1_to_C1,1D,79,16,5.0,0.6,0.6,-39.172223859249115,207.7673671887726,-89.49243903545896,-27.33,170.73,-51.8,-34.94352309029708,209.23879701376617,-89.94297657749492,54.73371761067633,0.0
A_PA1_to_C1,1D,80,1,5.0,0.6,0.6,-37.78842126078582,208.23922993018812,-89.63609218903564,-25.94,170.94,-51.8,-42.03721456227227,206.8202882590713,-89.20672053741889,54.2750232020442,0.2134620549779207
A_PA1_to_C1,1D,80,2,5.0,0.6,0.6,-37.78842126078582,208.23922993018812,-89.63609218903564,-25.94,170.94,-51.8,-41.47070878874074,207.00948048188687,-89.26397009096779,54.274850462169084,0.21351553481541785
A_PA1_to_C1,1D,80,3,5.0,0.6,0.6,-37.78842126078582,208.23922993018812,-89.63609218903564,-25.94,170.94,-51.8,-40.90420301520921,207.19867270470246,-89.32121964451669,54.281310243943054,0.21151560237765565
A_PA1_to_C1,1D,80,4,5.0,0.6,0.6,-37.78842126078582,208.23922993018812,-89.63609218903564,-25.94,170.94,-51.8,-40.33769724167769,207.38786492751802,-89.37846919806559,54.29440018001466,0.20746299059078055
A_PA1_to_C1,1D,80,5,5.0,0.6,0.6,-37.78842126078582,208.23922993018812,-89.63609218903564,-25.94,170.94,-51.8,-39.77119146814616,207.5770571503336,-89.43571875161449,54.314115476696806,0.20135918356844584
A_PA1_to_C1,1D,80,6,5.0,0.6,0.6,-37.78842126078582,208.23922993018812,-89.63609218903564,-25.94,170.94,-51.8,-39.20468569461463,207.76624937314918,-89.49296830516339,54.34044892273468,0.19320641389727555
A_PA1_to_C1,1D,80,7,5.0,0.6,0.6,-37.78842126078582,208.23922993018812,-89.63609218903564,-25.94,170.94,-51.8,-38.63817992108311,207.95544159596474,-89.55021785871229,54.373390902469154,0.18300765856152523
A_PA1_to_C1,1D,80,8,5.0,0.6,0.6,-37.78842126078582,208.23922993018812,-89.63609218903564,-25.94,170.94,-51.8,-38.07167414755158,208.14463381878033,-89.60746741226119,54.412929413339775,0.1707666335241811
A_PA1_to_C1,1D,80,9,5.0,0.6,0.6,-37.78842126078582,208.23922993018812,-89.63609218903564,-25.94,170.94,-51.8,-37.50516837402005,208.3338260415959,-89.66471696581009,54.4590500876528,0.15648778698764332
A_PA1_to_C1,1D,80,10,5.0,0.6,0.6,-37.78842126078582,208.23922993018812,-89.63609218903564,-25.94,170.94,-51.8,-36.93866260048853,208.5230182644115,-89.72196651935899,54.511736218523225,0.14017629136212406
A_PA1_to_C1,1D,80,11,5.0,0.6,0.6,-37.78842126078582,208.23922993018812,-89.63609218903564,-25.94,170.94,-51.8,-36.372156826957,208.71221048722705,-89.77921607290789,54.57096878988164,0.12183803397561732
A_PA1_to_C1,1D,80,12,5.0,0.6,0.6,-37.78842126078582,208.23922993018812,-89.63609218903564,-25.94,170.94,-51.8,-35.80565105342548,208.90140271004265,-89.83646562645679,54.6367265104217,0.10147960656383148
A_PA1_to_C1,1D,80,13,5.0,0.6,0.6,-37.78842126078582,208.23922993018812,-89.63609218903564,-25.94,170.94,-51.8,-35.23914527989395,209.0905949328582,-89.89371518000569,54.708985851348004,0.07910829358355542
A_PA1_to_C1,1D,80,14,5.0,0.6,0.6,-37.78842126078582,208.23922993018812,-89.63609218903564,-25.94,170.94,-51.8,-34.67263950636242,209.27978715567377,-89.95096473355458,54.7877210877709,0.05473205939690118
A_PA1_to_C1,1D,80,15,5.0,0.6,0.6,-37.78842126078582,208.23922993018812,-89.63609218903564,-25.94,170.94,-51.8,-34.1061337328309,209.46897937848937,-90.00821428710348,54.87290434358069,0.028359534378388673
A_PA1_to_C1,1D,80,16,5.0,0.6,0.6,-37.78842126078582,208.23922993018812,-89.63609218903564,-25.94,170.94,-51.8,-33.53962795929937,209.65817160130493,-90.06546384065238,54.964505639622885,0.0
A_PA1_to_C1,1D,81,1,5.0,0.6,0.6,-36.398144323079634,208.69380836243153,-89.7727800705817,-24.54,171.15,-51.8,-40.666505411100204,207.32825507681176,-89.36491018151791,54.589859810431896,0.18210313185135618
A_PA1_to_C1,1D,81,2,5.0,0.6,0.6,-36.398144323079634,208.69380836243153,-89.7727800705817,-24.54,171.15,-51.8,-40.09739059936413,207.51032884822774,-89.41929283339309,54.58312110439478,0.18418941855015447
A_PA1_to_C1,1D,81,3,5.0,0.6,0.6,-36.398144323079634,208.69380836243153,-89.7727800705817,-24.54,171.15,-51.8,-39.528275787628054,207.6924026196437,-89.47367548526826,54.582977427687496,0.1842339005028748
A_PA1_to_C1,1D,81,4,5.0,0.6,0.6,-36.398144323079634,208.69380836243153,-89.7727800705817,-24.54,171.15,-51.8,-38.959160975891976,207.87447639105966,-89.52805813714343,54.58942883238346,0.18223656158771462
A_PA1_to_C1,1D,81,5,5.0,0.6,0.6,-36.398144323079634,208.69380836243153,-89.7727800705817,-24.54,171.15,-51.8,-38.390046164155905,208.05655016247565,-89.5824407890186,54.60247298081175,0.1781981255418046
A_PA1_to_C1,1D,81,6,5.0,0.6,0.6,-36.398144323079634,208.69380836243153,-89.7727800705817,-24.54,171.15,-51.8,-37.82093135241983,208.2386239338916,-89.63682344089378,54.6221051497898,0.17212005465076885
A_PA1_to_C1,1D,81,7,5.0,0.6,0.6,-36.398144323079634,208.69380836243153,-89.7727800705817,-24.54,171.15,-51.8,-37.25181654068375,208.42069770530756,-89.69120609276895,54.64831823916551,0.16400454710410983
A_PA1_to_C1,1D,81,8,5.0,0.6,0.6,-36.398144323079634,208.69380836243153,-89.7727800705817,-24.54,171.15,-51.8,-36.68270172894767,208.60277147672355,-89.74558874464412,54.68110278463236,0.1538545330276868
A_PA1_to_C1,1D,81,9,5.0,0.6,0.6,-36.398144323079634,208.69380836243153,-89.7727800705817,-24.54,171.15,-51.8,-36.1135869172116,208.7848452481395,-89.79997139651928,54.72044697476386,0.141673669209883
A_PA1_to_C1,1D,81,10,5.0,0.6,0.6,-36.398144323079634,208.69380836243153,-89.7727800705817,-24.54,171.15,-51.8,-35.54447210547552,208.9669190195555,-89.85435404839446,54.76633667219638,0.12746633254346662
A_PA1_to_C1,1D,81,11,5.0,0.6,0.6,-36.398144323079634,208.69380836243153,-89.7727800705817,-24.54,171.15,-51.8,-34.97535729373944,209.14899279097145,-89.90873670026963,54.81875543887127,0.11123761221068307
A_PA1_to_C1,1D,81,12,5.0,0.6,0.6,-36.398144323079634,208.69380836243153,-89.7727800705817,-24.54,171.15,-51.8,-34.406242482003364,209.3310665623874,-89.9631193521448,54.87768456523283,0.09299330064363787
A_PA1_to_C1,1D,81,13,5.0,0.6,0.6,-36.398144323079634,208.69380836243153,-89.7727800705817,-24.54,171.15,-51.8,-33.83712767026729,209.5131403338034,-90.01750200401997,54.94310310326141,0.07273988329733072
A_PA1_to_C1,1D,81,14,5.0,0.6,0.6,-36.398144323079634,208.69380836243153,-89.7727800705817,-24.54,171.15,-51.8,-33.268012858531215,209.69521410521935,-90.07188465589515,55.01498790320715,0.050484527276974944
A_PA1_to_C1,1D,81,15,5.0,0.6,0.6,-36.398144323079634,208.69380836243153,-89.7727800705817,-24.54,171.15,-51.8,-32.69889804679514,209.8772878766353,-90.12626730777032,55.09331365387678,0.026235068865325673
A_PA1_to_C1,1D,81,16,5.0,0.6,0.6,-36.398144323079634,208.69380836243153,-89.7727800705817,-24.54,171.15,-51.8,-32.129783235059065,210.0593616480513,-90.18064995964549,55.17805292631178,0.0
A_PA1_to_C1,1D,82,1,5.0,0.6,0.6,-35.001565987997985,209.13081320906835,-89.90239448340782,-23.15,171.34,-51.8,-39.289006336739945,207.81974609604706,-89.51644334513583,54.89780960453917,0.1509099829105658
A_PA1_to_C1,1D,82,2,5.0,0.6,0.6,-35.001565987997985,209.13081320906835,-89.90239448340782,-23.15,171.34,-51.8,-38.71734762357435,207.9945550444499,-89.56790349690542,54.884544747054,0.1550167499338393
A_PA1_to_C1,1D,82,3,5.0,0.6,0.6,-35.001565987997985,209.13081320906835,-89.90239448340782,-23.15,171.34,-51.8,-38.14568891040875,208.16936399285274,-89.61936364867502,54.877837100295004,0.15709342075705734
A_PA1_to_C1,1D,82,4,5.0,0.6,0.6,-35.001565987997985,209.13081320906835,-89.90239448340782,-23.15,171.34,-51.8,-37.57403019724316,208.34417294125558,-89.67082380044462,54.87768906870676,0.15713925097013615
A_PA1_to_C1,1D,82,5,5.0,0.6,0.6,-35.001565987997985,209.13081320906835,-89.90239448340782,-23.15,171.34,-51.8,-37.002371484077564,208.51898188965842,-89.72228395221421,54.88410070536637,0.15515422414053504
A_PA1_to_C1,1D,82,6,5.0,0.6,0.6,-35.001565987997985,209.13081320906835,-89.90239448340782,-23.15,171.34,-51.8,-36.430712770911974,208.69379083806126,-89.77374410398382,54.89706971188844,0.15113905184268006
A_PA1_to_C1,1D,82,7,5.0,0.6,0.6,-35.001565987997985,209.13081320906835,-89.90239448340782,-23.15,171.34,-51.8,-35.85905405774638,208.8685997864641,-89.82520425575342,54.916591442542035,0.145095172383364
A_PA1_to_C1,1D,82,8,5.0,0.6,0.6,-35.001565987997985,209.13081320906835,-89.90239448340782,-23.15,171.34,-51.8,-35.28739534458078,209.04340873486694,-89.87666440752302,54.942658912562855,0.1370247482283098
A_PA1_to_C1,1D,82,9,5.0,0.6,0.6,-35.001565987997985,209.13081320906835,-89.90239448340782,-23.15,171.34,-51.8,-34.71573663141519,209.21821768326976,-89.92812455929261,54.975262810625665,0.12693066214075444
A_PA1_to_C1,1D,82,10,5.0,0.6,0.6,-35.001565987997985,209.13081320906835,-89.90239448340782,-23.15,171.34,-51.8,-34.14407791824959,209.3930266316726,-89.97958471106222,55.01439151542533,0.11481651204797672
A_PA1_to_C1,1D,82,11,5.0,0.6,0.6,-35.001565987997985,209.13081320906835,-89.90239448340782,-23.15,171.34,-51.8,-33.572419205083996,209.56783558007544,-90.03104486283182,55.060031116297466,0.10068660465722346
A_PA1_to_C1,1D,82,12,5.0,0.6,0.6,-35.001565987997985,209.13081320906835,-89.90239448340782,-23.15,171.34,-51.8,-33.000760491918406,209.74264452847828,-90.08250501460142,55.1121654377941,0.084545947847122
A_PA1_to_C1,1D,82,13,5.0,0.6,0.6,-35.001565987997985,209.13081320906835,-89.90239448340782,-23.15,171.34,-51.8,-32.42910177875281,209.91745347688112,-90.13396516637101,55.17077606811352,0.06640024186587468
A_PA1_to_C1,1D,82,14,5.0,0.6,0.6,-35.001565987997985,209.13081320906835,-89.90239448340782,-23.15,171.34,-51.8,-31.857443065587216,210.09226242528396,-90.18542531814062,55.23584239126863,0.04625586937203252
A_PA1_to_C1,1D,82,15,5.0,0.6,0.6,-35.001565987997985,209.13081320906835,-89.90239448340782,-23.15,171.34,-51.8,-31.285784352421622,210.2670713736868,-90.23688546991022,55.307341622864236,0.024119884357912014
A_PA1_to_C1,1D,82,16,5.0,0.6,0.6,-35.001565987997985,209.13081320906835,-89.90239448340782,-23.15,171.34,-51.8,-30.714125639256025,210.44188032208965,-90.28834562167981,55.3852488493403,0.0
A_PA1_to_C1,1D,83,1,5.0,0.6,0.6,-33.59882471196269,209.54981931125974,-90.02477205237446,-21.75,171.53,-51.8,-37.905965849305005,208.29788090273263,-89.66257674005224,55.194809683500004,0.1163727539697561
A_PA1_to_C1,1D,83,2,5.0,0.6,0.6,-33.59882471196269,209.54981931125974,-90.02477205237446,-21.75,171.53,-51.8,-37.33168036432603,208.46480602386958,-89.71086944836188,55.17429366405731,0.12272446277554394
A_PA1_to_C1,1D,83,3,5.0,0.6,0.6,-33.59882471196269,209.54981931125974,-90.02477205237446,-21.75,171.53,-51.8,-36.75739487934705,208.63173114500654,-89.75916215667151,55.16029683257228,0.12705784713623558
A_PA1_to_C1,1D,83,4,5.0,0.6,0.6,-33.59882471196269,209.54981931125974,-90.02477205237446,-21.75,171.53,-51.8,-36.18310939436808,208.79865626614347,-89.80745486498112,55.15282415241606,0.1293713704044137
A_PA1_to_C1,1D,83,5,5.0,0.6,0.6,-33.59882471196269,209.54981931125974,-90.02477205237446,-21.75,171.53,-51.8,-35.6088239093891,208.96558138728042,-89.85574757329076,55.151878275514576,0.12966421155038432
A_PA1_to_C1,1D,83,6,5.0,0.6,0.6,-33.59882471196269,209.54981931125974,-90.02477205237446,-21.75,171.53,-51.8,-35.03453842441013,209.13250650841738,-89.90404028160039,55.15745953764573,0.12793626661813917
A_PA1_to_C1,1D,83,7,5.0,0.6,0.6,-33.59882471196269,209.54981931125974,-90.02477205237446,-21.75,171.53,-51.8,-34.46025293943116,209.2994316295543,-89.95233298991002,55.16956595784375,0.12418814890977359
A_PA1_to_C1,1D,83,8,5.0,0.6,0.6,-33.59882471196269,209.54981931125974,-90.02477205237446,-21.75,171.53,-51.8,-33.88596745445218,209.46635675069126,-90.00062569821965,55.1881932419129,0.11842118789765266
A_PA1_to_C1,1D,83,9,5.0,0.6,0.6,-33.59882471196269,209.54981931125974,-90.02477205237446,-21.75,171.53,-51.8,-33.311681969473206,209.63328187182822,-90.04891840652927,55.21333479003572,0.11063742686891587
A_PA1_to_C1,1D,83,10,5.0,0.6,0.6,-33.59882471196269,209.54981931125974,-90.02477205237446,-21.75,171.53,-51.8,-32.73739648449423,209.80020699296517,-90.0972111148389,55.244981708444946,0.10083961931188057
A_PA1_to_C1,1D,83,11,5.0,0.6,0.6,-33.59882471196269,209.54981931125974,-90.02477205237446,-21.75,171.53,-51.8,-32.163110999515254,209.9671321141021,-90.14550382314853,55.28312282511059,0.08903122405935804
A_PA1_to_C1,1D,83,12,5.0,0.6,0.6,-33.59882471196269,209.54981931125974,-90.02477205237446,-21.75,171.53,-51.8,-31.58882551453628,210.13405723523906,-90.19379653145816,55.32774470937806,0.0752163992087489
A_PA1_to_C1,1D,83,13,5.0,0.6,0.6,-33.59882471196269,209.54981931125974,-90.02477205237446,-21.75,171.53,-51.8,-31.014540029557303,210.300982356376,-90.2420892397678,55.37883169547693,0.059399994843772674
A_PA1_to_C1,1D,83,14,5.0,0.6,0.6,-33.59882471196269,209.54981931125974,-90.02477205237446,-21.75,171.53,-51.8,-30.44025454457833,210.46790747751294,-90.29038194807741,55.43636590980514,0.04158754458736169
A_PA1_to_C1,1D,83,15,5.0,0.6,0.6,-33.59882471196269,209.54981931125974,-90.02477205237446,-21.75,171.53,-51.8,-29.865969059599355,210.6348325986499,-90.33867465638704,55.50032730187863,0.021785256019718702
A_PA1_to_C1,1D,83,16,5.0,0.6,0.6,-33.59882471196269,209.54981931125974,-90.02477205237446,-21.75,171.53,-51.8,-29.29168357462038,210.80175771978685,-90.38696736469667,55.57069367882232,0.0
A_PA1_to_C1,1D,84,1,5.0,0.6,0.6,-32.18939736157059,209.9482143116595,-90.13887484508459,-20.36,171.7,-51.8,-36.51545221809817,208.75619819536763,-89.80072257640285,55.481667038710675,0.0821918070739116
A_PA1_to_C1,1D,84,2,5.0,0.6,0.6,-32.18939736157059,209.9482143116595,-90.13887484508459,-20.36,171.7,-51.8,-35.93864490389449,208.9151336775399,-89.84580954556041,55.453980701621944,0.0907634284636103
A_PA1_to_C1,1D,84,3,5.0,0.6,0.6,-32.18939736157059,209.9482143116595,-90.13887484508459,-20.36,171.7,-51.8,-35.361837589690815,209.07406915971214,-89.89089651471798,55.43277526804302,0.09732857817844831
A_PA1_to_C1,1D,84,4,5.0,0.6,0.6,-32.18939736157059,209.9482143116595,-90.13887484508459,-20.36,171.7,-51.8,-34.78503027548714,209.2330046418844,-89.93598348387555,55.418058177627145,0.10188495292020505
A_PA1_to_C1,1D,84,5,5.0,0.6,0.6,-32.18939736157059,209.9482143116595,-90.13887484508459,-20.36,171.7,-51.8,-34.20822296128346,209.39194012405665,-89.98107045303311,55.409834600370075,0.10443095207100228
A_PA1_to_C1,1D,84,6,5.0,0.6,0.6,-32.18939736157059,209.9482143116595,-90.13887484508459,-20.36,171.7,-51.8,-33.631415647079784,209.55087560622889,-90.02615742219068,55.40810742754053,0.10496568050120203
A_PA1_to_C1,1D,84,7,5.0,0.6,0.6,-32.18939736157059,209.9482143116595,-90.13887484508459,-20.36,171.7,-51.8,-33.05460833287611,209.70981108840112,-90.07124439134824,55.412877266600894,0.10348895014195492
A_PA1_to_C1,1D,84,8,5.0,0.6,0.6,-32.18939736157059,209.9482143116595,-90.13887484508459,-20.36,171.7,-51.8,-32.47780101867243,209.8687465705734,-90.11633136050581,55.424142440139555,0.10000128031574462
A_PA1_to_C1,1D,84,9,5.0,0.6,0.6,-32.18939736157059,209.9482143116595,-90.13887484508459,-20.36,171.7,-51.8,-31.900993704468753,210.02768205274563,-90.16141832966336,55.441898988818735,0.09450389682373839
A_PA1_to_C1,1D,84,10,5.0,0.6,0.6,-32.18939736157059,209.9482143116595,-90.13887484508459,-20.36,171.7,-51.8,-31.324186390265076,210.1866175349179,-90.20650529882093,55.46614067832631,0.08699872979352818
A_PA1_to_C1,1D,84,11,5.0,0.6,0.6,-32.18939736157059,209.9482143116595,-90.13887484508459,-20.36,171.7,-51.8,-30.7473790760614,210.34555301709014,-90.2515922679785,55.496859010302444,0.07748841029627229
A_PA1_to_C1,1D,84,12,5.0,0.6,0.6,-32.18939736157059,209.9482143116595,-90.13887484508459,-20.36,171.7,-51.8,-30.170571761857722,210.50448849926238,-90.29667923713606,55.53404323719722,0.0659762657468086
A_PA1_to_C1,1D,84,13,5.0,0.6,0.6,-32.18939736157059,209.9482143116595,-90.13887484508459,-20.36,171.7,-51.8,-29.593764447654046,210.66342398143462,-90.34176620629363,55.5776803809982,0.05246631410563651
A_PA1_to_C1,1D,84,14,5.0,0.6,0.6,-32.18939736157059,209.9482143116595,-90.13887484508459,-20.36,171.7,-51.8,-29.01695713345037,210.8223594636069,-90.3868531754512,55.627755255752476,0.03696325690617286
A_PA1_to_C1,1D,84,15,5.0,0.6,0.6,-32.18939736157059,209.9482143116595,-90.13887484508459,-20.36,171.7,-51.8,-28.44014981924669,210.98129494577913,-90.43194014460876,55.68425049379223,0.019472471135351554
A_PA1_to_C1,1D,84,16,5.0,0.6,0.6,-32.18939736157059,209.9482143116595,-90.13887484508459,-20.36,171.7,-51.8,-27.863342505043015,211.1402304279514,-90.47702711376633,55.747146575559405,0.0
A_PA1_to_C1,1D,85,1,5.0,0.6,0.6,-30.77429878000518,210.328098954824,-90.24555516389711,-18.96,171.86,-51.8,-35.11740385595039,209.19317932523109,-89.93028427455967,55.756134700612755,0.04955036717551309
A_PA1_to_C1,1D,85,2,5.0,0.6,0.6,-30.77429878000518,210.328098954824,-90.24555516389711,-18.96,171.86,-51.8,-34.5383231791577,209.34450194251013,-89.97232039313799,55.721612352378195,0.06023840068466413
A_PA1_to_C1,1D,85,3,5.0,0.6,0.6,-30.77429878000518,210.328098954824,-90.24555516389711,-18.96,171.86,-51.8,-33.959242502365,209.49582455978918,-90.01435651171631,55.69353292389106,0.06893172219770705
A_PA1_to_C1,1D,85,4,5.0,0.6,0.6,-30.77429878000518,210.328098954824,-90.24555516389711,-18.96,171.86,-51.8,-33.38016182557231,209.64714717706823,-90.05639263029464,55.671906164064204,0.07562731347537266
A_PA1_to_C1,1D,85,5,5.0,0.6,0.6,-30.77429878000518,210.328098954824,-90.24555516389711,-18.96,171.86,-51.8,-32.80108114877961,209.7984697943473,-90.09842874887296,55.65673959491522,0.08032284571963899
A_PA1_to_C1,1D,85,6,5.0,0.6,0.6,-30.77429878000518,210.328098954824,-90.24555516389711,-18.96,171.86,-51.8,-32.22200047198692,209.94979241162636,-90.1404648674513,55.648038498513465,0.08301668361492176
A_PA1_to_C1,1D,85,7,5.0,0.6,0.6,-30.77429878000518,210.328098954824,-90.24555516389711,-18.96,171.86,-51.8,-31.64291979519422,210.1011150289054,-90.18250098602962,55.645805907793886,0.08370788817206432
A_PA1_to_C1,1D,85,8,5.0,0.6,0.6,-30.77429878000518,210.328098954824,-90.24555516389711,-18.96,171.86,-51.8,-31.063839118401525,210.25243764618446,-90.22453710460795,55.650042601274805,0.0823962183637299
A_PA1_to_C1,1D,85,9,5.0,0.6,0.6,-30.77429878000518,210.328098954824,-90.24555516389711,-18.96,171.86,-51.8,-30.484758441608832,210.4037602634635,-90.26657322318627,55.66074710170115,0.07908213154443189
A_PA1_to_C1,1D,85,10,5.0,0.6,0.6,-30.77429878000518,210.328098954824,-90.24555516389711,-18.96,171.86,-51.8,-29.905677764816136,210.55508288074256,-90.3086093417646,55.67791567861862,0.07376678265357128
A_PA1_to_C1,1D,85,11,5.0,0.6,0.6,-30.77429878000518,210.328098954824,-90.24555516389711,-18.96,171.86,-51.8,-29.32659708802344,210.7064054980216,-90.35064546034292,55.70154235486839,0.06645202220472868
A_PA1_to_C1,1D,85,12,5.0,0.6,0.6,-30.77429878000518,210.328098954824,-90.24555516389711,-18.96,171.86,-51.8,-28.747516411230745,210.85772811530066,-90.39268157892126,55.73161891697593,0.05714039306926466
A_PA1_to_C1,1D,85,13,5.0,0.6,0.6,-30.77429878000518,210.328098954824,-90.24555516389711,-18.96,171.86,-51.8,-28.16843573443805,211.00905073257974,-90.43471769749958,55.76813492939193,0.04583512606740925
A_PA1_to_C1,1D,85,14,5.0,0.6,0.6,-30.77429878000518,210.328098954824,-90.24555516389711,-18.96,171.86,-51.8,-27.589355057645356,211.1603733498588,-90.4767538160779,55.81107775252773,0.03254013438449732
A_PA1_to_C1,1D,85,15,5.0,0.6,0.6,-30.77429878000518,210.328098954824,-90.24555516389711,-18.96,171.86,-51.8,-27.01027438085266,211.31169596713784,-90.51878993465623,55.860432564513204,0.017260006834817432
A_PA1_to_C1,1D,85,16,5.0,0.6,0.6,-30.77429878000518,210.328098954824,-90.24555516389711,-18.96,171.86,-51.8,-26.431193704059964,211.4630185844169,-90.56082605323455,55.91618238658966,0.0
A_PA1_to_C1,1D,86,1,5.0,0.6,0.6,-29.353752174889728,210.68921166922962,-90.34471752312658,-17.56,172.01,-51.8,-33.71318889019201,209.61218372939143,-90.0526176393841,56.01885833186939,0.01660943745353194
A_PA1_to_C1,1D,86,2,5.0,0.6,0.6,-29.353752174889728,210.68921166922962,-90.34471752312658,-17.56,172.01,-51.8,-33.131930661485036,209.7557874547032,-90.09156429054975,55.977436444687555,0.02943355113211865
A_PA1_to_C1,1D,86,3,5.0,0.6,0.6,-29.353752174889728,210.68921166922962,-90.34471752312658,-17.56,172.01,-51.8,-32.550672432778065,209.89939118001496,-90.13051094171541,55.94241944206573,0.04027472841441693
A_PA1_to_C1,1D,86,4,5.0,0.6,0.6,-29.353752174889728,210.68921166922962,-90.34471752312658,-17.56,172.01,-51.8,-31.969414204071096,210.0429949053267,-90.16945759288109,55.913819357516566,0.04912924375471661
A_PA1_to_C1,1D,86,5,5.0,0.6,0.6,-29.353752174889728,210.68921166922962,-90.34471752312658,-17.56,172.01,-51.8,-31.388155975364125,210.18659863063846,-90.20840424404675,55.891646041765256,0.055994047392893265
A_PA1_to_C1,1D,86,6,5.0,0.6,0.6,-29.353752174889728,210.68921166922962,-90.34471752312658,-17.56,172.01,-51.8,-30.806897746657157,210.33020235595023,-90.24735089521242,55.87590714584379,0.06086677058839385
A_PA1_to_C1,1D,86,7,5.0,0.6,0.6,-29.353752174889728,210.68921166922962,-90.34471752312658,-17.56,172.01,-51.8,-30.225639517950185,210.47380608126198,-90.28629754637808,55.866608107920214,0.0637457296978603
A_PA1_to_C1,1D,86,8,5.0,0.6,0.6,-29.353752174889728,210.68921166922962,-90.34471752312658,-17.56,172.01,-51.8,-29.644381289243213,210.61740980657373,-90.32524419754374,55.86375214391632,0.06462992907986731
A_PA1_to_C1,1D,86,9,5.0,0.6,0.6,-29.353752174889728,210.68921166922962,-90.34471752312658,-17.56,172.01,-51.8,-29.063123060536242,210.7610135318855,-90.36419084870941,55.86734024195083,0.06351906281531683
A_PA1_to_C1,1D,86,10,5.0,0.6,0.6,-29.353752174889728,210.68921166922962,-90.34471752312658,-17.56,172.01,-51.8,-28.48186483182927,210.90461725719726,-90.40313749987507,55.87737116063065,0.06041351523642291
A_PA1_to_C1,1D,86,11,5.0,0.6,0.6,-29.353752174889728,210.68921166922962,-90.34471752312658,-17.56,172.01,-51.8,-27.9006066031223,211.048220982509,-90.44208415104073,55.89384143119756,0.0553143602621482
A_PA1_to_C1,1D,86,12,5.0,0.6,0.6,-29.353752174889728,210.68921166922962,-90.34471752312658,-17.56,172.01,-51.8,-27.31934837441533,211.19182470782079,-90.4810308022064,55.91674536352094,0.04822335954283474
A_PA1_to_C1,1D,86,13,5.0,0.6,0.6,-29.353752174889728,210.68921166922962,-90.34471752312658,-17.56,172.01,-51.8,-26.73809014570836,211.33542843313253,-90.51997745337206,55.94607505591272,0.03914295942153956
A_PA1_to_C1,1D,86,14,5.0,0.6,0.6,-29.353752174889728,210.68921166922962,-90.34471752312658,-17.56,172.01,-51.8,-26.156831917001387,211.47903215844428,-90.55892410453774,55.98182040872555,0.028076286724072474
A_PA1_to_C1,1D,86,15,5.0,0.6,0.6,-29.353752174889728,210.68921166922962,-90.34471752312658,-17.56,172.01,-51.8,-25.575573688294416,211.62263588375603,-90.5978707557034,56.02396914167881,0.015027143394888753
A_PA1_to_C1,1D,86,16,5.0,0.6,0.6,-29.353752174889728,210.68921166922962,-90.34471752312658,-17.56,172.01,-51.8,-24.994315459587447,211.7662396090678,-90.63681740686906,56.0725068148443,0.0
A_PA1_to_C1,1D,87,1,5.0,0.6,0.6,-27.927991414838672,211.031298188544,-90.4362692640794,-16.16,172.14,-51.8,-32.30328642976644,210.01402037868257,-90.16805407078911,56.27747941741299,0.0
A_PA1_to_C1,1D,87,2,5.0,0.6,0.6,-27.927991414838672,211.031298188544,-90.4362692640794,-16.16,172.14,-51.8,-31.719913761109403,210.14965741999742,-90.20381609656116,56.228978865147624,0.01501565085614942
A_PA1_to_C1,1D,87,3,5.0,0.6,0.6,-27.927991414838672,211.031298188544,-90.4362692640794,-16.16,172.14,-51.8,-31.136541092452365,210.28529446131228,-90.23957812233319,56.186844001572936,0.02806050026007867
A_PA1_to_C1,1D,87,4,5.0,0.6,0.6,-27.927991414838672,211.031298188544,-90.4362692640794,-16.16,172.14,-51.8,-30.55316842379533,210.42093150262716,-90.27534014810523,56.151089156818415,0.03913011163918512
A_PA1_to_C1,1D,87,5,5.0,0.6,0.6,-27.927991414838672,211.031298188544,-90.4362692640794,-16.16,172.14,-51.8,-29.969795755138296,210.556568543942,-90.31110217387726,56.12172652491052,0.048220709753085345
A_PA1_to_C1,1D,87,6,5.0,0.6,0.6,-27.927991414838672,211.031298188544,-90.4362692640794,-16.16,172.14,-51.8,-29.386423086481262,210.69220558525686,-90.3468641996493,56.098766143086614,0.05532918709794998
A_PA1_to_C1,1D,87,7,5.0,0.6,0.6,-27.927991414838672,211.031298188544,-90.4362692640794,-16.16,172.14,-51.8,-28.803050417824224,210.82784262657174,-90.38262622542135,56.082215874701305,0.06045310919866509
A_PA1_to_C1,1D,87,8,5.0,0.6,0.6,-27.927991414838672,211.031298188544,-90.4362692640794,-16.16,172.14,-51.8,-28.21967774916719,210.9634796678866,-90.41838825119338,56.07208139579334,0.06359071876769207
A_PA1_to_C1,1D,87,9,5.0,0.6,0.6,-27.927991414838672,211.031298188544,-90.4362692640794,-16.16,172.14,-51.8,-27.636305080510155,211.09911670920144,-90.45415027696542,56.06836618536649,0.0647409387140847
A_PA1_to_C1,1D,87,10,5.0,0.6,0.6,-27.927991414838672,211.031298188544,-90.4362692640794,-16.16,172.14,-51.8,-27.05293241185312,211.2347537505163,-90.48991230273745,56.07107151942277,0.0639033739907795
A_PA1_to_C1,1D,87,11,5.0,0.6,0.6,-27.927991414838672,211.031298188544,-90.4362692640794,-16.16,172.14,-51.8,-26.469559743196083,211.37039079183117,-90.5256743285095,56.08019646877231,0.06107831227265592
A_PA1_to_C1,1D,87,12,5.0,0.6,0.6,-27.927991414838672,211.031298188544,-90.4362692640794,-16.16,172.14,-51.8,-25.88618707453905,211.50602783314602,-90.56143635428154,56.09573790062822,0.056266723462776724
A_PA1_to_C1,1D,87,13,5.0,0.6,0.6,-27.927991414838672,211.031298188544,-90.4362692640794,-16.16,172.14,-51.8,-25.302814405882014,211.64166487446087,-90.59719838005357,56.117690483980645,0.04947025802858818
A_PA1_to_C1,1D,87,14,5.0,0.6,0.6,-27.927991414838672,211.031298188544,-90.4362692640794,-16.16,172.14,-51.8,-24.71944173722498,211.77730191577575,-90.63296040582561,56.146046698727865,0.04069124417496184
A_PA1_to_C1,1D,87,15,5.0,0.6,0.6,-27.927991414838672,211.031298188544,-90.4362692640794,-16.16,172.14,-51.8,-24.13606906856794,211.9129389570906,-90.66872243159764,56.180796848528274,0.029932683865236953
A_PA1_to_C1,1D,87,16,5.0,0.6,0.6,-27.927991414838672,211.031298188544,-90.4362692640794,-16.16,172.14,-51.8,-23.552696399910907,212.04857599840545,-90.70448445736969,56.22192907732249,0.017198247706037506
A_PA1_to_C1,1D,88,1,5.0,0.6,0.6,-26.49708986336301,211.35339983708317,-90.5198371965285,-14.76,172.27,-51.8,-30.888266903191983,210.4001508426952,-90.27718402927692,56.52011223812397,0.0
A_PA1_to_C1,1D,88,2,5.0,0.6,0.6,-26.49708986336301,211.35339983708317,-90.5198371965285,-14.76,172.27,-51.8,-30.302776631214783,210.52725070861362,-90.30953778491048,56.4639676041013,0.017382239635502117
A_PA1_to_C1,1D,88,3,5.0,0.6,0.6,-26.49708986336301,211.35339983708317,-90.5198371965285,-14.76,172.27,-51.8,-29.717286359237587,210.654350574532,-90.34189154054401,56.41414882619313,0.032806009885707255
A_PA1_to_C1,1D,88,4,5.0,0.6,0.6,-26.49708986336301,211.35339983708317,-90.5198371965285,-14.76,172.27,-51.8,-29.13179608726039,210.7814504404504,-90.37424529617755,56.37067267623065,0.046266118233226905
A_PA1_to_C1,1D,88,5,5.0,0.6,0.6,-26.49708986336301,211.35339983708317,-90.5198371965285,-14.76,172.27,-51.8,-28.546305815283198,210.9085503063688,-90.4065990518111,56.3335538392316,0.05775801823293136
A_PA1_to_C1,1D,88,6,5.0,0.6,0.6,-26.49708986336301,211.35339983708317,-90.5198371965285,-14.76,172.27,-51.8,-27.960815543305998,211.03565017228718,-90.43895280744464,56.302804888783925,0.06727781713313874
A_PA1_to_C1,1D,88,7,5.0,0.6,0.6,-26.49708986336301,211.35339983708317,-90.5198371965285,-14.76,172.27,-51.8,-27.3753252713288,211.1627500382056,-90.47130656307819,56.278436265867775,0.07482228243225819
A_PA1_to_C1,1D,88,8,5.0,0.6,0.6,-26.49708986336301,211.35339983708317,-90.5198371965285,-14.76,172.27,-51.8,-26.789834999351605,211.28984990412397,-90.50366031871172,56.260456261198314,0.08038884734540375
A_PA1_to_C1,1D,88,9,5.0,0.6,0.6,-26.49708986336301,211.35339983708317,-90.5198371965285,-14.76,172.27,-51.8,-26.204344727374412,211.41694977004238,-90.53601407434527,56.248871001159465,0.08397561515928942
A_PA1_to_C1,1D,88,10,5.0,0.6,0.6,-26.49708986336301,211.35339983708317,-90.5198371965285,-14.76,172.27,-51.8,-25.618854455397216,211.54404963596076,-90.56836782997881,56.24368443738323,0.08558136245843073
A_PA1_to_C1,1D,88,11,5.0,0.6,0.6,-26.49708986336301,211.35339983708317,-90.5198371965285,-14.76,172.27,-51.8,-25.03336418342002,211.67114950187917,-90.60072158561236,56.24489834001672,0.0852055412096746
A_PA1_to_C1,1D,88,12,5.0,0.6,0.6,-26.49708986336301,211.35339983708317,-90.5198371965285,-14.76,172.27,-51.8,-24.44787391144282,211.79824936779755,-90.6330753412459,56.25251229470273,0.08284827969697517
A_PA1_to_C1,1D,88,13,5.0,0.6,0.6,-26.49708986336301,211.35339983708317,-90.5198371965285,-14.76,172.27,-51.8,-23.862383639465627,211.92534923371593,-90.66542909687945,56.26652370328693,0.07851038230248975
A_PA1_to_C1,1D,88,14,5.0,0.6,0.6,-26.49708986336301,211.35339983708317,-90.5198371965285,-14.76,172.27,-51.8,-23.27689336748843,212.05244909963434,-90.69778285251299,56.286927788247766,0.07219332813504664
A_PA1_to_C1,1D,88,15,5.0,0.6,0.6,-26.49708986336301,211.35339983708317,-90.5198371965285,-14.76,172.27,-51.8,-22.691403095511234,212.17954896555273,-90.73013660814652,56.31371760083226,0.06389926851136352
A_PA1_to_C1,1D,88,16,5.0,0.6,0.6,-26.49708986336301,211.35339983708317,-90.5198371965285,-14.76,172.27,-51.8,-22.105912823534034,212.30664883147114,-90.76249036378007,56.34688403286517,0.05363102329993552
A_PA1_to_C1,1D,89,1,5.0,0.6,0.6,-25.060970741497925,211.65367905566978,-90.594698687592,-13.36,172.38,-51.8,-29.466836140225478,210.76420573016355,-90.37747232752443,56.75384384484021,0.0
A_PA1_to_C1,1D,89,2,5.0,0.6,0.6,-25.060970741497925,211.65367905566978,-90.594698687592,-13.36,172.38,-51.8,-28.879387420395137,210.8828021735644,-90.40643584220011,56.690158313051725,0.01971688290665341
A_PA1_to_C1,1D,89,3,5.0,0.6,0.6,-25.060970741497925,211.65367905566978,-90.594698687592,-13.36,172.38,-51.8,-28.291938700564796,211.00139861696522,-90.43539935687578,56.63275825838986,0.03748779766264576
A_PA1_to_C1,1D,89,4,5.0,0.6,0.6,-25.060970741497925,211.65367905566978,-90.594698687592,-13.36,172.38,-51.8,-27.704489980734458,211.11999506036605,-90.46436287155146,56.58166281002693,0.053306821923616354
A_PA1_to_C1,1D,89,5,5.0,0.6,0.6,-25.060970741497925,211.65367905566978,-90.594698687592,-13.36,172.38,-51.8,-27.117041260904116,211.23859150376688,-90.49332638622714,56.536889061407905,0.06716866360133267
A_PA1_to_C1,1D,89,6,5.0,0.6,0.6,-25.060970741497925,211.65367905566978,-90.594698687592,-13.36,172.38,-51.8,-26.529592541073775,211.35718794716772,-90.5222899009028,56.498452041948035,0.07906866962606074
A_PA1_to_C1,1D,89,7,5.0,0.6,0.6,-25.060970741497925,211.65367905566978,-90.594698687592,-13.36,172.38,-51.8,-25.942143821243437,211.47578439056855,-90.55125341557849,56.46636469200635,0.08900283369469264
A_PA1_to_C1,1D,89,8,5.0,0.6,0.6,-25.060970741497925,211.65367905566978,-90.594698687592,-13.36,172.38,-51.8,-25.354695101413096,211.59438083396938,-90.58021693025417,56.440637841231215,0.09696780297492325
A_PA1_to_C1,1D,89,9,5.0,0.6,0.6,-25.060970741497925,211.65367905566978,-90.594698687592,-13.36,172.38,-51.8,-24.767246381582755,211.7129772773702,-90.60918044492983,56.42128019036237,0.10296088373927148
A_PA1_to_C1,1D,89,10,5.0,0.6,0.6,-25.060970741497925,211.65367905566978,-90.594698687592,-13.36,172.38,-51.8,-24.179797661752414,211.83157372077102,-90.63814395960551,56.408298296560375,0.106980045907072
A_PA1_to_C1,1D,89,11,5.0,0.6,0.6,-25.060970741497925,211.65367905566978,-90.594698687592,-13.36,172.38,-51.8,-23.592348941922076,211.95017016417185,-90.6671074742812,56.40169656232067,0.10902392647663817
A_PA1_to_C1,1D,89,12,5.0,0.6,0.6,-25.060970741497925,211.65367905566978,-90.594698687592,-13.36,172.38,-51.8,-23.004900222091734,212.06876660757268,-90.69607098895686,56.40147722801641,0.10909183183399307
A_PA1_to_C1,1D,89,13,5.0,0.6,0.6,-25.060970741497925,211.65367905566978,-90.594698687592,-13.36,172.38,-51.8,-22.417451502261393,212.18736305097352,-90.72503450363254,56.40764036809919,0.10718373892910904
A_PA1_to_C1,1D,89,14,5.0,0.6,0.6,-25.060970741497925,211.65367905566978,-90.594698687592,-13.36,172.38,-51.8,-21.830002782431055,212.30595949437435,-90.75399801830822,56.42018389097268,0.1033002953150266
A_PA1_to_C1,1D,89,15,5.0,0.6,0.6,-25.060970741497925,211.65367905566978,-90.594698687592,-13.36,172.38,-51.8,-21.242554062600714,212.42455593777518,-90.78296153298389,56.43910354253982,0.09744281804965738
A_PA1_to_C1,1D,89,16,5.0,0.6,0.6,-25.060970741497925,211.65367905566978,-90.594698687592,-13.36,172.38,-51.8,-20.655105342770373,212.54315238117601,-90.81192504765957,56.46439291340951,0.08961329146461239
A_PA1_to_C1,1D,90,1,5.0,0.6,0.6,-23.62047023416736,211.93414305010464,-90.6616657715752,-11.95,172.49,-51.8,-28.03934277842441,211.10568468854194,-90.46873526396152,56.96761485195665,0.0
A_PA1_to_C1,1D,90,2,5.0,0.6,0.6,-23.62047023416736,211.93414305010464,-90.6616657715752,-11.95,172.49,-51.8,-27.45015977252347,211.21614580341696,-90.49445933164334,56.896665145942116,0.021965853255270673
A_PA1_to_C1,1D,90,3,5.0,0.6,0.6,-23.62047023416736,211.93414305010464,-90.6616657715752,-11.95,172.49,-51.8,-26.860976766622528,211.326606918292,-90.52018339932516,56.83196167244324,0.04199788839424201
A_PA1_to_C1,1D,90,4,5.0,0.6,0.6,-23.62047023416736,211.93414305010464,-90.6616657715752,-11.95,172.49,-51.8,-26.27179376072159,211.437068033167,-90.545907467007,56.773525787523994,0.06008949363240035
A_PA1_to_C1,1D,90,5,5.0,0.6,0.6,-23.62047023416736,211.93414305010464,-90.6616657715752,-11.95,172.49,-51.8,-25.68261075482065,211.54752914804203,-90.57163153468882,56.72137686230161,0.07623467171982412
A_PA1_to_C1,1D,90,6,5.0,0.6,0.6,-23.62047023416736,211.93414305010464,-90.6616657715752,-11.95,172.49,-51.8,-25.09342774891971,211.65799026291708,-90.59735560237064,56.675532251262005,0.09042804975065977
A_PA1_to_C1,1D,90,7,5.0,0.6,0.6,-23.62047023416736,211.93414305010464,-90.6616657715752,-11.95,172.49,-51.8,-24.50424474301877,211.7684513777921,-90.62307967005246,56.63600726368723,0.10266488800910523
A_PA1_to_C1,1D,90,8,5.0,0.6,0.6,-23.62047023416736,211.93414305010464,-90.6616657715752,-11.95,172.49,-51.8,-23.91506173711783,211.87891249266713,-90.64880373773428,56.60281513830409,0.11294108781812895
A_PA1_to_C1,1D,90,9,5.0,0.6,0.6,-23.62047023416736,211.93414305010464,-90.6616657715752,-11.95,172.49,-51.8,-23.32587873121689,211.98937360754215,-90.67452780541612,56.57596702125046,0.12125319836104609
A_PA1_to_C1,1D,90,10,5.0,0.6,0.6,-23.62047023416736,211.93414305010464,-90.6616657715752,-11.95,172.49,-51.8,-22.73669572531595,212.09983472241717,-90.70025187309794,56.55547194744478,0.12759842244949127
A_PA1_to_C1,1D,90,11,5.0,0.6,0.6,-23.62047023416736,211.93414305010464,-90.6616657715752,-11.95,172.49,-51.8,-22.147512719415012,212.2102958372922,-90.72597594077976,56.54133682543071,0.1319746212154591
A_PA1_to_C1,1D,90,12,5.0,0.6,0.6,-23.62047023416736,211.93414305010464,-90.6616657715752,-11.95,172.49,-51.8,-21.55832971351407,212.32075695216724,-90.75170000846158,56.53356642575632,0.134380317709077
A_PA1_to_C1,1D,90,13,5.0,0.6,0.6,-23.62047023416736,211.93414305010464,-90.6616657715752,-11.95,172.49,-51.8,-20.96914670761313,212.43121806704227,-90.7774240761434,56.53216337293307,0.13481469938810164
A_PA1_to_C1,1D,90,14,5.0,0.6,0.6,-23.62047023416736,211.93414305010464,-90.6616657715752,-11.95,172.49,-51.8,-20.379963701712192,212.5416791819173,-90.80314814382524,56.537128141006505,0.13327761948920624
A_PA1_to_C1,1D,90,15,5.0,0.6,0.6,-23.62047023416736,211.93414305010464,-90.6616657715752,-11.95,172.49,-51.8,-19.79078069581125,212.6521402967923,-90.82887221150706,56.54845905275565,0.12976959727584614
A_PA1_to_C1,1D,90,16,5.0,0.6,0.6,-23.62047023416736,211.93414305010464,-90.6616657715752,-11.95,172.49,-51.8,-19.20159768991031,212.76260141166733,-90.85459627918888,56.56615228252471,0.12429181716158766
A_PA1_to_C1,1D,91,1,5.0,0.6,0.6,-22.17586800900967,212.19458342861978,-90.72066392626357,-10.55,172.58,-51.8,-26.606852533159294,211.4277639012984,-90.55224789595435,57.172615738587155,0.0
A_PA1_to_C1,1D,91,2,5.0,0.6,0.6,-22.17586800900967,212.19458342861978,-90.72066392626357,-10.55,172.58,-51.8,-26.01605459660601,211.53000650494124,-90.57470336666225,57.09447847815768,0.024191102300147094
A_PA1_to_C1,1D,91,3,5.0,0.6,0.6,-22.17586800900967,212.19458342861978,-90.72066392626357,-10.55,172.58,-51.8,-25.425256660052728,211.6322491085841,-90.59715883737015,57.022547777116,0.046460669186114245
A_PA1_to_C1,1D,91,4,5.0,0.6,0.6,-22.17586800900967,212.19458342861978,-90.72066392626357,-10.55,172.58,-51.8,-24.834458723499445,211.73449171222694,-90.61961430807804,56.95684715022544,0.06680142054542415
A_PA1_to_C1,1D,91,5,5.0,0.6,0.6,-22.17586800900967,212.19458342861978,-90.72066392626357,-10.55,172.58,-51.8,-24.243660786946162,211.8367343158698,-90.64206977878594,56.89739817948454,0.08520667464477327
A_PA1_to_C1,1D,91,6,5.0,0.6,0.6,-22.17586800900967,212.19458342861978,-90.72066392626357,-10.55,172.58,-51.8,-23.65286285039288,211.93897691951264,-90.66452524949383,56.844220479266646,0.10167035892276033
A_PA1_to_C1,1D,91,7,5.0,0.6,0.6,-22.17586800900967,212.19458342861978,-90.72066392626357,-10.55,172.58,-51.8,-23.062064913839592,212.0412195231555,-90.68698072020173,56.79733166440255,0.11618701987139701
A_PA1_to_C1,1D,91,8,5.0,0.6,0.6,-22.17586800900967,212.19458342861978,-90.72066392626357,-10.55,172.58,-51.8,-22.471266977286312,212.14346212679834,-90.70943619090963,56.75674732132569,0.12875183196949536
A_PA1_to_C1,1D,91,9,5.0,0.6,0.6,-22.17586800900967,212.19458342861978,-90.72066392626357,-10.55,172.58,-51.8,-21.880469040733026,212.24570473044122,-90.73189166161751,56.72248098238897,0.13936060563411345
A_PA1_to_C1,1D,91,10,5.0,0.6,0.6,-22.17586800900967,212.19458342861978,-90.72066392626357,-10.55,172.58,-51.8,-21.289671104179746,212.34794733408407,-90.7543471323254,56.69454410345095,0.1480097941598153
A_PA1_to_C1,1D,91,11,5.0,0.6,0.6,-22.17586800900967,212.19458342861978,-90.72066392626357,-10.55,172.58,-51.8,-20.69887316762646,212.45018993772692,-90.7768026030333,56.67294604481765,0.15469649961904253
A_PA1_to_C1,1D,91,12,5.0,0.6,0.6,-22.17586800900967,212.19458342861978,-90.72066392626357,-10.55,172.58,-51.8,-20.108075231073176,212.55243254136977,-90.7992580737412,56.6576940556133,0.15941847770088557
A_PA1_to_C1,1D,91,13,5.0,0.6,0.6,-22.17586800900967,212.19458342861978,-90.72066392626357,-10.55,172.58,-51.8,-19.517277294519893,212.65467514501262,-90.8217135444491,56.648793261641025,0.16217414146938935
A_PA1_to_C1,1D,91,14,5.0,0.6,0.6,-22.17586800900967,212.19458342861978,-90.72066392626357,-10.55,172.58,-51.8,-18.92647935796661,212.75691774865547,-90.844169015157,56.64624665678046,0.1629625640268415
A_PA1_to_C1,1D,91,15,5.0,0.6,0.6,-22.17586800900967,212.19458342861978,-90.72066392626357,-10.55,172.58,-51.8,-18.335681421413327,212.85916035229832,-90.86662448586489,56.65005509795625,0.16178348007148813
A_PA1_to_C1,1D,91,16,5.0,0.6,0.6,-22.17586800900967,212.19458342861978,-90.72066392626357,-10.55,172.58,-51.8,-17.744883484860043,212.96140295594117,-90.88907995657279,56.660217303696825,0.15863728634375462
A_PA1_to_C1,1D,92,1,5.0,0.6,0.6,-20.727453063034623,212.43480425702376,-90.77162563826467,-9.14,172.66,-51.8,-25.170343217911554,211.73440895558596,-90.6295922146578,57.37175760310149,0.0
A_PA1_to_C1,1D,92,2,5.0,0.6,0.6,-20.727453063034623,212.43480425702376,-90.77162563826467,-9.14,172.66,-51.8,-24.577957863927963,211.82779499577765,-90.64853000447206,57.28573113217677,0.026633582329637306
A_PA1_to_C1,1D,92,3,5.0,0.6,0.6,-20.727453063034623,212.43480425702376,-90.77162563826467,-9.14,172.66,-51.8,-23.985572509944372,211.92118103596937,-90.66746779428631,57.20586868693684,0.05135879757419559
A_PA1_to_C1,1D,92,4,5.0,0.6,0.6,-20.727453063034623,212.43480425702376,-90.77162563826467,-9.14,172.66,-51.8,-23.39318715596078,212.0145670761611,-90.68640558410056,57.13219611660377,0.07416764287855315
A_PA1_to_C1,1D,92,5,5.0,0.6,0.6,-20.727453063034623,212.43480425702376,-90.77162563826467,-9.14,172.66,-51.8,-22.80080180197719,212.10795311635277,-90.7053433739148,57.06473739521708,0.09505269593944732
A_PA1_to_C1,1D,92,6,5.0,0.6,0.6,-20.727453063034623,212.43480425702376,-90.77162563826467,-9.14,172.66,-51.8,-22.2084164479936,212.2013391565445,-90.72428116372905,57.003514583436875,0.11400712683115088
A_PA1_to_C1,1D,92,7,5.0,0.6,0.6,-20.727453063034623,212.43480425702376,-90.77162563826467,-9.14,172.66,-51.8,-21.616031094010008,212.2947251967362,-90.74321895354329,56.94854779310105,0.1310247089784653
A_PA1_to_C1,1D,92,8,5.0,0.6,0.6,-20.727453063034623,212.43480425702376,-90.77162563826467,-9.14,172.66,-51.8,-21.023645740026417,212.3881112369279,-90.76215674335754,56.899855154667364,0.14609982923657228
A_PA1_to_C1,1D,92,9,5.0,0.6,0.6,-20.727453063034623,212.43480425702376,-90.77162563826467,-9.14,172.66,-51.8,-20.43126038604283,212.48149727711962,-90.7810945331718,56.857452787661366,0.1592274970402876
A_PA1_to_C1,1D,92,10,5.0,0.6,0.6,-20.727453063034623,212.43480425702376,-90.77162563826467,-9.14,172.66,-51.8,-19.83887503205924,212.5748833173113,-90.80003232298604,56.82135477424094,0.17040335258840855
A_PA1_to_C1,1D,92,11,5.0,0.6,0.6,-20.727453063034623,212.43480425702376,-90.77162563826467,-9.14,172.66,-51.8,-19.246489678075648,212.66826935750302,-90.81897011280029,56.791573135978254,0.1796236740319621
A_PA1_to_C1,1D,92,12,5.0,0.6,0.6,-20.727453063034623,212.43480425702376,-90.77162563826467,-9.14,172.66,-51.8,-18.654104324092057,212.76165539769474,-90.83790790261453,56.76811781394713,0.18688538363912244
A_PA1_to_C1,1D,92,13,5.0,0.6,0.6,-20.727453063034623,212.43480425702376,-90.77162563826467,-9.14,172.66,-51.8,-18.061718970108465,212.85504143788643,-90.85684569242878,56.750996652192754,0.19218605291292334
A_PA1_to_C1,1D,92,14,5.0,0.6,0.6,-20.727453063034623,212.43480425702376,-90.77162563826467,-9.14,172.66,-51.8,-17.469333616124874,212.94842747807814,-90.87578348224302,56.74021538464766,0.19552390664205532
A_PA1_to_C1,1D,92,15,5.0,0.6,0.6,-20.727453063034623,212.43480425702376,-90.77162563826467,-9.14,172.66,-51.8,-16.876948262141283,213.04181351826986,-90.89472127205727,56.735777625544365,0.19689782586907967
A_PA1_to_C1,1D,92,16,5.0,0.6,0.6,-20.727453063034623,212.43480425702376,-90.77162563826467,-9.14,172.66,-51.8,-16.284562908157692,213.13519955846155,-90.91365906187153,56.737684863362496,0.19630734976439612
A_PA1_to_C1,1D,93,1,5.0,0.6,0.6,-19.27509516286899,212.65187307593305,-90.81339786387643,-7.74,172.73,-51.8,-23.72893673057144,212.0193803497212,-90.69829685999356,57.55327101605485,0.0
A_PA1_to_C1,1D,93,2,5.0,0.6,0.6,-19.27509516286899,212.65187307593305,-90.81339786387643,-7.74,172.73,-51.8,-23.135091188211113,212.10371271321608,-90.71364366051128,57.45928774753008,0.029096987159370258
A_PA1_to_C1,1D,93,3,5.0,0.6,0.6,-19.27509516286899,212.65187307593305,-90.81339786387643,-7.74,172.73,-51.8,-22.541245645850786,212.188045076711,-90.72899046102899,57.3714257471388,0.056298844865647624
A_PA1_to_C1,1D,93,4,5.0,0.6,0.6,-19.27509516286899,212.65187307593305,-90.81339786387643,-7.74,172.73,-51.8,-21.94740010349046,212.27237744020593,-90.7443372615467,57.289713178418545,0.08159685375736814
A_PA1_to_C1,1D,93,5,5.0,0.6,0.6,-19.27509516286899,212.65187307593305,-90.81339786387643,-7.74,172.73,-51.8,-21.353554561130135,212.35670980370085,-90.75968406206442,57.21417638899878,0.1049828566737041
A_PA1_to_C1,1D,93,6,5.0,0.6,0.6,-19.27509516286899,212.65187307593305,-90.81339786387643,-7.74,172.73,-51.8,-20.759709018769808,212.44104216719577,-90.77503086258214,57.14483986920838,0.12644927146949314
A_PA1_to_C1,1D,93,7,5.0,0.6,0.6,-19.27509516286899,212.65187307593305,-90.81339786387643,-7.74,172.73,-51.8,-20.16586347640948,212.52537453069067,-90.79037766309986,57.08172621324156,0.14598910303816837
A_PA1_to_C1,1D,93,8,5.0,0.6,0.6,-19.27509516286899,212.65187307593305,-90.81339786387643,-7.74,172.73,-51.8,-19.572017934049153,212.6097068941856,-90.80572446361758,57.024856083022875,0.16359595449906195
A_PA1_to_C1,1D,93,9,5.0,0.6,0.6,-19.27509516286899,212.65187307593305,-90.81339786387643,-7.74,172.73,-51.8,-18.978172391688826,212.69403925768052,-90.82107126413528,56.974248174903295,0.17926403750821862
A_PA1_to_C1,1D,93,10,5.0,0.6,0.6,-19.27509516286899,212.65187307593305,-90.81339786387643,-7.74,172.73,-51.8,-18.3843268493285,212.77837162117544,-90.836418064653,56.929919189310944,0.19298818165446008
A_PA1_to_C1,1D,93,11,5.0,0.6,0.6,-19.27509516286899,212.65187307593305,-90.81339786387643,-7.74,172.73,-51.8,-17.79048130696817,212.86270398467033,-90.85176486517072,56.89188380346949,0.2047638429056846
A_PA1_to_C1,1D,93,12,5.0,0.6,0.6,-19.27509516286899,212.65187307593305,-90.81339786387643,-7.74,172.73,-51.8,-17.196635764607844,212.94703634816526,-90.86711166568844,56.86015464728773,0.2145871110734099
A_PA1_to_C1,1D,93,13,5.0,0.6,0.6,-19.27509516286899,212.65187307593305,-90.81339786387643,-7.74,172.73,-51.8,-16.60279022224752,213.03136871166018,-90.88245846620616,56.83474228251131,0.22245471626735025
A_PA1_to_C1,1D,93,14,5.0,0.6,0.6,-19.27509516286899,212.65187307593305,-90.81339786387643,-7.74,172.73,-51.8,-16.008944679887193,213.1157010751551,-90.89780526672388,56.815655185217054,0.22836403431510632
A_PA1_to_C1,1D,93,15,5.0,0.6,0.6,-19.27509516286899,212.65187307593305,-90.81339786387643,-7.74,172.73,-51.8,-15.415099137526866,213.20003343865002,-90.91315206724158,56.802899731716884,0.23231309112630427
A_PA1_to_C1,1D,93,16,5.0,0.6,0.6,-19.27509516286899,212.65187307593305,-90.81339786387643,-7.74,172.73,-51.8,-14.821253595166539,213.28436580214492,-90.9284988677593,56.79648018792611,0.23430056598412818
A_PA1_to_C1,1D,94,1,5.0,0.6,0.6,-17.819519238473163,212.8477616926178,-90.84677561774735,-6.33,172.78,-51.8,-22.28260071385678,212.27954660812236,-90.75713543792045,57.72658012832089,0.0
A_PA1_to_C1,1D,94,2,5.0,0.6,0.6,-17.819519238473163,212.8477616926178,-90.84677561774735,-6.33,172.78,-51.8,-21.68752318380563,212.3553086193884,-90.76908746189737,57.62506701318423,0.03142820902063903
A_PA1_to_C1,1D,94,3,5.0,0.6,0.6,-17.819519238473163,212.8477616926178,-90.84677561774735,-6.33,172.78,-51.8,-21.09244565375448,212.43107063065446,-90.7810394858743,57.52963274032344,0.06097442352862359
A_PA1_to_C1,1D,94,4,5.0,0.6,0.6,-17.819519238473163,212.8477616926178,-90.84677561774735,-6.33,172.78,-51.8,-20.497368123703332,212.50683264192054,-90.79299150985122,57.44030760884745,0.08862926299487484
A_PA1_to_C1,1D,94,5,5.0,0.6,0.6,-17.819519238473163,212.8477616926178,-90.84677561774735,-6.33,172.78,-51.8,-19.902290593652186,212.5825946531866,-90.80494353382814,57.35712016098384,0.11438389081642342
A_PA1_to_C1,1D,94,6,5.0,0.6,0.6,-17.819519238473163,212.8477616926178,-90.84677561774735,-6.33,172.78,-51.8,-19.307213063601036,212.65835666445267,-90.81689555780505,57.28009713787208,0.13823002800272732
A_PA1_to_C1,1D,94,7,5.0,0.6,0.6,-17.819519238473163,212.8477616926178,-90.84677561774735,-6.33,172.78,-51.8,-18.712135533549887,212.73411867571872,-90.82884758178197,57.20926343772119,0.16015996612993888
A_PA1_to_C1,1D,94,8,5.0,0.6,0.6,-17.819519238473163,212.8477616926178,-90.84677561774735,-6.33,172.78,-51.8,-18.117058003498737,212.80988068698477,-90.84079960575889,57.14464207648083,0.18016657951704929
A_PA1_to_C1,1D,94,9,5.0,0.6,0.6,-17.819519238473163,212.8477616926178,-90.84677561774735,-6.33,172.78,-51.8,-17.521980473447588,212.88564269825085,-90.85275162973582,57.08625415116697,0.19824333658016258
A_PA1_to_C1,1D,94,10,5.0,0.6,0.6,-17.819519238473163,212.8477616926178,-90.84677561774735,-6.33,172.78,-51.8,-16.92690294339644,212.9614047095169,-90.86470365371274,57.03411880597568,0.21438431032359517
A_PA1_to_C1,1D,94,11,5.0,0.6,0.6,-17.819519238473163,212.8477616926178,-90.84677561774735,-6.33,172.78,-51.8,-16.33182541334529,213.03716672078295,-90.87665567768966,56.988253201310435,0.2285841879289343
A_PA1_to_C1,1D,94,12,5.0,0.6,0.6,-17.819519238473163,212.8477616926178,-90.84677561774735,-6.33,172.78,-51.8,-15.736747883294141,213.11292873204903,-90.88860770166657,56.94867248583756,0.24083827940660285
A_PA1_to_C1,1D,94,13,5.0,0.6,0.6,-17.819519238473163,212.8477616926178,-90.84677561774735,-6.33,172.78,-51.8,-15.141670353242992,213.18869074331508,-90.90055972564349,56.91538977167522,0.25114252527729874
A_PA1_to_C1,1D,94,14,5.0,0.6,0.6,-17.819519238473163,212.8477616926178,-90.84677561774735,-6.33,172.78,-51.8,-14.546592823191842,213.26445275458116,-90.9125117496204,56.88841611281014,0.25949350325410236
A_PA1_to_C1,1D,94,15,5.0,0.6,0.6,-17.819519238473163,212.8477616926178,-90.84677561774735,-6.33,172.78,-51.8,-13.951515293140694,213.3402147658472,-90.92446377359734,56.8677604868238,0.2658884339000309
A_PA1_to_C1,1D,94,16,5.0,0.6,0.6,-17.819519238473163,212.8477616926178,-90.84677561774735,-6.33,172.78,-51.8,-13.356437763089545,213.41597677711326,-90.93641579757426,56.85342977999901,0.2703251852389741
A_PA1_to_C1,1D,95,1,5.0,0.6,0.6,-16.361134123678585,213.0228626326401,-90.87192424144814,-4.92,172.83,-51.8,-20.832320672999373,212.5185334550543,-90.80755870868033,57.878936353603365,0.0
A_PA1_to_C1,1D,95,2,5.0,0.6,0.6,-16.361134123678585,213.0228626326401,-90.87192424144814,-4.92,172.83,-51.8,-20.236162466423266,212.58577734539907,-90.81614077971604,57.76993947008633,0.03374516517555293
A_PA1_to_C1,1D,95,3,5.0,0.6,0.6,-16.361134123678585,213.0228626326401,-90.87192424144814,-4.92,172.83,-51.8,-19.640004259847164,212.65302123574384,-90.82472285075175,57.66697962725643,0.06562127750678926
A_PA1_to_C1,1D,95,4,5.0,0.6,0.6,-16.361134123678585,213.0228626326401,-90.87192424144814,-4.92,172.83,-51.8,-19.043846053271057,212.72026512608863,-90.83330492178746,57.570089215523886,0.09561830900293344
A_PA1_to_C1,1D,95,5,5.0,0.6,0.6,-16.361134123678585,213.0228626326401,-90.87192424144814,-4.92,172.83,-51.8,-18.447687846694954,212.7875090164334,-90.84188699282316,57.47929892784313,0.12372675720131099
A_PA1_to_C1,1D,95,6,5.0,0.6,0.6,-16.361134123678585,213.0228626326401,-90.87192424144814,-4.92,172.83,-51.8,-17.851529640118848,212.85475290677817,-90.85046906385887,57.39463771285013,0.1499376596759241
A_PA1_to_C1,1D,95,7,5.0,0.6,0.6,-16.361134123678585,213.0228626326401,-90.87192424144814,-4.92,172.83,-51.8,-17.25537143354274,212.92199679712294,-90.85905113489459,57.316132730168455,0.1742426078745858
A_PA1_to_C1,1D,95,8,5.0,0.6,0.6,-16.361134123678585,213.0228626326401,-90.87192424144814,-4.92,172.83,-51.8,-16.65921322696664,212.9892406874677,-90.86763320593029,57.243809308040085,0.19663376023630974
A_PA1_to_C1,1D,95,9,5.0,0.6,0.6,-16.361134123678585,213.0228626326401,-90.87192424144814,-4.92,172.83,-51.8,-16.063055020390532,213.0564845778125,-90.876215276966,57.1776909034304,0.21710385454271375
A_PA1_to_C1,1D,95,10,5.0,0.6,0.6,-16.361134123678585,213.0228626326401,-90.87192424144814,-4.92,172.83,-51.8,-15.466896813814428,213.12372846815728,-90.8847973480017,57.11779906475036,0.23564621945913444
A_PA1_to_C1,1D,95,11,5.0,0.6,0.6,-16.361134123678585,213.0228626326401,-90.87192424144814,-4.92,172.83,-51.8,-14.870738607238323,213.19097235850205,-90.89337941903742,57.06415339733139,0.25225478522352063
A_PA1_to_C1,1D,95,12,5.0,0.6,0.6,-16.361134123678585,213.0228626326401,-90.87192424144814,-4.92,172.83,-51.8,-14.274580400662218,213.25821624884682,-90.90196149007312,57.016771531779455,0.2669240934439365
A_PA1_to_C1,1D,95,13,5.0,0.6,0.6,-16.361134123678585,213.0228626326401,-90.87192424144814,-4.92,172.83,-51.8,-13.678422194086114,213.3254601391916,-90.91054356110882,56.97566909532617,0.27964930596817084
A_PA1_to_C1,1D,95,14,5.0,0.6,0.6,-16.361134123678585,213.0228626326401,-90.87192424144814,-4.92,172.83,-51.8,-13.082263987510007,213.3927040295364,-90.91912563214453,56.94085968628395,0.29042621279239
A_PA1_to_C1,1D,95,15,5.0,0.6,0.6,-16.361134123678585,213.0228626326401,-90.87192424144814,-4.92,172.83,-51.8,-12.486105780933903,213.45994791988116,-90.92770770318025,56.91235485170199,0.29925123897875494
A_PA1_to_C1,1D,95,16,5.0,0.6,0.6,-16.361134123678585,213.0228626326401,-90.87192424144814,-4.92,172.83,-51.8,-11.889947574357798,213.52719181022593,-90.93628977421595,56.89016406830812,0.3061214505558034
A_PA1_to_C1,1D,96,1,5.0,0.6,0.6,-14.90026325715754,213.17704027493127,-90.8888001372905,-3.52,172.86,-51.8,-19.37888499627999,212.74053587825554,-90.85123380206112,58.02551367049931,0.0
A_PA1_to_C1,1D,96,2,5.0,0.6,0.6,-14.90026325715754,213.17704027493127,-90.8888001372905,-3.52,172.86,-51.8,-18.781735431063662,212.79873646447896,-90.85624264675837,57.90866367331707,0.03617646971586197
A_PA1_to_C1,1D,96,3,5.0,0.6,0.6,-14.90026325715754,213.17704027493127,-90.8888001372905,-3.52,172.86,-51.8,-18.184585865847335,212.8569370507024,-90.86125149145562,57.797806360911345,0.07049761906748131
A_PA1_to_C1,1D,96,4,5.0,0.6,0.6,-14.90026325715754,213.17704027493127,-90.8888001372905,-3.52,172.86,-51.8,-17.587436300631012,212.91513763692583,-90.86626033615288,57.692976278204384,0.10295275303248275
A_PA1_to_C1,1D,96,5,5.0,0.6,0.6,-14.90026325715754,213.17704027493127,-90.8888001372905,-3.52,172.86,-51.8,-16.990286735414685,212.97333822314926,-90.87126918085012,57.59420633658826,0.13353168232540114
A_PA1_to_C1,1D,96,6,5.0,0.6,0.6,-14.90026325715754,213.17704027493127,-90.8888001372905,-3.52,172.86,-51.8,-16.393137170198358,213.0315388093727,-90.87627802554738,57.50152776444776,0.16222473871565057
A_PA1_to_C1,1D,96,7,5.0,0.6,0.6,-14.90026325715754,213.17704027493127,-90.8888001372905,-3.52,172.86,-51.8,-15.795987604982031,213.08973939559613,-90.88128687024462,57.41497005964216,0.18902278973905595
A_PA1_to_C1,1D,96,8,5.0,0.6,0.6,-14.90026325715754,213.17704027493127,-90.8888001372905,-3.52,172.86,-51.8,-15.198838039765704,213.14793998181955,-90.88629571494188,57.33456094410818,0.21391725275266893
A_PA1_to_C1,1D,96,9,5.0,0.6,0.6,-14.90026325715754,213.17704027493127,-90.8888001372905,-3.52,172.86,-51.8,-14.601688474549377,213.206140568043,-90.89130455963912,57.26032632074067,0.23690010828440933
A_PA1_to_C1,1D,96,10,5.0,0.6,0.6,-14.90026325715754,213.17704027493127,-90.8888001372905,-3.52,172.86,-51.8,-14.00453890933305,213.26434115426642,-90.89631340433638,57.19229023270319,0.25796391263037677
A_PA1_to_C1,1D,96,11,5.0,0.6,0.6,-14.90026325715754,213.17704027493127,-90.8888001372905,-3.52,172.86,-51.8,-13.407389344116723,213.32254174048984,-90.90132224903363,57.13047482531374,0.27710180965497244
A_PA1_to_C1,1D,96,12,5.0,0.6,0.6,-14.90026325715754,213.17704027493127,-90.8888001372905,-3.52,172.86,-51.8,-12.810239778900398,213.3807423267133,-90.90633109373088,57.0749003106432,0.29430754175111673
A_PA1_to_C1,1D,96,13,5.0,0.6,0.6,-14.90026325715754,213.17704027493127,-90.8888001372905,-3.52,172.86,-51.8,-12.21309021368407,213.4389429129367,-90.91133993842813,57.02558493495625,0.309575459920449
A_PA1_to_C1,1D,96,14,5.0,0.6,0.6,-14.90026325715754,213.17704027493127,-90.8888001372905,-3.52,172.86,-51.8,-11.615940648467744,213.49714349916013,-90.91634878312539,56.982544949115415,0.32290053293618826
A_PA1_to_C1,1D,96,15,5.0,0.6,0.6,-14.90026325715754,213.17704027493127,-90.8888001372905,-3.52,172.86,-51.8,-11.018791083251417,213.55534408538358,-90.92135762782263,56.94579458205856,0.3342783555544102
A_PA1_to_C1,1D,96,16,5.0,0.6,0.6,-14.90026325715754,213.17704027493127,-90.8888001372905,-3.52,172.86,-51.8,-10.421641518035091,213.613544671607,-90.92636647251989,56.91534601744999,0.34370515574282123
A_PA1_to_C1,1D,97,1,5.0,0.6,0.6,-13.43703824777575,213.30785671798188,-90.89645133311062,-2.11,172.89,-51.8,-17.92207703804667,212.94134876127686,-90.88650309522231,58.153994205620826,0.0
A_PA1_to_C1,1D,97,2,5.0,0.6,0.6,-13.43703824777575,213.30785671798188,-90.89645133311062,-2.11,172.89,-51.8,-17.324071866010545,212.99021648883752,-90.88782952694075,58.02890454181392,0.03872745009501699
A_PA1_to_C1,1D,97,3,5.0,0.6,0.6,-13.43703824777575,213.30785671798188,-90.89645133311062,-2.11,172.89,-51.8,-16.726066693974424,213.0390842163982,-90.8891559586592,57.90976154827895,0.07561382580243858
A_PA1_to_C1,1D,97,4,5.0,0.6,0.6,-13.43703824777575,213.30785671798188,-90.89645133311062,-2.11,172.89,-51.8,-16.1280615219383,213.08795194395887,-90.89048239037764,57.79660200075866,0.11064774144339395
A_PA1_to_C1,1D,97,5,5.0,0.6,0.6,-13.43703824777575,213.30785671798188,-90.89645133311062,-2.11,172.89,-51.8,-15.530056349902178,213.13681967151953,-90.89180882209608,57.689461109371365,0.14381829605246566
A_PA1_to_C1,1D,97,6,5.0,0.6,0.6,-13.43703824777575,213.30785671798188,-90.89645133311062,-2.11,172.89,-51.8,-14.932051177866056,213.1856873990802,-90.89313525381452,57.588372466542616,0.175115089497897
A_PA1_to_C1,1D,97,7,5.0,0.6,0.6,-13.43703824777575,213.30785671798188,-90.89645133311062,-2.11,172.89,-51.8,-14.334046005829933,213.23455512664088,-90.89446168553296,57.4933679966726,0.20452823806446574
A_PA1_to_C1,1D,97,8,5.0,0.6,0.6,-13.43703824777575,213.30785671798188,-90.89645133311062,-2.11,172.89,-51.8,-13.73604083379381,213.28342285420155,-90.8957881172514,57.40447790770673,0.2320483894470904
A_PA1_to_C1,1D,97,9,5.0,0.6,0.6,-13.43703824777575,213.30785671798188,-90.89645133311062,-2.11,172.89,-51.8,-13.138035661757689,213.3322905817622,-90.89711454896984,57.321730644773474,0.25766673710444365
A_PA1_to_C1,1D,97,10,5.0,0.6,0.6,-13.43703824777575,213.30785671798188,-90.89645133311062,-2.11,172.89,-51.8,-12.540030489721566,213.38115830932287,-90.89844098068828,57.24515284604919,0.2813750339231085
A_PA1_to_C1,1D,97,11,5.0,0.6,0.6,-13.43703824777575,213.30785671798188,-90.89645133311062,-2.11,172.89,-51.8,-11.942025317685443,213.43002603688356,-90.89976741240672,57.17476930100469,0.303165605144315
A_PA1_to_C1,1D,97,12,5.0,0.6,0.6,-13.43703824777575,213.30785671798188,-90.89645133311062,-2.11,172.89,-51.8,-11.34402014564932,213.47889376444422,-90.90109384412516,57.11060291118174,0.32303136050745707
A_PA1_to_C1,1D,97,13,5.0,0.6,0.6,-13.43703824777575,213.30785671798188,-90.89645133311062,-2.11,172.89,-51.8,-10.746014973613198,213.52776149200488,-90.9024202758436,57.05267465364137,0.34096580556639466
A_PA1_to_C1,1D,97,14,5.0,0.6,0.6,-13.43703824777575,213.30785671798188,-90.89645133311062,-2.11,172.89,-51.8,-10.148009801577075,213.57662921956555,-90.90374670756204,57.00100354721682,0.3569630521374627
A_PA1_to_C1,1D,97,15,5.0,0.6,0.6,-13.43703824777575,213.30785671798188,-90.89645133311062,-2.11,172.89,-51.8,-9.550004629540952,213.62549694712624,-90.90507313928049,56.95560662169616,0.3710178278404541
A_PA1_to_C1,1D,97,16,5.0,0.6,0.6,-13.43703824777575,213.30785671798188,-90.89645133311062,-2.11,172.89,-51.8,-8.95199945750483,213.6743646746869,-90.90639957099893,56.9164988900492,0.38312548469709995
A_PA1_to_C1,1D,98,1,5.0,0.6,0.6,-11.971971855513626,213.41633410235178,-90.89529536304708,-0.7,172.9,-51.8,-16.46194955668559,213.11661366279387,-90.91166304735992,58.271238657335395,0.0
A_PA1_to_C1,1D,98,2,5.0,0.6,0.6,-11.971971855513626,213.41633410235178,-90.89529536304708,-0.7,172.9,-51.8,-15.863285863195992,213.15657638806826,-90.90948068945154,58.1383579098684,0.041139550299380545
A_PA1_to_C1,1D,98,3,5.0,0.6,0.6,-11.971971855513626,213.41633410235178,-90.89529536304708,-0.7,172.9,-51.8,-15.264622169706398,213.19653911334265,-90.90729833154316,58.01137876530583,0.08045197895652123
A_PA1_to_C1,1D,98,4,5.0,0.6,0.6,-11.971971855513626,213.41633410235178,-90.89529536304708,-0.7,172.9,-51.8,-14.665958476216803,213.23650183861704,-90.90511597363479,57.89034005814437,0.11792526290743766
A_PA1_to_C1,1D,98,5,5.0,0.6,0.6,-11.971971855513626,213.41633410235178,-90.89529536304708,-0.7,172.9,-51.8,-14.067294782727208,213.2764645638914,-90.90293361572641,57.7752791238901,0.15354784317191772
A_PA1_to_C1,1D,98,6,5.0,0.6,0.6,-11.971971855513626,213.41633410235178,-90.89529536304708,-0.7,172.9,-51.8,-13.468631089237613,213.3164272891658,-90.90075125781803,57.66623174475014,0.18730864166726136
A_PA1_to_C1,1D,98,7,5.0,0.6,0.6,-11.971971855513626,213.41633410235178,-90.89529536304708,-0.7,172.9,-51.8,-12.869967395748018,213.3563900144402,-90.89856889990965,57.56323209684327,0.21919707755174045
A_PA1_to_C1,1D,98,8,5.0,0.6,0.6,-11.971971855513626,213.41633410235178,-90.89529536304708,-0.7,172.9,-51.8,-12.271303702258423,213.3963527397146,-90.89638654200127,57.46631269910108,0.24920308304468008
A_PA1_to_C1,1D,98,9,5.0,0.6,0.6,-11.971971855513626,213.41633410235178,-90.89529536304708,-0.7,172.9,-51.8,-11.672640008768829,213.43631546498898,-90.8942041840929,57.37550436402878,0.2773171186707799
A_PA1_to_C1,1D,98,10,5.0,0.6,0.6,-11.971971855513626,213.41633410235178,-90.89529536304708,-0.7,172.9,-51.8,-11.073976315279234,213.47627819026337,-90.89202182618452,57.29083615049185,0.3035301878772607
A_PA1_to_C1,1D,98,11,5.0,0.6,0.6,-11.971971855513626,213.41633410235178,-90.89529536304708,-0.7,172.9,-51.8,-10.475312621789639,213.51624091553776,-90.88983946827614,57.21233531869086,0.32783385097354056
A_PA1_to_C1,1D,98,12,5.0,0.6,0.6,-11.971971855513626,213.41633410235178,-90.89529536304708,-0.7,172.9,-51.8,-9.876648928300044,213.55620364081216,-90.88765711036775,57.14002728748159,0.35022023834483207
A_PA1_to_C1,1D,98,13,5.0,0.6,0.6,-11.971971855513626,213.41633410235178,-90.89529536304708,-0.7,172.9,-51.8,-9.27798523481045,213.59616636608652,-90.88547475245937,57.07393559419182,0.3706820628927474
A_PA1_to_C1,1D,98,14,5.0,0.6,0.6,-11.971971855513626,213.41633410235178,-90.89529536304708,-0.7,172.9,-51.8,-8.679321541320855,213.6361290913609,-90.883292394551,57.014081857079624,0.3892126316581326
A_PA1_to_C1,1D,98,15,5.0,0.6,0.6,-11.971971855513626,213.41633410235178,-90.89529536304708,-0.7,172.9,-51.8,-8.08065784783126,213.6760918166353,-90.88111003664262,56.96048574056927,0.40580585658393886
A_PA1_to_C1,1D,98,16,5.0,0.6,0.6,-11.971971855513626,213.41633410235178,-90.89529536304708,-0.7,172.9,-51.8,-7.481994154341665,213.7160545419097,-90.87892767873424,56.913164923393715,0.4204562643782275
A_PA1_to_C1,1D,99,1,5.0,0.6,0.6,-10.505520051148407,213.5035449776888,-90.88576482916936,0.7,172.9,-51.8,-14.999210362664796,213.2690672481026,-90.92780740891727,58.37047292186652,0.0
A_PA1_to_C1,1D,99,2,5.0,0.6,0.6,-10.505520051148407,213.5035449776888,-90.88576482916936,0.7,172.9,-51.8,-14.40005165446261,213.30033094538078,-90.92220173161755,58.23010363027967,0.04345798501140763
A_PA1_to_C1,1D,99,3,5.0,0.6,0.6,-10.505520051148407,213.5035449776888,-90.88576482916936,0.7,172.9,-51.8,-13.800892946260426,213.33159464265893,-90.91659605431782,58.09559216036845,0.0851024029405778
A_PA1_to_C1,1D,99,4,5.0,0.6,0.6,-10.505520051148407,213.5035449776888,-90.88576482916936,0.7,172.9,-51.8,-13.20173423805824,213.36285833993708,-90.91099037701811,57.9669792910983,0.12492062872081178
A_PA1_to_C1,1D,99,5,5.0,0.6,0.6,-10.505520051148407,213.5035449776888,-90.88576482916936,0.7,172.9,-51.8,-12.602575529856054,213.39412203721525,-90.90538469971838,57.8443043678924,0.16290048110653643
A_PA1_to_C1,1D,99,6,5.0,0.6,0.6,-10.505520051148407,213.5035449776888,-90.88576482916936,0.7,172.9,-51.8,-12.00341682165387,213.4253857344934,-90.89977902241867,57.72760524633021,0.19903024010412196
A_PA1_to_C1,1D,99,7,5.0,0.6,0.6,-10.505520051148407,213.5035449776888,-90.88576482916936,0.7,172.9,-51.8,-11.404258113451684,213.45664943177155,-90.89417334511894,57.61691823715396,0.23329866399769372
A_PA1_to_C1,1D,99,8,5.0,0.6,0.6,-10.505520051148407,213.5035449776888,-90.88576482916936,0.7,172.9,-51.8,-10.8050994052495,213.4879131290497,-90.88856766781922,57.51227805275704,0.2656950059162462
A_PA1_to_C1,1D,99,9,5.0,0.6,0.6,-10.505520051148407,213.5035449776888,-90.88576482916936,0.7,172.9,-51.8,-10.205940697047314,213.51917682632788,-90.8829619905195,57.4137177553274,0.2962090298882707
A_PA1_to_C1,1D,99,10,5.0,0.6,0.6,-10.505520051148407,213.5035449776888,-90.88576482916936,0.7,172.9,-51.8,-9.60678198884513,213.55044052360603,-90.87735631321978,57.321268706817285,0.324831026331033
A_PA1_to_C1,1D,99,11,5.0,0.6,0.6,-10.505520051148407,213.5035449776888,-90.88576482916936,0.7,172.9,-51.8,-9.007623280642944,213.58170422088418,-90.87175063592005,57.23496052090807,0.35155182692211895
A_PA1_to_C1,1D,99,12,5.0,0.6,0.6,-10.505520051148407,213.5035449776888,-90.88576482916936,0.7,172.9,-51.8,-8.40846457244076,213.61296791816233,-90.86614495862034,57.15482101713433,0.37636281880253364
A_PA1_to_C1,1D,99,13,5.0,0.6,0.6,-10.505520051148407,213.5035449776888,-90.88576482916936,0.7,172.9,-51.8,-7.809305864238574,213.6442316154405,-90.86053928132061,57.0808761773277,0.399255958061552
A_PA1_to_C1,1D,99,14,5.0,0.6,0.6,-10.505520051148407,213.5035449776888,-90.88576482916936,0.7,172.9,-51.8,-7.210147156036389,213.67549531271865,-90.8549336040209,57.01315010453441,0.42022378245576064
A_PA1_to_C1,1D,99,15,5.0,0.6,0.6,-10.505520051148407,213.5035449776888,-90.88576482916936,0.7,172.9,-51.8,-6.610988447834204,213.7067590099968,-90.84932792672117,56.951664984554455,0.43925942331642887
A_PA1_to_C1,1D,99,16,5.0,0.6,0.6,-10.505520051148407,213.5035449776888,-90.88576482916936,0.7,172.9,-51.8,-6.011829739632018,213.73802270727498,-90.84372224942145,56.896441050242174,0.4563566166019619
A_PA1_to_C1,1D,100,1,5.0,0.6,0.6,-9.03802752308437,213.56942533875434,-90.86784563242013,2.11,172.89,-51.8,-13.534445999596436,213.403750410428,-90.9369303789635,58.462055920405156,0.0
A_PA1_to_C1,1D,100,2,5.0,0.6,0.6,-9.03802752308437,213.56942533875434,-90.86784563242013,2.11,172.89,-51.8,-12.934923536061495,213.42584040087152,-90.92771907942438,58.313656047011975,0.045944233248665256
A_PA1_to_C1,1D,100,3,5.0,0.6,0.6,-9.03802752308437,213.56942533875434,-90.86784563242013,2.11,172.89,-51.8,-12.335401072526553,213.44793039131503,-90.91850777988526,58.17106652535993,0.09008959598923383
A_PA1_to_C1,1D,100,4,5.0,0.6,0.6,-9.03802752308437,213.56942533875434,-90.86784563242013,2.11,172.89,-51.8,-11.73587860899161,213.47002038175853,-90.90929648034614,58.03433018331896,0.1324228288192586
A_PA1_to_C1,1D,100,5,5.0,0.6,0.6,-9.03802752308437,213.56942533875434,-90.86784563242013,2.11,172.89,-51.8,-11.136356145456668,213.49211037220206,-90.90008518080704,57.90348848692213,0.17293109395759387
A_PA1_to_C1,1D,100,6,5.0,0.6,0.6,-9.03802752308437,213.56942533875434,-90.86784563242013,2.11,172.89,-51.8,-10.536833681921726,213.51420036264557,-90.89087388126792,57.778581482100776,0.21160199328308948
A_PA1_to_C1,1D,100,7,5.0,0.6,0.6,-9.03802752308437,213.56942533875434,-90.86784563242013,2.11,172.89,-51.8,-9.937311218386784,213.53629035308907,-90.8816625817288,57.6596477374983,0.2484235860392765
A_PA1_to_C1,1D,100,8,5.0,0.6,0.6,-9.03802752308437,213.56942533875434,-90.86784563242013,2.11,172.89,-51.8,-9.337788754851841,213.55838034353258,-90.87245128218969,57.54672428853815,0.28338440615077687
A_PA1_to_C1,1D,100,9,5.0,0.6,0.6,-9.03802752308437,213.56942533875434,-90.86784563242013,2.11,172.89,-51.8,-8.738266291316899,213.5804703339761,-90.86323998265057,57.439846582922414,0.31647347909682466
A_PA1_to_C1,1D,100,10,5.0,0.6,0.6,-9.03802752308437,213.56942533875434,-90.86784563242013,2.11,172.89,-51.8,-8.138743827781957,213.6025603244196,-90.85402868311145,57.33904842773639,0.34768033828754596
A_PA1_to_C1,1D,100,11,5.0,0.6,0.6,-9.03802752308437,213.56942533875434,-90.86784563242013,2.11,172.89,-51.8,-7.539221364247014,213.62465031486312,-90.84481738357233,57.24436193833357,0.37699504088903524
A_PA1_to_C1,1D,100,12,5.0,0.6,0.6,-9.03802752308437,213.56942533875434,-90.86784563242013,2.11,172.89,-51.8,-6.939698900712072,213.64674030530662,-90.83560608403322,57.155817489172236,0.4044081830442501
A_PA1_to_C1,1D,100,13,5.0,0.6,0.6,-9.03802752308437,213.56942533875434,-90.86784563242013,2.11,172.89,-51.8,-6.34017643717713,213.66883029575015,-90.82639478449411,57.07344366677207,0.42991091443748886
A_PA1_to_C1,1D,100,14,5.0,0.6,0.6,-9.03802752308437,213.56942533875434,-90.86784563242013,2.11,172.89,-51.8,-5.740653973642187,213.69092028619366,-90.817183484955,56.997267224954214,0.45349495215199553
A_PA1_to_C1,1D,100,15,5.0,0.6,0.6,-9.03802752308437,213.56942533875434,-90.86784563242013,2.11,172.89,-51.8,-5.141131510107245,213.71301027663716,-90.80797218541588,56.927313042523565,0.47515259377139074
A_PA1_to_C1,1D,100,16,5.0,0.6,0.6,-9.03802752308437,213.56942533875434,-90.86784563242013,2.11,172.89,-51.8,-4.541609046572304,213.7351002670807,-90.79876088587676,56.8636040835446,0.4948767296781895
A_PA1_to_C1,1D,101,1,5.0,0.6,0.6,-7.569807923952865,213.61171415695904,-90.84065939040937,3.52,172.86,-51.8,-12.06776710560106,213.51703711806962,-90.937610195119,58.546781998190404,0.0
A_PA1_to_C1,1D,101,2,5.0,0.6,0.6,-7.569807923952865,213.61171415695904,-90.84065939040937,3.52,172.86,-51.8,-11.468039214714633,213.5296607232549,-90.92468342115772,58.39009741088208,0.048509160157376385
A_PA1_to_C1,1D,101,3,5.0,0.6,0.6,-7.569807923952865,213.61171415695904,-90.84065939040937,3.52,172.86,-51.8,-10.868311323828207,213.54228432844013,-90.91175664719644,58.23917297627914,0.09523499130379776
A_PA1_to_C1,1D,101,4,5.0,0.6,0.6,-7.569807923952865,213.61171415695904,-90.84065939040937,3.52,172.86,-51.8,-10.268583432941782,213.5549079336254,-90.89882987323516,58.09405358786413,0.1401635945282571
A_PA1_to_C1,1D,101,5,5.0,0.6,0.6,-7.569807923952865,213.61171415695904,-90.84065939040937,3.52,172.86,-51.8,-9.668855542055356,213.56753153881064,-90.88590309927388,57.95478285334433,0.18328146899259323
A_PA1_to_C1,1D,101,6,5.0,0.6,0.6,-7.569807923952865,213.61171415695904,-90.84065939040937,3.52,172.86,-51.8,-9.06912765116893,213.5801551439959,-90.87297632531258,57.821403034576726,0.2245755305305508
A_PA1_to_C1,1D,101,7,5.0,0.6,0.6,-7.569807923952865,213.61171415695904,-90.84065939040937,3.52,172.86,-51.8,-8.469399760282505,213.59277874918115,-90.8600495513513,57.69395498833152,0.264033129987272
A_PA1_to_C1,1D,101,8,5.0,0.6,0.6,-7.569807923952865,213.61171415695904,-90.84065939040937,3.52,172.86,-51.8,-7.869671869396078,213.60540235436642,-90.84712277739001,57.57247810807078,0.3016420712444656
A_PA1_to_C1,1D,101,9,5.0,0.6,0.6,-7.569807923952865,213.61171415695904,-90.84065939040937,3.52,172.86,-51.8,-7.2699439785096525,213.61802595955166,-90.83419600342873,57.45701026692003,0.33739062887627824
A_PA1_to_C1,1D,101,10,5.0,0.6,0.6,-7.569807923952865,213.61171415695904,-90.84065939040937,3.52,172.86,-51.8,-6.670216087623227,213.63064956473693,-90.82126922946745,57.347587762011585,0.3712675653804389
A_PA1_to_C1,1D,101,11,5.0,0.6,0.6,-7.569807923952865,213.61171415695904,-90.84065939040937,3.52,172.86,-51.8,-6.0704881967368,213.64327316992217,-90.80834245550616,57.24424526037779,0.4032621479296026
A_PA1_to_C1,1D,101,12,5.0,0.6,0.6,-7.569807923952865,213.61171415695904,-90.84065939040937,3.52,172.86,-51.8,-5.470760305850375,213.65589677510744,-90.79541568154487,57.14701574657202,0.43336416458773286
A_PA1_to_C1,1D,101,13,5.0,0.6,0.6,-7.569807923952865,213.61171415695904,-90.84065939040937,3.52,172.86,-51.8,-4.871032414963949,213.66852038029268,-90.78248890758358,57.05593047219207,0.46156393993756595
A_PA1_to_C1,1D,101,14,5.0,0.6,0.6,-7.569807923952865,213.61171415695904,-90.84065939040937,3.52,172.86,-51.8,-4.271304524077523,213.68114398547795,-90.7695621336223,56.97101890747858,0.48785235006558025
A_PA1_to_C1,1D,101,15,5.0,0.6,0.6,-7.569807923952865,213.61171415695904,-90.84065939040937,3.52,172.86,-51.8,-3.671576633191097,213.69376759066319,-90.75663535966102,56.8923086951562,0.5122208368526948
A_PA1_to_C1,1D,101,16,5.0,0.6,0.6,-7.569807923952865,213.61171415695904,-90.84065939040937,3.52,172.86,-51.8,-3.071848742304671,213.70639119584845,-90.74370858569974,56.81982560668074,0.5346614215200205
A_PA1_to_C1,1D,102,1,5.0,0.6,0.6,-6.101304348598901,213.63124009584075,-90.8045463307863,4.92,172.83,-51.8,-10.599528980319583,213.60423894985013,-90.92802143231091,58.60372345608968,0.0
A_PA1_to_C1,1D,102,2,5.0,0.6,0.6,-6.101304348598901,213.63124009584075,-90.8045463307863,4.92,172.83,-51.8,-9.999765696090158,213.60783910264888,-90.91155808544097,58.439246625693,0.0509216193178581
A_PA1_to_C1,1D,102,3,5.0,0.6,0.6,-6.101304348598901,213.63124009584075,-90.8045463307863,4.92,172.83,-51.8,-9.400002411860735,213.61143925544764,-90.89509473857102,58.280482920436626,0.10007446924243268
A_PA1_to_C1,1D,102,4,5.0,0.6,0.6,-6.101304348598901,213.63124009584075,-90.8045463307863,4.92,172.83,-51.8,-8.800239127631311,213.6150394082464,-90.87863139170106,58.1274791531513,0.14744405663726923
A_PA1_to_C1,1D,102,5,5.0,0.6,0.6,-6.101304348598901,213.63124009584075,-90.8045463307863,4.92,172.83,-51.8,-8.200475843401886,213.61863956104511,-90.86216804483112,57.98028092343786,0.19301626397889038
A_PA1_to_C1,1D,102,6,5.0,0.6,0.6,-6.101304348598901,213.63124009584075,-90.8045463307863,4.92,172.83,-51.8,-7.600712559172462,213.62223971384387,-90.84570469796117,57.838932556034486,0.23677736843814046
A_PA1_to_C1,1D,102,7,5.0,0.6,0.6,-6.101304348598901,213.63124009584075,-90.8045463307863,4.92,172.83,-51.8,-7.0009492749430375,213.62583986664262,-90.82924135109121,57.70347703979579,0.27871406077209926
A_PA1_to_C1,1D,102,8,5.0,0.6,0.6,-6.101304348598901,213.63124009584075,-90.8045463307863,4.92,172.83,-51.8,-6.401185990713613,213.62944001944138,-90.81277800422127,57.57395596745958,0.31881346397216603
A_PA1_to_C1,1D,102,9,5.0,0.6,0.6,-6.101304348598901,213.63124009584075,-90.8045463307863,4.92,172.83,-51.8,-5.801422706484188,213.63304017224013,-90.79631465735132,57.4504094763798,0.35706315161296587
A_PA1_to_C1,1D,102,10,5.0,0.6,0.6,-6.101304348598901,213.63124009584075,-90.8045463307863,4.92,172.83,-51.8,-5.201659422254764,213.63664032503888,-90.77985131048138,57.33287619040618,0.39345116584628315
A_PA1_to_C1,1D,102,11,5.0,0.6,0.6,-6.101304348598901,213.63124009584075,-90.8045463307863,4.92,172.83,-51.8,-4.60189613802534,213.64024047783764,-90.76338796361142,57.22139316309222,0.42796603498373287
A_PA1_to_C1,1D,102,12,5.0,0.6,0.6,-6.101304348598901,213.63124009584075,-90.8045463307863,4.92,172.83,-51.8,-4.002132853795915,213.6438406306364,-90.74692461674147,57.11599582241311,0.46059679061194103
A_PA1_to_C1,1D,102,13,5.0,0.6,0.6,-6.101304348598901,213.63124009584075,-90.8045463307863,4.92,172.83,-51.8,-3.402369569566491,213.64744078343512,-90.73046126987153,57.016717917174475,0.4913329841842753
A_PA1_to_C1,1D,102,14,5.0,0.6,0.6,-6.101304348598901,213.63124009584075,-90.8045463307863,4.92,172.83,-51.8,-2.802606285337067,213.65104093623387,-90.71399792300157,56.92359146529125,0.5201647030335685
A_PA1_to_C1,1D,102,15,5.0,0.6,0.6,-6.101304348598901,213.63124009584075,-90.8045463307863,4.92,172.83,-51.8,-2.2028430011076425,213.65464108903262,-90.69753457613162,56.83664670411259,0.5470825857514221
A_PA1_to_C1,1D,102,16,5.0,0.6,0.6,-6.101304348598901,213.63124009584075,-90.8045463307863,4.92,172.83,-51.8,-1.6030797168782183,213.65824124183138,-90.68107122926168,56.755912042965605,0.572077836880517
A_PA1_to_C1,1D,103,1,5.0,0.6,0.6,-4.63290635035838,213.62934326947368,-90.76004220259483,6.33,172.78,-51.8,-9.130267958789394,213.66795014864567,-90.90920007832186,58.654700438088625,0.0
A_PA1_to_C1,1D,103,2,5.0,0.6,0.6,-4.63290635035838,213.62934326947368,-90.76004220259483,6.33,172.78,-51.8,-8.530619744331926,213.66280256475608,-90.88931236155825,58.482611993941624,0.053278156082662065
A_PA1_to_C1,1D,103,3,5.0,0.6,0.6,-4.63290635035838,213.62934326947368,-90.76004220259483,6.33,172.78,-51.8,-7.930971529874457,213.65765498086645,-90.86942464479465,58.316189242661714,0.10480222768634917
A_PA1_to_C1,1D,103,4,5.0,0.6,0.6,-4.63290635035838,213.62934326947368,-90.76004220259483,6.33,172.78,-51.8,-7.331323315416988,213.65250739697686,-90.84953692803104,58.15548082457873,0.15455715588541707
A_PA1_to_C1,1D,103,5,5.0,0.6,0.6,-4.63290635035838,213.62934326947368,-90.76004220259483,6.33,172.78,-51.8,-6.73167510095952,213.64735981308726,-90.82964921126744,58.00053423969433,0.20252823479699344
A_PA1_to_C1,1D,103,6,5.0,0.6,0.6,-4.63290635035838,213.62934326947368,-90.76004220259483,6.33,172.78,-51.8,-6.132026886502051,213.64221222919767,-90.80976149450385,57.85139578473424,0.24870113106947045
A_PA1_to_C1,1D,103,7,5.0,0.6,0.6,-4.63290635035838,213.62934326947368,-90.76004220259483,6.33,172.78,-51.8,-5.532378672044583,213.63706464530807,-90.78987377774024,57.70811049058856,0.29306190325079484
A_PA1_to_C1,1D,103,8,5.0,0.6,0.6,-4.63290635035838,213.62934326947368,-90.76004220259483,6.33,172.78,-51.8,-4.932730457587114,213.63191706141848,-90.76998606097663,57.570722060314544,0.3355970209826893
A_PA1_to_C1,1D,103,9,5.0,0.6,0.6,-4.63290635035838,213.62934326947368,-90.76004220259483,6.33,172.78,-51.8,-4.333082243129645,213.62676947752888,-90.75009834421303,57.43927280787944,0.3762933839656917
A_PA1_to_C1,1D,103,10,5.0,0.6,0.6,-4.63290635035838,213.62934326947368,-90.76004220259483,6.33,172.78,-51.8,-3.733434028672177,213.6216218936393,-90.73021062744942,57.313803597824574,0.4151383406390252
A_PA1_to_C1,1D,103,11,5.0,0.6,0.6,-4.63290635035838,213.62934326947368,-90.76004220259483,6.33,172.78,-51.8,-3.1337858142147086,213.6164743097497,-90.71032291068582,57.194353786033986,0.452119706518463
A_PA1_to_C1,1D,103,12,5.0,0.6,0.6,-4.63290635035838,213.62934326947368,-90.76004220259483,6.33,172.78,-51.8,-2.5341375997572397,213.6113267258601,-90.69043519392223,57.08096116179222,0.4872257821351127
A_PA1_to_C1,1D,103,13,5.0,0.6,0.6,-4.63290635035838,213.62934326947368,-90.76004220259483,6.33,172.78,-51.8,-1.9344893852997713,213.6061791419705,-90.67054747715862,56.97366189131643,0.5204453705177059
A_PA1_to_C1,1D,103,14,5.0,0.6,0.6,-4.63290635035838,213.62934326947368,-90.76004220259483,6.33,172.78,-51.8,-1.3348411708423025,213.6010315580809,-90.65065976039502,56.87249046294748,0.5517677941613464
A_PA1_to_C1,1D,103,15,5.0,0.6,0.6,-4.63290635035838,213.62934326947368,-90.76004220259483,6.33,172.78,-51.8,-0.7351929563848341,213.59588397419128,-90.63077204363141,56.77747963418297,0.581182911425902
A_PA1_to_C1,1D,103,16,5.0,0.6,0.6,-4.63290635035838,213.62934326947368,-90.76004220259483,6.33,172.78,-51.8,-0.1355447419273652,213.59073639030169,-90.6108843268678,56.68866038073287,0.6086811323082841
A_PA1_to_C1,1D,104,1,5.0,0.6,0.6,-3.1649638383140877,213.60603355183596,-90.70716071871894,7.74,172.73,-51.8,-7.6602341953344695,213.71347770455793,-90.88322937390691,58.68825671567156,0.0
A_PA1_to_C1,1D,104,2,5.0,0.6,0.6,-3.1649638383140877,213.60603355183596,-90.70716071871894,7.74,172.73,-51.8,-7.0608648143984185,213.69915181752833,-90.85975355321519,58.508130610537286,0.055766596016798786
A_PA1_to_C1,1D,104,3,5.0,0.6,0.6,-3.1649638383140877,213.60603355183596,-90.70716071871894,7.74,172.73,-51.8,-6.4614954334623675,213.68482593049876,-90.83627773252346,58.333619969575125,0.10979465823418622
A_PA1_to_C1,1D,104,4,5.0,0.6,0.6,-3.1649638383140877,213.60603355183596,-90.70716071871894,7.74,172.73,-51.8,-5.862126052526317,213.67050004346916,-90.81280191183173,58.164775336709894,0.16206853837822166
A_PA1_to_C1,1D,104,5,5.0,0.6,0.6,-3.1649638383140877,213.60603355183596,-90.70716071871894,7.74,172.73,-51.8,-5.262756671590266,213.65617415643956,-90.78932609114,58.001646193750894,0.21257291700329972
A_PA1_to_C1,1D,104,6,5.0,0.6,0.6,-3.1649638383140877,213.60603355183596,-90.70716071871894,7.74,172.73,-51.8,-4.663387290654215,213.64184826940996,-90.76585027044827,57.84428089621463,0.261292823361277
A_PA1_to_C1,1D,104,7,5.0,0.6,0.6,-3.1649638383140877,213.60603355183596,-90.70716071871894,7.74,172.73,-51.8,-4.064017909718164,213.62752238238036,-90.74237444975654,57.692726609298866,0.3082136552237422
A_PA1_to_C1,1D,104,8,5.0,0.6,0.6,-3.1649638383140877,213.60603355183596,-90.70716071871894,7.74,172.73,-51.8,-3.464648528782113,213.61319649535076,-90.71889862906481,57.54702924417927,0.3533211986044229
A_PA1_to_C1,1D,104,9,5.0,0.6,0.6,-3.1649638383140877,213.60603355183596,-90.70716071871894,7.74,172.73,-51.8,-2.865279147846062,213.59887060832116,-90.69542280837307,57.40723339480439,0.3966016473272944
A_PA1_to_C1,1D,104,10,5.0,0.6,0.6,-3.1649638383140877,213.60603355183596,-90.70716071871894,7.74,172.73,-51.8,-2.2659097669100117,213.58454472129156,-90.67194698768134,57.273382275370004,0.4380416223843788
A_PA1_to_C1,1D,104,11,5.0,0.6,0.6,-3.1649638383140877,213.60603355183596,-90.70716071871894,7.74,172.73,-51.8,-1.6665403859739605,213.57021883426196,-90.64847116698961,57.14551765865621,0.4776281910264224
A_PA1_to_C1,1D,104,12,5.0,0.6,0.6,-3.1649638383140877,213.60603355183596,-90.70716071871894,7.74,172.73,-51.8,-1.0671710050379093,213.55589294723237,-90.62499534629788,57.0236798154145,0.5153488855284962
A_PA1_to_C1,1D,104,13,5.0,0.6,0.6,-3.1649638383140877,213.60603355183596,-90.70716071871894,7.74,172.73,-51.8,-0.46780162410185877,213.54156706020277,-90.60151952560615,56.907907454992866,0.5511917215723479
A_PA1_to_C1,1D,104,14,5.0,0.6,0.6,-3.1649638383140877,213.60603355183596,-90.70716071871894,7.74,172.73,-51.8,0.1315677568341922,213.52724117317317,-90.57804370491442,56.79823766738855,0.5851452161866888
A_PA1_to_C1,1D,104,15,5.0,0.6,0.6,-3.1649638383140877,213.60603355183596,-90.70716071871894,7.74,172.73,-51.8,0.7309371377702432,213.5129152861436,-90.55456788422269,56.69470586691741,0.6171984051870396
A_PA1_to_C1,1D,104,16,5.0,0.6,0.6,-3.1649638383140877,213.60603355183596,-90.70716071871894,7.74,172.73,-51.8,1.3303065187062941,213.498589399114,-90.53109206353096,56.5973457376881,0.6473408600567971
A_PA1_to_C1,1D,105,1,5.0,0.6,0.6,-1.697943285825935,213.55919295710225,-90.64508693655803,9.14,172.66,-51.8,-6.189793474174643,213.7374639999535,-90.848805665968,58.712603762453405,0.0
A_PA1_to_C1,1D,105,2,5.0,0.6,0.6,-1.697943285825935,213.55919295710225,-90.64508693655803,9.14,172.66,-51.8,-5.590880115728149,213.71369452757332,-90.82164316871334,58.52429665475401,0.0582994141484221
A_PA1_to_C1,1D,105,3,5.0,0.6,0.6,-1.697943285825935,213.55919295710225,-90.64508693655803,9.14,172.66,-51.8,-4.991966757281654,213.68992505519316,-90.79448067145867,58.341552578761956,0.11487652745865518
A_PA1_to_C1,1D,105,4,5.0,0.6,0.6,-1.697943285825935,213.55919295710225,-90.64508693655803,9.14,172.66,-51.8,-4.39305339883516,213.666155582813,-90.76731817420401,58.164423969186174,0.1697151062746869
A_PA1_to_C1,1D,105,5,5.0,0.6,0.6,-1.697943285825935,213.55919295710225,-90.64508693655803,9.14,172.66,-51.8,-3.7941400403886654,213.64238611043282,-90.74015567694934,57.99296228021149,0.22279922050833179
A_PA1_to_C1,1D,105,6,5.0,0.6,0.6,-1.697943285825935,213.55919295710225,-90.64508693655803,9.14,172.66,-51.8,-3.195226681942171,213.61861663805266,-90.71299317969469,57.827217920291034,0.2741132638273598
A_PA1_to_C1,1D,105,7,5.0,0.6,0.6,-1.697943285825935,213.55919295710225,-90.64508693655803,9.14,172.66,-51.8,-2.5963133234956763,213.5948471656725,-90.68583068244003,57.66724018684804,0.32364197387163074
A_PA1_to_C1,1D,105,8,5.0,0.6,0.6,-1.697943285825935,213.55919295710225,-90.64508693655803,9.14,172.66,-51.8,-1.997399965049182,213.57107769329232,-90.65866818518536,57.51307720105416,0.3713704524455892
A_PA1_to_C1,1D,105,9,5.0,0.6,0.6,-1.697943285825935,213.55919295710225,-90.64508693655803,9.14,172.66,-51.8,-1.3984866066026878,213.54730822091219,-90.6315056879307,57.364775842856844,0.417284185633612
A_PA1_to_C1,1D,105,10,5.0,0.6,0.6,-1.697943285825935,213.55919295710225,-90.64508693655803,9.14,172.66,-51.8,-0.7995732481561934,213.52353874853202,-90.60434319067603,57.2223816864346,0.4613690637829144
A_PA1_to_C1,1D,105,11,5.0,0.6,0.6,-1.697943285825935,213.55919295710225,-90.64508693655803,9.14,172.66,-51.8,-0.20065988970969872,213.49976927615185,-90.57718069342137,57.08593893626345,0.5036114012971993
A_PA1_to_C1,1D,105,12,5.0,0.6,0.6,-1.697943285825935,213.55919295710225,-90.64508693655803,9.14,172.66,-51.8,0.39825346873679557,213.47599980377169,-90.55001819616672,56.955490363981546,0.5439979561832402
A_PA1_to_C1,1D,105,13,5.0,0.6,0.6,-1.697943285825935,213.55919295710225,-90.64508693655803,9.14,172.66,-51.8,0.9971668271832899,213.45223033139152,-90.52285569891205,56.83107724624256,0.5825159492912846
A_PA1_to_C1,1D,105,14,5.0,0.6,0.6,-1.697943285825935,213.55919295710225,-90.64508693655803,9.14,172.66,-51.8,1.5960801856297842,213.42846085901135,-90.49569320165739,56.71273930375064,0.6191530831897119
A_PA1_to_C1,1D,105,15,5.0,0.6,0.6,-1.697943285825935,213.55919295710225,-90.64508693655803,9.14,172.66,-51.8,2.194993544076279,213.40469138663119,-90.46853070440272,56.60051464167067,0.6538975606138528
A_PA1_to_C1,1D,105,16,5.0,0.6,0.6,-1.697943285825935,213.55919295710225,-90.64508693655803,9.14,172.66,-51.8,2.7939069025227736,213.38092191425102,-90.44136820714806,56.49443969160833,0.6867381024288193
A_PA1_to_C1,1D,106,1,5.0,0.6,0.6,-0.23222839492114955,213.48964013175785,-90.57415246751472,10.55,172.58,-51.8,-4.719632452096557,213.73523997030713,-90.80412104569497,58.72169029228392,0.0
A_PA1_to_C1,1D,106,2,5.0,0.6,0.6,-0.23222839492114955,213.48964013175785,-90.57415246751472,10.55,172.58,-51.8,-4.121311911139836,213.70249332516724,-90.77345856860427,58.52552710801579,0.06073163599632636
A_PA1_to_C1,1D,106,3,5.0,0.6,0.6,-0.23222839492114955,213.48964013175785,-90.57415246751472,10.55,172.58,-51.8,-3.5229913701831155,213.66974668002734,-90.74279609151357,58.33487580992412,0.1197568056841476
A_PA1_to_C1,1D,106,4,5.0,0.6,0.6,-0.23222839492114955,213.48964013175785,-90.57415246751472,10.55,172.58,-51.8,-2.924670829226394,213.63700003488742,-90.71213361442287,58.14979061224079,0.17705872447155713
A_PA1_to_C1,1D,106,5,5.0,0.6,0.6,-0.23222839492114955,213.48964013175785,-90.57415246751472,10.55,172.58,-51.8,-2.3263502882696736,213.60425338974753,-90.68147113733217,57.97032482861923,0.23262088658349356
A_PA1_to_C1,1D,106,6,5.0,0.6,0.6,-0.23222839492114955,213.48964013175785,-90.57415246751472,10.55,172.58,-51.8,-1.7280297473129522,213.5715067446076,-90.65080866024147,57.796530806128885,0.2864270854969142
A_PA1_to_C1,1D,106,7,5.0,0.6,0.6,-0.23222839492114955,213.48964013175785,-90.57415246751472,10.55,172.58,-51.8,-1.129709206356231,213.5387600994677,-90.62014618315077,57.62845985892721,0.3384614344757608
A_PA1_to_C1,1D,106,8,5.0,0.6,0.6,-0.23222839492114955,213.48964013175785,-90.57415246751472,10.55,172.58,-51.8,-0.5313886653995101,213.5060134543278,-90.58948370606007,57.46616220177022,0.388708387155944
A_PA1_to_C1,1D,106,9,5.0,0.6,0.6,-0.23222839492114955,213.48964013175785,-90.57415246751472,10.55,172.58,-51.8,0.06693187555721097,213.4732668091879,-90.55882122896938,57.3096868835308,0.4371527581279011
A_PA1_to_C1,1D,106,10,5.0,0.6,0.6,-0.23222839492114955,213.48964013175785,-90.57415246751472,10.55,172.58,-51.8,0.665252416513932,213.440520164048,-90.52815875187868,57.159081720899984,0.4837797434625202
A_PA1_to_C1,1D,106,11,5.0,0.6,0.6,-0.23222839492114955,213.48964013175785,-90.57415246751472,10.55,172.58,-51.8,1.263572957470653,213.4077735189081,-90.49749627478798,57.0143932324523,0.5285749411243401
A_PA1_to_C1,1D,106,12,5.0,0.6,0.6,-0.23222839492114955,213.48964013175785,-90.57415246751472,10.55,172.58,-51.8,1.8618934984273743,213.37502687376818,-90.46683379769728,56.875666573262066,0.5715243712141955
A_PA1_to_C1,1D,106,13,5.0,0.6,0.6,-0.23222839492114955,213.48964013175785,-90.57415246751472,10.55,172.58,-51.8,2.4602140393840948,213.34228022862828,-90.43617132060658,56.74294547026141,0.6126144959822
A_PA1_to_C1,1D,106,14,5.0,0.6,0.6,-0.23222839492114955,213.48964013175785,-90.57415246751472,10.55,172.58,-51.8,3.058534580340816,213.30953358348836,-90.40550884351588,56.6162721585344,0.6518322395509344
A_PA1_to_C1,1D,106,15,5.0,0.6,0.6,-0.23222839492114955,213.48964013175785,-90.57415246751472,10.55,172.58,-51.8,3.656855121297537,213.27678693834847,-90.37484636642517,56.49568731874511,0.6891650072875564
A_PA1_to_C1,1D,106,16,5.0,0.6,0.6,-0.23222839492114955,213.48964013175785,-90.57415246751472,10.55,172.58,-51.8,4.255175662254259,213.24404029320857,-90.34418388933447,56.38123001589799,0.7246007047634464
A_PA1_to_C1,1D,107,1,5.0,0.6,0.6,1.2318954371084,213.3988401321371,-90.494939805427,11.95,172.49,-51.8,-3.250112656790975,213.7093973786304,-90.75019975698815,58.71286235694747,0.0
A_PA1_to_C1,1D,107,2,5.0,0.6,0.6,1.2318954371084,213.3988401321371,-90.494939805427,11.95,172.49,-51.8,-2.6525115776043915,213.66798974576463,-90.71616509678,58.509213716441316,0.06304911470778407
A_PA1_to_C1,1D,107,3,5.0,0.6,0.6,1.2318954371084,213.3988401321371,-90.494939805427,11.95,172.49,-51.8,-2.054910498417808,213.62658211289886,-90.68213043657184,58.31102788741208,0.12440695651250167
A_PA1_to_C1,1D,107,4,5.0,0.6,0.6,1.2318954371084,213.3988401321371,-90.494939805427,11.95,172.49,-51.8,-1.4573094192312246,213.5851744800331,-90.64809577636369,58.11836075507374,0.18405622349031603
A_PA1_to_C1,1D,107,5,5.0,0.6,0.6,1.2318954371084,213.3988401321371,-90.494939805427,11.95,172.49,-51.8,-0.8597083400446415,213.54376684716732,-90.61406111615554,57.93126738150341,0.2419798685585306
A_PA1_to_C1,1D,107,6,5.0,0.6,0.6,1.2318954371084,213.3988401321371,-90.494939805427,11.95,172.49,-51.8,-0.26210726085805813,213.50235921430155,-90.58002645594738,57.7498019390334,0.29816112009723383
A_PA1_to_C1,1D,107,7,5.0,0.6,0.6,1.2318954371084,213.3988401321371,-90.494939805427,11.95,172.49,-51.8,0.3354938183285252,213.46095158143578,-90.54599179573923,57.57401764309949,0.3525835027393107
A_PA1_to_C1,1D,107,8,5.0,0.6,0.6,1.2318954371084,213.3988401321371,-90.494939805427,11.95,172.49,-51.8,0.9330948975151085,213.41954394857,-90.51195713553108,57.403966684701125,0.4052308582805999
A_PA1_to_C1,1D,107,9,5.0,0.6,0.6,1.2318954371084,213.3988401321371,-90.494939805427,11.95,172.49,-51.8,1.5306959767016917,213.3781363157042,-90.47792247532291,57.239700162637284,0.45608736665949934
A_PA1_to_C1,1D,107,10,5.0,0.6,0.6,1.2318954371084,213.3988401321371,-90.494939805427,11.95,172.49,-51.8,2.1282970558882752,213.33672868283844,-90.44388781511476,57.08126801568939,0.5051375669529641
A_PA1_to_C1,1D,107,11,5.0,0.6,0.6,1.2318954371084,213.3988401321371,-90.494939805427,11.95,172.49,-51.8,2.7258981350748583,213.29532104997267,-90.40985315490661,56.92871895492915,0.5523663783338435
A_PA1_to_C1,1D,107,12,5.0,0.6,0.6,1.2318954371084,213.3988401321371,-90.494939805427,11.95,172.49,-51.8,3.3234992142614415,213.2539134171069,-90.37581849469845,56.782100396336645,0.5977591209321425
A_PA1_to_C1,1D,107,13,5.0,0.6,0.6,1.2318954371084,213.3988401321371,-90.494939805427,11.95,172.49,-51.8,3.921100293448025,213.21250578424113,-90.3417838344903,56.6414583939185,0.6413015365414765
A_PA1_to_C1,1D,107,14,5.0,0.6,0.6,1.2318954371084,213.3988401321371,-90.494939805427,11.95,172.49,-51.8,4.518701372634608,213.17109815137536,-90.30774917428215,56.50683757352154,0.6829798091101935
A_PA1_to_C1,1D,107,15,5.0,0.6,0.6,1.2318954371084,213.3988401321371,-90.494939805427,11.95,172.49,-51.8,5.116302451821191,213.1296905185096,-90.27371451407399,56.378281067541344,0.7227805849554549
A_PA1_to_C1,1D,107,16,5.0,0.6,0.6,1.2318954371084,213.3988401321371,-90.494939805427,11.95,172.49,-51.8,5.713903531007775,213.08828288564382,-90.23967985386584,56.25583045072783,0.7606909926376595
A_PA1_to_C1,1D,108,1,5.0,0.6,0.6,2.6940895608745743,213.28687627509441,-90.40749239818872,13.36,172.38,-51.8,-1.7811608317461305,213.66489277130646,-90.6889838757503,58.703067972291215,0.0
A_PA1_to_C1,1D,108,2,5.0,0.6,0.6,2.6940895608745743,213.28687627509441,-90.40749239818872,13.36,172.38,-51.8,-1.1844607793967032,213.6144905718115,-90.65145167874209,58.49153656406927,0.06548960006871596
A_PA1_to_C1,1D,108,3,5.0,0.6,0.6,2.6940895608745743,213.28687627509441,-90.40749239818872,13.36,172.38,-51.8,-0.587760727047276,213.56408837231658,-90.61391948173387,58.28541421223893,0.12930456967562876
A_PA1_to_C1,1D,108,4,5.0,0.6,0.6,2.6940895608745743,213.28687627509441,-90.40749239818872,13.36,172.38,-51.8,0.008939325302151246,213.51368617282165,-90.57638728472567,58.08475850133731,0.19142708079068171
A_PA1_to_C1,1D,108,5,5.0,0.6,0.6,2.6940895608745743,213.28687627509441,-90.40749239818872,13.36,172.38,-51.8,0.6056393776515785,213.4632839733267,-90.53885508771745,57.88962627643304,0.2518395343214159
A_PA1_to_C1,1D,108,6,5.0,0.6,0.6,2.6940895608745743,213.28687627509441,-90.40749239818872,13.36,172.38,-51.8,1.202339430001006,213.41288177383177,-90.50132289070925,57.70007357613593,0.3105245808530306
A_PA1_to_C1,1D,108,7,5.0,0.6,0.6,2.6940895608745743,213.28687627509441,-90.40749239818872,13.36,172.38,-51.8,1.7990394823504334,213.36247957433682,-90.46379069370104,57.516155564831614,0.36746514162836164
A_PA1_to_C1,1D,108,8,5.0,0.6,0.6,2.6940895608745743,213.28687627509441,-90.40749239818872,13.36,172.38,-51.8,2.3957395346998607,213.3120773748419,-90.42625849669282,57.33792646428996,0.4226444297217533
A_PA1_to_C1,1D,108,9,5.0,0.6,0.6,2.6940895608745743,213.28687627509441,-90.40749239818872,13.36,172.38,-51.8,2.992439587049288,213.26167517534694,-90.38872629968462,57.165439484803514,0.47604597135842397
A_PA1_to_C1,1D,108,10,5.0,0.6,0.6,2.6940895608745743,213.28687627509441,-90.40749239818872,13.36,172.38,-51.8,3.589139639398715,213.211272975852,-90.3511941026764,56.99874675602214,0.5276536273278865
A_PA1_to_C1,1D,108,11,5.0,0.6,0.6,2.6940895608745743,213.28687627509441,-90.40749239818872,13.36,172.38,-51.8,4.185839691748143,213.16087077635706,-90.3136619056682,56.8378992576569,0.5774516144378694
A_PA1_to_C1,1D,108,12,5.0,0.6,0.6,2.6940895608745743,213.28687627509441,-90.40749239818872,13.36,172.38,-51.8,4.78253974409757,213.11046857686213,-90.27612970866,56.682946750234926,0.6254245269524112
A_PA1_to_C1,1D,108,13,5.0,0.6,0.6,2.6940895608745743,213.28687627509441,-90.40749239818872,13.36,172.38,-51.8,5.379239796446997,213.06006637736718,-90.23859751165178,56.53393770609277,0.6715573579561749
A_PA1_to_C1,1D,108,14,5.0,0.6,0.6,2.6940895608745743,213.28687627509441,-90.40749239818872,13.36,172.38,-51.8,5.975939848796425,213.00966417787225,-90.20106531464357,56.39091924080322,0.7158355205845197
A_PA1_to_C1,1D,108,15,5.0,0.6,0.6,2.6940895608745743,213.28687627509441,-90.40749239818872,13.36,172.38,-51.8,6.572639901145852,212.95926197837733,-90.16353311763535,56.253937045234466,0.758244869057819
A_PA1_to_C1,1D,108,16,5.0,0.6,0.6,2.6940895608745743,213.28687627509441,-90.40749239818872,13.36,172.38,-51.8,7.169339953495279,212.90885977888237,-90.12600092062715,56.123035318446675,0.7987717194565143
A_PA1_to_C1,1D,109,1,5.0,0.6,0.6,4.153793231843601,213.15203258624499,-90.31115359116731,14.76,172.27,-51.8,-0.3132609535596984,213.59954486461132,-90.61963319402989,58.67110358438005,0.0
A_PA1_to_C1,1D,109,2,5.0,0.6,0.6,4.153793231843601,213.15203258624499,-90.31115359116731,14.76,172.27,-51.8,0.2823462711607414,213.53987656082913,-90.57850258031488,58.45149639837918,0.06798984086714199
A_PA1_to_C1,1D,109,3,5.0,0.6,0.6,4.153793231843601,213.15203258624499,-90.31115359116731,14.76,172.27,-51.8,0.8779534958811812,213.48020825704697,-90.53737196659986,58.2372429516578,0.1343221773133898
A_PA1_to_C1,1D,109,4,5.0,0.6,0.6,4.153793231843601,213.15203258624499,-90.31115359116731,14.76,172.27,-51.8,1.473560720601621,213.42053995326478,-90.49624135288487,58.02840254574562,0.19897864973201962
A_PA1_to_C1,1D,109,5,5.0,0.6,0.6,4.153793231843601,213.15203258624499,-90.31115359116731,14.76,172.27,-51.8,2.069167945322061,213.3608716494826,-90.45511073916985,57.82503382975039,0.26194110050454
A_PA1_to_C1,1D,109,6,5.0,0.6,0.6,4.153793231843601,213.15203258624499,-90.31115359116731,14.76,172.27,-51.8,2.6647751700425006,213.30120334570043,-90.41398012545484,57.62719473315059,0.3231915948078843
A_PA1_to_C1,1D,109,7,5.0,0.6,0.6,4.153793231843601,213.15203258624499,-90.31115359116731,14.76,172.27,-51.8,3.260382394762941,213.24153504191824,-90.37284951173983,57.43494239757832,0.3827124417342809
A_PA1_to_C1,1D,109,8,5.0,0.6,0.6,4.153793231843601,213.15203258624499,-90.31115359116731,14.76,172.27,-51.8,3.8559896194833807,213.18186673813608,-90.33171889802482,57.2483331077318,0.440486215680572
A_PA1_to_C1,1D,109,9,5.0,0.6,0.6,4.153793231843601,213.15203258624499,-90.31115359116731,14.76,172.27,-51.8,4.451596844203821,213.1221984343539,-90.2905882843098,57.06742222156615,0.4964957779609591
A_PA1_to_C1,1D,109,10,5.0,0.6,0.6,4.153793231843601,213.15203258624499,-90.31115359116731,14.76,172.27,-51.8,5.047204068924261,213.06253013057173,-90.2494576705948,56.89226409992121,0.5507242985940657
A_PA1_to_C1,1D,109,11,5.0,0.6,0.6,4.153793231843601,213.15203258624499,-90.31115359116731,14.76,172.27,-51.8,5.642811293644701,213.00286182678954,-90.20832705687978,56.72291203575381,0.6031552782124585
A_PA1_to_C1,1D,109,12,5.0,0.6,0.6,4.153793231843601,213.15203258624499,-90.31115359116731,14.76,172.27,-51.8,6.23841851836514,212.94319352300738,-90.16719644316477,56.55941818315095,0.653772570039969
A_PA1_to_C1,1D,109,13,5.0,0.6,0.6,4.153793231843601,213.15203258624499,-90.31115359116731,14.76,172.27,-51.8,6.83402574308558,212.8835252192252,-90.12606582944976,56.40183348630811,0.7025604018798575
A_PA1_to_C1,1D,109,14,5.0,0.6,0.6,4.153793231843601,213.15203258624499,-90.31115359116731,14.76,172.27,-51.8,7.42963296780602,212.823856915443,-90.08493521573476,56.250207608664944,0.7495033980542125
A_PA1_to_C1,1D,109,15,5.0,0.6,0.6,4.153793231843601,213.15203258624499,-90.31115359116731,14.76,172.27,-51.8,8.02524019252646,212.76418861166084,-90.04380460201975,56.104588862396895,0.7945866012331742
A_PA1_to_C1,1D,109,16,5.0,0.6,0.6,4.153793231843601,213.15203258624499,-90.31115359116731,14.76,172.27,-51.8,8.6208474172469,212.70452030787865,-90.00267398830474,55.965024138467676,0.8377954940905177
A_PA1_to_C1,1D,110,1,5.0,0.6,0.6,5.610639042819751,212.9946945263486,-90.20608538842838,16.16,172.14,-51.8,1.1525688126755238,213.5084474387416,-90.54025266406965,58.62916177816431,0.0
A_PA1_to_C1,1D,110,2,5.0,0.6,0.6,5.610639042819751,212.9946945263486,-90.20608538842838,16.16,172.14,-51.8,1.7469781766947539,213.43994705042255,-90.49569702731748,58.401864635272794,0.07037063247415176
A_PA1_to_C1,1D,110,3,5.0,0.6,0.6,5.610639042819751,212.9946945263486,-90.20608538842838,16.16,172.14,-51.8,2.3413875407139844,213.37144666210347,-90.45114139056531,58.17986743662527,0.1391004153371611
A_PA1_to_C1,1D,110,4,5.0,0.6,0.6,5.610639042819751,212.9946945263486,-90.20608538842838,16.16,172.14,-51.8,2.935796904733215,213.3029462737844,-90.40658575381315,57.963231078071,0.20617049538492438
A_PA1_to_C1,1D,110,5,5.0,0.6,0.6,5.610639042819751,212.9946945263486,-90.20608538842838,16.16,172.14,-51.8,3.530206268752445,213.23444588546533,-90.36203011706097,57.7520158875551,0.2715621952350489
A_PA1_to_C1,1D,110,6,5.0,0.6,0.6,5.610639042819751,212.9946945263486,-90.20608538842838,16.16,172.14,-51.8,4.124615632771675,213.16594549714628,-90.3174744803088,57.546281557916345,0.3352570341324963
A_PA1_to_C1,1D,110,7,5.0,0.6,0.6,5.610639042819751,212.9946945263486,-90.20608538842838,16.16,172.14,-51.8,4.719024996790906,213.0974451088272,-90.27291884355664,57.34608707845327,0.3972367491365425
A_PA1_to_C1,1D,110,8,5.0,0.6,0.6,5.610639042819751,212.9946945263486,-90.20608538842838,16.16,172.14,-51.8,5.313434360810136,213.02894472050815,-90.22836320680446,57.15149066538956,0.4574833166485277
A_PA1_to_C1,1D,110,9,5.0,0.6,0.6,5.610639042819751,212.9946945263486,-90.20608538842838,16.16,172.14,-51.8,5.907843724829366,212.96044433218907,-90.1838075700523,56.96254969137769,0.515978974237342
A_PA1_to_C1,1D,110,10,5.0,0.6,0.6,5.610639042819751,212.9946945263486,-90.20608538842838,16.16,172.14,-51.8,6.5022530888485965,212.89194394387002,-90.13925193330012,56.779320614192244,0.5727062427158103
A_PA1_to_C1,1D,110,11,5.0,0.6,0.6,5.610639042819751,212.9946945263486,-90.20608538842838,16.16,172.14,-51.8,7.096662452867827,212.82344355555094,-90.09469629654795,56.601858904772726,0.6276479484184456
A_PA1_to_C1,1D,110,12,5.0,0.6,0.6,5.610639042819751,212.9946945263486,-90.20608538842838,16.16,172.14,-51.8,7.6910718168870575,212.7549431672319,-90.05014065979579,56.4302189747866,0.6807872456277728
A_PA1_to_C1,1D,110,13,5.0,0.6,0.6,5.610639042819751,212.9946945263486,-90.20608538842838,16.16,172.14,-51.8,8.285481180906288,212.6864427789128,-90.00558502304361,56.26445410389162,0.7321076390937122
A_PA1_to_C1,1D,110,14,5.0,0.6,0.6,5.610639042819751,212.9946945263486,-90.20608538842838,16.16,172.14,-51.8,8.879890544925518,212.61794239059375,-89.96102938629144,56.104616366886354,0.7815930065876024
A_PA1_to_C1,1D,110,15,5.0,0.6,0.6,5.610639042819751,212.9946945263486,-90.20608538842838,16.16,172.14,-51.8,9.474299908944749,212.54944200227467,-89.91647374953928,55.950756560944335,0.8292276214303307
A_PA1_to_C1,1D,110,16,5.0,0.6,0.6,5.610639042819751,212.9946945263486,-90.20608538842838,16.16,172.14,-51.8,10.068709272963979,212.48094161395562,-89.8719181127871,55.80292413313678,0.8749961749311232
A_PA1_to_C1,1D,111,1,5.0,0.6,0.6,7.064485336711198,212.81660122945664,-90.09297442379186,17.56,172.01,-51.8,2.6160812296742186,213.39369461661295,-90.45167223950446,58.56520003590234,0.0
A_PA1_to_C1,1D,111,2,5.0,0.6,0.6,7.064485336711198,212.81660122945664,-90.09297442379186,17.56,172.01,-51.8,3.2092017772791492,213.31674883165877,-90.40384586407612,58.330522234661494,0.07265566601883933
A_PA1_to_C1,1D,111,3,5.0,0.6,0.6,7.064485336711198,212.81660122945664,-90.09297442379186,17.56,172.01,-51.8,3.80232232488408,213.2398030467046,-90.35601948864777,58.10109287346859,0.14368642799806608
A_PA1_to_C1,1D,111,4,5.0,0.6,0.6,7.064485336711198,212.81660122945664,-90.09297442379186,17.56,172.01,-51.8,4.395442872489011,213.16285726175042,-90.30819311321942,57.87697436817602,0.21307296214437343
A_PA1_to_C1,1D,111,5,5.0,0.6,0.6,7.064485336711198,212.81660122945664,-90.09297442379186,17.56,172.01,-51.8,4.988563420093941,213.08591147679624,-90.26036673779107,57.65822864897593,0.280796095023657
A_PA1_to_C1,1D,111,6,5.0,0.6,0.6,7.064485336711198,212.81660122945664,-90.09297442379186,17.56,172.01,-51.8,5.581683967698872,213.00896569184206,-90.21254036236273,57.4449170933397,0.34683682432279994
A_PA1_to_C1,1D,111,7,5.0,0.6,0.6,7.064485336711198,212.81660122945664,-90.09297442379186,17.56,172.01,-51.8,6.174804515303802,212.9320199068879,-90.16471398693437,57.23710045751579,0.4111763400577573
A_PA1_to_C1,1D,111,8,5.0,0.6,0.6,7.064485336711198,212.81660122945664,-90.09297442379186,17.56,172.01,-51.8,6.767925062908732,212.8550741219337,-90.11688761150603,57.03483880670513,0.4737960461910866
A_PA1_to_C1,1D,111,9,5.0,0.6,0.6,7.064485336711198,212.81660122945664,-90.09297442379186,17.56,172.01,-51.8,7.3610456105136635,212.77812833697956,-90.06906123607769,56.838191444045115,0.5346775826183361
A_PA1_to_C1,1D,111,10,5.0,0.6,0.6,7.064485336711198,212.81660122945664,-90.09297442379186,17.56,172.01,-51.8,7.954166158118594,212.7011825520254,-90.02123486064934,56.64721683854386,0.5938028474794059
A_PA1_to_C1,1D,111,11,5.0,0.6,0.6,7.064485336711198,212.81660122945664,-90.09297442379186,17.56,172.01,-51.8,8.547286705723524,212.6242367670712,-89.97340848522099,56.46197255211767,0.651154019747576
A_PA1_to_C1,1D,111,12,5.0,0.6,0.6,7.064485336711198,212.81660122945664,-90.09297442379186,17.56,172.01,-51.8,9.140407253328455,212.54729098211703,-89.92558210979264,56.28251516589476,0.706713582045694
A_PA1_to_C1,1D,111,13,5.0,0.6,0.6,7.064485336711198,212.81660122945664,-90.09297442379186,17.56,172.01,-51.8,9.733527800933384,212.47034519716286,-89.8777557343643,56.10890020595891,0.7604643436357392
A_PA1_to_C1,1D,111,14,5.0,0.6,0.6,7.064485336711198,212.81660122945664,-90.09297442379186,17.56,172.01,-51.8,10.326648348538317,212.39339941220868,-89.82992935893594,55.94118206871695,0.8123894635248909
A_PA1_to_C1,1D,111,15,5.0,0.6,0.6,7.064485336711198,212.81660122945664,-90.09297442379186,17.56,172.01,-51.8,10.919768896143246,212.3164536272545,-89.7821029835076,55.77941394608249,0.8624724736284364
A_PA1_to_C1,1D,111,16,5.0,0.6,0.6,7.064485336711198,212.81660122945664,-90.09297442379186,17.56,172.01,-51.8,11.512889443748177,212.23950784230033,-89.73427660807926,55.623647750677996,0.9106973019270441
A_PA1_to_C1,1D,112,1,5.0,0.6,0.6,8.51502038884186,212.61790787921868,-89.97189010856013,18.96,171.86,-51.8,4.077516670104251,213.25933339039702,-90.35547068653494,58.49715749584863,0.0
A_PA1_to_C1,1D,112,2,5.0,0.6,0.6,8.51502038884186,212.61790787921868,-89.97189010856013,18.96,171.86,-51.8,4.669183832602599,213.17380998890658,-90.30432660947164,58.2549696607825,0.07498075389044345
A_PA1_to_C1,1D,112,3,5.0,0.6,0.6,8.51502038884186,212.61790787921868,-89.97189010856013,18.96,171.86,-51.8,5.260850995100947,213.08828658741612,-90.25318253240833,58.01797605279983,0.148353387940805
A_PA1_to_C1,1D,112,4,5.0,0.6,0.6,8.51502038884186,212.61790787921868,-89.97189010856013,18.96,171.86,-51.8,5.852518157599295,213.0027631859257,-90.20203845534502,57.786240579811235,0.22009811642024601
A_PA1_to_C1,1D,112,5,5.0,0.6,0.6,8.51502038884186,212.61790787921868,-89.97189010856013,18.96,171.86,-51.8,6.444185320097642,212.91723978443522,-90.1508943782817,57.559826749499415,0.29019527750749674
A_PA1_to_C1,1D,112,6,5.0,0.6,0.6,8.51502038884186,212.61790787921868,-89.97189010856013,18.96,171.86,-51.8,7.03585248259599,212.8317163829448,-90.0997503012184,57.33879760264386,0.35862535393336614
A_PA1_to_C1,1D,112,7,5.0,0.6,0.6,8.51502038884186,212.61790787921868,-89.97189010856013,18.96,171.86,-51.8,7.627519645094338,212.74619298145436,-90.0486062241551,57.123215644793014,0.4253689941348675
A_PA1_to_C1,1D,112,8,5.0,0.6,0.6,8.51502038884186,212.61790787921868,-89.97189010856013,18.96,171.86,-51.8,8.219186807592687,212.6606695799639,-89.99746214709178,56.91314277639297,0.49040703388720175
A_PA1_to_C1,1D,112,9,5.0,0.6,0.6,8.51502038884186,212.61790787921868,-89.97189010856013,18.96,171.86,-51.8,8.810853970091033,212.57514617847346,-89.94631807002848,56.708640221492345,0.5537205183765579
A_PA1_to_C1,1D,112,10,5.0,0.6,0.6,8.51502038884186,212.61790787921868,-89.97189010856013,18.96,171.86,-51.8,9.402521132589381,212.489622776983,-89.89517399296517,56.50976845515495,0.6152907246729669
A_PA1_to_C1,1D,112,11,5.0,0.6,0.6,8.51502038884186,212.61790787921868,-89.97189010856013,18.96,171.86,-51.8,9.99418829508773,212.40409937549256,-89.84402991590186,56.316587129723985,0.6750991845587144
A_PA1_to_C1,1D,112,12,5.0,0.6,0.6,8.51502038884186,212.61790787921868,-89.97189010856013,18.96,171.86,-51.8,10.585855457586078,212.31857597400213,-89.79288583883856,56.129155000092084,0.7331277076645648
A_PA1_to_C1,1D,112,13,5.0,0.6,0.6,8.51502038884186,212.61790787921868,-89.97189010856013,18.96,171.86,-51.8,11.177522620084424,212.23305257251167,-89.74174176177524,55.947529848143674,0.7893584048622166
A_PA1_to_C1,1D,112,14,5.0,0.6,0.6,8.51502038884186,212.61790787921868,-89.97189010856013,18.96,171.86,-51.8,11.769189782582773,212.14752917102123,-89.69059768471193,55.771768406546826,0.8437737118581445
A_PA1_to_C1,1D,112,15,5.0,0.6,0.6,8.51502038884186,212.61790787921868,-89.97189010856013,18.96,171.86,-51.8,12.360856945081121,212.06200576953077,-89.63945360764862,55.60192628208181,0.8963564129309027
A_PA1_to_C1,1D,112,16,5.0,0.6,0.6,8.51502038884186,212.61790787921868,-89.97189010856013,18.96,171.86,-51.8,12.952524107579467,211.97648236804034,-89.58830953058532,55.43805787870486,0.9470896647503935
A_PA1_to_C1,1D,113,1,5.0,0.6,0.6,9.961751170364483,212.3978116720477,-89.84253296538209,20.36,171.7,-51.8,5.536790811456639,213.1063533982553,-90.25203808661617,58.41894269330031,0.0
A_PA1_to_C1,1D,113,2,5.0,0.6,0.6,9.961751170364483,212.3978116720477,-89.84253296538209,20.36,171.7,-51.8,6.126785525977684,213.01188116809428,-90.19743740378495,58.16888445799735,0.07741741031051319
A_PA1_to_C1,1D,113,3,5.0,0.6,0.6,9.961751170364483,212.3978116720477,-89.84253296538209,20.36,171.7,-51.8,6.71678024049873,212.9174089379333,-90.14283672095374,57.92396199132608,0.15324479937282476
A_PA1_to_C1,1D,113,4,5.0,0.6,0.6,9.961751170364483,212.3978116720477,-89.84253296538209,20.36,171.7,-51.8,7.306774955019776,212.82293670777227,-90.08823603812253,57.684240711457136,0.22746191388333514
A_PA1_to_C1,1D,113,5,5.0,0.6,0.6,9.961751170364483,212.3978116720477,-89.84253296538209,20.36,171.7,-51.8,7.896769669540822,212.72846447761125,-90.03363535529132,57.44978572755576,0.3000485962057411
A_PA1_to_C1,1D,113,6,5.0,0.6,0.6,9.961751170364483,212.3978116720477,-89.84253296538209,20.36,171.7,-51.8,8.486764384061868,212.63399224745024,-89.97903467246012,57.22066177375801,0.370984804811858
A_PA1_to_C1,1D,113,7,5.0,0.6,0.6,9.961751170364483,212.3978116720477,-89.84253296538209,20.36,171.7,-51.8,9.076759098582913,212.53952001728922,-89.92443398962891,56.99693314128008,0.4402506353003801
A_PA1_to_C1,1D,113,8,5.0,0.6,0.6,9.961751170364483,212.3978116720477,-89.84253296538209,20.36,171.7,-51.8,9.66675381310396,212.4450477871282,-89.8698333067977,56.77866360875617,0.5078263419641296
A_PA1_to_C1,1D,113,9,5.0,0.6,0.6,9.961751170364483,212.3978116720477,-89.84253296538209,20.36,171.7,-51.8,10.256748527625007,212.35057555696721,-89.81523262396648,56.56591637091221,0.5736923598724744
A_PA1_to_C1,1D,113,10,5.0,0.6,0.6,9.961751170364483,212.3978116720477,-89.84253296538209,20.36,171.7,-51.8,10.846743242146053,212.2561033268062,-89.76063194113527,56.35875396569529,0.6378293274318914
A_PA1_to_C1,1D,113,11,5.0,0.6,0.6,9.961751170364483,212.3978116720477,-89.84253296538209,20.36,171.7,-51.8,11.436737956667098,212.16163109664518,-89.70603125830407,56.15723819999089,0.7002181093837194
A_PA1_to_C1,1D,113,12,5.0,0.6,0.6,9.961751170364483,212.3978116720477,-89.84253296538209,20.36,171.7,-51.8,12.026732671188144,212.06715886648416,-89.65143057547286,55.961430074072055,0.760839820194505
A_PA1_to_C1,1D,113,13,5.0,0.6,0.6,9.961751170364483,212.3978116720477,-89.84253296538209,20.36,171.7,-51.8,12.61672738570919,211.97268663632315,-89.59682989264165,55.7713897049374,0.819675847790375
A_PA1_to_C1,1D,113,14,5.0,0.6,0.6,9.961751170364483,212.3978116720477,-89.84253296538209,20.36,171.7,-51.8,13.206722100230236,211.87821440616213,-89.54222920981044,55.58717624870631,0.8767078775832822
A_PA1_to_C1,1D,113,15,5.0,0.6,0.6,9.961751170364483,212.3978116720477,-89.84253296538209,20.36,171.7,-51.8,13.796716814751282,211.78374217600114,-89.48762852697924,55.40884782225201,0.9319179167332194
A_PA1_to_C1,1D,113,16,5.0,0.6,0.6,9.961751170364483,212.3978116720477,-89.84253296538209,20.36,171.7,-51.8,14.386711529272327,211.68926994584012,-89.43302784414801,55.23646142426415,0.9852883185870454
A_PA1_to_C1,1D,114,1,5.0,0.6,0.6,11.404091829012076,212.15529861284764,-89.70452284322879,21.75,171.53,-51.8,6.992413809495081,212.92877207945625,-90.13907531251537,58.32263176225567,0.0
A_PA1_to_C1,1D,114,2,5.0,0.6,0.6,11.404091829012076,212.15529861284764,-89.70452284322879,21.75,171.53,-51.8,7.58063754543068,212.82564228390842,-90.08113498327717,58.065017003505396,0.07975689125395391
A_PA1_to_C1,1D,114,3,5.0,0.6,0.6,11.404091829012076,212.15529861284764,-89.70452284322879,21.75,171.53,-51.8,8.16886128136628,212.72251248836062,-90.02319465403896,57.81248155510253,0.15794124060468562
A_PA1_to_C1,1D,114,4,5.0,0.6,0.6,11.404091829012076,212.15529861284764,-89.70452284322879,21.75,171.53,-51.8,8.757085017301879,212.6193826928128,-89.96525432480074,57.56509226519807,0.23453235203021805
A_PA1_to_C1,1D,114,5,5.0,0.6,0.6,11.404091829012076,212.15529861284764,-89.70452284322879,21.75,171.53,-51.8,9.345308753237479,212.516252897265,-89.90731399556253,57.322915761870185,0.30950959764256325
A_PA1_to_C1,1D,114,6,5.0,0.6,0.6,11.404091829012076,212.15529861284764,-89.70452284322879,21.75,171.53,-51.8,9.933532489173079,212.4131231017172,-89.84937366632431,57.08601838790444,0.3828524378796381
A_PA1_to_C1,1D,114,7,5.0,0.6,0.6,11.404091829012076,212.15529861284764,-89.70452284322879,21.75,171.53,-51.8,10.521756225108676,212.30999330616936,-89.7914333370861,56.85446613350495,0.4545404423376844
A_PA1_to_C1,1D,114,8,5.0,0.6,0.6,11.404091829012076,212.15529861284764,-89.70452284322879,21.75,171.53,-51.8,11.109979961044276,212.20686351062156,-89.7334930078479,56.62832456701823,0.5245533112190195
A_PA1_to_C1,1D,114,9,5.0,0.6,0.6,11.404091829012076,212.15529861284764,-89.70452284322879,21.75,171.53,-51.8,11.698203696979876,212.10373371507373,-89.67555267860968,56.40765876376413,0.592870897365799
A_PA1_to_C1,1D,114,10,5.0,0.6,0.6,11.404091829012076,212.15529861284764,-89.70452284322879,21.75,171.53,-51.8,12.286427432915476,212.00060391952593,-89.61761234937147,56.192533233081384,0.6594732288465259
A_PA1_to_C1,1D,114,11,5.0,0.6,0.6,11.404091829012076,212.15529861284764,-89.70452284322879,21.75,171.53,-51.8,12.874651168851074,211.8974741239781,-89.55967202013326,55.98301184370713,0.7243405320583705
A_PA1_to_C1,1D,114,12,5.0,0.6,0.6,11.404091829012076,212.15529861284764,-89.70452284322879,21.75,171.53,-51.8,13.462874904786673,211.7943443284303,-89.50173169089504,55.77915774762426,0.7874532553038414
A_PA1_to_C1,1D,114,13,5.0,0.6,0.6,11.404091829012076,212.15529861284764,-89.70452284322879,21.75,171.53,-51.8,14.051098640722273,211.6912145328825,-89.44379136165684,55.58103330252192,0.8487920927968275
A_PA1_to_C1,1D,114,14,5.0,0.6,0.6,11.404091829012076,212.15529861284764,-89.70452284322879,21.75,171.53,-51.8,14.639322376657873,211.58808473733467,-89.38585103241861,55.38869999302879,0.9083380090485704
A_PA1_to_C1,1D,114,15,5.0,0.6,0.6,11.404091829012076,212.15529861284764,-89.70452284322879,21.75,171.53,-51.8,15.227546112593473,211.48495494178687,-89.32791070318041,55.20221835089099,0.9660722635803971
A_PA1_to_C1,1D,114,16,5.0,0.6,0.6,11.404091829012076,212.15529861284764,-89.70452284322879,21.75,171.53,-51.8,15.815769848529072,211.38182514623904,-89.2699703739422,55.021647874278926,1.0219764359061116
A_PA1_to_C1,1D,115,1,5.0,0.6,0.6,12.842164013141215,211.89280589036775,-89.55881087418322,23.15,171.34,-51.8,8.443972608512922,212.727157991948,-90.01681626590091,58.22103686633605,0.0
A_PA1_to_C1,1D,115,2,5.0,0.6,0.6,12.842164013141215,211.89280589036775,-89.55881087418322,23.15,171.34,-51.8,9.03039812913003,212.61591104507062,-89.95574888033856,57.95623488643749,0.0819820371202944
A_PA1_to_C1,1D,115,3,5.0,0.6,0.6,12.842164013141215,211.89280589036775,-89.55881087418322,23.15,171.34,-51.8,9.616823649747134,212.50466409819325,-89.8946814947762,57.69645734906579,0.16240851927871702
A_PA1_to_C1,1D,115,4,5.0,0.6,0.6,12.842164013141215,211.89280589036775,-89.55881087418322,23.15,171.34,-51.8,10.20324917036424,212.3934171513159,-89.83361410921384,57.44177242263006,0.2412583417046399
A_PA1_to_C1,1D,115,5,5.0,0.6,0.6,12.842164013141215,211.89280589036775,-89.55881087418322,23.15,171.34,-51.8,10.789674690981345,212.28217020443853,-89.77254672365147,57.192248141455984,0.31851044113933824
A_PA1_to_C1,1D,115,6,5.0,0.6,0.6,12.842164013141215,211.89280589036775,-89.55881087418322,23.15,171.34,-51.8,11.376100211598452,212.17092325756116,-89.71147933808912,56.947952341541914,0.3941438157257373
A_PA1_to_C1,1D,115,7,5.0,0.6,0.6,12.842164013141215,211.89280589036775,-89.55881087418322,23.15,171.34,-51.8,11.962525732215557,212.0596763106838,-89.65041195252677,56.70895259405859,0.46813754559673626
A_PA1_to_C1,1D,115,8,5.0,0.6,0.6,12.842164013141215,211.89280589036775,-89.55881087418322,23.15,171.34,-51.8,12.548951252832662,211.94842936380644,-89.5893445669644,56.475316136661306,0.5404708141407859
A_PA1_to_C1,1D,115,9,5.0,0.6,0.6,12.842164013141215,211.89280589036775,-89.55881087418322,23.15,171.34,-51.8,13.135376773449767,211.83718241692907,-89.52827718140205,56.24710980269556,0.6111229299196559
A_PA1_to_C1,1D,115,10,5.0,0.6,0.6,12.842164013141215,211.89280589036775,-89.55881087418322,23.15,171.34,-51.8,13.721802294066872,211.7259354700517,-89.46720979583968,56.024399948389835,0.6800733492093549
A_PA1_to_C1,1D,115,11,5.0,0.6,0.6,12.842164013141215,211.89280589036775,-89.55881087418322,23.15,171.34,-51.8,14.308227814683978,211.61468852317435,-89.40614241027733,55.80725237814346,0.7473016991308334
A_PA1_to_C1,1D,115,12,5.0,0.6,0.6,12.842164013141215,211.89280589036775,-89.55881087418322,23.15,171.34,-51.8,14.894653335301085,211.50344157629698,-89.34507502471497,55.59573226802982,0.8127878013331973
A_PA1_to_C1,1D,115,13,5.0,0.6,0.6,12.842164013141215,211.89280589036775,-89.55881087418322,23.15,171.34,-51.8,15.48107885591819,211.3921946294196,-89.2840076391526,55.38990408765035,0.8765116961875208
A_PA1_to_C1,1D,115,14,5.0,0.6,0.6,12.842164013141215,211.89280589036775,-89.55881087418322,23.15,171.34,-51.8,16.067504376535297,211.28094768254226,-89.22294025359025,55.18983152048718,0.9384536674454687
A_PA1_to_C1,1D,115,15,5.0,0.6,0.6,12.842164013141215,211.89280589036775,-89.55881087418322,23.15,171.34,-51.8,16.653929897152402,211.1697007356649,-89.16187286802788,54.995577382917006,0.9985942673123986
A_PA1_to_C1,1D,115,16,5.0,0.6,0.6,12.842164013141215,211.89280589036775,-89.55881087418322,23.15,171.34,-51.8,17.240355417769507,211.05845378878752,-89.10080548246553,54.80720354206248,1.0569143418803613
A_PA1_to_C1,1D,116,1,5.0,0.6,0.6,14.27569473601576,211.61054562237044,-89.40548865092514,24.54,171.15,-51.8,9.891834009835303,212.50510681656715,-89.88665951796709,58.098255222705696,0.0
A_PA1_to_C1,1D,116,2,5.0,0.6,0.6,14.27569473601576,211.61054562237044,-89.40548865092514,24.54,171.15,-51.8,10.47634877332603,212.38583199067426,-89.82250340236149,57.82638576611229,0.08417011040043576
A_PA1_to_C1,1D,116,3,5.0,0.6,0.6,14.27569473601576,211.61054562237044,-89.40548865092514,24.54,171.15,-51.8,11.06086353681676,212.26655716478137,-89.7583472867559,57.55948680816933,0.16680136672952273
A_PA1_to_C1,1D,116,4,5.0,0.6,0.6,14.27569473601576,211.61054562237044,-89.40548865092514,24.54,171.15,-51.8,11.645378300307486,212.14728233888846,-89.69419117115031,57.29762780838664,0.2478722644950615
A_PA1_to_C1,1D,116,5,5.0,0.6,0.6,14.27569473601576,211.61054562237044,-89.40548865092514,24.54,171.15,-51.8,12.229893063798214,212.02800751299557,-89.63003505554471,57.040878177996056,0.32736131415159164
A_PA1_to_C1,1D,116,6,5.0,0.6,0.6,14.27569473601576,211.61054562237044,-89.40548865092514,24.54,171.15,-51.8,12.81440782728894,211.90873268710268,-89.56587893993913,56.789307216813036,0.40524706064788063
A_PA1_to_C1,1D,116,7,5.0,0.6,0.6,14.27569473601576,211.61054562237044,-89.40548865092514,24.54,171.15,-51.8,13.39892259077967,211.78945786120977,-89.50172282433353,56.54298404766197,0.4815081037287072
A_PA1_to_C1,1D,116,8,5.0,0.6,0.6,14.27569473601576,211.61054562237044,-89.40548865092514,24.54,171.15,-51.8,13.983437354270396,211.67018303531688,-89.43756670872793,56.30197754841956,0.5561231189740354
A_PA1_to_C1,1D,116,9,5.0,0.6,0.6,14.27569473601576,211.61054562237044,-89.40548865092514,24.54,171.15,-51.8,14.567952117761124,211.550908209424,-89.37341059312234,56.066356281742856,0.6290708795550586
A_PA1_to_C1,1D,116,10,5.0,0.6,0.6,14.27569473601576,211.61054562237044,-89.40548865092514,24.54,171.15,-51.8,15.15246688125185,211.4316333835311,-89.30925447751675,55.83618842256258,0.7003302786820811
A_PA1_to_C1,1D,116,11,5.0,0.6,0.6,14.27569473601576,211.61054562237044,-89.40548865092514,24.54,171.15,-51.8,15.73698164474258,211.3123585576382,-89.24509836191115,55.61154168343558,0.7698803527152052
A_PA1_to_C1,1D,116,12,5.0,0.6,0.6,14.27569473601576,211.61054562237044,-89.40548865092514,24.54,171.15,-51.8,16.32149640823331,211.1930837317453,-89.18094224630556,55.39248323786431,0.8377003049044518
A_PA1_to_C1,1D,116,13,5.0,0.6,0.6,14.27569473601576,211.61054562237044,-89.40548865092514,24.54,171.15,-51.8,16.906011171724032,211.07380890585242,-89.11678613069996,55.17907964170537,0.9037695297214619
A_PA1_to_C1,1D,116,14,5.0,0.6,0.6,14.27569473601576,211.61054562237044,-89.40548865092514,24.54,171.15,-51.8,17.490525935214762,210.9545340799595,-89.05263001509437,54.97139675280451,0.9680676377403046
A_PA1_to_C1,1D,116,15,5.0,0.6,0.6,14.27569473601576,211.61054562237044,-89.40548865092514,24.54,171.15,-51.8,18.07504069870549,210.8352592540666,-88.98847389948878,54.769499649009326,1.0305744810205475
A_PA1_to_C1,1D,116,16,5.0,0.6,0.6,14.27569473601576,211.61054562237044,-89.40548865092514,24.54,171.15,-51.8,18.659555462196217,210.71598442817373,-88.92431778388318,54.5734525447256,1.0912701789412083
A_PA1_to_C1,1D,117,1,5.0,0.6,0.6,15.704420609000886,211.30873996345576,-89.24465069119623,25.94,170.94,-51.8,11.336605036037898,212.26623915325771,-89.75000445056745,57.97689216251432,0.0
A_PA1_to_C1,1D,117,2,5.0,0.6,0.6,15.704420609000886,211.30873996345576,-89.24465069119623,25.94,170.94,-51.8,11.918980445766296,212.13857259461744,-89.68262394931796,57.697526554087275,0.08649090044180952
A_PA1_to_C1,1D,117,3,5.0,0.6,0.6,15.704420609000886,211.30873996345576,-89.24465069119623,25.94,170.94,-51.8,12.501355855494694,212.0109060359772,-89.61524344806845,57.42307128755305,0.17146157119544014
A_PA1_to_C1,1D,117,4,5.0,0.6,0.6,15.704420609000886,211.30873996345576,-89.24465069119623,25.94,170.94,-51.8,13.083731265223093,211.88323947733693,-89.54786294681895,57.153597102292615,0.2548901115237463
A_PA1_to_C1,1D,117,5,5.0,0.6,0.6,15.704420609000886,211.30873996345576,-89.24465069119623,25.94,170.94,-51.8,13.666106674951491,211.75557291869666,-89.48048244556946,56.88917478191245,0.3367546069974807
A_PA1_to_C1,1D,117,6,5.0,0.6,0.6,15.704420609000886,211.30873996345576,-89.24465069119623,25.94,170.94,-51.8,14.248482084679889,211.62790636005641,-89.41310194431996,56.629875092593814,0.417033148582199
A_PA1_to_C1,1D,117,7,5.0,0.6,0.6,15.704420609000886,211.30873996345576,-89.24465069119623,25.94,170.94,-51.8,14.830857494408288,211.50023980141614,-89.34572144307047,56.37576871882607,0.4957038525350619
A_PA1_to_C1,1D,117,8,5.0,0.6,0.6,15.704420609000886,211.30873996345576,-89.24465069119623,25.94,170.94,-51.8,15.413232904136686,211.3725732427759,-89.27834094182097,56.1269261965624,0.5727448810996663
A_PA1_to_C1,1D,117,9,5.0,0.6,0.6,15.704420609000886,211.30873996345576,-89.24465069119623,25.94,170.94,-51.8,15.995608313865086,211.24490668413563,-89.21096044057148,55.88341784384841,0.6481344639832542
A_PA1_to_C1,1D,117,10,5.0,0.6,0.6,15.704420609000886,211.30873996345576,-89.24465069119623,25.94,170.94,-51.8,16.577983723593483,211.11724012549539,-89.14357993932198,55.64531368898866,0.7218509205961787
A_PA1_to_C1,1D,117,11,5.0,0.6,0.6,15.704420609000886,211.30873996345576,-89.24465069119623,25.94,170.94,-51.8,17.160359133321883,210.9895735668551,-89.07619943807249,55.412683396328504,0.7938726830296652
A_PA1_to_C1,1D,117,12,5.0,0.6,0.6,15.704420609000886,211.30873996345576,-89.24465069119623,25.94,170.94,-51.8,17.742734543050283,210.86190700821487,-89.00881893682299,55.18559618974442,0.8641783197430009
A_PA1_to_C1,1D,117,13,5.0,0.6,0.6,15.704420609000886,211.30873996345576,-89.24465069119623,25.94,170.94,-51.8,18.32510995277868,210.7342404495746,-88.9414384355735,54.96412077394968,0.9327465599271321
A_PA1_to_C1,1D,117,14,5.0,0.6,0.6,15.704420609000886,211.30873996345576,-89.24465069119623,25.94,170.94,-51.8,18.907485362507078,210.60657389093433,-88.874057934324,54.748325253738294,0.9995563185065102
A_PA1_to_C1,1D,117,15,5.0,0.6,0.6,15.704420609000886,211.30873996345576,-89.24465069119623,25.94,170.94,-51.8,19.489860772235474,210.47890733229409,-88.8066774330745,54.53827705130509,1.0645867217366032
A_PA1_to_C1,1D,117,16,5.0,0.6,0.6,15.704420609000886,211.30873996345576,-89.24465069119623,25.94,170.94,-51.8,20.072236181963873,210.3512407736538,-88.73929693182501,54.33404282179547,1.1278171333494882
A_PA1_to_C1,1D,118,1,5.0,0.6,0.6,17.127467061117866,210.9853888030928,-89.07554022675586,27.33,170.73,-51.8,12.776808653475122,212.00586903125284,-89.60506031508295,57.83351388322142,0.0
A_PA1_to_C1,1D,118,2,5.0,0.6,0.6,17.127467061117866,210.9853888030928,-89.07554022675586,27.33,170.73,-51.8,13.35689644116082,211.86980500083152,-89.53445763663935,57.54668080527161,0.08880281051077787
A_PA1_to_C1,1D,118,3,5.0,0.6,0.6,17.127467061117866,210.9853888030928,-89.07554022675586,27.33,170.73,-51.8,13.93698422884652,211.73374097041017,-89.46385495819572,57.26469781049111,0.17610404728492668
A_PA1_to_C1,1D,118,4,5.0,0.6,0.6,17.127467061117866,210.9853888030928,-89.07554022675586,27.33,170.73,-51.8,14.51707201653222,211.59767693998882,-89.39325227975212,56.98763689564531,0.2618814203022026
A_PA1_to_C1,1D,118,5,5.0,0.6,0.6,17.127467061117866,210.9853888030928,-89.07554022675586,27.33,170.73,-51.8,15.097159804217918,211.4616129095675,-89.32264960130851,56.7155701952556,0.34611259689344465
A_PA1_to_C1,1D,118,6,5.0,0.6,0.6,17.127467061117866,210.9853888030928,-89.07554022675586,27.33,170.73,-51.8,15.677247591903617,211.32554887914614,-89.25204692286489,56.44856992161993,0.42877522031006166
A_PA1_to_C1,1D,118,7,5.0,0.6,0.6,17.127467061117866,210.9853888030928,-89.07554022675586,27.33,170.73,-51.8,16.257335379589318,211.18948484872482,-89.18144424442129,56.186708302044764,0.5098469291568613
A_PA1_to_C1,1D,118,8,5.0,0.6,0.6,17.127467061117866,210.9853888030928,-89.07554022675586,27.33,170.73,-51.8,16.837423167275016,211.05342081830347,-89.11084156597767,55.93005751330955,0.589305377681697
A_PA1_to_C1,1D,118,9,5.0,0.6,0.6,17.127467061117866,210.9853888030928,-89.07554022675586,27.33,170.73,-51.8,17.417510954960715,210.91735678788214,-89.04023888753406,55.67868961339846,0.6671282569111341
A_PA1_to_C1,1D,118,10,5.0,0.6,0.6,17.127467061117866,210.9853888030928,-89.07554022675586,27.33,170.73,-51.8,17.997598742646414,210.7812927574608,-88.96963620909044,55.43267647054591,0.7432933166178088
A_PA1_to_C1,1D,118,11,5.0,0.6,0.6,17.127467061117866,210.9853888030928,-89.07554022675586,27.33,170.73,-51.8,18.577686530332112,210.64522872703947,-88.89903353064683,55.19208968965811,0.8177783881000984
A_PA1_to_C1,1D,118,12,5.0,0.6,0.6,17.127467061117866,210.9853888030928,-89.07554022675586,27.33,170.73,-51.8,19.157774318017815,210.50916469661811,-88.82843085220321,54.95700053618569,0.8905614077510009
A_PA1_to_C1,1D,118,13,5.0,0.6,0.6,17.127467061117866,210.9853888030928,-89.07554022675586,27.33,170.73,-51.8,19.737862105703513,210.3731006661968,-88.7578281737596,54.72747985753926,0.9616204413876694
A_PA1_to_C1,1D,118,14,5.0,0.6,0.6,17.127467061117866,210.9853888030928,-89.07554022675586,27.33,170.73,-51.8,20.317949893389212,210.23703663577544,-88.687225495316,54.503598002154085,1.0309337093087727
A_PA1_to_C1,1D,118,15,5.0,0.6,0.6,17.127467061117866,210.9853888030928,-89.07554022675586,27.33,170.73,-51.8,20.89803768107491,210.1009726053541,-88.61662281687238,54.285424736327364,1.0984796120415048
A_PA1_to_C1,1D,118,16,5.0,0.6,0.6,17.127467061117866,210.9853888030928,-89.07554022675586,27.33,170.73,-51.8,21.47812546876061,209.96490857493276,-88.54602013842877,54.07302915896718,1.164236756735061
A_PA1_to_C1,1D,119,1,5.0,0.6,0.6,18.54500242105926,210.64245975846785,-88.89892252982663,28.71,170.5,-51.8,14.211325168968312,211.7215979194254,-89.45092099384138,57.68035678262794,0.0
A_PA1_to_C1,1D,119,2,5.0,0.6,0.6,18.54500242105926,210.64245975846785,-88.89892252982663,28.71,170.5,-51.8,14.789148802580439,211.57771283129773,-89.37732119863941,57.386615669308945,0.09094152115139309
A_PA1_to_C1,1D,119,3,5.0,0.6,0.6,18.54500242105926,210.64245975846785,-88.89892252982663,28.71,170.5,-51.8,15.366972436192563,211.43382774317004,-89.30372140343745,57.09766858097356,0.18039882404160323
A_PA1_to_C1,1D,119,4,5.0,0.6,0.6,18.54500242105926,210.64245975846785,-88.89892252982663,28.71,170.5,-51.8,15.94479606980469,211.28994265504238,-89.23012160823548,56.813588663174734,0.26834926298861106
A_PA1_to_C1,1D,119,5,5.0,0.6,0.6,18.54500242105926,210.64245975846785,-88.89892252982663,28.71,170.5,-51.8,16.522619703416815,211.1460575669147,-89.1565218130335,56.534449287086325,0.35477012245870654
A_PA1_to_C1,1D,119,6,5.0,0.6,0.6,18.54500242105926,210.64245975846785,-88.89892252982663,28.71,170.5,-51.8,17.100443337028942,211.00217247878703,-89.08292201783155,56.260323991245,0.4396386351030799
A_PA1_to_C1,1D,119,7,5.0,0.6,0.6,18.54500242105926,210.64245975846785,-88.89892252982663,28.71,170.5,-51.8,17.67826697064107,210.85828739065937,-89.00932222262958,55.99128642034919,0.5229320007054952
A_PA1_to_C1,1D,119,8,5.0,0.6,0.6,18.54500242105926,210.64245975846785,-88.89892252982663,28.71,170.5,-51.8,18.256090604253195,210.71440230253168,-88.93572242742762,55.72741026112105,0.6046274060392847
A_PA1_to_C1,1D,119,9,5.0,0.6,0.6,18.54500242105926,210.64245975846785,-88.89892252982663,28.71,170.5,-51.8,18.833914237865322,210.57051721440402,-88.86212263222565,55.4687691752487,0.6847020456282493
A_PA1_to_C1,1D,119,10,5.0,0.6,0.6,18.54500242105926,210.64245975846785,-88.89892252982663,28.71,170.5,-51.8,19.41173787147745,210.42663212627633,-88.78852283702369,55.215436729439546,0.7631331434019799
A_PA1_to_C1,1D,119,11,5.0,0.6,0.6,18.54500242105926,210.64245975846785,-88.89892252982663,28.71,170.5,-51.8,19.989561505089576,210.28274703814867,-88.71492304182172,54.96748632262952,0.8398979752317111
A_PA1_to_C1,1D,119,12,5.0,0.6,0.6,18.54500242105926,210.64245975846785,-88.89892252982663,28.71,170.5,-51.8,20.567385138701702,210.138861950021,-88.64132324661976,54.72499111040755,0.9149738923282946
A_PA1_to_C1,1D,119,13,5.0,0.6,0.6,18.54500242105926,210.64245975846785,-88.89892252982663,28.71,170.5,-51.8,21.14520877231383,209.99497686189332,-88.56772345141779,54.48802392673003,0.9883383454792316
A_PA1_to_C1,1D,119,14,5.0,0.6,0.6,18.54500242105926,210.64245975846785,-88.89892252982663,28.71,170.5,-51.8,21.723032405925952,209.85109177376566,-88.49412365621582,54.25665720301635,1.0599689100964689
A_PA1_to_C1,1D,119,15,5.0,0.6,0.6,18.54500242105926,210.64245975846785,-88.89892252982663,28.71,170.5,-51.8,22.30085603953808,209.70720668563797,-88.42052386101386,54.03096288473255,1.129843312041917
A_PA1_to_C1,1D,119,16,5.0,0.6,0.6,18.54500242105926,210.64245975846785,-88.89892252982663,28.71,170.5,-51.8,22.878679673150206,209.5633215975103,-88.34692406581189,53.8110123455884,1.1979394541918076
A_PA1_to_C1,1D,120,1,5.0,0.6,0.6,19.95695951902884,210.28081088695933,-88.71513602499982,30.1,170.26,-51.8,15.640700930655353,211.4168902837305,-89.28892640704204,57.51852354291091,0.0
A_PA1_to_C1,1D,120,2,5.0,0.6,0.6,19.95695951902884,210.28081088695933,-88.71513602499982,30.1,170.26,-51.8,16.216202075771818,211.2654130308277,-89.21242102276975,57.21794289743874,0.09305902336599559
A_PA1_to_C1,1D,120,3,5.0,0.6,0.6,19.95695951902884,210.28081088695933,-88.71513602499982,30.1,170.26,-51.8,16.791703220888284,211.11393577792487,-89.13591563849745,56.922099647436795,0.18465136082789968
A_PA1_to_C1,1D,120,4,5.0,0.6,0.6,19.95695951902884,210.28081088695933,-88.71513602499982,30.1,170.26,-51.8,17.36720436600475,210.96245852502204,-89.05941025422516,56.63106803805565,0.2747540262709762
A_PA1_to_C1,1D,120,5,5.0,0.6,0.6,19.95695951902884,210.28081088695933,-88.71513602499982,30.1,170.26,-51.8,17.94270551112121,210.81098127211922,-88.98290486995286,56.34492262829945,0.3633439364122175
A_PA1_to_C1,1D,120,6,5.0,0.6,0.6,19.95695951902884,210.28081088695933,-88.71513602499982,30.1,170.26,-51.8,18.518206656237677,210.6595040192164,-88.90639948568057,56.063738234684415,0.4503979282434969
A_PA1_to_C1,1D,120,7,5.0,0.6,0.6,19.95695951902884,210.28081088695933,-88.71513602499982,30.1,170.26,-51.8,19.093707801354142,210.50802676631358,-88.82989410140827,55.78758987181091,0.535892777430341
A_PA1_to_C1,1D,120,8,5.0,0.6,0.6,19.95695951902884,210.28081088695933,-88.71513602499982,30.1,170.26,-51.8,19.669208946470608,210.35654951341076,-88.75338871713598,55.51655268983785,0.6198052176696756
A_PA1_to_C1,1D,120,9,5.0,0.6,0.6,19.95695951902884,210.28081088695933,-88.71513602499982,30.1,170.26,-51.8,20.24471009158707,210.2050722605079,-88.67688333286367,55.25070190885997,0.7021119610064801
A_PA1_to_C1,1D,120,10,5.0,0.6,0.6,19.95695951902884,210.28081088695933,-88.71513602499982,30.1,170.26,-51.8,20.820211236703535,210.05359500760508,-88.60037794859137,54.99011275020143,0.7827897191051001
A_PA1_to_C1,1D,120,11,5.0,0.6,0.6,19.95695951902884,210.28081088695933,-88.71513602499982,30.1,170.26,-51.8,21.39571238182,209.90211775470226,-88.52387256431908,54.73486036465271,0.861815225466934
A_PA1_to_C1,1D,120,12,5.0,0.6,0.6,19.95695951902884,210.28081088695933,-88.71513602499982,30.1,170.26,-51.8,21.971213526936467,209.75064050179944,-88.44736718004678,54.485019757692974,0.9391652585814043
A_PA1_to_C1,1D,120,13,5.0,0.6,0.6,19.95695951902884,210.28081088695933,-88.71513602499982,30.1,170.26,-51.8,22.54671467205293,209.59916324889662,-88.37086179577449,54.24066571175503,1.0148166659925337
A_PA1_to_C1,1D,120,14,5.0,0.6,0.6,19.95695951902884,210.28081088695933,-88.71513602499982,30.1,170.26,-51.8,23.122215817169394,209.4476859959938,-88.29435641150219,54.00187270560643,1.088746389258354
A_PA1_to_C1,1D,120,15,5.0,0.6,0.6,19.95695951902884,210.28081088695933,-88.71513602499982,30.1,170.26,-51.8,23.69771696228586,209.29620874309097,-88.2178510272299,53.76871483093756,1.160931489775031
A_PA1_to_C1,1D,120,16,5.0,0.6,0.6,19.95695951902884,210.28081088695933,-88.71513602499982,30.1,170.26,-51.8,24.273218107402325,209.14473149018815,-88.1413456429576,53.54126570626481,1.2313491754322285
A_PA1_to_C1,1D,121,1,5.0,0.6,0.6,21.363122551409962,209.9007043348374,-88.52429015015632,31.49,170.01,-51.8,17.064943069370415,211.0929035819461,-89.11953303786495,57.346619606910394,0.0
A_PA1_to_C1,1D,121,2,5.0,0.6,0.6,21.363122551409962,209.9007043348374,-88.52429015015632,31.49,170.01,-51.8,17.638033666975687,210.9339436823316,-89.04016731950381,57.03925139577594,0.09516043688373088
A_PA1_to_C1,1D,121,3,5.0,0.6,0.6,21.363122551409962,209.9007043348374,-88.52429015015632,31.49,170.01,-51.8,18.211124264580963,210.7749837827171,-88.96080160114266,56.73656333654143,0.18887191033094908
A_PA1_to_C1,1D,121,4,5.0,0.6,0.6,21.363122551409962,209.9007043348374,-88.52429015015632,31.49,170.01,-51.8,18.784214862186236,210.61602388310263,-88.8814358827815,56.43863073013224,0.28111110736165656
A_PA1_to_C1,1D,121,5,5.0,0.6,0.6,21.363122551409962,209.9007043348374,-88.52429015015632,31.49,170.01,-51.8,19.357305459791508,210.45706398348813,-88.80207016442036,56.14552928010453,0.3718545903423731
A_PA1_to_C1,1D,121,6,5.0,0.6,0.6,21.363122551409962,209.9007043348374,-88.52429015015632,31.49,170.01,-51.8,19.93039605739678,210.29810408387362,-88.7227044460592,55.85733503841661,0.4610788137751669
A_PA1_to_C1,1D,121,7,5.0,0.6,0.6,21.363122551409962,209.9007043348374,-88.52429015015632,31.49,170.01,-51.8,20.503486655002053,210.13914418425915,-88.64333872769805,55.57412434798027,0.5487601420836299
A_PA1_to_C1,1D,121,8,5.0,0.6,0.6,21.363122551409962,209.9007043348374,-88.52429015015632,31.49,170.01,-51.8,21.076577252607326,209.98018428464465,-88.56397300933689,55.295973781963745,0.634874868404534
A_PA1_to_C1,1D,121,9,5.0,0.6,0.6,21.363122551409962,209.9007043348374,-88.52429015015632,31.49,170.01,-51.8,21.649667850212598,209.82122438503015,-88.48460729097575,55.02296007982913,0.7193992343904831
A_PA1_to_C1,1D,121,10,5.0,0.6,0.6,21.363122551409962,209.9007043348374,-88.52429015015632,31.49,170.01,-51.8,22.22275844781787,209.66226448541565,-88.40524157261459,54.755160080099465,0.8023094510250566
A_PA1_to_C1,1D,121,11,5.0,0.6,0.6,21.363122551409962,209.9007043348374,-88.52429015015632,31.49,170.01,-51.8,22.795849045423143,209.50330458580117,-88.32587585425344,54.49265064986442,0.883581720447669
A_PA1_to_C1,1D,121,12,5.0,0.6,0.6,21.363122551409962,209.9007043348374,-88.52429015015632,31.49,170.01,-51.8,23.368939643028416,209.34434468618667,-88.24651013589228,54.235508611047585,0.9631922587810564
A_PA1_to_C1,1D,121,13,5.0,0.6,0.6,21.363122551409962,209.9007043348374,-88.52429015015632,31.49,170.01,-51.8,23.942030240633688,209.18538478657217,-88.16714441753113,53.98381066347452,1.041117319949187
A_PA1_to_C1,1D,121,14,5.0,0.6,0.6,21.363122551409962,209.9007043348374,-88.52429015015632,31.49,170.01,-51.8,24.51512083823896,209.0264248869577,-88.08777869916997,53.737633304795956,1.1173332204688649
A_PA1_to_C1,1D,121,15,5.0,0.6,0.6,21.363122551409962,209.9007043348374,-88.52429015015632,31.49,170.01,-51.8,25.088211435844237,208.8674649873432,-88.00841298080883,53.497052747338934,1.1918163651924019
A_PA1_to_C1,1D,121,16,5.0,0.6,0.6,21.363122551409962,209.9007043348374,-88.52429015015632,31.49,170.01,-51.8,25.66130203344951,208.7085050877287,-87.92904726244768,53.26214483197624,1.2645432739734233
A_PA1_to_C1,1D,122,1,5.0,0.6,0.6,22.763287163308185,209.50241116711734,-88.32649553713337,32.87,169.75,-51.8,18.484814360935975,210.7527819381123,-88.94394465601101,57.16497456610587,0.0
A_PA1_to_C1,1D,122,2,5.0,0.6,0.6,22.763287163308185,209.50241116711734,-88.32649553713337,32.87,169.75,-51.8,19.05527740125227,210.58606583531298,-88.86161810682732,56.85063209923596,0.09731964918573155
A_PA1_to_C1,1D,122,3,5.0,0.6,0.6,22.763287163308185,209.50241116711734,-88.32649553713337,32.87,169.75,-51.8,19.625740441568563,210.41934973251364,-88.77929155764363,56.540909287186246,0.19320906468099963
A_PA1_to_C1,1D,122,4,5.0,0.6,0.6,22.763287163308185,209.50241116711734,-88.32649553713337,32.87,169.75,-51.8,20.196203481884858,210.25263362971432,-88.69696500845996,56.23588245916456,0.2876446151521108
A_PA1_to_C1,1D,122,5,5.0,0.6,0.6,22.763287163308185,209.50241116711734,-88.32649553713337,32.87,169.75,-51.8,20.766666522201152,210.08591752691498,-88.61463845927626,55.93562843930617,0.3806025160370581
A_PA1_to_C1,1D,122,6,5.0,0.6,0.6,22.763287163308185,209.50241116711734,-88.32649553713337,32.87,169.75,-51.8,21.337129562517447,209.91920142411567,-88.53231191009259,55.64022449486761,0.472058845584602
A_PA1_to_C1,1D,122,7,5.0,0.6,0.6,22.763287163308185,209.50241116711734,-88.32649553713337,32.87,169.75,-51.8,21.90759260283374,209.75248532131633,-88.4499853609089,55.349748281075414,0.5619895619289359
A_PA1_to_C1,1D,122,8,5.0,0.6,0.6,22.763287163308185,209.50241116711734,-88.32649553713337,32.87,169.75,-51.8,22.478055643150036,209.58576921851702,-88.3676588117252,55.06427778258386,0.6503705212142457
A_PA1_to_C1,1D,122,9,5.0,0.6,0.6,22.763287163308185,209.50241116711734,-88.32649553713337,32.87,169.75,-51.8,23.048518683466334,209.41905311571767,-88.28533226254153,54.7838912515048,0.737177496780518
A_PA1_to_C1,1D,122,10,5.0,0.6,0.6,22.763287163308185,209.50241116711734,-88.32649553713337,32.87,169.75,-51.8,23.61898172378263,209.25233701291836,-88.20300571335784,54.50866714198625,0.8223861994178385
A_PA1_to_C1,1D,122,11,5.0,0.6,0.6,22.763287163308185,209.50241116711734,-88.32649553713337,32.87,169.75,-51.8,24.189444764098923,209.08562091011902,-88.12067916417415,54.238684041327886,0.9059722986928769
A_PA1_to_C1,1D,122,12,5.0,0.6,0.6,22.763287163308185,209.50241116711734,-88.32649553713337,32.87,169.75,-51.8,24.759907804415217,208.9189048073197,-88.03835261499047,53.97402059763702,0.9879114453463949
A_PA1_to_C1,1D,122,13,5.0,0.6,0.6,22.763287163308185,209.50241116711734,-88.32649553713337,32.87,169.75,-51.8,25.33037084473151,208.75218870452036,-87.95602606580678,53.714755444042474,1.0681792947564723
A_PA1_to_C1,1D,122,14,5.0,0.6,0.6,22.763287163308185,209.50241116711734,-88.32649553713337,32.87,169.75,-51.8,25.900833885047806,208.58547260172105,-87.8736995166231,53.460967119501674,1.1467515314564096
A_PA1_to_C1,1D,122,15,5.0,0.6,0.6,22.763287163308185,209.50241116711734,-88.32649553713337,32.87,169.75,-51.8,26.4712969253641,208.4187564989217,-87.79137296743941,53.21273398625167,1.2236038946917027
A_PA1_to_C1,1D,122,16,5.0,0.6,0.6,22.763287163308185,209.50241116711734,-88.32649553713337,32.87,169.75,-51.8,27.041759965680395,208.2520403961224,-87.70904641825572,52.97013414397524,1.298712204994004
A_PA1_to_C1,1D,123,1,5.0,0.6,0.6,24.156579100669095,209.08432508444193,-88.12115160875746,34.25,169.47,-51.8,19.898721269123445,210.39262387270122,-88.76068344298044,56.97993038263643,0.0
A_PA1_to_C1,1D,123,2,5.0,0.6,0.6,24.156579100669095,209.08432508444193,-88.12115160875746,34.25,169.47,-51.8,20.466435646662866,210.21818403426667,-88.67541253175071,56.65860215148136,0.09948242450621336
A_PA1_to_C1,1D,123,3,5.0,0.6,0.6,24.156579100669095,209.08432508444193,-88.12115160875746,34.25,169.47,-51.8,21.034150024202283,210.0437441958321,-88.59014162052098,56.34183107700353,0.19755396459223107
A_PA1_to_C1,1D,123,4,5.0,0.6,0.6,24.156579100669095,209.08432508444193,-88.12115160875746,34.25,169.47,-51.8,21.601864401741704,209.8693043573975,-88.50487070929125,56.02969445266817,0.29419069039265366
A_PA1_to_C1,1D,123,5,5.0,0.6,0.6,24.156579100669095,209.08432508444193,-88.12115160875746,34.25,169.47,-51.8,22.169578779281125,209.69486451896293,-88.41959979806151,55.72227016022503,0.38936848991065176
A_PA1_to_C1,1D,123,6,5.0,0.6,0.6,24.156579100669095,209.08432508444193,-88.12115160875746,34.25,169.47,-51.8,22.737293156820545,209.52042468052835,-88.33432888683178,55.41963662059557,0.4830630842231791
A_PA1_to_C1,1D,123,7,5.0,0.6,0.6,24.156579100669095,209.08432508444193,-88.12115160875746,34.25,169.47,-51.8,23.305007534359966,209.3459848420938,-88.24905797560206,55.1218727413049,0.5752500437558936
A_PA1_to_C1,1D,123,8,5.0,0.6,0.6,24.156579100669095,209.08432508444193,-88.12115160875746,34.25,169.47,-51.8,23.872721911899387,209.17154500365922,-88.16378706437233,54.82905786039337,0.6659048056480081
A_PA1_to_C1,1D,123,9,5.0,0.6,0.6,24.156579100669095,209.08432508444193,-88.12115160875746,34.25,169.47,-51.8,24.440436289438804,208.99710516522464,-88.07851615314259,54.54127168675218,0.7550026922242274
A_PA1_to_C1,1D,123,10,5.0,0.6,0.6,24.156579100669095,209.08432508444193,-88.12115160875746,34.25,169.47,-51.8,25.008150666978224,208.82266532679006,-87.99324524191286,54.25859423683835,0.8425189305876444
A_PA1_to_C1,1D,123,11,5.0,0.6,0.6,24.156579100669095,209.08432508444193,-88.12115160875746,34.25,169.47,-51.8,25.575865044517645,208.6482254883555,-87.90797433068313,53.98110576773713,0.9284286733434399
A_PA1_to_C1,1D,123,12,5.0,0.6,0.6,24.156579100669095,209.08432508444193,-88.12115160875746,34.25,169.47,-51.8,26.143579422057066,208.47378564992093,-87.8227034194534,53.70888670655327,1.0127070204591817
A_PA1_to_C1,1D,123,13,5.0,0.6,0.6,24.156579100669095,209.08432508444193,-88.12115160875746,34.25,169.47,-51.8,26.711293799596486,208.29934581148635,-87.73743250822366,53.44201757612755,1.095329042262815
A_PA1_to_C1,1D,123,14,5.0,0.6,0.6,24.156579100669095,209.08432508444193,-88.12115160875746,34.25,169.47,-51.8,27.279008177135907,208.12490597305177,-87.65216159699393,53.180578917090386,1.1762698035746268
A_PA1_to_C1,1D,123,15,5.0,0.6,0.6,24.156579100669095,209.08432508444193,-88.12115160875746,34.25,169.47,-51.8,27.846722554675324,207.9504661346172,-87.5668906857642,52.92465120628222,1.2555043889641517
A_PA1_to_C1,1D,123,16,5.0,0.6,0.6,24.156579100669095,209.08432508444193,-88.12115160875746,34.25,169.47,-51.8,28.414436932214745,207.77602629618264,-87.48161977453448,52.674314771588485,1.333007929117013
A_PA1_to_C1,1D,124,1,5.0,0.6,0.6,25.543293466436644,208.64820724072277,-87.90893755362836,35.63,169.19,-51.8,21.30556047314105,210.01051788206735,-88.56903511763936,56.77557742023427,0.0
A_PA1_to_C1,1D,124,2,5.0,0.6,0.6,25.543293466436644,208.64820724072277,-87.90893755362836,35.63,169.19,-51.8,21.870591538913796,209.8288764632214,-88.48102210910456,56.44764817386637,0.10152608246684025
A_PA1_to_C1,1D,124,3,5.0,0.6,0.6,25.543293466436644,208.64820724072277,-87.90893755362836,35.63,169.19,-51.8,22.435622604686543,209.64723504437546,-88.39300910056976,56.12421738715099,0.20165945296695753
A_PA1_to_C1,1D,124,4,5.0,0.6,0.6,25.543293466436644,208.64820724072277,-87.90893755362836,35.63,169.19,-51.8,23.00065367045929,209.46559362552952,-88.30499609203495,55.805363275224416,0.3003758962878784
A_PA1_to_C1,1D,124,5,5.0,0.6,0.6,25.543293466436644,208.64820724072277,-87.90893755362836,35.63,169.19,-51.8,23.565684736232033,209.28395220668358,-88.21698308350017,55.49116473132772,0.39765098727756865
A_PA1_to_C1,1D,124,6,5.0,0.6,0.6,25.543293466436644,208.64820724072277,-87.90893755362836,35.63,169.19,-51.8,24.13071580200478,209.10231078783764,-88.12897007496537,55.18170128039668,0.49346010521287553
A_PA1_to_C1,1D,124,7,5.0,0.6,0.6,25.543293466436644,208.64820724072277,-87.90893755362836,35.63,169.19,-51.8,24.695746867777526,208.9206693689917,-88.04095706643056,54.87705302909875,0.5877784492679616
A_PA1_to_C1,1D,124,8,5.0,0.6,0.6,25.543293466436644,208.64820724072277,-87.90893755362836,35.63,169.19,-51.8,25.260777933550273,208.73902795014575,-87.95294405789576,54.577300612233465,0.6805810551086076
A_PA1_to_C1,1D,124,9,5.0,0.6,0.6,25.543293466436644,208.64820724072277,-87.90893755362836,35.63,169.19,-51.8,25.825808999323016,208.55738653129978,-87.86493104936096,54.282525135421615,0.7718428126354979
A_PA1_to_C1,1D,124,10,5.0,0.6,0.6,25.543293466436644,208.64820724072277,-87.90893755362836,35.63,169.19,-51.8,26.390840065095762,208.37574511245384,-87.77691804082616,53.99280811401888,0.8615384848964069
A_PA1_to_C1,1D,124,11,5.0,0.6,0.6,25.543293466436644,208.64820724072277,-87.90893755362836,35.63,169.19,-51.8,26.95587113086851,208.1941036936079,-87.68890503229136,53.708231408200795,0.9496427281837363
A_PA1_to_C1,1D,124,12,5.0,0.6,0.6,25.543293466436644,208.64820724072277,-87.90893755362836,35.63,169.19,-51.8,27.520902196641256,208.01246227476196,-87.60089202375656,53.42887715417974,1.0361301133295768
A_PA1_to_C1,1D,124,13,5.0,0.6,0.6,25.543293466436644,208.64820724072277,-87.90893755362836,35.63,169.19,-51.8,28.085933262414,207.83082085591602,-87.51287901522177,53.15482769152783,1.1209751482063268
A_PA1_to_C1,1D,124,14,5.0,0.6,0.6,25.543293466436644,208.64820724072277,-87.90893755362836,35.63,169.19,-51.8,28.650964328186745,207.64917943707007,-87.42486600668697,52.8861654865958,1.2041523014360571
A_PA1_to_C1,1D,124,15,5.0,0.6,0.6,25.543293466436644,208.64820724072277,-87.90893755362836,35.63,169.19,-51.8,29.215995393959492,207.46753801822413,-87.33685299815217,52.62297305203479,1.2856360273063423
A_PA1_to_C1,1D,124,16,5.0,0.6,0.6,25.543293466436644,208.64820724072277,-87.90893755362836,35.63,169.19,-51.8,29.78102645973224,207.2858965993782,-87.24883998961737,52.36533286244596,1.3654007918849231
A_PA1_to_C1,1D,125,1,5.0,0.6,0.6,26.92344255045924,208.19485717158383,-87.69016649807516,37.0,168.89,-51.8,22.706053270868207,209.60950534060785,-88.37016519091775,56.566527296361954,0.0
A_PA1_to_C1,1D,125,2,5.0,0.6,0.6,26.92344255045924,208.19485717158383,-87.69016649807516,37.0,168.89,-51.8,23.268371841480345,209.420885584738,-88.27949869853873,56.232233847355396,0.1034964238410403
A_PA1_to_C1,1D,125,3,5.0,0.6,0.6,26.92344255045924,208.19485717158383,-87.69016649807516,37.0,168.89,-51.8,23.830690412092483,209.23226582886812,-88.18883220615972,55.90238131383368,0.20561795124714166
A_PA1_to_C1,1D,125,4,5.0,0.6,0.6,26.92344255045924,208.19485717158383,-87.69016649807516,37.0,168.89,-51.8,24.39300898270462,209.04364607299826,-88.0981657137807,55.57704876701228,0.30634010196584427
A_PA1_to_C1,1D,125,5,5.0,0.6,0.6,26.92344255045924,208.19485717158383,-87.69016649807516,37.0,168.89,-51.8,24.955327553316756,208.85502631712836,-88.0074992214017,55.25631604390994,0.405638158653872
A_PA1_to_C1,1D,125,6,5.0,0.6,0.6,26.92344255045924,208.19485717158383,-87.69016649807516,37.0,168.89,-51.8,25.517646123928895,208.6664065612585,-87.91683272902269,54.940263703754276,0.5034871803738952
A_PA1_to_C1,1D,125,7,5.0,0.6,0.6,26.92344255045924,208.19485717158383,-87.69016649807516,37.0,168.89,-51.8,26.079964694541033,208.47778680538863,-87.82616623664367,54.62897298075133,0.5998620172169105
A_PA1_to_C1,1D,125,8,5.0,0.6,0.6,26.92344255045924,208.19485717158383,-87.69016649807516,37.0,168.89,-51.8,26.64228326515317,208.28916704951877,-87.73549974426466,54.322525733117914,0.6947373260817464
A_PA1_to_C1,1D,125,9,5.0,0.6,0.6,26.92344255045924,208.19485717158383,-87.69016649807516,37.0,168.89,-51.8,27.204601835765306,208.1005472936489,-87.64483325188566,54.0210043882827,0.7880875876406357
A_PA1_to_C1,1D,125,10,5.0,0.6,0.6,26.92344255045924,208.19485717158383,-87.69016649807516,37.0,168.89,-51.8,27.766920406377444,207.91192753777904,-87.55416675950664,53.724491884171954,0.8798871245170261
A_PA1_to_C1,1D,125,11,5.0,0.6,0.6,26.92344255045924,208.19485717158383,-87.69016649807516,37.0,168.89,-51.8,28.329238976989583,207.72330778190917,-87.46350026712763,53.43307160650656,0.9701101206982656
A_PA1_to_C1,1D,125,12,5.0,0.6,0.6,26.92344255045924,208.19485717158383,-87.69016649807516,37.0,168.89,-51.8,28.89155754760172,207.5346880260393,-87.37283377474861,53.14682732204865,1.05873064220226
A_PA1_to_C1,1D,125,13,5.0,0.6,0.6,26.92344255045924,208.19485717158383,-87.69016649807516,37.0,168.89,-51.8,29.453876118213856,207.3460682701694,-87.28216728236961,52.865843107750166,1.145722659012936
A_PA1_to_C1,1D,125,14,5.0,0.6,0.6,26.92344255045924,208.19485717158383,-87.69016649807516,37.0,168.89,-51.8,30.016194688825994,207.15744851429955,-87.1915007899906,52.590203275770435,1.231060068294589
A_PA1_to_C1,1D,125,15,5.0,0.6,0.6,26.92344255045924,208.19485717158383,-87.69016649807516,37.0,168.89,-51.8,30.578513259438132,206.96882875842968,-87.10083429761158,52.319992294346285,1.314716718890299
A_PA1_to_C1,1D,125,16,5.0,0.6,0.6,26.92344255045924,208.19485717158383,-87.69016649807516,37.0,168.89,-51.8,31.14083183005027,206.78020900255981,-87.01016780523257,52.055294704516406,1.3966664371038853
A_PA1_to_C1,1D,126,1,5.0,0.6,0.6,28.296872416348656,207.72456819260202,-87.46495907252391,38.38,168.59,-51.8,24.100294071541622,209.19064707057768,-88.1644895718235,56.34446419811016,0.0
A_PA1_to_C1,1D,126,2,5.0,0.6,0.6,28.296872416348656,207.72456819260202,-87.46495907252391,38.38,168.59,-51.8,24.65983785084923,208.99516988684758,-88.07121883858355,56.003767007411405,0.10547900640828445
A_PA1_to_C1,1D,126,3,5.0,0.6,0.6,28.296872416348656,207.72456819260202,-87.46495907252391,38.38,168.59,-51.8,25.219381630156832,208.7996927031175,-87.9779481053436,55.66745182122789,0.2096013550719107
A_PA1_to_C1,1D,126,4,5.0,0.6,0.6,28.296872416348656,207.72456819260202,-87.46495907252391,38.38,168.59,-51.8,25.778925409464435,208.60421551938742,-87.88467737210367,55.33559853762347,0.3123423097482032
A_PA1_to_C1,1D,126,5,5.0,0.6,0.6,28.296872416348656,207.72456819260202,-87.46495907252391,38.38,168.59,-51.8,26.33846918877204,208.40873833565732,-87.79140663886372,55.00828790978085,0.4136768694518018
A_PA1_to_C1,1D,126,6,5.0,0.6,0.6,28.296872416348656,207.72456819260202,-87.46495907252391,38.38,168.59,-51.8,26.898012968079644,208.21326115192724,-87.69813590562377,54.68560150545707,0.5135797810071487
A_PA1_to_C1,1D,126,7,5.0,0.6,0.6,28.296872416348656,207.72456819260202,-87.46495907252391,38.38,168.59,-51.8,27.457556747387247,208.01778396819716,-87.60486517238382,54.367621662731906,0.6120255527486869
A_PA1_to_C1,1D,126,8,5.0,0.6,0.6,28.296872416348656,207.72456819260202,-87.46495907252391,38.38,168.59,-51.8,28.017100526694854,207.82230678446706,-87.51159443914388,54.05443144192954,0.7089884694057673
A_PA1_to_C1,1D,126,9,5.0,0.6,0.6,28.296872416348656,207.72456819260202,-87.46495907252391,38.38,168.59,-51.8,28.576644306002457,207.62682960073698,-87.41832370590394,53.74611457360028,0.8044426082073954
A_PA1_to_C1,1D,126,10,5.0,0.6,0.6,28.296872416348656,207.72456819260202,-87.46495907252391,38.38,168.59,-51.8,29.136188085310064,207.43135241700688,-87.325052972664,53.442755402457244,0.8983618562392941
A_PA1_to_C1,1D,126,11,5.0,0.6,0.6,28.296872416348656,207.72456819260202,-87.46495907252391,38.38,168.59,-51.8,29.695731864617667,207.2358752332768,-87.23178223942405,53.14443882717344,0.9907199290825766
A_PA1_to_C1,1D,126,12,5.0,0.6,0.6,28.296872416348656,207.72456819260202,-87.46495907252391,38.38,168.59,-51.8,30.25527564392527,207.04039804954672,-87.1385115061841,52.85125023595455,1.0814903907602513
A_PA1_to_C1,1D,126,13,5.0,0.6,0.6,28.296872416348656,207.72456819260202,-87.46495907252391,38.38,168.59,-51.8,30.814819423232876,206.84492086581662,-87.04524077294415,52.56327543781676,1.1706466750134368
A_PA1_to_C1,1D,126,14,5.0,0.6,0.6,28.296872416348656,207.72456819260202,-87.46495907252391,38.38,168.59,-51.8,31.37436320254048,206.64944368208654,-86.95197003970422,52.28060058951216,1.2581621079250773
A_PA1_to_C1,1D,126,15,5.0,0.6,0.6,28.296872416348656,207.72456819260202,-87.46495907252391,38.38,168.59,-51.8,31.933906981848082,206.45396649835646,-86.85869930646427,52.003312118060386,1.3440099319039547
A_PA1_to_C1,1D,126,16,5.0,0.6,0.6,28.296872416348656,207.72456819260202,-87.46495907252391,38.38,168.59,-51.8,32.493450761155685,206.25848931462636,-86.76542857322433,51.73149663886316,1.4281633310362238
A_PA1_to_C1,1D,127,1,5.0,0.6,0.6,29.663439688942976,207.23763640733537,-87.2334345109946,39.75,168.27,-51.8,25.488103823785956,208.7542291864334,-87.952125512414,56.11907585149732,0.0
A_PA1_to_C1,1D,127,2,5.0,0.6,0.6,29.663439688942976,207.23763640733537,-87.2334345109946,39.75,168.27,-51.8,26.04481527247356,208.552016815887,-87.85630004555807,55.77212332470709,0.10741564296911221
A_PA1_to_C1,1D,127,3,5.0,0.6,0.6,29.663439688942976,207.23763640733537,-87.2334345109946,39.75,168.27,-51.8,26.60152672116116,208.3498044453406,-87.76047457870216,55.42949400695054,0.2134928311290345
A_PA1_to_C1,1D,127,4,5.0,0.6,0.6,29.663439688942976,207.23763640733537,-87.2334345109946,39.75,168.27,-51.8,27.158238169848765,208.14759207479418,-87.66464911184624,55.09126856033353,0.31820659169157395
A_PA1_to_C1,1D,127,5,5.0,0.6,0.6,29.663439688942976,207.23763640733537,-87.2334345109946,39.75,168.27,-51.8,27.714949618536366,207.94537970424778,-87.56882364499032,54.75752859020413,0.42153165984309027
A_PA1_to_C1,1D,127,6,5.0,0.6,0.6,29.663439688942976,207.23763640733537,-87.2334345109946,39.75,168.27,-51.8,28.27166106722397,207.7431673337014,-87.4729981781344,54.42835660781292,0.5234424903047667
A_PA1_to_C1,1D,127,7,5.0,0.6,0.6,29.663439688942976,207.23763640733537,-87.2334345109946,39.75,168.27,-51.8,28.82837251591157,207.54095496315497,-87.37717271127848,54.10383598921133,0.6239132700575816
A_PA1_to_C1,1D,127,8,5.0,0.6,0.6,29.663439688942976,207.23763640733537,-87.2334345109946,39.75,168.27,-51.8,29.385083964599175,207.33874259260858,-87.28134724442256,53.78405093024984,0.7229179322747612
A_PA1_to_C1,1D,127,9,5.0,0.6,0.6,29.663439688942976,207.23763640733537,-87.2334345109946,39.75,168.27,-51.8,29.941795413286776,207.13653022206216,-87.18552177756663,53.469086397543165,0.820430171502835
A_PA1_to_C1,1D,127,10,5.0,0.6,0.6,29.663439688942976,207.23763640733537,-87.2334345109946,39.75,168.27,-51.8,30.49850686197438,206.93431785151577,-87.08969631071072,53.159028075277725,0.9164234601299057
A_PA1_to_C1,1D,127,11,5.0,0.6,0.6,29.663439688942976,207.23763640733537,-87.2334345109946,39.75,168.27,-51.8,31.05521831066198,206.73210548096935,-86.9938708438548,52.8539623077437,1.0108710661775895
A_PA1_to_C1,1D,127,12,5.0,0.6,0.6,29.663439688942976,207.23763640733537,-87.2334345109946,39.75,168.27,-51.8,31.611929759349586,206.52989311042296,-86.89804537699888,52.553976037485704,1.1037460724494146
A_PA1_to_C1,1D,127,13,5.0,0.6,0.6,29.663439688942976,207.23763640733537,-87.2334345109946,39.75,168.27,-51.8,32.16864120803719,206.32768073987657,-86.80221991014295,52.25915673897591,1.195021397065453
A_PA1_to_C1,1D,127,14,5.0,0.6,0.6,29.663439688942976,207.23763640733537,-87.2334345109946,39.75,168.27,-51.8,32.72535265672479,206.12546836933015,-86.70639444328704,51.96959234772848,1.2846698154083107
A_PA1_to_C1,1D,127,15,5.0,0.6,0.6,29.663439688942976,207.23763640733537,-87.2334345109946,39.75,168.27,-51.8,33.282064105412395,205.92325599878376,-86.61056897643113,51.68537118478795,1.3726639835013543
A_PA1_to_C1,1D,127,16,5.0,0.6,0.6,29.663439688942976,207.23763640733537,-87.2334345109946,39.75,168.27,-51.8,33.838775554099996,205.72104362823734,-86.5147435095752,51.4065818765412,1.4589764628347108
A_PA1_to_C1,1D,128,1,5.0,0.6,0.6,31.023012683729167,206.73436170913817,-86.99571479085466,41.12,167.94,-51.8,26.870457521336338,208.30311194730308,-87.73416473062187,55.88823187227548,0.0
A_PA1_to_C1,1D,128,2,5.0,0.6,0.6,31.023012683729167,206.73436170913817,-86.99571479085466,41.12,167.94,-51.8,27.424131542988714,208.09394524888108,-87.6357047386529,55.53479869377224,0.10942203668831141
A_PA1_to_C1,1D,128,3,5.0,0.6,0.6,31.023012683729167,206.73436170913817,-86.99571479085466,41.12,167.94,-51.8,27.97780556464109,207.88477855045912,-87.53724474668395,55.18562557502078,0.2175251694287006
A_PA1_to_C1,1D,128,4,5.0,0.6,0.6,31.023012683729167,206.73436170913817,-86.99571479085466,41.12,167.94,-51.8,28.53147958629347,207.67561185203712,-87.43878475471499,54.84079388789849,0.3242842056894695
A_PA1_to_C1,1D,128,5,5.0,0.6,0.6,31.023012683729167,206.73436170913817,-86.99571479085466,41.12,167.94,-51.8,29.08515360794585,207.46644515361513,-87.34032476274602,54.50038603903226,0.42967363258304303
A_PA1_to_C1,1D,128,6,5.0,0.6,0.6,31.023012683729167,206.73436170913817,-86.99571479085466,41.12,167.94,-51.8,29.638827629598225,207.25727845519313,-87.24186477077707,54.16448543605044,0.5336676273142551
A_PA1_to_C1,1D,128,7,5.0,0.6,0.6,31.023012683729167,206.73436170913817,-86.99571479085466,41.12,167.94,-51.8,30.192501651250602,207.04811175677116,-87.1434047788081,53.83317645003589,0.6362400688048275
A_PA1_to_C1,1D,128,8,5.0,0.6,0.6,31.023012683729167,206.73436170913817,-86.99571479085466,41.12,167.94,-51.8,30.74617567290298,206.83894505834917,-87.04494478683914,53.50654437402285,0.7373645505426119
A_PA1_to_C1,1D,128,9,5.0,0.6,0.6,31.023012683729167,206.73436170913817,-86.99571479085466,41.12,167.94,-51.8,31.299849694555355,206.62977835992717,-86.94648479487019,53.18467537738531,0.837014394702841
A_PA1_to_C1,1D,128,10,5.0,0.6,0.6,31.023012683729167,206.73436170913817,-86.99571479085466,41.12,167.94,-51.8,31.853523716207732,206.42061166150518,-86.84802480290122,52.86765645596967,0.9351626675869369
A_PA1_to_C1,1D,128,11,5.0,0.6,0.6,31.023012683729167,206.73436170913817,-86.99571479085466,41.12,167.94,-51.8,32.40719773786011,206.2114449630832,-86.74956481093226,52.55557537783229,1.0317821964220393
A_PA1_to_C1,1D,128,12,5.0,0.6,0.6,31.023012683729167,206.73436170913817,-86.99571479085466,41.12,167.94,-51.8,32.960871759512486,206.00227826466121,-86.6511048189633,52.24852062445012,1.1268455875620305
A_PA1_to_C1,1D,128,13,5.0,0.6,0.6,31.023012683729167,206.73436170913817,-86.99571479085466,41.12,167.94,-51.8,33.51454578116486,205.79311156623922,-86.55264482699434,51.94658132728435,1.2203252461272847
A_PA1_to_C1,1D,128,14,5.0,0.6,0.6,31.023012683729167,206.73436170913817,-86.99571479085466,41.12,167.94,-51.8,34.06821980281724,205.58394486781722,-86.45418483502537,51.649847199587576,1.3121933971169994
A_PA1_to_C1,1D,128,15,5.0,0.6,0.6,31.023012683729167,206.73436170913817,-86.99571479085466,41.12,167.94,-51.8,34.621893824469616,205.37477816939526,-86.35572484305642,51.35840846335997,1.4024221080233783
A_PA1_to_C1,1D,128,16,5.0,0.6,0.6,31.023012683729167,206.73436170913817,-86.99571479085466,41.12,167.94,-51.8,35.17556784612199,205.16561147097326,-86.25726485108746,51.07235577137501,1.4909833129722827
A_PA1_to_C1,1D,129,1,5.0,0.6,0.6,32.37470356525212,206.2133764793259,-86.75128976688967,42.48,167.6,-51.8,28.245404250571774,207.8334202835829,-87.50914545372514,55.646157934760964,0.0
A_PA1_to_C1,1D,129,2,5.0,0.6,0.6,32.37470356525212,206.2133764793259,-86.75128976688967,42.48,167.6,-51.8,28.795977492529154,207.6174144430153,-87.40809802881375,55.28636880749746,0.11138982268219877
A_PA1_to_C1,1D,129,3,5.0,0.6,0.6,32.37470356525212,206.2133764793259,-86.75128976688967,42.48,167.6,-51.8,29.34655073448653,207.4014086024477,-87.30705060390235,54.930776973723006,0.22148017369596218
A_PA1_to_C1,1D,129,4,5.0,0.6,0.6,32.37470356525212,206.2133764793259,-86.75128976688967,42.48,167.6,-51.8,29.89712397644391,207.1854027618801,-87.20600317899095,54.57946447112839,0.3302456543754104
A_PA1_to_C1,1D,129,5,5.0,0.6,0.6,32.37470356525212,206.2133764793259,-86.75128976688967,42.48,167.6,-51.8,30.44769721840129,206.9693969213125,-87.10495575407955,54.23251446294403,0.4376605175903805
A_PA1_to_C1,1D,129,6,5.0,0.6,0.6,32.37470356525212,206.2133764793259,-86.75128976688967,42.48,167.6,-51.8,30.998270460358672,206.7533910807449,-87.00390832916815,53.89001120793817,0.5436986770349215
A_PA1_to_C1,1D,129,7,5.0,0.6,0.6,32.37470356525212,206.2133764793259,-86.75128976688967,42.48,167.6,-51.8,31.54884370231605,206.5373852401773,-86.90286090425677,53.55204002659441,0.6483337176986232
A_PA1_to_C1,1D,129,8,5.0,0.6,0.6,32.37470356525212,206.2133764793259,-86.75128976688967,42.48,167.6,-51.8,32.09941694427343,206.3213793996097,-86.80181347934537,53.21868726329352,0.7515389075750605
A_PA1_to_C1,1D,129,9,5.0,0.6,0.6,32.37470356525212,206.2133764793259,-86.75128976688967,42.48,167.6,-51.8,32.64999018623081,206.10537355904208,-86.70076605443397,52.890040244326784,0.8532872106607385
A_PA1_to_C1,1D,129,10,5.0,0.6,0.6,32.37470356525212,206.2133764793259,-86.75128976688967,42.48,167.6,-51.8,33.20056342818819,205.8893677184745,-86.59971862952257,52.56618723157288,0.9535513012966206
A_PA1_to_C1,1D,129,11,5.0,0.6,0.6,32.37470356525212,206.2133764793259,-86.75128976688967,42.48,167.6,-51.8,33.75113667014557,205.67336187790687,-86.49867120461118,52.24721737167486,1.0523035799028193
A_PA1_to_C1,1D,129,12,5.0,0.6,0.6,32.37470356525212,206.2133764793259,-86.75128976688967,42.48,167.6,-51.8,34.30170991210295,205.45735603733928,-86.39762377969979,51.93322064056217,1.1495161901544257
A_PA1_to_C1,1D,129,13,5.0,0.6,0.6,32.37470356525212,206.2133764793259,-86.75128976688967,42.48,167.6,-51.8,34.85228315406032,205.24135019677166,-86.29657635478839,51.62428778317023,1.2451610376441895
A_PA1_to_C1,1D,129,14,5.0,0.6,0.6,32.37470356525212,206.2133764793259,-86.75128976688967,42.48,167.6,-51.8,35.402856396017704,205.02534435620407,-86.19552892987699,51.32051024822189,1.3392098100740153
A_PA1_to_C1,1D,129,15,5.0,0.6,0.6,32.37470356525212,206.2133764793259,-86.75128976688967,42.48,167.6,-51.8,35.953429637975084,204.80933851563648,-86.09448150496559,51.021980117946406,1.4316339990137958
A_PA1_to_C1,1D,129,16,5.0,0.6,0.6,32.37470356525212,206.2133764793259,-86.75128976688967,42.48,167.6,-51.8,36.504002879932465,204.59333267506887,-85.9934340800542,50.72879003262729,1.5224049232612007
A_PA1_to_C1,1D,130,1,5.0,0.6,0.6,33.719101063085496,205.67660809481978,-86.50089817554122,43.84,167.25,-51.8,29.6121755851249,207.34430258211898,-87.27675783779333,55.394805115718746,0.0
A_PA1_to_C1,1D,130,2,5.0,0.6,0.6,33.719101063085496,205.67660809481978,-86.50089817554122,43.84,167.25,-51.8,30.15976564885298,207.12194331714576,-87.17330988282637,55.029008058063795,0.11324986305106677
A_PA1_to_C1,1D,130,3,5.0,0.6,0.6,33.719101063085496,205.67660809481978,-86.50089817554122,43.84,167.25,-51.8,30.70735571258106,206.89958405217254,-87.06986192785942,54.66734877328916,0.22521868186674254
A_PA1_to_C1,1D,130,4,5.0,0.6,0.6,33.719101063085496,205.67660809481978,-86.50089817554122,43.84,167.25,-51.8,31.25494577630914,206.67722478719932,-86.96641397289248,54.309909923939585,0.33588086432791187
A_PA1_to_C1,1D,130,5,5.0,0.6,0.6,33.719101063085496,205.67660809481978,-86.50089817554122,43.84,167.25,-51.8,31.802535840037216,206.45486552222607,-86.86296601792553,53.95677538541772,0.445210442817654
A_PA1_to_C1,1D,130,6,5.0,0.6,0.6,33.719101063085496,205.67660809481978,-86.50089817554122,43.84,167.25,-51.8,32.350125903765296,206.23250625725285,-86.75951806295859,53.608030219719986,0.5531810823525554
A_PA1_to_C1,1D,130,7,5.0,0.6,0.6,33.719101063085496,205.67660809481978,-86.50089817554122,43.84,167.25,-51.8,32.897715967493376,206.01014699227963,-86.65607010799164,53.26376064534311,0.659766089899577
A_PA1_to_C1,1D,130,8,5.0,0.6,0.6,33.719101063085496,205.67660809481978,-86.50089817554122,43.84,167.25,-51.8,33.445306031221456,205.7877877273064,-86.5526221530247,52.92405400316942,0.7649384249378706
A_PA1_to_C1,1D,130,9,5.0,0.6,0.6,33.719101063085496,205.67660809481978,-86.50089817554122,43.84,167.25,-51.8,33.992896094949536,205.56542846233316,-86.44917419805775,52.588998718138576,0.8686707113251302
A_PA1_to_C1,1D,130,10,5.0,0.6,0.6,33.719101063085496,205.67660809481978,-86.50089817554122,43.84,167.25,-51.8,34.540486158677616,205.34306919735994,-86.34572624309081,52.258684256517334,0.9709352505267503
A_PA1_to_C1,1D,130,11,5.0,0.6,0.6,33.719101063085496,205.67660809481978,-86.50089817554122,43.84,167.25,-51.8,35.0880762224057,205.12070993238672,-86.24227828812386,51.93320107858135,1.071704036265448
A_PA1_to_C1,1D,130,12,5.0,0.6,0.6,33.719101063085496,205.67660809481978,-86.50089817554122,43.84,167.25,-51.8,35.63566628613378,204.8983506674135,-86.13883033315692,51.6126405865303,1.1709487706465769
A_PA1_to_C1,1D,130,13,5.0,0.6,0.6,33.719101063085496,205.67660809481978,-86.50089817554122,43.84,167.25,-51.8,36.18325634986186,204.67599140244025,-86.03538237818996,51.297095067463054,1.2686408818129067
A_PA1_to_C1,1D,130,14,5.0,0.6,0.6,33.719101063085496,205.67660809481978,-86.50089817554122,43.84,167.25,-51.8,36.73084641358994,204.45363213746703,-85.93193442322303,50.98665763125029,1.3647515431790875
A_PA1_to_C1,1D,130,15,5.0,0.6,0.6,33.719101063085496,205.67660809481978,-86.50089817554122,43.84,167.25,-51.8,37.27843647731802,204.2312728724938,-85.82848646825607,50.681422143151465,1.4592516942932754
A_PA1_to_C1,1D,130,16,5.0,0.6,0.6,33.719101063085496,205.67660809481978,-86.50089817554122,43.84,167.25,-51.8,37.82602654104609,204.00891360752058,-85.72503851328912,50.381483151037884,1.5521120633686873
A_PA1_to_C1,1D,131,1,5.0,0.6,0.6,35.05617762104751,205.12451340531013,-86.24471920298933,45.2,166.89,-51.8,30.971803973306955,206.8386914979474,-87.03812034513933,55.136781190333394,0.0
A_PA1_to_C1,1D,131,2,5.0,0.6,0.6,35.05617762104751,205.12451340531013,-86.24471920298933,45.2,166.89,-51.8,31.51638712633903,206.6101344189291,-86.932333526186,54.76505453780897,0.11508565093635426
A_PA1_to_C1,1D,131,3,5.0,0.6,0.6,35.05617762104751,205.12451340531013,-86.24471920298933,45.2,166.89,-51.8,32.060970279371105,206.3815773399108,-86.82654670723267,54.397405793178024,0.22890879168896916
A_PA1_to_C1,1D,131,4,5.0,0.6,0.6,35.05617762104751,205.12451340531013,-86.24471920298933,45.2,166.89,-51.8,32.60555343240318,206.1530202608925,-86.72075988827933,54.033918195205565,0.3414436517423596
A_PA1_to_C1,1D,131,5,5.0,0.6,0.6,35.05617762104751,205.12451340531013,-86.24471920298933,45.2,166.89,-51.8,33.15013658543525,205.9244631818742,-86.614973069326,53.674676282439314,0.4526640581715391
A_PA1_to_C1,1D,131,6,5.0,0.6,0.6,35.05617762104751,205.12451340531013,-86.24471920298933,45.2,166.89,-51.8,33.69471973846733,205.69590610285587,-86.50918625037266,53.31976587085825,0.5625434425619638
A_PA1_to_C1,1D,131,7,5.0,0.6,0.6,35.05617762104751,205.12451340531013,-86.24471920298933,45.2,166.89,-51.8,34.2393028914994,205.46734902383758,-86.40339943141933,52.96927402770052,0.6710548491123447
A_PA1_to_C1,1D,131,8,5.0,0.6,0.6,35.05617762104751,205.12451340531013,-86.24471920298933,45.2,166.89,-51.8,34.78388604453147,205.23879194481927,-86.297612612466,52.62328904126115,0.7781709439852129
A_PA1_to_C1,1D,131,9,5.0,0.6,0.6,35.05617762104751,205.12451340531013,-86.24471920298933,45.2,166.89,-51.8,35.32846919756355,205.01023486580098,-86.19182579351266,52.28190038644927,0.8838640259703148
A_PA1_to_C1,1D,131,10,5.0,0.6,0.6,35.05617762104751,205.12451340531013,-86.24471920298933,45.2,166.89,-51.8,35.87305235059562,204.78167778678267,-86.08603897455933,51.945198685894844,0.9881060385258671
A_PA1_to_C1,1D,131,11,5.0,0.6,0.6,35.05617762104751,205.12451340531013,-86.24471920298933,45.2,166.89,-51.8,36.41763550362769,204.55312070776438,-85.980252155606,51.61327566639789,1.0908685832617646
A_PA1_to_C1,1D,131,12,5.0,0.6,0.6,35.05617762104751,205.12451340531013,-86.24471920298933,45.2,166.89,-51.8,36.96221865665977,204.32456362874606,-85.87446533665266,51.28622411051594,1.1921229349280047
A_PA1_to_C1,1D,131,13,5.0,0.6,0.6,35.05617762104751,205.12451340531013,-86.24471920298933,45.2,166.89,-51.8,37.506801809691844,204.09600654972775,-85.76867851769933,50.96413780309203,1.2918400579694627
A_PA1_to_C1,1D,131,14,5.0,0.6,0.6,35.05617762104751,205.12451340531013,-86.24471920298933,45.2,166.89,-51.8,38.051384962723915,203.86744947070946,-85.662891698746,50.647111472531606,1.389990624706435
A_PA1_to_C1,1D,131,15,5.0,0.6,0.6,35.05617762104751,205.12451340531013,-86.24471920298933,45.2,166.89,-51.8,38.595968115755994,203.63889239169114,-85.55710487979266,50.335240726647264,1.4865450351969436
A_PA1_to_C1,1D,131,16,5.0,0.6,0.6,35.05617762104751,205.12451340531013,-86.24471920298933,45.2,166.89,-51.8,39.140551268788066,203.41033531267286,-85.45131806083933,50.02862198290113,1.5814734388335179
A_PA1_to_C1,1D,132,1,5.0,0.6,0.6,36.38584781708681,204.55739637263824,-85.98287507018212,46.56,166.51,-51.8,32.32427897619083,206.31712276914257,-86.79344373482984,54.87990416033918,0.0
A_PA1_to_C1,1D,132,2,5.0,0.6,0.6,36.38584781708681,204.55739637263824,-85.98287507018212,46.56,166.51,-51.8,32.865821488310296,206.082492582942,-86.68536791287681,54.50230810482983,0.1169028035632671
A_PA1_to_C1,1D,132,3,5.0,0.6,0.6,36.38584781708681,204.55739637263824,-85.98287507018212,46.56,166.51,-51.8,33.40736400042976,205.84786239674142,-86.57729209092378,54.12872894184367,0.23256198715031218
A_PA1_to_C1,1D,132,4,5.0,0.6,0.6,36.38584781708681,204.55739637263824,-85.98287507018212,46.56,166.51,-51.8,33.94890651254923,205.61323221054084,-86.46921626897075,53.75925041297888,0.34695162456975126
A_PA1_to_C1,1D,132,5,5.0,0.6,0.6,36.38584781708681,204.55739637263824,-85.98287507018212,46.56,166.51,-51.8,34.49044902466869,205.37860202434027,-86.36114044701772,53.39395764570327,0.46004536056839385
A_PA1_to_C1,1D,132,6,5.0,0.6,0.6,36.38584781708681,204.55739637263824,-85.98287507018212,46.56,166.51,-51.8,35.031991536788155,205.1439718381397,-86.2530646250647,53.03293713511387,0.5718164164784234
A_PA1_to_C1,1D,132,7,5.0,0.6,0.6,36.38584781708681,204.55739637263824,-85.98287507018212,46.56,166.51,-51.8,35.57353404890762,204.90934165193912,-86.14498880311166,52.67627672190513,0.6822375970384051
A_PA1_to_C1,1D,132,8,5.0,0.6,0.6,36.38584781708681,204.55739637263824,-85.98287507018212,46.56,166.51,-51.8,36.11507656102708,204.67471146573854,-86.03691298115864,52.324065566319575,0.791281298458081
A_PA1_to_C1,1D,132,9,5.0,0.6,0.6,36.38584781708681,204.55739637263824,-85.98287507018212,46.56,166.51,-51.8,36.656619073146544,204.44008127953794,-85.9288371592056,51.976394117852124,0.8989195177978502
A_PA1_to_C1,1D,132,10,5.0,0.6,0.6,36.38584781708681,204.55739637263824,-85.98287507018212,46.56,166.51,-51.8,37.19816158526601,204.20545109333736,-85.82076133725258,51.633354080478625,1.0051238637339175
A_PA1_to_C1,1D,132,11,5.0,0.6,0.6,36.38584781708681,204.55739637263824,-85.98287507018212,46.56,166.51,-51.8,37.73970409738547,203.97082090713678,-85.71268551529954,51.295038373178585,1.1098655687803696
A_PA1_to_C1,1D,132,12,5.0,0.6,0.6,36.38584781708681,204.55739637263824,-85.98287507018212,46.56,166.51,-51.8,38.28124660950493,203.7361907209362,-85.60460969334652,50.96154108552496,1.2131155030384573
A_PA1_to_C1,1D,132,13,5.0,0.6,0.6,36.38584781708681,204.55739637263824,-85.98287507018212,46.56,166.51,-51.8,38.822789121624396,203.50156053473563,-85.49653387139348,50.63295742811626,1.3148441895426988
A_PA1_to_C1,1D,132,14,5.0,0.6,0.6,36.38584781708681,204.55739637263824,-85.98287507018212,46.56,166.51,-51.8,39.364331633743866,203.26693034853506,-85.38845804944046,50.30938367763234,1.415021821271468
A_PA1_to_C1,1D,132,15,5.0,0.6,0.6,36.38584781708681,204.55739637263824,-85.98287507018212,46.56,166.51,-51.8,39.90587414586333,203.03230016233448,-85.28038222748742,49.99091711630227,1.513618279887588
A_PA1_to_C1,1D,132,16,5.0,0.6,0.6,36.38584781708681,204.55739637263824,-85.98287507018212,46.56,166.51,-51.8,40.44741665798279,202.7976699761339,-85.1723064055344,49.677655965582645,1.6106031562713738
A_PA1_to_C1,1D,133,1,5.0,0.6,0.6,37.70803641502904,203.97556182960767,-85.71548684828234,47.91,166.13,-51.8,33.66949513630898,205.7799042002967,-86.54285191245317,54.60744125919255,0.0
A_PA1_to_C1,1D,133,2,5.0,0.6,0.6,37.70803641502904,203.97556182960767,-85.71548684828234,47.91,166.13,-51.8,34.20796730680499,205.53932521753816,-86.43253657056373,54.22410168309392,0.11868098331226662
A_PA1_to_C1,1D,133,3,5.0,0.6,0.6,37.70803641502904,203.97556182960767,-85.71548684828234,47.91,166.13,-51.8,34.746439477300996,205.29874623477963,-86.32222122867428,53.844719014967964,0.23613691771658907
A_PA1_to_C1,1D,133,4,5.0,0.6,0.6,37.70803641502904,203.97556182960767,-85.71548684828234,47.91,166.13,-51.8,35.284911647797,205.0581672520211,-86.21190588678483,53.46937748153794,0.3523417268280511
A_PA1_to_C1,1D,133,5,5.0,0.6,0.6,37.70803641502904,203.97556182960767,-85.71548684828234,47.91,166.13,-51.8,35.82338381829302,204.81758826926256,-86.1015905448954,53.098162781075025,0.46726887867415456
A_PA1_to_C1,1D,133,6,5.0,0.6,0.6,37.70803641502904,203.97556182960767,-85.71548684828234,47.91,166.13,-51.8,36.361855988789024,204.57700928650402,-85.99127520300596,52.7311620693863,0.5808913900328925
A_PA1_to_C1,1D,133,7,5.0,0.6,0.6,37.70803641502904,203.97556182960767,-85.71548684828234,47.91,166.13,-51.8,36.90032815928503,204.3364303037455,-85.88095986111651,52.36846394205418,0.6931818319313834
A_PA1_to_C1,1D,133,8,5.0,0.6,0.6,37.70803641502904,203.97556182960767,-85.71548684828234,47.91,166.13,-51.8,37.43880032978104,204.09585132098695,-85.77064451922706,52.010158412684845,0.8041123363800935
A_PA1_to_C1,1D,133,9,5.0,0.6,0.6,37.70803641502904,203.97556182960767,-85.71548684828234,47.91,166.13,-51.8,37.977272500277046,203.8552723382284,-85.66032917733762,51.65633688691944,0.9136546044189178
A_PA1_to_C1,1D,133,10,5.0,0.6,0.6,37.70803641502904,203.97556182960767,-85.71548684828234,47.91,166.13,-51.8,38.51574467077305,203.61469335546985,-85.55001383544817,51.307092131958306,1.021779915552397
A_PA1_to_C1,1D,133,11,5.0,0.6,0.6,37.70803641502904,203.97556182960767,-85.71548684828234,47.91,166.13,-51.8,39.05421684126906,203.37411437271132,-85.43969849355872,50.962518241346764,1.1284591386519445
A_PA1_to_C1,1D,133,12,5.0,0.6,0.6,37.70803641502904,203.97556182960767,-85.71548684828234,47.91,166.13,-51.8,39.59268901176507,203.13353538995278,-85.32938315166928,50.62271059477106,1.2336627444029382
A_PA1_to_C1,1D,133,13,5.0,0.6,0.6,37.70803641502904,203.97556182960767,-85.71548684828234,47.91,166.13,-51.8,40.13116118226108,202.89295640719425,-85.21906780977984,50.28776581261381,1.3373608193742204
A_PA1_to_C1,1D,133,14,5.0,0.6,0.6,37.70803641502904,203.97556182960767,-85.71548684828234,47.91,166.13,-51.8,40.66963335275709,202.6523774244357,-85.1087524678904,49.95778170502203,1.4395230817865379
A_PA1_to_C1,1D,133,15,5.0,0.6,0.6,37.70803641502904,203.97556182960767,-85.71548684828234,47.91,166.13,-51.8,41.208105523253096,202.41179844167718,-84.99843712600095,49.632857215245814,1.5401188990547166
A_PA1_to_C1,1D,133,16,5.0,0.6,0.6,37.70803641502904,203.97556182960767,-85.71548684828234,47.91,166.13,-51.8,41.7465776937491,202.17121945891864,-84.8881217841115,49.31309235701328,1.6391173071762424
A_PA1_to_C1,1D,134,1,5.0,0.6,0.6,39.022676911149716,203.37931197772247,-85.44267500237241,49.26,165.73,-51.8,35.007356461323134,205.22734233399711,-86.28646732723196,54.33685975469862,0.0
A_PA1_to_C1,1D,134,2,5.0,0.6,0.6,39.022676911149716,203.37931197772247,-85.44267500237241,49.26,165.73,-51.8,35.54273252130002,204.98093828649382,-86.17396168391736,53.9478342966589,0.12044131827855153
A_PA1_to_C1,1D,134,3,5.0,0.6,0.6,39.022676911149716,203.37931197772247,-85.44267500237241,49.26,165.73,-51.8,36.078108581276894,204.73453423899053,-86.06145604060275,53.56270458628603,0.23967652272835593
A_PA1_to_C1,1D,134,4,5.0,0.6,0.6,39.022676911149716,203.37931197772247,-85.44267500237241,49.26,165.73,-51.8,36.61348464125377,204.48813019148724,-85.94895039728814,53.18155526021899,0.35767941005561354
A_PA1_to_C1,1D,134,5,5.0,0.6,0.6,39.022676911149716,203.37931197772247,-85.44267500237241,49.26,165.73,-51.8,37.148860701230646,204.24172614398395,-85.83644475397354,52.804472511272245,0.4744232951784433
A_PA1_to_C1,1D,134,6,5.0,0.6,0.6,39.022676911149716,203.37931197772247,-85.44267500237241,49.26,165.73,-51.8,37.68423676120752,203.9953220964807,-85.72393911065893,52.43154407884331,0.5898810141966919
A_PA1_to_C1,1D,134,7,5.0,0.6,0.6,39.022676911149716,203.37931197772247,-85.44267500237241,49.26,165.73,-51.8,38.2196128211844,203.7489180489774,-85.61143346734433,52.06285923563619,0.7040249285022995
A_PA1_to_C1,1D,134,8,5.0,0.6,0.6,39.022676911149716,203.37931197772247,-85.44267500237241,49.26,165.73,-51.8,38.754988881161275,203.5025140014741,-85.49892782402972,51.69850877044374,0.816826930109869
A_PA1_to_C1,1D,134,9,5.0,0.6,0.6,39.022676911149716,203.37931197772247,-85.44267500237241,49.26,165.73,-51.8,39.29036494113816,203.25610995397082,-85.3864221807151,51.33858496672485,0.9282584482890925
A_PA1_to_C1,1D,134,10,5.0,0.6,0.6,39.022676911149716,203.37931197772247,-85.44267500237241,49.26,165.73,-51.8,39.825741001115034,203.00970590646753,-85.2739165374005,50.98318157670829,1.0382904575821446
A_PA1_to_C1,1D,134,11,5.0,0.6,0.6,39.022676911149716,203.37931197772247,-85.44267500237241,49.26,165.73,-51.8,40.36111706109191,202.76330185896424,-85.16141089408589,50.63239379075008,1.1468934872905692
A_PA1_to_C1,1D,134,12,5.0,0.6,0.6,39.022676911149716,203.37931197772247,-85.44267500237241,49.26,165.73,-51.8,40.89649312106879,202.51689781146098,-85.04890525077128,50.28631820166962,1.2540376325167166
A_PA1_to_C1,1D,134,13,5.0,0.6,0.6,39.022676911149716,203.37931197772247,-85.44267500237241,49.26,165.73,-51.8,41.43186918104566,202.2704937639577,-84.93639960745668,49.94505276378782,1.3596925668454478
A_PA1_to_C1,1D,134,14,5.0,0.6,0.6,39.022676911149716,203.37931197772247,-85.44267500237241,49.26,165.73,-51.8,41.96724524102254,202.0240897164544,-84.82389396414207,49.608696746392454,1.4638275567511343
A_PA1_to_C1,1D,134,15,5.0,0.6,0.6,39.022676911149716,203.37931197772247,-85.44267500237241,49.26,165.73,-51.8,42.502621300999415,201.7776856689511,-84.71138832082747,49.27735068135775,1.5664114778145102
A_PA1_to_C1,1D,134,16,5.0,0.6,0.6,39.022676911149716,203.37931197772247,-85.44267500237241,49.26,165.73,-51.8,43.0379973609763,201.53128162144782,-84.59888267751286,48.95111630465121,1.6674128328320155
A_PA1_to_C1,1D,135,1,5.0,0.6,0.6,40.32971261578653,202.76894899163807,-85.16455939825487,50.61,165.33,-51.8,36.33787609987555,204.65992232294428,-86.02447863314168,54.05415107334223,0.0
A_PA1_to_C1,1D,135,2,5.0,0.6,0.6,40.32971261578653,202.76894899163807,-85.16455939825487,50.61,165.33,-51.8,36.87012096866368,204.4077925454368,-85.90982273515677,53.65946471074574,0.1221939203085114
A_PA1_to_C1,1D,135,3,5.0,0.6,0.6,40.32971261578653,202.76894899163807,-85.16455939825487,50.61,165.33,-51.8,37.40236583745181,204.1556627679293,-85.79516683717186,53.26861231370525,0.2432008543767772
A_PA1_to_C1,1D,135,4,5.0,0.6,0.6,40.32971261578653,202.76894899163807,-85.16455939825487,50.61,165.33,-51.8,37.934610706239944,203.9035329904218,-85.68051093918696,52.88167889365742,0.36299448287455505
A_PA1_to_C1,1D,135,5,5.0,0.6,0.6,40.32971261578653,202.76894899163807,-85.16455939825487,50.61,165.33,-51.8,38.46685557502808,203.6514032129143,-85.56585504120204,52.498751103202,0.4815479783715908
A_PA1_to_C1,1D,135,6,5.0,0.6,0.6,40.32971261578653,202.76894899163807,-85.16455939825487,50.61,165.33,-51.8,38.999100443816204,203.3992734354068,-85.45119914321714,52.119917231131666,0.5988340068763378
A_PA1_to_C1,1D,135,7,5.0,0.6,0.6,40.32971261578653,202.76894899163807,-85.16455939825487,50.61,165.33,-51.8,39.53134531260434,203.1471436578993,-85.33654324523224,51.74526719386111,0.7148247304895108
A_PA1_to_C1,1D,135,8,5.0,0.6,0.6,40.32971261578653,202.76894899163807,-85.16455939825487,50.61,165.33,-51.8,40.06359018139247,202.89501388039182,-85.22188734724732,51.374892522983835,0.8294918112564709
A_PA1_to_C1,1D,135,9,5.0,0.6,0.6,40.32971261578653,202.76894899163807,-85.16455939825487,50.61,165.33,-51.8,40.5958350501806,202.64288410288432,-85.10723144926241,51.008886348676576,0.9428064163051566
A_PA1_to_C1,1D,135,10,5.0,0.6,0.6,40.32971261578653,202.76894899163807,-85.16455939825487,50.61,165.33,-51.8,41.12807991896873,202.39075432537683,-84.9925755512775,50.64734337866366,1.0547392243586913
A_PA1_to_C1,1D,135,11,5.0,0.6,0.6,40.32971261578653,202.76894899163807,-85.16455939825487,50.61,165.33,-51.8,41.66032478775686,202.13862454786934,-84.8779196532926,50.290359872448,1.1652604337133852
A_PA1_to_C1,1D,135,12,5.0,0.6,0.6,40.32971261578653,202.76894899163807,-85.16455939825487,50.61,165.33,-51.8,42.19256965654499,201.88649477036185,-84.76326375530769,49.93803361050965,1.2743397717747946
A_PA1_to_C1,1D,135,13,5.0,0.6,0.6,40.32971261578653,202.76894899163807,-85.16455939825487,50.61,165.33,-51.8,42.72481452533312,201.63436499285433,-84.64860785732277,49.59046385816986,1.381946506245317
A_PA1_to_C1,1D,135,14,5.0,0.6,0.6,40.32971261578653,202.76894899163807,-85.16455939825487,50.61,165.33,-51.8,43.257059394121256,201.38223521534684,-84.53395195933787,49.24775132381694,1.4880494580573664
A_PA1_to_C1,1D,135,15,5.0,0.6,0.6,40.32971261578653,202.76894899163807,-85.16455939825487,50.61,165.33,-51.8,43.78930426290939,201.13010543783935,-84.41929606135297,48.909998111189665,1.5926170161463062
A_PA1_to_C1,1D,135,16,5.0,0.6,0.6,40.32971261578653,202.76894899163807,-85.16455939825487,50.61,165.33,-51.8,44.321549131697516,200.87797566033186,-84.30464016336805,48.57730766541759,1.6956171541562366
A_PA1_to_C1,1D,136,1,5.0,0.6,0.6,41.62902929258818,202.14465649380122,-84.8812160005424,51.96,164.91,-51.8,37.66167217694876,204.07915273812844,-85.7574590020375,53.77521479857923,0.0
A_PA1_to_C1,1D,136,2,5.0,0.6,0.6,41.62902929258818,202.14465649380122,-84.8812160005424,51.96,164.91,-51.8,38.190653125700685,203.8212199055515,-85.64062660183816,53.37476891460983,0.12397705386049651
A_PA1_to_C1,1D,136,3,5.0,0.6,0.6,41.62902929258818,202.14465649380122,-84.8812160005424,51.96,164.91,-51.8,38.71963407445261,203.56328707297453,-85.52379420163881,52.978091573240576,0.2467873762658357
A_PA1_to_C1,1D,136,4,5.0,0.6,0.6,41.62902929258818,202.14465649380122,-84.8812160005424,51.96,164.91,-51.8,39.24861502320453,203.30535424039755,-85.40696180143946,52.58526805862387,0.368404563453673
A_PA1_to_C1,1D,136,5,5.0,0.6,0.6,41.62902929258818,202.14465649380122,-84.8812160005424,51.96,164.91,-51.8,39.77759597195645,203.0474214078206,-85.29012940124011,52.19638538109695,0.4888016772390955
A_PA1_to_C1,1D,136,6,5.0,0.6,0.6,41.62902929258818,202.14465649380122,-84.8812160005424,51.96,164.91,-51.8,40.30657692070837,202.78948857524364,-85.17329700104077,51.81153227715483,0.6079512450230347
A_PA1_to_C1,1D,136,7,5.0,0.6,0.6,41.62902929258818,202.14465649380122,-84.8812160005424,51.96,164.91,-51.8,40.835557869460295,202.53155574266665,-85.05646460084142,51.430799205936125,0.7258252608802174
A_PA1_to_C1,1D,136,8,5.0,0.6,0.6,41.62902929258818,202.14465649380122,-84.8812160005424,51.96,164.91,-51.8,41.36453881821222,202.2736229100897,-84.93963220064207,51.05427834193707,0.8423951878149101
A_PA1_to_C1,1D,136,9,5.0,0.6,0.6,41.62902929258818,202.14465649380122,-84.8812160005424,51.96,164.91,-51.8,41.89351976696414,202.01569007751274,-84.82279980044272,50.682063563657806,0.9576319612759825
A_PA1_to_C1,1D,136,10,5.0,0.6,0.6,41.62902929258818,202.14465649380122,-84.8812160005424,51.96,164.91,-51.8,42.42250071571606,201.7577572449358,-84.70596740024337,50.31425043787609,1.07150599402574
A_PA1_to_C1,1D,136,11,5.0,0.6,0.6,41.62902929258818,202.14465649380122,-84.8812160005424,51.96,164.91,-51.8,42.951481664467984,201.4998244123588,-84.58913500004402,49.95093619923432,1.183987182459724
A_PA1_to_C1,1D,136,12,5.0,0.6,0.6,41.62902929258818,202.14465649380122,-84.8812160005424,51.96,164.91,-51.8,43.480462613219906,201.24189157978185,-84.47230259984468,49.59221972481816,1.2950449144771117
A_PA1_to_C1,1D,136,13,5.0,0.6,0.6,41.62902929258818,202.14465649380122,-84.8812160005424,51.96,164.91,-51.8,44.00944356197183,200.9839587472049,-84.35547019964532,49.238201503398834,1.404648079003218
A_PA1_to_C1,1D,136,14,5.0,0.6,0.6,41.62902929258818,202.14465649380122,-84.8812160005424,51.96,164.91,-51.8,44.53842451072375,200.7260259146279,-84.23863779944598,48.88898359900695,1.5127650772669607
A_PA1_to_C1,1D,136,15,5.0,0.6,0.6,41.62902929258818,202.14465649380122,-84.8812160005424,51.96,164.91,-51.8,45.06740545947567,200.46809308205096,-84.12180539924663,48.544669608502176,1.6193638359371683
A_PA1_to_C1,1D,136,16,5.0,0.6,0.6,41.62902929258818,202.14465649380122,-84.8812160005424,51.96,164.91,-51.8,45.596386408227595,200.210160249474,-84.00497299904728,48.20536461280321,1.724411822221679
A_PA1_to_C1,1D,137,1,5.0,0.6,0.6,42.92008254787703,201.5058761804476,-84.59244212770967,53.3,164.48,-51.8,38.977173291891035,203.48265529996794,-85.48452447350981,53.4882947416079,0.0
A_PA1_to_C1,1D,137,2,5.0,0.6,0.6,42.92008254787703,201.5058761804476,-84.59244212770967,53.3,164.48,-51.8,39.5028945260225,203.21908475069856,-85.36558016073646,53.08224729896701,0.12571128255136088
A_PA1_to_C1,1D,137,3,5.0,0.6,0.6,42.92008254787703,201.5058761804476,-84.59244212770967,53.3,164.48,-51.8,40.02861576015396,202.95551420142917,-85.2466358479631,52.67990396965681,0.2502757807898135
A_PA1_to_C1,1D,137,4,5.0,0.6,0.6,42.92008254787703,201.5058761804476,-84.59244212770967,53.3,164.48,-51.8,40.55433699428543,202.6919436521598,-85.12769153518975,52.28135027135237,0.3736670186549631
A_PA1_to_C1,1D,137,5,5.0,0.6,0.6,42.92008254787703,201.5058761804476,-84.59244212770967,53.3,164.48,-51.8,41.080058228416895,202.42837310289042,-85.0087472224164,51.886673531258566,0.4958579598604764
A_PA1_to_C1,1D,137,6,5.0,0.6,0.6,42.92008254787703,201.5058761804476,-84.59244212770967,53.3,164.48,-51.8,41.60577946254836,202.16480255362103,-84.88980290964305,51.495962891113905,0.6168210063448925
A_PA1_to_C1,1D,137,7,5.0,0.6,0.6,42.92008254787703,201.5058761804476,-84.59244212770967,53.3,164.48,-51.8,42.13150069667983,201.90123200435167,-84.7708585968697,51.10930930883878,0.736527997761339
A_PA1_to_C1,1D,137,8,5.0,0.6,0.6,42.92008254787703,201.5058761804476,-84.59244212770967,53.3,164.48,-51.8,42.657221930811296,201.63766145508228,-84.65191428409635,50.72680555653121,0.8549502120980481
A_PA1_to_C1,1D,137,9,5.0,0.6,0.6,42.92008254787703,201.5058761804476,-84.59244212770967,53.3,164.48,-51.8,43.18294316494276,201.3740909058129,-84.532969971323,50.34854621450055,0.9720583675254968
A_PA1_to_C1,1D,137,10,5.0,0.6,0.6,42.92008254787703,201.5058761804476,-84.59244212770967,53.3,164.48,-51.8,43.70866439907423,201.1105203565435,-84.41402565854965,49.97462766101684,1.0878226255699897
A_PA1_to_C1,1D,137,11,5.0,0.6,0.6,42.92008254787703,201.5058761804476,-84.59244212770967,53.3,164.48,-51.8,44.2343856332057,200.84694980727414,-84.2950813457763,49.605148057443024,1.2022125957166807
A_PA1_to_C1,1D,137,12,5.0,0.6,0.6,42.92008254787703,201.5058761804476,-84.59244212770967,53.3,164.48,-51.8,44.760106867337164,200.58337925800475,-84.17613703300295,49.24020732840607,1.315197341548556
A_PA1_to_C1,1D,137,13,5.0,0.6,0.6,42.92008254787703,201.5058761804476,-84.59244212770967,53.3,164.48,-51.8,45.28582810146863,200.31980870873537,-84.0571927202296,48.8799071366547,1.4267453885304047
A_PA1_to_C1,1D,137,14,5.0,0.6,0.6,42.92008254787703,201.5058761804476,-84.59244212770967,53.3,164.48,-51.8,45.8115493356001,200.056238159466,-83.93824840745624,48.52435085224285,1.5368247335495546
A_PA1_to_C1,1D,137,15,5.0,0.6,0.6,42.92008254787703,201.5058761804476,-84.59244212770967,53.3,164.48,-51.8,46.33727056973156,199.79266761019662,-83.81930409468289,48.17364351567289,1.6454028563266299
A_PA1_to_C1,1D,137,16,5.0,0.6,0.6,42.92008254787703,201.5058761804476,-84.59244212770967,53.3,164.48,-51.8,46.862991803863025,199.52909706092723,-83.70035978190954,47.827891794628634,1.7524467328109203
A_PA1_to_C1,1D,138,1,5.0,0.6,0.6,44.20344095580125,200.8539741852588,-84.29875593198065,54.63,164.04,-51.8,40.28412615977408,202.87050653492685,-85.20571172604386,53.193551394151335,0.0
A_PA1_to_C1,1D,138,2,5.0,0.6,0.6,44.20344095580125,200.8539741852588,-84.29875593198065,54.63,164.04,-51.8,40.80670146591104,202.6016355549711,-85.08478428683543,52.78219571084671,0.12735470071350719
A_PA1_to_C1,1D,138,3,5.0,0.6,0.6,44.20344095580125,200.8539741852588,-84.29875593198065,54.63,164.04,-51.8,41.32927677204799,202.33276457501537,-84.963856847627,52.37448289190101,0.253581579644063
A_PA1_to_C1,1D,138,4,5.0,0.6,0.6,44.20344095580125,200.8539741852588,-84.29875593198065,54.63,164.04,-51.8,41.85185207818495,202.06389359505962,-84.84292940841857,51.970498673092756,0.3786540932069933
A_PA1_to_C1,1D,138,5,5.0,0.6,0.6,44.20344095580125,200.8539741852588,-84.29875593198065,54.63,164.04,-51.8,42.374427384321905,201.7950226151039,-84.72200196921014,51.57033068020645,0.5025451126764349
A_PA1_to_C1,1D,138,6,5.0,0.6,0.6,44.20344095580125,200.8539741852588,-84.29875593198065,54.63,164.04,-51.8,42.89700269045886,201.52615163514815,-84.60107453000172,51.174068439022406,0.6252269210925494
A_PA1_to_C1,1D,138,7,5.0,0.6,0.6,44.20344095580125,200.8539741852588,-84.29875593198065,54.63,164.04,-51.8,43.41957799659581,201.2572806551924,-84.4801470907933,50.781803382094004,0.7466712111632621
A_PA1_to_C1,1D,138,8,5.0,0.6,0.6,44.20344095580125,200.8539741852588,-84.29875593198065,54.63,164.04,-51.8,43.94215330273277,200.98840967523668,-84.35921965158487,50.393628852004305,0.8668490842560477
A_PA1_to_C1,1D,138,9,5.0,0.6,0.6,44.20344095580125,200.8539741852588,-84.29875593198065,54.63,164.04,-51.8,44.46472860886973,200.71953869528093,-84.23829221237644,50.00964010077922,0.9857310505796022
A_PA1_to_C1,1D,138,10,5.0,0.6,0.6,44.20344095580125,200.8539741852588,-84.29875593198065,54.63,164.04,-51.8,44.987303915006684,200.4506677153252,-84.117364773168,49.62993428512043,1.1032870306597253
A_PA1_to_C1,1D,138,11,5.0,0.6,0.6,44.20344095580125,200.8539741852588,-84.29875593198065,54.63,164.04,-51.8,45.509879221143635,200.18179673536946,-83.99643733395958,49.25461045710622,1.2194863582183046
A_PA1_to_C1,1D,138,12,5.0,0.6,0.6,44.20344095580125,200.8539741852588,-84.29875593198065,54.63,164.04,-51.8,46.03245452728059,199.9129257554137,-83.87550989475116,48.88376954999668,1.3342977845680064
A_PA1_to_C1,1D,138,13,5.0,0.6,0.6,44.20344095580125,200.8539741852588,-84.29875593198065,54.63,164.04,-51.8,46.55502983341755,199.644054775458,-83.75458245554273,48.517514358766256,1.4476894846393442
A_PA1_to_C1,1D,138,14,5.0,0.6,0.6,44.20344095580125,200.8539741852588,-84.29875593198065,54.63,164.04,-51.8,47.07760513955451,199.37518379550224,-83.6336550163343,48.155949514976804,1.5596290647599176
A_PA1_to_C1,1D,138,15,5.0,0.6,0.6,44.20344095580125,200.8539741852588,-84.29875593198065,54.63,164.04,-51.8,47.60018044569146,199.10631281554652,-83.51272757712587,47.79918145559505,1.6700835723084495
A_PA1_to_C1,1D,138,16,5.0,0.6,0.6,44.20344095580125,200.8539741852588,-84.29875593198065,54.63,164.04,-51.8,48.122755751828414,198.83744183559077,-83.39180013791744,47.44731838535036,1.7790195073687247
A_PA1_to_C1,1D,139,1,5.0,0.6,0.6,45.479083879422326,200.1892406876478,-84.00027201496113,55.97,163.59,-51.8,41.58341699713709,202.24463737564903,-84.92175125901365,52.89806393059352,0.0
A_PA1_to_C1,1D,139,2,5.0,0.6,0.6,45.479083879422326,200.1892406876478,-84.00027201496113,55.97,163.59,-51.8,42.10283924810845,201.97058448391553,-84.79888735980664,52.48136792835135,0.1290080502297748
A_PA1_to_C1,1D,139,3,5.0,0.6,0.6,45.479083879422326,200.1892406876478,-84.00027201496113,55.97,163.59,-51.8,42.62226149907982,201.69653159218205,-84.67602346059964,52.068251282876915,0.2569079404695387
A_PA1_to_C1,1D,139,4,5.0,0.6,0.6,45.479083879422326,200.1892406876478,-84.00027201496113,55.97,163.59,-51.8,43.141683750051186,201.42247870044855,-84.55315956139265,51.65879986684399,0.38367308475217676
A_PA1_to_C1,1D,139,5,5.0,0.6,0.6,45.479083879422326,200.1892406876478,-84.00027201496113,55.97,163.59,-51.8,43.661106001022546,201.14842580871505,-84.43029566218564,51.25310152281974,0.5092762872364638
A_PA1_to_C1,1D,139,6,5.0,0.6,0.6,45.479083879422326,200.1892406876478,-84.00027201496113,55.97,163.59,-51.8,44.18052825199391,200.87437291698154,-84.30743176297864,50.85124607848163,0.633689737495942
A_PA1_to_C1,1D,139,7,5.0,0.6,0.6,45.479083879422326,200.1892406876478,-84.00027201496113,55.97,163.59,-51.8,44.69995050296528,200.60032002524807,-84.18456786377163,50.45332535879197,0.7568850067497053
A_PA1_to_C1,1D,139,8,5.0,0.6,0.6,45.479083879422326,200.1892406876478,-84.00027201496113,55.97,163.59,-51.8,45.219372753936646,200.32626713351456,-84.06170396456463,50.05943319481301,0.878833045133284
A_PA1_to_C1,1D,139,9,5.0,0.6,0.6,45.479083879422326,200.1892406876478,-84.00027201496113,55.97,163.59,-51.8,45.738795004908006,200.05221424178106,-83.93884006535762,49.66966542882862,0.9995041801129716
A_PA1_to_C1,1D,139,10,5.0,0.6,0.6,45.479083879422326,200.1892406876478,-84.00027201496113,55.97,163.59,-51.8,46.25821725587937,199.77816135004755,-83.81597616615062,49.28411991542102,1.1188681161524752
A_PA1_to_C1,1D,139,11,5.0,0.6,0.6,45.479083879422326,200.1892406876478,-84.00027201496113,55.97,163.59,-51.8,46.77763950685074,199.50410845831408,-83.69311226694361,48.90289651813507,1.23689393574565
A_PA1_to_C1,1D,139,12,5.0,0.6,0.6,45.479083879422326,200.1892406876478,-84.00027201496113,55.97,163.59,-51.8,47.29706175782211,199.23005556658057,-83.57024836773661,48.52609710134592,1.3535501019342426
A_PA1_to_C1,1D,139,13,5.0,0.6,0.6,45.479083879422326,200.1892406876478,-84.00027201496113,55.97,163.59,-51.8,47.816484008793466,198.95600267484707,-83.4473844685296,48.15382551693146,1.4688044624340737
A_PA1_to_C1,1D,139,14,5.0,0.6,0.6,45.479083879422326,200.1892406876478,-84.00027201496113,55.97,163.59,-51.8,48.33590625976483,198.68194978311357,-83.32452056932262,47.78618758533586,1.582624255497727
A_PA1_to_C1,1D,139,15,5.0,0.6,0.6,45.479083879422326,200.1892406876478,-84.00027201496113,55.97,163.59,-51.8,48.8553285107362,198.4078968913801,-83.20165667011561,47.423291070598786,1.694976117645428
A_PA1_to_C1,1D,139,16,5.0,0.6,0.6,45.479083879422326,200.1892406876478,-84.00027201496113,55.97,163.59,-51.8,49.37475076170756,198.1338439996466,-83.0787927709086,47.06524564891339,1.8058260933994212
A_PA1_to_C1,1D,140,1,5.0,0.6,0.6,46.74699928704412,199.5119648380151,-83.69710381974916,57.3,163.13,-51.8,42.87501008147402,201.60534568060532,-84.6327620051058,52.59679477188292,0.0
A_PA1_to_C1,1D,140,2,5.0,0.6,0.6,46.74699928704412,199.5119648380151,-83.69710381974916,57.3,163.13,-51.8,43.391275308883365,201.32622823492662,-84.50800758039159,52.17488125321261,0.1306233803932848
A_PA1_to_C1,1D,140,3,5.0,0.6,0.6,46.74699928704412,199.5119648380151,-83.69710381974916,57.3,163.13,-51.8,43.907540536292714,201.04711078924794,-84.38325315567737,51.75648410873854,0.26015810004470197
A_PA1_to_C1,1D,140,4,5.0,0.6,0.6,46.74699928704412,199.5119648380151,-83.69710381974916,57.3,163.13,-51.8,44.42380576370206,200.76799334356923,-84.25849873096314,51.34168930615129,0.3885775435701664
A_PA1_to_C1,1D,140,5,5.0,0.6,0.6,46.74699928704412,199.5119648380151,-83.69710381974916,57.3,163.13,-51.8,44.940070991111405,200.48887589789055,-84.13374430624893,50.93058486136438,0.5158544614608491
A_PA1_to_C1,1D,140,6,5.0,0.6,0.6,46.74699928704412,199.5119648380151,-83.69710381974916,57.3,163.13,-51.8,45.456336218520754,200.20975845221184,-84.0089898815347,50.523260859052876,0.6419609637244736
A_PA1_to_C1,1D,140,7,5.0,0.6,0.6,46.74699928704412,199.5119648380151,-83.69710381974916,57.3,163.13,-51.8,45.972601445930096,199.93064100653314,-83.88423545682049,50.11980947033988,0.7668685144096106
A_PA1_to_C1,1D,140,8,5.0,0.6,0.6,46.74699928704412,199.5119648380151,-83.69710381974916,57.3,163.13,-51.8,46.488866673339444,199.65152356085446,-83.75948103210627,49.72032496730525,0.8905479271138308
A_PA1_to_C1,1D,140,9,5.0,0.6,0.6,46.74699928704412,199.5119648380151,-83.69710381974916,57.3,163.13,-51.8,47.00513190074879,199.37240611517575,-83.63472660739205,49.32490373397301,1.012969361582016
A_PA1_to_C1,1D,140,10,5.0,0.6,0.6,46.74699928704412,199.5119648380151,-83.69710381974916,57.3,163.13,-51.8,47.52139712815814,199.09328866949707,-83.50997218267783,48.933644273413485,1.1341023215075658
A_PA1_to_C1,1D,140,11,5.0,0.6,0.6,46.74699928704412,199.5119648380151,-83.69710381974916,57.3,163.13,-51.8,48.037662355567484,198.81417122381836,-83.38521775796362,48.546647210577156,1.2539156536550369
A_PA1_to_C1,1D,140,12,5.0,0.6,0.6,46.74699928704412,199.5119648380151,-83.69710381974916,57.3,163.13,-51.8,48.55392758297683,198.53505377813966,-83.26046333324939,48.16401529045834,1.3723775484286644
A_PA1_to_C1,1D,140,13,5.0,0.6,0.6,46.74699928704412,199.5119648380151,-83.69710381974916,57.3,163.13,-51.8,49.070192810386175,198.25593633246098,-83.13570890853518,47.785853371168045,1.4894555420169908
A_PA1_to_C1,1D,140,14,5.0,0.6,0.6,46.74699928704412,199.5119648380151,-83.69710381974916,57.3,163.13,-51.8,49.58645803779552,197.97681888678227,-83.01095448382095,47.41226841147804,1.6051165202491902
A_PA1_to_C1,1D,140,15,5.0,0.6,0.6,46.74699928704412,199.5119648380151,-83.69710381974916,57.3,163.13,-51.8,50.10272326520487,197.6977014411036,-82.88620005910673,47.04336945238198,1.7193267243036967
A_PA1_to_C1,1D,140,16,5.0,0.6,0.6,46.74699928704412,199.5119648380151,-83.69710381974916,57.3,163.13,-51.8,50.61898849261422,197.41858399542488,-82.76144563439252,46.67926759220385,1.8320517584145737
A_PA1_to_C1,1D,141,1,5.0,0.6,0.6,48.007181537454464,198.82243129729403,-83.3893624432826,58.62,162.66,-51.8,44.15887840237926,200.95292869705784,-84.33885905210747,52.29005425960128,0.0
A_PA1_to_C1,1D,141,2,5.0,0.6,0.6,48.007181537454464,198.82243129729403,-83.3893624432826,58.62,162.66,-51.8,44.67198548705595,200.66886237708934,-84.21225950426415,51.86304362670569,0.1322014343330018
A_PA1_to_C1,1D,141,3,5.0,0.6,0.6,48.007181537454464,198.82243129729403,-83.3893624432826,58.62,162.66,-51.8,45.185092571732646,200.38479605712084,-84.08565995642083,51.439486914034326,0.26333354351918103
A_PA1_to_C1,1D,141,4,5.0,0.6,0.6,48.007181537454464,198.82243129729403,-83.3893624432826,58.62,162.66,-51.8,45.69819965640934,200.10072973715234,-83.95906040857751,51.0194701435897,0.3933696953596222
A_PA1_to_C1,1D,141,5,5.0,0.6,0.6,48.007181537454464,198.82243129729403,-83.3893624432826,58.62,162.66,-51.8,46.211306741086034,199.8166634171838,-83.8324608607342,50.6030814623593,0.5222825997653189
A_PA1_to_C1,1D,141,6,5.0,0.6,0.6,48.007181537454464,198.82243129729403,-83.3893624432826,58.62,162.66,-51.8,46.724413825762724,199.5325970972153,-83.70586131289089,50.190411168267026,0.6500443007226799
A_PA1_to_C1,1D,141,7,5.0,0.6,0.6,48.007181537454464,198.82243129729403,-83.3893624432826,58.62,162.66,-51.8,47.23752091043942,199.2485307772468,-83.57926176504756,49.78155173348089,0.7766261690775202
A_PA1_to_C1,1D,141,8,5.0,0.6,0.6,48.007181537454464,198.82243129729403,-83.3893624432826,58.62,162.66,-51.8,47.75062799511612,198.9644644572783,-83.45266221720425,49.376597824746554,0.9019988962398529
A_PA1_to_C1,1D,141,9,5.0,0.6,0.6,48.007181537454464,198.82243129729403,-83.3893624432826,58.62,162.66,-51.8,48.26373507979281,198.68039813730977,-83.32606266936094,48.975646320393736,1.0261324889187442
A_PA1_to_C1,1D,141,10,5.0,0.6,0.6,48.007181537454464,198.82243129729403,-83.3893624432826,58.62,162.66,-51.8,48.77684216446951,198.39633181734126,-83.19946312151762,48.578796323641335,1.1489962650030794
A_PA1_to_C1,1D,141,11,5.0,0.6,0.6,48.007181537454464,198.82243129729403,-83.3893624432826,58.62,162.66,-51.8,49.289949249146204,198.11226549737276,-83.0728635736743,48.18614917180413,1.2705588507111916
A_PA1_to_C1,1D,141,12,5.0,0.6,0.6,48.007181537454464,198.82243129729403,-83.3893624432826,58.62,162.66,-51.8,49.803056333822894,197.82819917740426,-82.94626402583098,47.797808440982855,1.3907881791388306
A_PA1_to_C1,1D,141,13,5.0,0.6,0.6,48.007181537454464,198.82243129729403,-83.3893624432826,58.62,162.66,-51.8,50.31616341849959,197.54413285743573,-82.81966447798767,47.413879945796694,1.5096514903419767
A_PA1_to_C1,1D,141,14,5.0,0.6,0.6,48.007181537454464,198.82243129729403,-83.3893624432826,58.62,162.66,-51.8,50.82927050317628,197.26006653746722,-82.69306493014436,47.034471733697124,1.6271153330972616
A_PA1_to_C1,1D,141,15,5.0,0.6,0.6,48.007181537454464,198.82243129729403,-83.3893624432826,58.62,162.66,-51.8,51.34237758785298,196.97600021749872,-82.56646538230103,46.65969407338078,1.7431455684893198
A_PA1_to_C1,1D,141,16,5.0,0.6,0.6,48.007181537454464,198.82243129729403,-83.3893624432826,58.62,162.66,-51.8,51.85548467252967,196.69193389753022,-82.43986583445772,46.289659436800974,1.8577073754799702
A_PA1_to_C1,1D,142,1,5.0,0.6,0.6,49.25963216287593,198.12092114404786,-83.07715879174981,59.94,162.18,-51.8,45.43500216729846,200.28767920406156,-84.04015666625145,51.98093764362836,0.0
A_PA1_to_C1,1D,142,2,5.0,0.6,0.6,49.25963216287593,198.12092114404786,-83.07715879174981,59.94,162.18,-51.8,45.94495283337545,199.9987781293931,-83.91175694965123,51.548872526853394,0.1337662900232086
A_PA1_to_C1,1D,142,3,5.0,0.6,0.6,49.25963216287593,198.12092114404786,-83.07715879174981,59.94,162.18,-51.8,46.45490349945245,199.7098770547246,-83.783357233051,51.12019795803591,0.26648287479642363
A_PA1_to_C1,1D,142,4,5.0,0.6,0.6,49.25963216287593,198.12092114404786,-83.07715879174981,59.94,162.18,-51.8,46.964854165529445,199.42097598005608,-83.65495751645079,50.694999948197825,0.3981231255202893
A_PA1_to_C1,1D,142,5,5.0,0.6,0.6,49.25963216287593,198.12092114404786,-83.07715879174981,59.94,162.18,-51.8,47.47480483160644,199.13207490538758,-83.52655779985058,50.273366708693544,0.5286597321779603
A_PA1_to_C1,1D,142,6,5.0,0.6,0.6,49.25963216287593,198.12092114404786,-83.07715879174981,59.94,162.18,-51.8,47.98475549768344,198.84317383071908,-83.39815808325035,49.855388682726904,0.6580646937775398
A_PA1_to_C1,1D,142,7,5.0,0.6,0.6,49.25963216287593,198.12092114404786,-83.07715879174981,59.94,162.18,-51.8,48.49470616376043,198.5542727560506,-83.26975836665014,49.44115857445874,0.7863093093404387
A_PA1_to_C1,1D,142,8,5.0,0.6,0.6,49.25963216287593,198.12092114404786,-83.07715879174981,59.94,162.18,-51.8,49.00465682983743,198.2653716813821,-83.14135865004992,49.03077137536971,0.9133641697395198
A_PA1_to_C1,1D,142,9,5.0,0.6,0.6,49.25963216287593,198.12092114404786,-83.07715879174981,59.94,162.18,-51.8,49.51460749591443,197.9764706067136,-83.0129589334497,48.62432438751999,1.0391991504979465
A_PA1_to_C1,1D,142,10,5.0,0.6,0.6,49.25963216287593,198.12092114404786,-83.07715879174981,59.94,162.18,-51.8,50.02455816199143,197.6875695320451,-82.88455921684948,48.221917243321734,1.1637834056676848
A_PA1_to_C1,1D,142,11,5.0,0.6,0.6,49.25963216287593,198.12092114404786,-83.07715879174981,59.94,162.18,-51.8,50.534508828068425,197.39866845737663,-82.75615950024927,47.82365192141615,1.2870853629139951
A_PA1_to_C1,1D,142,12,5.0,0.6,0.6,49.25963216287593,198.12092114404786,-83.07715879174981,59.94,162.18,-51.8,51.04445949414542,197.10976738270813,-82.62775978364904,47.429632758221615,1.409072719940168
A_PA1_to_C1,1D,142,13,5.0,0.6,0.6,49.25963216287593,198.12092114404786,-83.07715879174981,59.94,162.18,-51.8,51.55441016022242,196.82086630803963,-82.49936006704883,47.03996645469432,1.5297124423944375
A_PA1_to_C1,1D,142,14,5.0,0.6,0.6,49.25963216287593,198.12092114404786,-83.07715879174981,59.94,162.18,-51.8,52.06436082629941,196.53196523337112,-82.37096035044861,46.654762077817594,1.6489707634089044
A_PA1_to_C1,1D,142,15,5.0,0.6,0.6,49.25963216287593,198.12092114404786,-83.07715879174981,59.94,162.18,-51.8,52.57431149237641,196.24306415870262,-82.24256063384838,46.27413105631228,1.766813184927578
A_PA1_to_C1,1D,142,16,5.0,0.6,0.6,49.25963216287593,198.12092114404786,-83.07715879174981,59.94,162.18,-51.8,53.084262158453406,195.95416308403415,-82.11416091724817,45.898187170037176,1.883204480987981
A_PA1_to_C1,1D,143,1,5.0,0.6,0.6,50.504359087927725,197.4077115489707,-82.76060183738355,61.26,161.68,-51.8,46.703369756836025,199.60988573378637,-83.73677239863731,51.67716272258616,0.0
A_PA1_to_C1,1D,143,2,5.0,0.6,0.6,50.504359087927725,197.4077115489707,-82.76060183738355,61.26,161.68,-51.8,47.21016833431492,199.31626250914428,-83.60661632380348,51.2400904318186,0.13531649868964735
A_PA1_to_C1,1D,143,3,5.0,0.6,0.6,50.504359087927725,197.4077115489707,-82.76060183738355,61.26,161.68,-51.8,47.71696691179381,199.0226392845022,-83.47646024896964,50.8063439726305,0.26960332815964705
A_PA1_to_C1,1D,143,4,5.0,0.6,0.6,50.504359087927725,197.4077115489707,-82.76060183738355,61.26,161.68,-51.8,48.22376548927271,198.7290160598601,-83.34630417413581,50.376009253111214,0.4028338914783127
A_PA1_to_C1,1D,143,5,5.0,0.6,0.6,50.504359087927725,197.4077115489707,-82.76060183738355,61.26,161.68,-51.8,48.7305640667516,198.435392835218,-83.21614809930198,49.949174454377584,0.5349808879902724
A_PA1_to_C1,1D,143,6,5.0,0.6,0.6,50.504359087927725,197.4077115489707,-82.76060183738355,61.26,161.68,-51.8,49.237362644230494,198.14176961057592,-83.08599202446814,49.525930067775064,0.6660163017991021
A_PA1_to_C1,1D,143,7,5.0,0.6,0.6,50.504359087927725,197.4077115489707,-82.76060183738355,61.26,161.68,-51.8,49.74416122170938,197.84814638593383,-82.9558359496343,49.10636892993052,0.7959113909150606
A_PA1_to_C1,1D,143,8,5.0,0.6,0.6,50.504359087927725,197.4077115489707,-82.76060183738355,61.26,161.68,-51.8,50.25095979918828,197.55452316129174,-82.82567987480047,48.69058625531987,0.9246366771722272
A_PA1_to_C1,1D,143,9,5.0,0.6,0.6,50.504359087927725,197.4077115489707,-82.76060183738355,61.26,161.68,-51.8,50.75775837666717,197.26089993664965,-82.69552379996662,48.27867966598759,1.0521619370274227
A_PA1_to_C1,1D,143,10,5.0,0.6,0.6,50.504359087927725,197.4077115489707,-82.76060183738355,61.26,161.68,-51.8,51.264556954146066,196.96727671200756,-82.56536772513279,47.870749218028145,1.1784561933616153
A_PA1_to_C1,1D,143,11,5.0,0.6,0.6,50.504359087927725,197.4077115489707,-82.76060183738355,61.26,161.68,-51.8,51.771355531624955,196.67365348736547,-82.43521165029895,47.46689742441191,1.3034877084130816
A_PA1_to_C1,1D,143,12,5.0,0.6,0.6,50.504359087927725,197.4077115489707,-82.76060183738355,61.26,161.68,-51.8,52.27815410910385,196.38003026272338,-82.30505557546512,47.06722927370955,1.4272239779803755
A_PA1_to_C1,1D,143,13,5.0,0.6,0.6,50.504359087927725,197.4077115489707,-82.76060183738355,61.26,161.68,-51.8,52.78495268658274,196.0864070380813,-82.17489950063128,46.67185224424076,1.5496317270419198
A_PA1_to_C1,1D,143,14,5.0,0.6,0.6,50.504359087927725,197.4077115489707,-82.76060183738355,61.26,161.68,-51.8,53.29175126406164,195.7927838134392,-82.04474342579745,46.28087631314408,1.6706769069480139
A_PA1_to_C1,1D,143,15,5.0,0.6,0.6,50.504359087927725,197.4077115489707,-82.76060183738355,61.26,161.68,-51.8,53.79854984154053,195.4991605887971,-81.91458735096361,45.89441395983655,1.7903246943497262
A_PA1_to_C1,1D,143,16,5.0,0.6,0.6,50.504359087927725,197.4077115489707,-82.76060183738355,61.26,161.68,-51.8,54.305348419019424,195.20553736415502,-81.78443127612978,45.51258016330363,1.908539492037935
A_PA1_to_C1,1D,144,1,5.0,0.6,0.6,51.74137630049833,196.68307631020824,-82.4397969481123,62.58,161.18,-51.8,47.96397576656494,198.9198342605256,-83.42881619864887,51.36443583387454,0.0
A_PA1_to_C1,1D,144,2,5.0,0.6,0.6,51.74137630049833,196.68307631020824,-82.4397969481123,62.58,161.18,-51.8,48.46762917108939,198.62159986714994,-83.29694696524399,50.92239270847199,0.13685545678097455
A_PA1_to_C1,1D,144,3,5.0,0.6,0.6,51.74137630049833,196.68307631020824,-82.4397969481123,62.58,161.18,-51.8,48.97128257561385,198.3233654737743,-83.16507773183912,50.48361011040582,0.2727014623742168
A_PA1_to_C1,1D,144,4,5.0,0.6,0.6,51.74137630049833,196.68307631020824,-82.4397969481123,62.58,161.18,-51.8,49.4749359801383,198.02513108039864,-83.03320849843425,50.0481737968839,0.40751146656056925
A_PA1_to_C1,1D,144,5,5.0,0.6,0.6,51.74137630049833,196.68307631020824,-82.4397969481123,62.58,161.18,-51.8,49.97858938466275,197.726896687023,-82.90133926502936,49.61617186993292,0.5412581931707798
A_PA1_to_C1,1D,144,6,5.0,0.6,0.6,51.74137630049833,196.68307631020824,-82.4397969481123,62.58,161.18,-51.8,50.482242789187204,197.42866229364736,-82.7694700316245,49.187694819439876,0.6739136267599566
A_PA1_to_C1,1D,144,7,5.0,0.6,0.6,51.74137630049833,196.68307631020824,-82.4397969481123,62.58,161.18,-51.8,50.98589619371165,197.1304279002717,-82.63760079821962,48.762835564330956,0.8054489998586938
A_PA1_to_C1,1D,144,8,5.0,0.6,0.6,51.74137630049833,196.68307631020824,-82.4397969481123,62.58,161.18,-51.8,51.4895495982361,196.83219350689606,-82.50573156481474,48.34168949155177,0.9358347809048819
A_PA1_to_C1,1D,144,9,5.0,0.6,0.6,51.74137630049833,196.68307631020824,-82.4397969481123,62.58,161.18,-51.8,51.99320300276056,196.5339591135204,-82.37386233140987,47.92435449248361,1.0650406629693272
A_PA1_to_C1,1D,144,10,5.0,0.6,0.6,51.74137630049833,196.68307631020824,-82.4397969481123,62.58,161.18,-51.8,52.49685640728501,196.23572472014476,-82.24199309800498,47.510930996401875,1.1930355533971095
A_PA1_to_C1,1D,144,11,5.0,0.6,0.6,51.74137630049833,196.68307631020824,-82.4397969481123,62.58,161.18,-51.8,53.00050981180946,195.9374903267691,-82.11012386460011,47.10152200055204,1.3197875644961297
A_PA1_to_C1,1D,144,12,5.0,0.6,0.6,51.74137630049833,196.68307631020824,-82.4397969481123,62.58,161.18,-51.8,53.504163216333914,195.63925593339349,-81.97825463119524,46.69623309638709,1.4452640054140709
A_PA1_to_C1,1D,144,13,5.0,0.6,0.6,51.74137630049833,196.68307631020824,-82.4397969481123,62.58,161.18,-51.8,54.007816620858364,195.34102154001783,-81.84638539779036,46.29517249147846,1.5694313753548226
A_PA1_to_C1,1D,144,14,5.0,0.6,0.6,51.74137630049833,196.68307631020824,-82.4397969481123,62.58,161.18,-51.8,54.51147002538281,195.04278714664218,-81.71451616438549,45.89845102658009,1.692255358295494
A_PA1_to_C1,1D,144,15,5.0,0.6,0.6,51.74137630049833,196.68307631020824,-82.4397969481123,62.58,161.18,-51.8,55.01512342990727,194.74455275326653,-81.58264693098062,45.506182187291856,1.813700819375443
A_PA1_to_C1,1D,144,16,5.0,0.6,0.6,51.74137630049833,196.68307631020824,-82.4397969481123,62.58,161.18,-51.8,55.51877683443172,194.44631835989088,-81.45077769757573,45.11848210973664,1.9337318031386683
A_PA1_to_C1,1D,145,1,5.0,0.6,0.6,52.97070413149112,195.94728477271042,-82.11485016116147,63.89,160.66,-51.8,49.216822549347505,198.21780742217067,-83.11639894456196,51.054949590751306,0.0
A_PA1_to_C1,1D,145,2,5.0,0.6,0.6,52.97070413149112,195.94728477271042,-82.11485016116147,63.89,160.66,-51.8,49.71734009363332,197.9150710689093,-82.98285910677524,50.608055793954506,0.13835721263058964
A_PA1_to_C1,1D,145,3,5.0,0.6,0.6,52.97070413149112,195.94728477271042,-82.11485016116147,63.89,160.66,-51.8,50.21785763791913,197.61233471564793,-82.8493192689885,50.164357314470465,0.2757251629352453
A_PA1_to_C1,1D,145,4,5.0,0.6,0.6,52.97070413149112,195.94728477271042,-82.11485016116147,63.89,160.66,-51.8,50.71837518220495,197.30959836238657,-82.71577943120177,49.723939690090134,0.4120773686257504
A_PA1_to_C1,1D,145,5,5.0,0.6,0.6,52.97070413149112,195.94728477271042,-82.11485016116147,63.89,160.66,-51.8,51.218892726490765,197.0068620091252,-82.58223959341504,49.28689087205214,0.5473866002164609
A_PA1_to_C1,1D,145,6,5.0,0.6,0.6,52.97070413149112,195.94728477271042,-82.11485016116147,63.89,160.66,-51.8,51.71941027077658,196.70412565586383,-82.4486997556283,48.85330127395108,0.6816248658824229
A_PA1_to_C1,1D,145,7,5.0,0.6,0.6,52.97070413149112,195.94728477271042,-82.11485016116147,63.89,160.66,-51.8,52.2199278150624,196.40138930260247,-82.31515991784157,48.42326381909098,0.8147633967988632
A_PA1_to_C1,1D,145,8,5.0,0.6,0.6,52.97070413149112,195.94728477271042,-82.11485016116147,63.89,160.66,-51.8,52.72044535934821,196.0986529493411,-82.18162008005484,47.99687398594976,0.9467726330654944
A_PA1_to_C1,1D,145,9,5.0,0.6,0.6,52.97070413149112,195.94728477271042,-82.11485016116147,63.89,160.66,-51.8,53.220962903634025,195.79591659607973,-82.0480802422681,47.57422985139113,1.0776222103282276
A_PA1_to_C1,1D,145,10,5.0,0.6,0.6,52.97070413149112,195.94728477271042,-82.11485016116147,63.89,160.66,-51.8,53.72148044791984,195.49318024281837,-81.91454040448137,47.155432131228,1.2072809472208395
A_PA1_to_C1,1D,145,11,5.0,0.6,0.6,52.97070413149112,195.94728477271042,-82.11485016116147,63.89,160.66,-51.8,54.22199799220566,195.190443889557,-81.78100056669464,46.740584217708545,1.3357168337593688
A_PA1_to_C1,1D,145,12,5.0,0.6,0.6,52.97070413149112,195.94728477271042,-82.11485016116147,63.89,160.66,-51.8,54.72251553649147,194.88770753629564,-81.6474607289079,46.32979221346194,1.4628970208326209
A_PA1_to_C1,1D,145,13,5.0,0.6,0.6,52.97070413149112,195.94728477271042,-82.11485016116147,63.89,160.66,-51.8,55.223033080777284,194.58497118303427,-81.51392089112117,45.92316496140498,1.5887878109431366
A_PA1_to_C1,1D,145,14,5.0,0.6,0.6,52.97070413149112,195.94728477271042,-82.11485016116147,63.89,160.66,-51.8,55.723550625063105,194.2822348297729,-81.38038105333445,45.52081407007424,1.7133546503644173
A_PA1_to_C1,1D,145,15,5.0,0.6,0.6,52.97070413149112,195.94728477271042,-82.11485016116147,63.89,160.66,-51.8,56.22406816934892,193.97949847651154,-81.2468412155477,45.12285393381189,1.8365621228914613
A_PA1_to_C1,1D,145,16,5.0,0.6,0.6,52.97070413149112,195.94728477271042,-82.11485016116147,63.89,160.66,-51.8,56.72458571363473,193.67676212325017,-81.11330137776098,44.729401747195084,1.9583739453734434
A_PA1_to_C1,1D,146,1,5.0,0.6,0.6,54.19236807897806,195.20060217646073,-81.78586373787523,65.19,160.14,-51.8,50.46191978943586,197.50408505542876,-82.79963007453905,50.73429080490229,0.0
A_PA1_to_C1,1D,146,2,5.0,0.6,0.6,54.19236807897806,195.20060217646073,-81.78586373787523,65.19,160.14,-51.8,50.959312894708155,197.1969540048997,-82.66446122965054,50.28265369495304,0.13982573063444192
A_PA1_to_C1,1D,146,3,5.0,0.6,0.6,54.19236807897806,195.20060217646073,-81.78586373787523,65.19,160.14,-51.8,51.45670599998045,196.88982295437063,-82.52929238476203,49.834147547005905,0.27868212318773544
A_PA1_to_C1,1D,146,4,5.0,0.6,0.6,54.19236807897806,195.20060217646073,-81.78586373787523,65.19,160.14,-51.8,51.954099105252745,196.58269190384155,-82.39412353987352,49.38885765906045,0.4165427696104764
A_PA1_to_C1,1D,146,5,5.0,0.6,0.6,54.19236807897806,195.20060217646073,-81.78586373787523,65.19,160.14,-51.8,52.45149221052504,196.2755608533125,-82.25895469498502,48.94687181012813,0.5533804937381301
A_PA1_to_C1,1D,146,6,5.0,0.6,0.6,54.19236807897806,195.20060217646073,-81.78586373787523,65.19,160.14,-51.8,52.94888531579733,195.96842980278342,-82.12378585009651,48.508280315089465,0.6891673343073759
A_PA1_to_C1,1D,146,7,5.0,0.6,0.6,54.19236807897806,195.20060217646073,-81.78586373787523,65.19,160.14,-51.8,53.44627842106962,195.66129875225434,-81.988617005208,48.0731760783233,0.8238745283526274
A_PA1_to_C1,1D,146,8,5.0,0.6,0.6,54.19236807897806,195.20060217646073,-81.78586373787523,65.19,160.14,-51.8,53.943671526341916,195.35416770172526,-81.85344816031949,47.64165464577878,0.9574724950846782
A_PA1_to_C1,1D,146,9,5.0,0.6,0.6,54.19236807897806,195.20060217646073,-81.78586373787523,65.19,160.14,-51.8,54.44106463161421,195.0470366511962,-81.71827931543098,47.21381425512915,1.0899308203632003
A_PA1_to_C1,1D,146,10,5.0,0.6,0.6,54.19236807897806,195.20060217646073,-81.78586373787523,65.19,160.14,-51.8,54.938457736886505,194.73990560066713,-81.58311047054247,46.78975588361213,1.2212182418854987
A_PA1_to_C1,1D,146,11,5.0,0.6,0.6,54.19236807897806,195.20060217646073,-81.78586373787523,65.19,160.14,-51.8,55.4358508421588,194.43277455013805,-81.44794162565395,46.36958329312649,1.3513026352247053
A_PA1_to_C1,1D,146,12,5.0,0.6,0.6,54.19236807897806,195.20060217646073,-81.78586373787523,65.19,160.14,-51.8,55.93324394743109,194.12564349960897,-81.31277278076544,45.95340307211617,1.480151000862577
A_PA1_to_C1,1D,146,13,5.0,0.6,0.6,54.19236807897806,195.20060217646073,-81.78586373787523,65.19,160.14,-51.8,56.43063705270338,193.81851244907992,-81.17760393587695,45.54132467373515,1.6077294523737287
A_PA1_to_C1,1D,146,14,5.0,0.6,0.6,54.19236807897806,195.20060217646073,-81.78586373787523,65.19,160.14,-51.8,56.92803015797568,193.51138139855084,-81.04243509098843,45.133460449745456,1.7340032059309074
A_PA1_to_C1,1D,146,15,5.0,0.6,0.6,54.19236807897806,195.20060217646073,-81.78586373787523,65.19,160.14,-51.8,57.42542326324797,193.20425034802176,-80.90726624609992,44.72992567955951,1.8589365713135546
A_PA1_to_C1,1D,146,16,5.0,0.6,0.6,54.19236807897806,195.20060217646073,-81.78586373787523,65.19,160.14,-51.8,57.922816368520266,192.8971192974927,-80.77209740121141,44.33083859379493,1.9824929446152808
A_PA1_to_C1,1D,147,1,5.0,0.6,0.6,55.40639861693578,194.44328844032668,-81.45293907592712,66.49,159.6,-51.8,51.699282745626384,196.77894270843524,-82.47861497822385,50.420397804837236,0.0
A_PA1_to_C1,1D,147,2,5.0,0.6,0.6,55.40639861693578,194.44328844032668,-81.45293907592712,66.49,159.6,-51.8,52.19356486180097,196.46752213935412,-82.34185819125095,49.96406056487984,0.14128087924377652
A_PA1_to_C1,1D,147,3,5.0,0.6,0.6,55.40639861693578,194.44328844032668,-81.45293907592712,66.49,159.6,-51.8,52.68784697797556,196.15610157027297,-82.20510140427805,49.510788536074884,0.281612776706611
A_PA1_to_C1,1D,147,4,5.0,0.6,0.6,55.40639861693578,194.44328844032668,-81.45293907592712,66.49,159.6,-51.8,53.18212909415014,195.84468100119182,-82.06834461730516,49.06066667705267,0.42096938940698614
A_PA1_to_C1,1D,147,5,5.0,0.6,0.6,55.40639861693578,194.44328844032668,-81.45293907592712,66.49,159.6,-51.8,53.67641121032473,195.5332604321107,-81.93158783033226,48.6137824914891,0.5593236264235735
A_PA1_to_C1,1D,147,6,5.0,0.6,0.6,55.40639861693578,194.44328844032668,-81.45293907592712,66.49,159.6,-51.8,54.17069332649932,195.22183986302954,-81.79483104335937,48.17022608897278,0.6966475900509153
A_PA1_to_C1,1D,147,7,5.0,0.6,0.6,55.40639861693578,194.44328844032668,-81.45293907592712,66.49,159.6,-51.8,54.6649754426739,194.9104192939484,-81.65807425638647,47.73009024499846,0.8329125572256277
A_PA1_to_C1,1D,147,8,5.0,0.6,0.6,55.40639861693578,194.44328844032668,-81.45293907592712,66.49,159.6,-51.8,55.15925755884849,194.59899872486724,-81.52131746941357,47.29347045976474,0.9680889613227546
A_PA1_to_C1,1D,147,9,5.0,0.6,0.6,55.40639861693578,194.44328844032668,-81.45293907592712,66.49,159.6,-51.8,55.653539675023076,194.28757815578612,-81.38456068244066,46.860465015421944,1.1021463744319782
A_PA1_to_C1,1D,147,10,5.0,0.6,0.6,55.40639861693578,194.44328844032668,-81.45293907592712,66.49,159.6,-51.8,56.147821791197664,193.97615758670497,-81.24780389546777,46.43117503137872,1.2350534902348347
A_PA1_to_C1,1D,147,11,5.0,0.6,0.6,55.40639861693578,194.44328844032668,-81.45293907592712,66.49,159.6,-51.8,56.642103907372245,193.66473701762382,-81.11104710849487,46.00570451723862,1.366778107615671
A_PA1_to_C1,1D,147,12,5.0,0.6,0.6,55.40639861693578,194.44328844032668,-81.45293907592712,66.49,159.6,-51.8,57.136386023546834,193.35331644854267,-80.97429032152198,45.584160422897035,1.4972871151517655
A_PA1_to_C1,1D,147,13,5.0,0.6,0.6,55.40639861693578,194.44328844032668,-81.45293907592712,66.49,159.6,-51.8,57.63066813972142,193.04189587946155,-80.83753353454908,45.166652685287154,1.6265464766408932
A_PA1_to_C1,1D,147,14,5.0,0.6,0.6,55.40639861693578,194.44328844032668,-81.45293907592712,66.49,159.6,-51.8,58.124950255896,192.7304753103804,-80.70077674757619,44.75329427121874,1.7545212178385423
A_PA1_to_C1,1D,147,15,5.0,0.6,0.6,55.40639861693578,194.44328844032668,-81.45293907592712,66.49,159.6,-51.8,58.61923237207059,192.41905474129925,-80.56401996060329,44.3442012157085,1.88117541459094
A_PA1_to_C1,1D,147,16,5.0,0.6,0.6,55.40639861693578,194.44328844032668,-81.45293907592712,66.49,159.6,-51.8,59.11351448824518,192.10763417221813,-80.4272631736304,43.93949265515236,2.0064721825649787
A_PA1_to_C1,1D,148,1,5.0,0.6,0.6,56.61283103800743,193.6755986866025,-81.11617586847466,67.79,159.06,-51.8,52.92893134678801,196.04264819437486,-82.1534606378549,50.098904196381234,0.0
A_PA1_to_C1,1D,148,2,5.0,0.6,0.6,56.61283103800743,193.6755986866025,-81.11617586847466,67.79,159.06,-51.8,53.42011797228393,195.72704159333853,-82.01515600193754,49.63789984396517,0.14272580570156812
A_PA1_to_C1,1D,148,3,5.0,0.6,0.6,56.61283103800743,193.6755986866025,-81.11617586847466,67.79,159.06,-51.8,53.91130459777986,195.41143499230222,-81.87685136602018,49.17989426748344,0.28452319780117463
A_PA1_to_C1,1D,148,4,5.0,0.6,0.6,56.61283103800743,193.6755986866025,-81.11617586847466,67.79,159.06,-51.8,54.40249122327578,195.0958283912659,-81.7385467301028,48.7249720307994,0.42536599553617194
A_PA1_to_C1,1D,148,5,5.0,0.6,0.6,56.61283103800743,193.6755986866025,-81.11617586847466,67.79,159.06,-51.8,54.8936778487717,194.7802217902296,-81.60024209418543,48.27322030529471,0.5652272108627017
A_PA1_to_C1,1D,148,6,5.0,0.6,0.6,56.61283103800743,193.6755986866025,-81.11617586847466,67.79,159.06,-51.8,55.38486447426762,194.4646151891933,-81.46193745826807,47.82472893686749,0.7040790277132345
A_PA1_to_C1,1D,148,7,5.0,0.6,0.6,56.61283103800743,193.6755986866025,-81.11617586847466,67.79,159.06,-51.8,55.876051099763544,194.149008588157,-81.3236328223507,47.37959051243673,0.8418927814069672
A_PA1_to_C1,1D,148,8,5.0,0.6,0.6,56.61283103800743,193.6755986866025,-81.11617586847466,67.79,159.06,-51.8,56.367237725259464,193.83340198712068,-81.18532818643334,46.93790042564237,0.9786389383092473
A_PA1_to_C1,1D,148,9,5.0,0.6,0.6,56.61283103800743,193.6755986866025,-81.11617586847466,67.79,159.06,-51.8,56.85842435075539,193.51779538608434,-81.04702355051597,46.4997569413954,1.1142870758470078
A_PA1_to_C1,1D,148,10,5.0,0.6,0.6,56.61283103800743,193.6755986866025,-81.11617586847466,67.79,159.06,-51.8,57.34961097625131,193.20218878504804,-80.90871891459861,46.065261258894246,1.2488058629990668
A_PA1_to_C1,1D,148,11,5.0,0.6,0.6,56.61283103800743,193.6755986866025,-81.11617586847466,67.79,159.06,-51.8,57.840797601747234,192.88658218401173,-80.77041427868124,45.63451757268303,1.3821630413926336
A_PA1_to_C1,1D,148,12,5.0,0.6,0.6,56.61283103800743,193.6755986866025,-81.11617586847466,67.79,159.06,-51.8,58.331984227243154,192.57097558297542,-80.63210964276388,45.20763313128492,1.5143254071505616
A_PA1_to_C1,1D,148,13,5.0,0.6,0.6,56.61283103800743,193.6755986866025,-81.11617586847466,67.79,159.06,-51.8,58.823170852739075,192.2553689819391,-80.49380500684651,44.78471829289745,1.64525879364823
A_PA1_to_C1,1D,148,14,5.0,0.6,0.6,56.61283103800743,193.6755986866025,-81.11617586847466,67.79,159.06,-51.8,59.314357478234996,191.9397623809028,-80.35550037092914,44.36588657758928,1.7749280553535467
A_PA1_to_C1,1D,148,15,5.0,0.6,0.6,56.61283103800743,193.6755986866025,-81.11617586847466,67.79,159.06,-51.8,59.805544103730924,191.6241557798665,-80.21719573501177,43.95125471538725,1.9032970529393136
A_PA1_to_C1,1D,148,16,5.0,0.6,0.6,56.61283103800743,193.6755986866025,-81.11617586847466,67.79,159.06,-51.8,60.296730729226844,191.30854917883016,-80.0788910990944,43.54094268959024,2.030328639873373
A_PA1_to_C1,1D,149,1,5.0,0.6,0.6,57.811705742301854,192.89778461982107,-80.77567078527012,69.08,158.5,-51.8,54.150891570862406,195.29546612098494,-81.82427129126117,49.781939216152956,0.0
A_PA1_to_C1,1D,149,2,5.0,0.6,0.6,57.811705742301854,192.89778461982107,-80.77567078527012,69.08,158.5,-51.8,54.63900012705433,194.9757752541631,-81.68445789046237,49.31638146832604,0.1441355256430068
A_PA1_to_C1,1D,149,3,5.0,0.6,0.6,57.811705742301854,192.89778461982107,-80.77567078527012,69.08,158.5,-51.8,55.12710868324626,194.65608438734125,-81.54464448966357,48.85375615178588,0.28736317782262333
A_PA1_to_C1,1D,149,4,5.0,0.6,0.6,57.811705742301854,192.89778461982107,-80.77567078527012,69.08,158.5,-51.8,55.61521723943819,194.33639352051938,-81.40483108886475,48.39414736460246,0.4296569199846729
A_PA1_to_C1,1D,149,5,5.0,0.6,0.6,57.811705742301854,192.89778461982107,-80.77567078527012,69.08,158.5,-51.8,56.10332579563011,194.01670265369754,-81.26501768806595,47.93764187103454,0.5709898901295389
A_PA1_to_C1,1D,149,6,5.0,0.6,0.6,57.811705742301854,192.89778461982107,-80.77567078527012,69.08,158.5,-51.8,56.59143435182204,193.6970117868757,-81.12520428726714,47.48432917462632,0.7113343781816219
A_PA1_to_C1,1D,149,7,5.0,0.6,0.6,57.811705742301854,192.89778461982107,-80.77567078527012,69.08,158.5,-51.8,57.07954290801396,193.37732092005385,-80.98539088646834,47.034301591210784,0.8506618033876681
A_PA1_to_C1,1D,149,8,5.0,0.6,0.6,57.811705742301854,192.89778461982107,-80.77567078527012,69.08,158.5,-51.8,57.56765146420589,193.057630053232,-80.84557748566952,46.58765432152253,0.988942691836046
A_PA1_to_C1,1D,149,9,5.0,0.6,0.6,57.811705742301854,192.89778461982107,-80.77567078527012,69.08,158.5,-51.8,58.05576002039782,192.73793918641013,-80.70576408487072,46.14448552308694,1.1261466542000047
A_PA1_to_C1,1D,149,10,5.0,0.6,0.6,57.811705742301854,192.89778461982107,-80.77567078527012,69.08,158.5,-51.8,58.543868576589745,192.4182483195883,-80.56595068407191,45.70489638101243,1.2622423638205955
A_PA1_to_C1,1D,149,11,5.0,0.6,0.6,57.811705742301854,192.89778461982107,-80.77567078527012,69.08,158.5,-51.8,59.03197713278167,192.09855745276644,-80.4261372832731,45.268991177270436,1.397197535257746
A_PA1_to_C1,1D,149,12,5.0,0.6,0.6,57.811705742301854,192.89778461982107,-80.77567078527012,69.08,158.5,-51.8,59.520085688973595,191.7788665859446,-80.28632388247429,44.83687735800178,1.530978903452377
A_PA1_to_C1,1D,149,13,5.0,0.6,0.6,57.811705742301854,192.89778461982107,-80.77567078527012,69.08,158.5,-51.8,60.00819424516552,191.45917571912275,-80.14651048167549,44.40866559834012,1.6635522036572237
A_PA1_to_C1,1D,149,14,5.0,0.6,0.6,57.811705742301854,192.89778461982107,-80.77567078527012,69.08,158.5,-51.8,60.496302801357444,191.13948485230088,-80.00669708087668,43.9844698641907,1.7948821523102954
A_PA1_to_C1,1D,149,15,5.0,0.6,0.6,57.811705742301854,192.89778461982107,-80.77567078527012,69.08,158.5,-51.8,60.98441135754938,190.81979398547904,-79.86688368007788,43.56440747034905,1.924932429041455
A_PA1_to_C1,1D,149,16,5.0,0.6,0.6,57.811705742301854,192.89778461982107,-80.77567078527012,69.08,158.5,-51.8,61.4725199137413,190.5001031186572,-79.72707027927908,43.14859913428603,2.0536656600207195
A_PA1_to_C1,1D,150,1,5.0,0.6,0.6,59.0030673546265,192.11009300087846,-80.431518605454,70.37,157.93,-51.8,55.3651954360611,194.5376591683309,-81.49114609035311,49.465432636795704,0.0
A_PA1_to_C1,1D,150,2,5.0,0.6,0.6,59.0030673546265,192.11009300087846,-80.431518605454,70.37,157.93,-51.8,55.85024502520316,194.21398367933725,-81.3498624256999,48.99535820410276,0.1455338800906958
A_PA1_to_C1,1D,150,3,5.0,0.6,0.6,59.0030673546265,192.11009300087846,-80.431518605454,70.37,157.93,-51.8,56.33529461434521,193.89030819034357,-81.20857876104668,48.528148791719886,0.29018075698941814
A_PA1_to_C1,1D,150,4,5.0,0.6,0.6,59.0030673546265,192.11009300087846,-80.431518605454,70.37,157.93,-51.8,56.82034420348726,193.56663270134993,-81.06729509639347,48.06388794879448,0.4339147640870671
A_PA1_to_C1,1D,150,5,5.0,0.6,0.6,59.0030673546265,192.11009300087846,-80.431518605454,70.37,157.93,-51.8,57.30539379262932,193.24295721235626,-80.92601143174025,47.60266194612688,0.5767091921575318
A_PA1_to_C1,1D,150,6,5.0,0.6,0.6,59.0030673546265,192.11009300087846,-80.431518605454,70.37,157.93,-51.8,57.79044338177137,192.91928172336262,-80.78472776708703,47.14455985540859,0.7185364648257337
A_PA1_to_C1,1D,150,7,5.0,0.6,0.6,59.0030673546265,192.11009300087846,-80.431518605454,70.37,157.93,-51.8,58.27549297091342,192.59560623436894,-80.64344410243382,46.68967362879256,0.8593681139328613
A_PA1_to_C1,1D,150,8,5.0,0.6,0.6,59.0030673546265,192.11009300087846,-80.431518605454,70.37,157.93,-51.8,58.76054256005548,192.2719307453753,-80.5021604377806,46.23809817851654,0.9991747548851908
A_PA1_to_C1,1D,150,9,5.0,0.6,0.6,59.0030673546265,192.11009300087846,-80.431518605454,70.37,157.93,-51.8,59.24559214919753,191.94825525638163,-80.3608767731274,45.789931456261215,1.1379260620849827
A_PA1_to_C1,1D,150,10,5.0,0.6,0.6,59.0030673546265,192.11009300087846,-80.431518605454,70.37,157.93,-51.8,59.730641738339585,191.62457976738798,-80.21959310847419,45.345274531885536,1.2755907445542327
A_PA1_to_C1,1D,150,11,5.0,0.6,0.6,59.0030673546265,192.11009300087846,-80.431518605454,70.37,157.93,-51.8,60.215691327481636,191.3009042783943,-80.07830944382097,44.90423167113576,1.4121365218761444
A_PA1_to_C1,1D,150,12,5.0,0.6,0.6,59.0030673546265,192.11009300087846,-80.431518605454,70.37,157.93,-51.8,60.70074091662369,190.97722878940067,-79.93702577916775,44.46691041187816,1.5475301005936668
A_PA1_to_C1,1D,150,13,5.0,0.6,0.6,59.0030673546265,192.11009300087846,-80.431518605454,70.37,157.93,-51.8,61.185790505765745,190.653553300407,-79.79574211451454,44.03342163835288,1.6817371512206893
A_PA1_to_C1,1D,150,14,5.0,0.6,0.6,59.0030673546265,192.11009300087846,-80.431518605454,70.37,157.93,-51.8,61.670840094907796,190.32987781141335,-79.65445844986132,43.60387965289247,1.8147222860381529
A_PA1_to_C1,1D,150,15,5.0,0.6,0.6,59.0030673546265,192.11009300087846,-80.431518605454,70.37,157.93,-51.8,62.155889684049846,190.00620232241968,-79.51317478520811,43.17840224448902,1.9464490378658468
A_PA1_to_C1,1D,150,16,5.0,0.6,0.6,59.0030673546265,192.11009300087846,-80.431518605454,70.37,157.93,-51.8,62.640939273191904,189.68252683342604,-79.37189112055489,42.7571107535327,2.0768798400195063
A_PA1_to_C1,1D,151,1,5.0,0.6,0.6,60.18696445293098,191.3127651870468,-80.0838131635974,71.65,157.35,-51.8,56.571881163331234,193.76948576984466,-81.15418542936011,49.14668670026375,0.0
A_PA1_to_C1,1D,151,2,5.0,0.6,0.6,60.18696445293098,191.3127651870468,-80.0838131635974,71.65,157.35,-51.8,57.0538922686112,193.44192302547162,-81.01146912725842,48.67220148252645,0.1468994482158834
A_PA1_to_C1,1D,151,3,5.0,0.6,0.6,60.18696445293098,191.3127651870468,-80.0838131635974,71.65,157.35,-51.8,57.535903373891166,193.11436028109858,-80.86875282515672,48.20051431984327,0.29293262551717447
A_PA1_to_C1,1D,151,4,5.0,0.6,0.6,60.18696445293098,191.3127651870468,-80.0838131635974,71.65,157.35,-51.8,58.01791447917113,192.78679753672552,-80.72603652305503,47.73170816385249,0.4380738502821231
A_PA1_to_C1,1D,151,5,5.0,0.6,0.6,60.18696445293098,191.3127651870468,-80.0838131635974,71.65,157.35,-51.8,58.4999255844511,192.45923479235248,-80.58332022095333,47.265868740360084,0.5822965820135177
A_PA1_to_C1,1D,151,6,5.0,0.6,0.6,60.18696445293098,191.3127651870468,-80.0838131635974,71.65,157.35,-51.8,58.981936689731064,192.13167204797944,-80.44060391885164,46.80308463469813,0.7255733949119563
A_PA1_to_C1,1D,151,7,5.0,0.6,0.6,60.18696445293098,191.3127651870468,-80.0838131635974,71.65,157.35,-51.8,59.46394779501103,191.80410930360637,-80.29788761674995,46.34344737786003,0.8678759512085819
A_PA1_to_C1,1D,151,8,5.0,0.6,0.6,60.18696445293098,191.3127651870468,-80.0838131635974,71.65,157.35,-51.8,59.945958900291,191.47654655923333,-80.15517131464824,45.887051533153105,1.0091749743376592
A_PA1_to_C1,1D,151,9,5.0,0.6,0.6,60.18696445293098,191.3127651870468,-80.0838131635974,71.65,157.35,-51.8,60.42797000557096,191.1489838148603,-80.01245501254655,45.43399478306983,1.149440222041461
A_PA1_to_C1,1D,151,10,5.0,0.6,0.6,60.18696445293098,191.3127651870468,-80.0838131635974,71.65,157.35,-51.8,60.90998111085093,190.82142107048725,-79.86973871044485,44.98437801603778,1.288640459512683
A_PA1_to_C1,1D,151,11,5.0,0.6,0.6,60.18696445293098,191.3127651870468,-80.0838131635974,71.65,157.35,-51.8,61.391992216130895,190.49385832611418,-79.72702240834316,44.538305412661906,1.4267434326940691
A_PA1_to_C1,1D,151,12,5.0,0.6,0.6,60.18696445293098,191.3127651870468,-80.0838131635974,71.65,157.35,-51.8,61.87400332141086,190.16629558174114,-79.58430610624147,44.09588453102304,1.563715841870188
A_PA1_to_C1,1D,151,13,5.0,0.6,0.6,60.18696445293098,191.3127651870468,-80.0838131635974,71.65,157.35,-51.8,62.35601442669083,189.8387328373681,-79.44158980413977,43.65722639054253,1.6995233157031624
A_PA1_to_C1,1D,151,14,5.0,0.6,0.6,60.18696445293098,191.3127651870468,-80.0838131635974,71.65,157.35,-51.8,62.83802553197079,189.51117009299503,-79.29887350203808,43.22244555386529,1.834130385881874
A_PA1_to_C1,1D,151,15,5.0,0.6,0.6,60.18696445293098,191.3127651870468,-80.0838131635974,71.65,157.35,-51.8,63.32003663725076,189.183607348622,-79.15615719993637,42.79166020615017,1.967500462573863
A_PA1_to_C1,1D,151,16,5.0,0.6,0.6,60.18696445293098,191.3127651870468,-80.0838131635974,71.65,157.35,-51.8,63.802047742530725,188.85604460424895,-79.01344089783468,42.364992231090795,2.0995958108894595
A_PA1_to_C1,1D,152,1,5.0,0.6,0.6,61.363448392895926,190.5060368241799,-79.73264497029759,72.93,156.77,-51.8,57.770988644260086,192.9911959847509,-80.81348580088333,48.82164501701315,0.0
A_PA1_to_C1,1D,152,2,5.0,0.6,0.6,61.363448392895926,190.5060368241799,-79.73264497029759,72.93,156.77,-51.8,58.24998327741154,192.6598414300081,-80.66937369013857,48.342779668813705,0.14825552575834244
A_PA1_to_C1,1D,152,3,5.0,0.6,0.6,61.363448392895926,190.5060368241799,-79.73264497029759,72.93,156.77,-51.8,58.72897791056298,192.3284868752653,-80.5252615793938,47.86664464998241,0.29566574830673
A_PA1_to_C1,1D,152,4,5.0,0.6,0.6,61.363448392895926,190.5060368241799,-79.73264497029759,72.93,156.77,-51.8,59.207972543714426,191.9971323205225,-80.38114946864903,47.393322251008236,0.44220519071359554
A_PA1_to_C1,1D,152,5,5.0,0.6,0.6,61.363448392895926,190.5060368241799,-79.73264497029759,72.93,156.77,-51.8,59.68696717686587,191.6657777657797,-80.23703735790427,46.92289758665949,0.58784750165748
A_PA1_to_C1,1D,152,6,5.0,0.6,0.6,61.363448392895926,190.5060368241799,-79.73264497029759,72.93,156.77,-51.8,60.165961810017315,191.3344232110369,-80.0929252471595,46.455458687525166,0.7325654270860635
A_PA1_to_C1,1D,152,7,5.0,0.6,0.6,61.363448392895926,190.5060368241799,-79.73264497029759,72.93,156.77,-51.8,60.64495644316876,191.0030686562941,-79.94881313641473,45.99109659280347,0.8763307814890648
A_PA1_to_C1,1D,152,8,5.0,0.6,0.6,61.363448392895926,190.5060368241799,-79.73264497029759,72.93,156.77,-51.8,61.1239510763202,190.6717141015513,-79.80470102566997,45.529905444101274,1.019114418858166
A_PA1_to_C1,1D,152,9,5.0,0.6,0.6,61.363448392895926,190.5060368241799,-79.73264497029759,72.93,156.77,-51.8,61.60294570947165,190.3403595468085,-79.6605889149252,45.07198257996895,1.1608862034192562
A_PA1_to_C1,1D,152,10,5.0,0.6,0.6,61.363448392895926,190.5060368241799,-79.73264497029759,72.93,156.77,-51.8,62.08194034262309,190.00900499206568,-79.51647680418044,44.61742863085285,1.301614980235387
A_PA1_to_C1,1D,152,11,5.0,0.6,0.6,61.363448392895926,190.5060368241799,-79.73264497029759,72.93,156.77,-51.8,62.560934975774536,189.67765043732288,-79.37236469343567,44.16634761409947,1.441268545793708
A_PA1_to_C1,1D,152,12,5.0,0.6,0.6,61.363448392895926,190.5060368241799,-79.73264497029759,72.93,156.77,-51.8,63.03992960892598,189.34629588258008,-79.2282525826909,43.71884702859503,1.5798136187053
A_PA1_to_C1,1D,152,13,5.0,0.6,0.6,61.363448392895926,190.5060368241799,-79.73264497029759,72.93,156.77,-51.8,63.518924242077425,189.01494132783728,-79.08414047194614,43.27503794856702,1.7172158106644364
A_PA1_to_C1,1D,152,14,5.0,0.6,0.6,61.363448392895926,190.5060368241799,-79.73264497029759,72.93,156.77,-51.8,63.99791887522887,188.68358677309448,-78.94002836120137,42.83503511601383,1.8534395978326081
A_PA1_to_C1,1D,152,15,5.0,0.6,0.6,61.363448392895926,190.5060368241799,-79.73264497029759,72.93,156.77,-51.8,64.47691350838032,188.35223221835167,-78.7959162504566,42.39895703116245,1.9884482928330325
A_PA1_to_C1,1D,152,16,5.0,0.6,0.6,61.363448392895926,190.5060368241799,-79.73264497029759,72.93,156.77,-51.8,64.95590814153176,188.02087766360887,-78.65180413971184,41.966926040283,2.1222040175635133
A_PA1_to_C1,1D,153,1,5.0,0.6,0.6,62.53257525076112,189.69013986366625,-79.37810395588245,74.2,156.17,-51.8,58.962563060033034,192.20303576937718,-80.46914342588987,48.50236010784352,0.0
A_PA1_to_C1,1D,153,2,5.0,0.6,0.6,62.53257525076112,189.69013986366625,-79.37810395588245,74.2,156.17,-51.8,59.43856468546344,191.86798298194907,-80.32367149655555,48.01922320454788,0.14957798863642324
A_PA1_to_C1,1D,153,3,5.0,0.6,0.6,62.53257525076112,189.69013986366625,-79.37810395588245,74.2,156.17,-51.8,59.91456631089385,191.53293019452093,-80.17819956722123,47.53874901914695,0.2983316064076078
A_PA1_to_C1,1D,153,4,5.0,0.6,0.6,62.53257525076112,189.69013986366625,-79.37810395588245,74.2,156.17,-51.8,60.39056793632427,191.19787740709282,-80.03272763788691,47.06101910756612,0.4462356038010533
A_PA1_to_C1,1D,153,5,5.0,0.6,0.6,62.53257525076112,189.69013986366625,-79.37810395588245,74.2,156.17,-51.8,60.86656956175468,190.86282461966468,-79.88725570855257,46.58611789557012,0.5932638428091028
A_PA1_to_C1,1D,153,6,5.0,0.6,0.6,62.53257525076112,189.69013986366625,-79.37810395588245,74.2,156.17,-51.8,61.342571187185094,190.52777183223657,-79.74178377921825,46.1141327763758,0.7393892667082742
A_PA1_to_C1,1D,153,7,5.0,0.6,0.6,62.53257525076112,189.69013986366625,-79.37810395588245,74.2,156.17,-51.8,61.8185728126155,190.19271904480843,-79.59631184988393,45.64515420999773,0.8845838693021033
A_PA1_to_C1,1D,153,8,5.0,0.6,0.6,62.53257525076112,189.69013986366625,-79.37810395588245,74.2,156.17,-51.8,62.29457443804591,189.85766625738032,-79.45083992054961,45.17927582411798,1.0288186636921193
A_PA1_to_C1,1D,153,9,5.0,0.6,0.6,62.53257525076112,189.69013986366625,-79.37810395588245,74.2,156.17,-51.8,62.77057606347633,189.52261346995218,-79.30536799121529,44.716594516230636,1.1720636506541453
A_PA1_to_C1,1D,153,10,5.0,0.6,0.6,62.53257525076112,189.69013986366625,-79.37810395588245,74.2,156.17,-51.8,63.24657768890674,189.18756068252407,-79.15989606188097,44.25721055676968,1.3142877867101692
A_PA1_to_C1,1D,153,11,5.0,0.6,0.6,62.53257525076112,189.69013986366625,-79.37810395588245,74.2,156.17,-51.8,63.722579314337146,188.85250789509593,-79.01442413254665,43.80122769287982,1.4554589520011465
A_PA1_to_C1,1D,153,12,5.0,0.6,0.6,62.53257525076112,189.69013986366625,-79.37810395588245,74.2,156.17,-51.8,64.19858093976757,188.51745510766781,-78.86895220321233,43.348753252438065,1.5955439180821855
A_PA1_to_C1,1D,153,13,5.0,0.6,0.6,62.53257525076112,189.69013986366625,-79.37810395588245,74.2,156.17,-51.8,64.67458256519797,188.18240232023967,-78.723480273878,42.89989824787485,1.7345083157797738
A_PA1_to_C1,1D,153,14,5.0,0.6,0.6,62.53257525076112,189.69013986366625,-79.37810395588245,74.2,156.17,-51.8,65.15058419062838,187.84734953281156,-78.57800834454368,42.4547774792811,1.8723166032701002
A_PA1_to_C1,1D,153,15,5.0,0.6,0.6,62.53257525076112,189.69013986366625,-79.37810395588245,74.2,156.17,-51.8,65.62658581605879,187.51229674538342,-78.43253641520936,42.01350963621737,2.00893203455918
A_PA1_to_C1,1D,153,16,5.0,0.6,0.6,62.53257525076112,189.69013986366625,-79.37810395588245,74.2,156.17,-51.8,66.1025874414892,187.1772439579553,-78.28706448587504,41.576217397567426,2.1443166285684505
A_PA1_to_C1,1D,154,1,5.0,0.6,0.6,63.69440350185478,188.86530081635576,-79.02027652704841,75.47,155.56,-51.8,60.1466540523069,191.4052467224205,-80.12125274727198,48.18485239988538,0.0
A_PA1_to_C1,1D,154,2,5.0,0.6,0.6,63.69440350185478,188.86530081635576,-79.02027652704841,75.47,155.56,-51.8,60.61968731224662,191.0665872682785,-79.97445591790883,47.69747889180427,0.15088963098486197
A_PA1_to_C1,1D,154,3,5.0,0.6,0.6,63.69440350185478,188.86530081635576,-79.02027652704841,75.47,155.56,-51.8,61.09272057218634,190.72792781413656,-79.82765908854569,47.21269939824975,0.3009761614970987
A_PA1_to_C1,1D,154,4,5.0,0.6,0.6,63.69440350185478,188.86530081635576,-79.02027652704841,75.47,155.56,-51.8,61.56575383212605,190.3892683599946,-79.68086225918255,46.73059464959618,0.45023459761275575
A_PA1_to_C1,1D,154,5,5.0,0.6,0.6,63.69440350185478,188.86530081635576,-79.02027652704841,75.47,155.56,-51.8,62.03878709206577,190.0506089058526,-79.5340654298194,46.2512482873732,0.5986390441214162
A_PA1_to_C1,1D,154,6,5.0,0.6,0.6,63.69440350185478,188.86530081635576,-79.02027652704841,75.47,155.56,-51.8,62.511820352005486,189.71194945171067,-79.38726860045627,45.77474696790382,0.7461626724401089
A_PA1_to_C1,1D,154,7,5.0,0.6,0.6,63.69440350185478,188.86530081635576,-79.02027652704841,75.47,155.56,-51.8,62.984853611945205,189.3732899975687,-79.24047177109313,45.30118046818422,0.8927776878331759
A_PA1_to_C1,1D,154,8,5.0,0.6,0.6,63.69440350185478,188.86530081635576,-79.02027652704841,75.47,155.56,-51.8,63.457886871884924,189.03463054342674,-79.09367494172999,44.83064179382638,1.0384552959934972
A_PA1_to_C1,1D,154,9,5.0,0.6,0.6,63.69440350185478,188.86530081635576,-79.02027652704841,75.47,155.56,-51.8,63.930920131824635,188.69597108928477,-78.94687811236683,44.36322728884529,1.1831656690526593
A_PA1_to_C1,1D,154,10,5.0,0.6,0.6,63.69440350185478,188.86530081635576,-79.02027652704841,75.47,155.56,-51.8,64.40395339176436,188.35731163514282,-78.80008128300369,43.89903674703039,1.3268779111006168
A_PA1_to_C1,1D,154,11,5.0,0.6,0.6,63.69440350185478,188.86530081635576,-79.02027652704841,75.47,155.56,-51.8,64.87698665170407,188.01865218100085,-78.65328445364055,43.43817352459124,1.469560023310878
A_PA1_to_C1,1D,154,12,5.0,0.6,0.6,63.69440350185478,188.86530081635576,-79.02027652704841,75.47,155.56,-51.8,65.35001991164378,187.6799927268589,-78.50648762427741,42.98074465371531,1.611178868783302
A_PA1_to_C1,1D,154,13,5.0,0.6,0.6,63.69440350185478,188.86530081635576,-79.02027652704841,75.47,155.56,-51.8,65.82305317158351,187.34133327271692,-78.35969079491427,42.52686095661485,1.7517001372354581
A_PA1_to_C1,1D,154,14,5.0,0.6,0.6,63.69440350185478,188.86530081635576,-79.02027652704841,75.47,155.56,-51.8,66.29608643152322,187.00267381857495,-78.21289396555113,42.076637159576194,1.8910883096932452
A_PA1_to_C1,1D,154,15,5.0,0.6,0.6,63.69440350185478,188.86530081635576,-79.02027652704841,75.47,155.56,-51.8,66.76911969146295,186.664014364433,-78.06609713618799,41.63019200645134,2.0293066233541914
A_PA1_to_C1,1D,154,16,5.0,0.6,0.6,63.69440350185478,188.86530081635576,-79.02027652704841,75.47,155.56,-51.8,67.24215295140266,186.32535491029103,-77.91930030682484,41.18764837095437,2.166317036820745
A_PA1_to_C1,1D,155,1,5.0,0.6,0.6,64.8489950311793,188.03174176603557,-78.65924735945033,76.73999999999998,154.94,-51.8,61.3233152081814,190.5980672464415,-79.76990271298031,47.86948284132197,0.0
A_PA1_to_C1,1D,155,2,5.0,0.6,0.6,64.8489950311793,188.03174176603557,-78.65924735945033,76.73999999999998,154.94,-51.8,61.79340585124779,190.2558905157207,-79.62181533250966,47.37790843802788,0.1521902177381076
A_PA1_to_C1,1D,155,3,5.0,0.6,0.6,64.8489950311793,188.03174176603557,-78.65924735945033,76.73999999999998,154.94,-51.8,62.263496494314175,189.9137137849999,-79.47372795203898,46.88885825469299,0.30359894322878667
A_PA1_to_C1,1D,155,4,5.0,0.6,0.6,64.8489950311793,188.03174176603557,-78.65924735945033,76.73999999999998,154.94,-51.8,62.73358713738056,189.57153705427913,-79.32564057156833,46.40241210212275,0.45420146724433863
A_PA1_to_C1,1D,155,5,5.0,0.6,0.6,64.8489950311793,188.03174176603557,-78.65924735945033,76.73999999999998,154.94,-51.8,63.203677780446945,189.22936032355832,-79.17755319109766,45.918652738966145,0.6039721679120191
A_PA1_to_C1,1D,155,6,5.0,0.6,0.6,64.8489950311793,188.03174176603557,-78.65924735945033,76.73999999999998,154.94,-51.8,63.67376842351334,188.88718359283754,-79.02946581062699,45.43766598130124,0.7528844767866048
A_PA1_to_C1,1D,155,7,5.0,0.6,0.6,64.8489950311793,188.03174176603557,-78.65924735945033,76.73999999999998,154.94,-51.8,64.14385906657972,188.54500686211676,-78.88137843015633,44.95954081499095,0.9009108440653311
A_PA1_to_C1,1D,155,8,5.0,0.6,0.6,64.8489950311793,188.03174176603557,-78.65924735945033,76.73999999999998,154.94,-51.8,64.6139497096461,188.20283013139596,-78.73329104968566,44.48436951066489,1.0480227029898082
A_PA1_to_C1,1D,155,9,5.0,0.6,0.6,64.8489950311793,188.03174176603557,-78.65924735945033,76.73999999999998,154.94,-51.8,65.08404035271249,187.86065340067518,-78.585203669215,44.01224774114485,1.1941904334913698
A_PA1_to_C1,1D,155,10,5.0,0.6,0.6,64.8489950311793,188.03174176603557,-78.65924735945033,76.73999999999998,154.94,-51.8,65.55413099577888,187.51847666995437,-78.43711628874433,43.54327470108839,1.339383325149715
A_PA1_to_C1,1D,155,11,5.0,0.6,0.6,64.8489950311793,188.03174176603557,-78.65924735945033,76.73999999999998,154.94,-51.8,66.02422163884526,187.1762999392336,-78.28902890827368,43.07755322857813,1.4835695395491761
A_PA1_to_C1,1D,155,12,5.0,0.6,0.6,64.8489950311793,188.03174176603557,-78.65924735945033,76.73999999999998,154.94,-51.8,66.49431228191165,186.8341232085128,-78.14094152780301,42.61518992832859,1.6267160721341725
A_PA1_to_C1,1D,155,13,5.0,0.6,0.6,64.8489950311793,188.03174176603557,-78.65924735945033,76.73999999999998,154.94,-51.8,66.96440292497803,186.491946477792,-77.99285414733234,42.15629529612456,1.7687887136834082
A_PA1_to_C1,1D,155,14,5.0,0.6,0.6,64.8489950311793,188.03174176603557,-78.65924735945033,76.73999999999998,154.94,-51.8,67.43449356804443,186.14976974707122,-77.84476676686168,41.70098384403647,1.9097520115434978
A_PA1_to_C1,1D,155,15,5.0,0.6,0.6,64.8489950311793,188.03174176603557,-78.65924735945033,76.73999999999998,154.94,-51.8,67.90458421111082,185.80759301635044,-77.69667938639101,41.24937422588527,2.0495692307853552
A_PA1_to_C1,1D,155,16,5.0,0.6,0.6,64.8489950311793,188.03174176603557,-78.65924735945033,76.73999999999998,154.94,-51.8,68.3746748541772,185.46541628562963,-77.54859200592036,40.801589362347926,2.1882023154718393
A_PA1_to_C1,1D,156,1,5.0,0.6,0.6,65.99641377848022,187.18967854614155,-78.29510006010506,77.98999999999998,154.31,-51.8,62.492601956680836,189.78172774467936,-79.41518205254059,47.550090379521755,0.0
A_PA1_to_C1,1D,156,2,5.0,0.6,0.6,65.99641377848022,187.18967854614155,-78.29510006010506,77.98999999999998,154.31,-51.8,62.95977686625409,189.43612118487434,-79.26583778688251,47.05448163862834,0.1534392386666923
A_PA1_to_C1,1D,156,3,5.0,0.6,0.6,65.99641377848022,187.18967854614155,-78.29510006010506,77.98999999999998,154.31,-51.8,63.42695177582734,189.0905146250693,-79.11649352122446,46.561329335182585,0.3061179703836441
A_PA1_to_C1,1D,156,4,5.0,0.6,0.6,65.99641377848022,187.18967854614155,-78.29510006010506,77.98999999999998,154.31,-51.8,63.894126685400586,188.74490806526424,-78.96714925556638,46.07071235219461,0.45801177316629804
A_PA1_to_C1,1D,156,5,5.0,0.6,0.6,65.99641377848022,187.18967854614155,-78.29510006010506,77.98999999999998,154.31,-51.8,64.36130159497384,188.3993015054592,-78.81780498990831,45.582712554410136,0.6090953018921432
A_PA1_to_C1,1D,156,6,5.0,0.6,0.6,65.99641377848022,187.18967854614155,-78.29510006010506,77.98999999999998,154.31,-51.8,64.82847650454708,188.05369494565414,-78.66846072425024,45.09741490370929,0.7593422525735178
A_PA1_to_C1,1D,156,7,5.0,0.6,0.6,65.99641377848022,187.18967854614155,-78.29510006010506,77.98999999999998,154.31,-51.8,65.29565141412034,187.70808838584912,-78.51911645859217,44.61490757781109,0.9087253256070174
A_PA1_to_C1,1D,156,8,5.0,0.6,0.6,65.99641377848022,187.18967854614155,-78.29510006010506,77.98999999999998,154.31,-51.8,65.76282632369359,187.36248182604407,-78.3697721929341,44.135282092175956,1.057216188032756
A_PA1_to_C1,1D,156,9,5.0,0.6,0.6,65.99641377848022,187.18967854614155,-78.29510006010506,77.98999999999998,154.31,-51.8,66.23000123326685,187.01687526623903,-78.22042792727602,43.658633424962694,1.2047854348480076
A_PA1_to_C1,1D,156,10,5.0,0.6,0.6,65.99641377848022,187.18967854614155,-78.29510006010506,77.98999999999998,154.31,-51.8,66.69717614284009,186.67126870643398,-78.07108366161795,43.185060144853246,1.3514025494329758
A_PA1_to_C1,1D,156,11,5.0,0.6,0.6,65.99641377848022,187.18967854614155,-78.29510006010506,77.98999999999998,154.31,-51.8,67.16435105241335,186.32566214662896,-77.92173939595988,42.71466454151216,1.4970358631608676
A_PA1_to_C1,1D,156,12,5.0,0.6,0.6,65.99641377848022,187.18967854614155,-78.29510006010506,77.98999999999998,154.31,-51.8,67.6315259619866,185.9800555868239,-77.7723951303018,42.247552758393454,1.6416525142812084
A_PA1_to_C1,1D,156,13,5.0,0.6,0.6,65.99641377848022,187.18967854614155,-78.29510006010506,77.98999999999998,154.31,-51.8,68.09870087155984,185.63444902701886,-77.62305086464373,41.783834927547765,1.7852184061838976
A_PA1_to_C1,1D,156,14,5.0,0.6,0.6,65.99641377848022,187.18967854614155,-78.29510006010506,77.98999999999998,154.31,-51.8,68.5658757811331,185.2888424672138,-77.47370659898566,41.32362530601451,1.9276981651725205
A_PA1_to_C1,1D,156,15,5.0,0.6,0.6,65.99641377848022,187.18967854614155,-78.29510006010506,77.98999999999998,154.31,-51.8,69.03305069070635,184.94323590740876,-77.3243623333276,40.867042413309115,2.0690550978986515
A_PA1_to_C1,1D,156,16,5.0,0.6,0.6,65.99641377848022,187.18967854614155,-78.29510006010506,77.98999999999998,154.31,-51.8,69.5002256002796,184.59762934760374,-77.17501806766953,40.41420916943112,2.2092511486348734
A_PA1_to_C1,1D,157,1,5.0,0.6,0.6,67.13672726207854,186.33932368048718,-77.92791593936606,79.25,153.67,-51.8,63.654575471022454,188.95645559403215,-79.05718094420301,47.23669259858973,0.0
A_PA1_to_C1,1D,157,2,5.0,0.6,0.6,67.13672726207854,186.33932368048718,-77.92791593936606,79.25,153.67,-51.8,64.1188623764966,188.60750467222616,-78.90661227689141,46.737019456025926,0.1546975673572124
A_PA1_to_C1,1D,157,3,5.0,0.6,0.6,67.13672726207854,186.33932368048718,-77.92791593936606,79.25,153.67,-51.8,64.58314928197075,188.25855375042016,-78.75604360957982,46.23973234797353,0.3086564243393788
A_PA1_to_C1,1D,157,4,5.0,0.6,0.6,67.13672726207854,186.33932368048718,-77.92791593936606,79.25,153.67,-51.8,65.04743618744489,187.90960282861417,-78.60547494226823,45.7449090893349,0.46185247964545795
A_PA1_to_C1,1D,157,5,5.0,0.6,0.6,67.13672726207854,186.33932368048718,-77.92791593936606,79.25,153.67,-51.8,65.51172309291903,187.56065190680818,-78.45490627495664,45.252630504433654,0.6142607102650377
A_PA1_to_C1,1D,157,6,5.0,0.6,0.6,67.13672726207854,186.33932368048718,-77.92791593936606,79.25,153.67,-51.8,65.97600999839318,187.21170098500218,-78.30433760764504,44.762980548105624,0.7658551239888851
A_PA1_to_C1,1D,157,7,5.0,0.6,0.6,67.13672726207854,186.33932368048718,-77.92791593936606,79.25,153.67,-51.8,66.44029690386732,186.8627500631962,-78.15376894033345,44.276046430653295,0.9166087207233531
A_PA1_to_C1,1D,157,8,5.0,0.6,0.6,67.13672726207854,186.33932368048718,-77.92791593936606,79.25,153.67,-51.8,66.90458380934146,186.5137991413902,-78.00320027302186,43.79191874659811,1.0664934526289844
A_PA1_to_C1,1D,157,9,5.0,0.6,0.6,67.13672726207854,186.33932368048718,-77.92791593936606,79.25,153.67,-51.8,67.36887071481561,186.16484821958417,-77.85263160571026,43.31069160713013,1.2154801831144244
A_PA1_to_C1,1D,157,10,5.0,0.6,0.6,67.13672726207854,186.33932368048718,-77.92791593936606,79.25,153.67,-51.8,67.83315762028975,185.81589729777818,-77.70206293839867,42.832462776114305,1.363538644729232
A_PA1_to_C1,1D,157,11,5.0,0.6,0.6,67.13672726207854,186.33932368048718,-77.92791593936606,79.25,153.67,-51.8,68.2974445257639,185.46694637597219,-77.55149427108708,42.35733380946564,1.5106373960136477
A_PA1_to_C1,1D,157,12,5.0,0.6,0.6,67.13672726207854,186.33932368048718,-77.92791593936606,79.25,153.67,-51.8,68.76173143123805,185.1179954541662,-77.40092560377548,41.885410197654565,1.6567437773793063
A_PA1_to_C1,1D,157,13,5.0,0.6,0.6,67.13672726207854,186.33932368048718,-77.92791593936606,79.25,153.67,-51.8,69.22601833671219,184.7690445323602,-77.25035693646389,41.41680151104222,1.8018238661137769
A_PA1_to_C1,1D,157,14,5.0,0.6,0.6,67.13672726207854,186.33932368048718,-77.92791593936606,79.25,153.67,-51.8,69.69030524218633,184.4200936105542,-77.0997882691523,40.95162154767933,1.9458424306224131
A_PA1_to_C1,1D,157,15,5.0,0.6,0.6,67.13672726207854,186.33932368048718,-77.92791593936606,79.25,153.67,-51.8,70.15459214766048,184.0711426887482,-76.94921960184071,40.48998848312553,2.088762884044643
A_PA1_to_C1,1D,157,16,5.0,0.6,0.6,67.13672726207854,186.33932368048718,-77.92791593936606,79.25,153.67,-51.8,70.61887905313462,183.72219176694222,-76.7986509345291,40.03202502176129,2.2305472374081834
A_PA1_to_C1,1D,158,1,5.0,0.6,0.6,68.27000362544098,185.4808832655693,-77.55777279708339,80.5,153.02,-51.8,64.8092974624112,188.12247223562878,-78.69598216553358,46.92308131213129,0.0
A_PA1_to_C1,1D,158,2,5.0,0.6,0.6,68.27000362544098,185.4808832655693,-77.55777279708339,80.5,153.02,-51.8,65.27072495081516,187.7702603729542,-78.54422091640689,46.41944384562798,0.15592491223012672
A_PA1_to_C1,1D,158,3,5.0,0.6,0.6,68.27000362544098,185.4808832655693,-77.55777279708339,80.5,153.02,-51.8,65.73215243921913,187.4180485102796,-78.39245966728019,45.91812250136031,0.3111327587526258
A_PA1_to_C1,1D,158,4,5.0,0.6,0.6,68.27000362544098,185.4808832655693,-77.55777279708339,80.5,153.02,-51.8,66.1935799276231,187.06583664760498,-78.2406984181535,45.41919397306006,0.46559979537808793
A_PA1_to_C1,1D,158,5,5.0,0.6,0.6,68.27000362544098,185.4808832655693,-77.55777279708339,80.5,153.02,-51.8,66.65500741602708,186.7136247849304,-78.0889371690268,44.92273798729303,0.6193013389592128
A_PA1_to_C1,1D,158,6,5.0,0.6,0.6,68.27000362544098,185.4808832655693,-77.55777279708339,80.5,153.02,-51.8,67.11643490443105,186.3614129222558,-77.93717591990011,44.42883743006903,0.7722117281926497
A_PA1_to_C1,1D,158,7,5.0,0.6,0.6,68.27000362544098,185.4808832655693,-77.55777279708339,80.5,153.02,-51.8,67.57786239283502,186.0092010595812,-77.78541467077342,43.93757847788185,0.9243042830493611
A_PA1_to_C1,1D,158,8,5.0,0.6,0.6,68.27000362544098,185.4808832655693,-77.55777279708339,80.5,153.02,-51.8,68.03928988123899,185.6569891969066,-77.63365342164673,43.449050733158145,1.0755512628399817
A_PA1_to_C1,1D,158,9,5.0,0.6,0.6,68.27000362544098,185.4808832655693,-77.55777279708339,80.5,153.02,-51.8,68.50071736964297,185.304777334232,-77.48189217252005,42.963347364062244,1.225923822931593
A_PA1_to_C1,1D,158,10,5.0,0.6,0.6,68.27000362544098,185.4808832655693,-77.55777279708339,80.5,153.02,-51.8,68.96214485804694,184.95256547155742,-77.33013092339336,42.48056524856513,1.3753919701443227
A_PA1_to_C1,1D,158,11,5.0,0.6,0.6,68.27000362544098,185.4808832655693,-77.55777279708339,80.5,153.02,-51.8,69.42357234645091,184.6003536088828,-77.17836967426666,42.00080512264166,1.5239245168698545
A_PA1_to_C1,1D,158,12,5.0,0.6,0.6,68.27000362544098,185.4808832655693,-77.55777279708339,80.5,153.02,-51.8,69.88499983485488,184.2481417462082,-77.02660842513997,41.524171732409606,1.6714890339695607
A_PA1_to_C1,1D,158,13,5.0,0.6,0.6,68.27000362544098,185.4808832655693,-77.55777279708339,80.5,153.02,-51.8,70.34642732325885,183.89592988353363,-76.87484717601328,41.05077398996479,1.818051802528327
A_PA1_to_C1,1D,158,14,5.0,0.6,0.6,68.27000362544098,185.4808832655693,-77.55777279708339,80.5,153.02,-51.8,70.80785481166282,183.54371802085902,-76.72308592688658,40.58072513260073,1.9635777645605437
A_PA1_to_C1,1D,158,15,5.0,0.6,0.6,68.27000362544098,185.4808832655693,-77.55777279708339,80.5,153.02,-51.8,71.26928230006679,183.1915061581844,-76.57132467775989,40.11414288502517,2.108030472788272
A_PA1_to_C1,1D,158,16,5.0,0.6,0.6,68.27000362544098,185.4808832655693,-77.55777279708339,80.5,153.02,-51.8,71.73070978847076,182.83929429550983,-76.4195634286332,39.65114962409968,2.2513720396382677
A_PA1_to_C1,1D,159,1,5.0,0.6,0.6,69.3963146922312,184.61455973024454,-77.1847486605872,81.73999999999998,152.36,-51.8,65.95683401789319,187.27999512062814,-78.3316692640057,46.60948252853716,0.0
A_PA1_to_C1,1D,159,2,5.0,0.6,0.6,69.3963146922312,184.61455973024454,-77.1847486605872,81.73999999999998,152.36,-51.8,66.41543144113825,186.92460373524366,-78.17874651688324,46.10197935763336,0.15712172473801722
A_PA1_to_C1,1D,159,3,5.0,0.6,0.6,69.3963146922312,184.61455973024454,-77.1847486605872,81.73999999999998,152.36,-51.8,66.87402886438332,186.56921234985919,-78.02582376976076,45.59672290642491,0.31354787062298684
A_PA1_to_C1,1D,159,4,5.0,0.6,0.6,69.3963146922312,184.61455973024454,-77.1847486605872,81.73999999999998,152.36,-51.8,67.33262628762839,186.2138209644747,-77.8729010226383,45.09378869555025,0.46925505665229217
A_PA1_to_C1,1D,159,5,5.0,0.6,0.6,69.3963146922312,184.61455973024454,-77.1847486605872,81.73999999999998,152.36,-51.8,67.79122371087345,185.85842957909023,-77.71997827551584,44.593255297551195,0.6242189569615988
A_PA1_to_C1,1D,159,6,5.0,0.6,0.6,69.3963146922312,184.61455973024454,-77.1847486605872,81.73999999999998,152.36,-51.8,68.24982113411853,185.50303819370575,-77.56705552839337,44.09520446881065,0.7784142599772466
A_PA1_to_C1,1D,159,7,5.0,0.6,0.6,69.3963146922312,184.61455973024454,-77.1847486605872,81.73999999999998,152.36,-51.8,68.7084185573636,185.14764680832127,-77.41413278127091,43.59972128649289,0.9318146260198983
A_PA1_to_C1,1D,159,8,5.0,0.6,0.6,69.3963146922312,184.61455973024454,-77.1847486605872,81.73999999999998,152.36,-51.8,69.16701598060867,184.7922554229368,-77.26121003414843,43.106894290513466,1.0843926433509878
A_PA1_to_C1,1D,159,9,5.0,0.6,0.6,69.3963146922312,184.61455973024454,-77.1847486605872,81.73999999999998,152.36,-51.8,69.62561340385373,184.43686403755228,-77.10828728702597,42.61681563053653,1.2361197826627333
A_PA1_to_C1,1D,159,10,5.0,0.6,0.6,69.3963146922312,184.61455973024454,-77.1847486605872,81.73999999999998,152.36,-51.8,70.0842108270988,184.0814726521678,-76.9553645399035,42.12958121796114,1.3869663500235347
A_PA1_to_C1,1D,159,11,5.0,0.6,0.6,69.3963146922312,184.61455973024454,-77.1847486605872,81.73999999999998,152.36,-51.8,70.54280825034387,183.72608126678332,-76.80244179278104,41.64529088281682,1.5369014383035093
A_PA1_to_C1,1D,159,12,5.0,0.6,0.6,69.3963146922312,184.61455973024454,-77.1847486605872,81.73999999999998,152.36,-51.8,71.00140567358895,183.37068988139885,-76.64951904565856,41.16404853544008,1.6858928771198372
A_PA1_to_C1,1D,159,13,5.0,0.6,0.6,69.3963146922312,184.61455973024454,-77.1847486605872,81.73999999999998,152.36,-51.8,71.46000309683401,183.01529849601437,-76.4965962985361,40.68596233274702,1.8339071813591765
A_PA1_to_C1,1D,159,14,5.0,0.6,0.6,69.3963146922312,184.61455973024454,-77.1847486605872,81.73999999999998,152.36,-51.8,71.91860052007908,182.6599071106299,-76.34367355141364,40.21114484885193,1.9809094983545599
A_PA1_to_C1,1D,159,15,5.0,0.6,0.6,69.3963146922312,184.61455973024454,-77.1847486605872,81.73999999999998,152.36,-51.8,72.37719794332415,182.3045157252454,-76.19075080429117,39.739713249707684,2.1268635538171736
A_PA1_to_C1,1D,159,16,5.0,0.6,0.6,69.3963146922312,184.61455973024454,-77.1847486605872,81.73999999999998,152.36,-51.8,72.83579536656922,181.94912433986093,-76.03782805716871,39.27178947135761,2.2717315966500156
A_PA1_to_C1,1D,160,1,5.0,0.6,0.6,70.51573242914215,183.74054930316348,-76.80891769989609,82.98,151.69,-51.8,67.09725252966732,186.42923563128622,-77.96432282618402,46.29954587687831,0.0
A_PA1_to_C1,1D,160,2,5.0,0.6,0.6,70.51573242914215,183.74054930316348,-76.80891769989609,82.98,151.69,-51.8,67.55304984959729,186.07074412086985,-77.81026880934563,45.788212902254166,0.15830742248425622
A_PA1_to_C1,1D,160,3,5.0,0.6,0.6,70.51573242914215,183.74054930316348,-76.80891769989609,82.98,151.69,-51.8,68.00884716952727,185.71225261045348,-77.65621479250723,45.279056230879526,0.3159410668726892
A_PA1_to_C1,1D,160,4,5.0,0.6,0.6,70.51573242914215,183.74054930316348,-76.80891769989609,82.98,151.69,-51.8,68.46464448945724,185.3537611000371,-77.50216077566884,44.77215011071219,0.4728779461814625
A_PA1_to_C1,1D,160,5,5.0,0.6,0.6,70.51573242914215,183.74054930316348,-76.80891769989609,82.98,151.69,-51.8,68.92044180938723,184.99526958962076,-77.34810675883045,44.26757185472389,0.6290941245060129
A_PA1_to_C1,1D,160,6,5.0,0.6,0.6,70.51573242914215,183.74054930316348,-76.80891769989609,82.98,151.69,-51.8,69.3762391293172,184.6367780792044,-77.19405274199207,43.76540197793388,0.784564674595801
A_PA1_to_C1,1D,160,7,5.0,0.6,0.6,70.51573242914215,183.74054930316348,-76.80891769989609,82.98,151.69,-51.8,69.83203644924718,184.27828656878802,-77.03999872515367,43.265724340026175,0.939263633700353
A_PA1_to_C1,1D,160,8,5.0,0.6,0.6,70.51573242914215,183.74054930316348,-76.80891769989609,82.98,151.69,-51.8,70.28783376917715,183.91979505837165,-76.88594470831528,42.76862629362941,1.093163957662199
A_PA1_to_C1,1D,160,9,5.0,0.6,0.6,70.51573242914215,183.74054930316348,-76.80891769989609,82.98,151.69,-51.8,70.74363108910714,183.5613035479553,-76.73189069147689,42.27419883831184,1.2462374732403951
A_PA1_to_C1,1D,160,10,5.0,0.6,0.6,70.51573242914215,183.74054930316348,-76.80891769989609,82.98,151.69,-51.8,71.19942840903711,183.20281203753893,-76.5778366746385,41.782536780311965,1.3984548286583127
A_PA1_to_C1,1D,160,11,5.0,0.6,0.6,70.51573242914215,183.74054930316348,-76.80891769989609,82.98,151.69,-51.8,71.6552257289671,182.84432052712256,-76.4237826578001,41.2937388979869,1.5497854423812427
A_PA1_to_C1,1D,160,12,5.0,0.6,0.6,70.51573242914215,183.74054930316348,-76.80891769989609,82.98,151.69,-51.8,72.11102304889707,182.4858290167062,-76.26972864096172,40.80790811291498,1.7001974501434471
A_PA1_to_C1,1D,160,13,5.0,0.6,0.6,70.51573242914215,183.74054930316348,-76.80891769989609,82.98,151.69,-51.8,72.56682036882705,182.12733750628985,-76.11567462412333,40.32515166653573,1.8496576502608608
A_PA1_to_C1,1D,160,14,5.0,0.6,0.6,70.51573242914215,183.74054930316348,-76.80891769989609,82.98,151.69,-51.8,73.02261768875702,181.76884599587348,-75.96162060728494,39.84558130214823,1.9981314472848553
A_PA1_to_C1,1D,160,15,5.0,0.6,0.6,70.51573242914215,183.74054930316348,-76.80891769989609,82.98,151.69,-51.8,73.47841500868701,181.4103544854571,-75.80756659044654,39.36931345201615,2.145582794074972
A_PA1_to_C1,1D,160,16,5.0,0.6,0.6,70.51573242914215,183.74054930316348,-76.80891769989609,82.98,151.69,-51.8,73.93421232861698,181.05186297504073,-75.65351257360815,38.89646942924377,2.2919741323945946
A_PA1_to_C1,1D,161,1,5.0,0.6,0.6,71.62833176385743,182.8590444248774,-76.43035371243633,84.20999999999998,151.01,-51.8,68.23062157388458,185.57039870468614,-77.59402180700515,45.990143014477916,0.0
A_PA1_to_C1,1D,161,2,5.0,0.6,0.6,71.62833176385743,182.8590444248774,-76.43035371243633,84.20999999999998,151.01,-51.8,68.68364959921429,185.20888480071164,-77.43886606106264,45.475078133824404,0.15946281134783646
A_PA1_to_C1,1D,161,3,5.0,0.6,0.6,71.62833176385743,182.8590444248774,-76.43035371243633,84.20999999999998,151.01,-51.8,69.136677624544,184.84737089673715,-77.28371031512013,44.96211970161924,0.3182734714732742
A_PA1_to_C1,1D,161,4,5.0,0.6,0.6,71.62833176385743,182.8590444248774,-76.43035371243633,84.20999999999998,151.01,-51.8,69.58970564987372,184.48585699276265,-77.12855456917762,44.45134064174037,0.47640940332431647
A_PA1_to_C1,1D,161,5,5.0,0.6,0.6,71.62833176385743,182.8590444248774,-76.43035371243633,84.20999999999998,151.01,-51.8,70.04273367520344,184.12434308878815,-76.97339882323512,43.94281695150348,0.6338470783202581
A_PA1_to_C1,1D,161,6,5.0,0.6,0.6,71.62833176385743,182.8590444248774,-76.43035371243633,84.20999999999998,151.01,-51.8,70.49576170053315,183.76282918481365,-76.8182430772926,43.43662784354518,0.7905619724249942
A_PA1_to_C1,1D,161,7,5.0,0.6,0.6,71.62833176385743,182.8590444248774,-76.43035371243633,84.20999999999998,151.01,-51.8,70.94878972586287,183.40131528083916,-76.6630873313501,42.93285589387161,0.9465285203115492
A_PA1_to_C1,1D,161,8,5.0,0.6,0.6,71.62833176385743,182.8590444248774,-76.43035371243633,84.20999999999998,151.01,-51.8,71.40181775119258,183.03980137686466,-76.50793158540759,42.43158719620619,1.1017200675763856
A_PA1_to_C1,1D,161,9,5.0,0.6,0.6,71.62833176385743,182.8590444248774,-76.43035371243633,84.20999999999998,151.01,-51.8,71.85484577652228,182.67828747289013,-76.35277583946507,41.932911522747254,1.256108820969244
A_PA1_to_C1,1D,161,10,5.0,0.6,0.6,71.62833176385743,182.8590444248774,-76.43035371243633,84.20999999999998,151.01,-51.8,72.307873801852,182.31677356891564,-76.19762009352256,41.43692249141883,1.409665796612721
A_PA1_to_C1,1D,161,11,5.0,0.6,0.6,71.62833176385743,182.8590444248774,-76.43035371243633,84.20999999999998,151.01,-51.8,72.76090182718171,181.95525966494114,-76.04246434758005,40.9437177396625,1.562360766196722
A_PA1_to_C1,1D,161,12,5.0,0.6,0.6,71.62833176385743,182.8590444248774,-76.43035371243633,84.20999999999998,151.01,-51.8,73.21392985251143,181.59374576096664,-75.88730860163754,40.453399104778036,1.7141622011454736
A_PA1_to_C1,1D,161,13,5.0,0.6,0.6,71.62833176385743,182.8590444248774,-76.43035371243633,84.20999999999998,151.01,-51.8,73.66695787784114,181.23223185699214,-75.73215285569503,39.96607281076987,1.8650372147702914
A_PA1_to_C1,1D,161,14,5.0,0.6,0.6,71.62833176385743,182.8590444248774,-76.43035371243633,84.20999999999998,151.01,-51.8,74.11998590317086,180.87071795301765,-75.57699710975253,39.481849661598446,2.014951502439464
A_PA1_to_C1,1D,161,15,5.0,0.6,0.6,71.62833176385743,182.8590444248774,-76.43035371243633,84.20999999999998,151.01,-51.8,74.57301392850057,180.50920404904315,-75.42184136381002,39.0008452406658,2.163869279817993
A_PA1_to_C1,1D,161,16,5.0,0.6,0.6,71.62833176385743,182.8590444248774,-76.43035371243633,84.20999999999998,151.01,-51.8,75.02604195383029,180.14769014506865,-75.26668561786751,38.523180116284095,2.3117532192550527
A_PA1_to_C1,1D,162,1,5.0,0.6,0.6,72.73418891237762,181.9702330772119,-76.04912746341594,85.43,150.32,-51.8,69.35701515049394,184.70368819994397,-77.2208443550132,45.68148622719301,0.0
A_PA1_to_C1,1D,162,2,5.0,0.6,0.6,72.73418891237762,181.9702330772119,-76.04912746341594,85.43,150.32,-51.8,69.80730498541176,184.339227516913,-77.06461543613356,45.162785936012085,0.16058832544301183
A_PA1_to_C1,1D,162,3,5.0,0.6,0.6,72.73418891237762,181.9702330772119,-76.04912746341594,85.43,150.32,-51.8,70.25759482032959,183.9747668338821,-76.90838651725393,44.64612282246779,0.32054594573536477
A_PA1_to_C1,1D,162,4,5.0,0.6,0.6,72.73418891237762,181.9702330772119,-76.04912746341594,85.43,150.32,-51.8,70.70788465524741,183.61030615085113,-76.7521575983743,44.131568436389216,0.47985070922718265
A_PA1_to_C1,1D,162,5,5.0,0.6,0.6,72.73418891237762,181.9702330772119,-76.04912746341594,85.43,150.32,-51.8,71.15817449016524,183.2458454678202,-76.59592867949466,43.61919740472689,0.6384795115994191
A_PA1_to_C1,1D,162,6,5.0,0.6,0.6,72.73418891237762,181.9702330772119,-76.04912746341594,85.43,150.32,-51.8,71.60846432508306,182.88138478478925,-76.43969976061503,43.10908757801955,0.7964082505181018
A_PA1_to_C1,1D,162,7,5.0,0.6,0.6,72.73418891237762,181.9702330772119,-76.04912746341594,85.43,150.32,-51.8,72.05875416000089,182.51692410175832,-76.2834708417354,42.60132018360684,0.9536117782000542
A_PA1_to_C1,1D,162,8,5.0,0.6,0.6,72.73418891237762,181.9702330772119,-76.04912746341594,85.43,150.32,-51.8,72.50904399491871,182.15246341872736,-76.12724192285576,42.0959799857779,1.1100638518313044
A_PA1_to_C1,1D,162,9,5.0,0.6,0.6,72.73418891237762,181.9702330772119,-76.04912746341594,85.43,150.32,-51.8,72.95933382983652,181.78800273569644,-75.97101300397613,41.59315545302907,1.2657370817845024
A_PA1_to_C1,1D,162,10,5.0,0.6,0.6,72.73418891237762,181.9702330772119,-76.04912746341594,85.43,150.32,-51.8,73.40962366475435,181.42354205266548,-75.81478408509649,41.09293893257902,1.420602877589472
A_PA1_to_C1,1D,162,11,5.0,0.6,0.6,72.73418891237762,181.9702330772119,-76.04912746341594,85.43,150.32,-51.8,73.85991349967217,181.05908136963455,-75.65855516621686,40.59542683226149,1.5746313916196666
A_PA1_to_C1,1D,162,12,5.0,0.6,0.6,72.73418891237762,181.9702330772119,-76.04912746341594,85.43,150.32,-51.8,74.31020333459,180.6946206866036,-75.50232624733722,40.10071980987776,1.7277914604691187
A_PA1_to_C1,1D,162,13,5.0,0.6,0.6,72.73418891237762,181.9702330772119,-76.04912746341594,85.43,150.32,-51.8,74.76049316950782,180.33016000357267,-75.34609732845759,39.60892297004742,1.880050544007922
A_PA1_to_C1,1D,162,14,5.0,0.6,0.6,72.73418891237762,181.9702330772119,-76.04912746341594,85.43,150.32,-51.8,75.21078300442565,179.96569932054172,-75.18986840957795,39.12014606854091,2.0313746621213937
A_PA1_to_C1,1D,162,15,5.0,0.6,0.6,72.73418891237762,181.9702330772119,-76.04912746341594,85.43,150.32,-51.8,75.66107283934348,179.6012386375108,-75.03363949069832,38.63450372401339,2.181728329157778
A_PA1_to_C1,1D,162,16,5.0,0.6,0.6,72.73418891237762,181.9702330772119,-76.04912746341594,85.43,150.32,-51.8,76.1113626742613,179.23677795447983,-74.87741057181869,38.1521156369818,2.331074486133504
A_PA1_to_C1,1D,163,1,5.0,0.6,0.6,73.83338034769403,181.07429724503453,-75.66530789168684,86.65,149.62,-51.8,70.47650712656417,183.82930184274574,-76.84486367411145,45.377344575790175,0.0
A_PA1_to_C1,1D,163,2,5.0,0.6,0.6,73.83338034769403,181.07429724503453,-75.66530789168684,86.65,149.62,-51.8,70.92409022271481,183.46196789638424,-76.68758956978817,44.85504591478471,0.16170237182831748
A_PA1_to_C1,1D,163,3,5.0,0.6,0.6,73.83338034769403,181.07429724503453,-75.66530789168684,86.65,149.62,-51.8,71.37167331886546,183.09463395002274,-76.5303154654649,44.33471424611751,0.32279576770051754
A_PA1_to_C1,1D,163,4,5.0,0.6,0.6,73.83338034769403,181.07429724503453,-75.66530789168684,86.65,149.62,-51.8,71.81925641501611,182.72730000366124,-76.3730413611416,43.816419645520384,0.4832584923435892
A_PA1_to_C1,1D,163,5,5.0,0.6,0.6,73.83338034769403,181.07429724503453,-75.66530789168684,86.65,149.62,-51.8,72.26683951116676,182.35996605729974,-76.21576725681832,43.30023526286889,0.6430678987372414
A_PA1_to_C1,1D,163,6,5.0,0.6,0.6,73.83338034769403,181.07429724503453,-75.66530789168684,86.65,149.62,-51.8,72.71442260731742,181.99263211093827,-76.05849315249505,42.7862374728983,0.8022003414525933
A_PA1_to_C1,1D,163,7,5.0,0.6,0.6,73.83338034769403,181.07429724503453,-75.66530789168684,86.65,149.62,-51.8,73.16200570346805,181.62529816457678,-75.90121904817175,42.27450603324298,0.960631127723591
A_PA1_to_C1,1D,163,8,5.0,0.6,0.6,73.83338034769403,181.07429724503453,-75.66530789168684,86.65,149.62,-51.8,73.6095887996187,181.25796421821528,-75.74394494384848,41.76512425005039,1.1183344661733088
A_PA1_to_C1,1D,163,9,5.0,0.6,0.6,73.83338034769403,181.07429724503453,-75.66530789168684,86.65,149.62,-51.8,74.05717189576936,180.89063027185378,-75.5866708395252,41.25817915140703,1.2752834131217181
A_PA1_to_C1,1D,163,10,5.0,0.6,0.6,73.83338034769403,181.07429724503453,-75.66530789168684,86.65,149.62,-51.8,74.50475499192001,180.52329632549228,-75.42939673520192,40.753761668796265,1.4314498164067828
A_PA1_to_C1,1D,163,11,5.0,0.6,0.6,73.83338034769403,181.07429724503453,-75.66530789168684,86.65,149.62,-51.8,74.95233808807065,180.15596237913078,-75.27212263087863,40.25196682678373,1.5868042566583433
A_PA1_to_C1,1D,163,12,5.0,0.6,0.6,73.83338034769403,181.07429724503453,-75.66530789168684,86.65,149.62,-51.8,75.3999211842213,179.78862843276931,-75.11484852655535,39.75289394109503,1.7413159859737295
A_PA1_to_C1,1D,163,13,5.0,0.6,0.6,73.83338034769403,181.07429724503453,-75.66530789168684,86.65,149.62,-51.8,75.84750428037195,179.42129448640782,-74.95757442223207,39.256646825211654,1.894952863956199
A_PA1_to_C1,1D,163,14,5.0,0.6,0.6,73.83338034769403,181.07429724503453,-75.66530789168684,86.65,149.62,-51.8,76.2950873765226,179.05396054004632,-74.80030031790878,38.763334005563166,2.047681291091953
A_PA1_to_C1,1D,163,15,5.0,0.6,0.6,73.83338034769403,181.07429724503453,-75.66530789168684,86.65,149.62,-51.8,76.74267047267325,178.68662659368482,-74.6430262135855,38.27306894533414,2.199466139460073
A_PA1_to_C1,1D,163,16,5.0,0.6,0.6,73.83338034769403,181.07429724503453,-75.66530789168684,86.65,149.62,-51.8,77.19025356882389,178.31929264732332,-74.48575210926222,37.78597027683358,2.3502706807915157
A_PA1_to_C1,1D,164,1,5.0,0.6,0.6,74.92598411421237,180.1714145158533,-75.27896292817486,87.87,148.91,-51.8,71.58917102517734,182.94742914619403,-76.46615338508502,45.07805561252776,0.0
A_PA1_to_C1,1D,164,2,5.0,0.6,0.6,74.92598411421237,180.1714145158533,-75.27896292817486,87.87,148.91,-51.8,72.03407943704867,182.5772938621486,-76.30786132416367,44.552197732107565,0.1628042973437136
A_PA1_to_C1,1D,164,3,5.0,0.6,0.6,74.92598411421237,180.1714145158533,-75.27896292817486,87.87,148.91,-51.8,72.47898784892001,182.20715857810316,-76.14956926324231,44.028235800625446,0.32502161359204784
A_PA1_to_C1,1D,164,4,5.0,0.6,0.6,74.92598411421237,180.1714145158533,-75.27896292817486,87.87,148.91,-51.8,72.92389626079135,181.83702329405773,-75.99127720232096,43.506238319005945,0.4866307410284261
A_PA1_to_C1,1D,164,5,5.0,0.6,0.6,74.92598411421237,180.1714145158533,-75.27896292817486,87.87,148.91,-51.8,73.36880467266269,181.4668880100123,-75.8329851413996,42.986276852325865,0.6476095232823216
A_PA1_to_C1,1D,164,6,5.0,0.6,0.6,74.92598411421237,180.1714145158533,-75.27896292817486,87.87,148.91,-51.8,73.81371308453403,181.09675272596687,-75.67469308047825,42.46842618439577,0.8079348074712058
A_PA1_to_C1,1D,164,7,5.0,0.6,0.6,74.92598411421237,180.1714145158533,-75.27896292817486,87.87,148.91,-51.8,74.25862149640537,180.72661744192143,-75.5164010195569,41.95276448023583,0.9675823938984323
A_PA1_to_C1,1D,164,8,5.0,0.6,0.6,74.92598411421237,180.1714145158533,-75.27896292817486,87.87,148.91,-51.8,74.7035299082767,180.356482157876,-75.35810895863554,41.439373456759725,1.126526983209919
A_PA1_to_C1,1D,164,9,5.0,0.6,0.6,74.92598411421237,180.1714145158533,-75.27896292817486,87.87,148.91,-51.8,75.14843832014803,179.98634687383057,-75.19981689771419,40.92833856197278,1.2847421209148564
A_PA1_to_C1,1D,164,10,5.0,0.6,0.6,74.92598411421237,180.1714145158533,-75.27896292817486,87.87,148.91,-51.8,75.59334673201937,179.61621158978514,-75.04152483679283,40.419749162978896,1.4422001391792154
A_PA1_to_C1,1D,164,11,5.0,0.6,0.6,74.92598411421237,180.1714145158533,-75.27896292817486,87.87,148.91,-51.8,76.03825514389071,179.2460763057397,-74.88323277587148,39.91369874307314,1.5988720958063851
A_PA1_to_C1,1D,164,12,5.0,0.6,0.6,74.92598411421237,180.1714145158533,-75.27896292817486,87.87,148.91,-51.8,76.48316355576205,178.87594102169427,-74.72494071495012,39.41028510817276,1.7547277103266268
A_PA1_to_C1,1D,164,13,5.0,0.6,0.6,74.92598411421237,180.1714145158533,-75.27896292817486,87.87,148.91,-51.8,76.92807196763339,178.50580573764884,-74.56664865402877,38.909610602807746,1.9097352971269395
A_PA1_to_C1,1D,164,14,5.0,0.6,0.6,74.92598411421237,180.1714145158533,-75.27896292817486,87.87,148.91,-51.8,77.37298037950472,178.1356704536034,-74.40835659310741,38.41178233585099,2.0638616955655653
A_PA1_to_C1,1D,164,15,5.0,0.6,0.6,74.92598411421237,180.1714145158533,-75.27896292817486,87.87,148.91,-51.8,77.81788879137606,177.76553516955798,-74.25006453218606,37.91691241611663,2.2170721970313103
A_PA1_to_C1,1D,164,16,5.0,0.6,0.6,74.92598411421237,180.1714145158533,-75.27896292817486,87.87,148.91,-51.8,78.2627972032474,177.39539988551255,-74.0917724712647,37.425118197891166,2.369330468927739
A_PA1_to_C1,1D,165,1,5.0,0.6,0.6,76.01207975140402,179.2617589762031,-74.89015774945686,89.08,148.19,-51.8,72.6950829987754,182.05825700670457,-76.08478376141744,44.7802976781979,0.0
A_PA1_to_C1,1D,165,2,5.0,0.6,0.6,76.01207975140402,179.2617589762031,-74.89015774945686,89.08,148.19,-51.8,73.13734923245923,181.68539060263768,-75.92550029315603,44.25097817578849,0.1638760069378975
A_PA1_to_C1,1D,165,3,5.0,0.6,0.6,76.01207975140402,179.2617589762031,-74.89015774945686,89.08,148.19,-51.8,73.57961546614304,181.31252419857083,-75.76621682489461,43.723484294829525,0.3271868059963996
A_PA1_to_C1,1D,165,4,5.0,0.6,0.6,76.01207975140402,179.2617589762031,-74.89015774945686,89.08,148.19,-51.8,74.02188169982685,180.93965779450397,-75.6069333566332,43.19788291393803,0.4899116917213213
A_PA1_to_C1,1D,165,5,5.0,0.6,0.6,76.01207975140402,179.2617589762031,-74.89015774945686,89.08,148.19,-51.8,74.46414793351066,180.56679139043712,-75.4476498883718,42.67424396064205,0.6520290147231727
A_PA1_to_C1,1D,165,6,5.0,0.6,0.6,76.01207975140402,179.2617589762031,-74.89015774945686,89.08,148.19,-51.8,74.90641416719448,180.19392498637026,-75.28836642011039,42.1526405694648,0.8135161327347049
A_PA1_to_C1,1D,165,7,5.0,0.6,0.6,76.01207975140402,179.2617589762031,-74.89015774945686,89.08,148.19,-51.8,75.3486804008783,179.8210585823034,-75.12908295184897,41.63314924846047,0.9743493590518355
A_PA1_to_C1,1D,165,8,5.0,0.6,0.6,76.01207975140402,179.2617589762031,-74.89015774945686,89.08,148.19,-51.8,75.7909466345621,179.44819217823655,-74.96979948358756,41.11585005457968,1.1345039082409336
A_PA1_to_C1,1D,165,9,5.0,0.6,0.6,76.01207975140402,179.2617589762031,-74.89015774945686,89.08,148.19,-51.8,76.23321286824593,179.07532577416967,-74.81051601532616,40.60082677824151,1.293953838995785
A_PA1_to_C1,1D,165,10,5.0,0.6,0.6,76.01207975140402,179.2617589762031,-74.89015774945686,89.08,148.19,-51.8,76.67547910192974,178.70245937010282,-74.65123254706475,40.088167137484206,1.4526719940290072
A_PA1_to_C1,1D,165,11,5.0,0.6,0.6,76.01207975140402,179.2617589762031,-74.89015774945686,89.08,148.19,-51.8,77.11774533561355,178.32959296603596,-74.49194907880333,39.577962982055595,1.6106299368861627
A_PA1_to_C1,1D,165,12,5.0,0.6,0.6,76.01207975140402,179.2617589762031,-74.89015774945686,89.08,148.19,-51.8,77.56001156929737,177.9567265619691,-74.33266561054192,39.07031050778914,1.767797885575467
A_PA1_to_C1,1D,165,13,5.0,0.6,0.6,76.01207975140402,179.2617589762031,-74.89015774945686,89.08,148.19,-51.8,78.00227780298118,177.58386015790225,-74.17338214228052,38.565310481586344,1.9241446429137934
A_PA1_to_C1,1D,165,14,5.0,0.6,0.6,76.01207975140402,179.2617589762031,-74.89015774945686,89.08,148.19,-51.8,78.444544036665,177.2109937538354,-74.01409867401911,38.06306847729501,2.079637523499345
A_PA1_to_C1,1D,165,15,5.0,0.6,0.6,76.01207975140402,179.2617589762031,-74.89015774945686,89.08,148.19,-51.8,78.8868102703488,176.83812734976854,-73.85481520575769,37.56369512272912,2.234242277234916
A_PA1_to_C1,1D,165,16,5.0,0.6,0.6,76.01207975140402,179.2617589762031,-74.89015774945686,89.08,148.19,-51.8,79.32907650403263,176.46526094570166,-73.69553173749628,37.06730635802172,2.3879230093424706
A_PA1_to_C1,1D,166,1,5.0,0.6,0.6,77.09174762221413,178.34549973922313,-74.49895691208107,90.28,147.46,-51.8,73.79432311205099,181.16197023415316,-75.70082443845992,44.48426405995365,0.0
A_PA1_to_C1,1D,166,2,5.0,0.6,0.6,77.09174762221413,178.34549973922313,-74.49895691208107,90.28,147.46,-51.8,74.23397971340607,180.78644083482914,-75.54057543494274,43.95157958182342,0.16491779508675997
A_PA1_to_C1,1D,166,3,5.0,0.6,0.6,77.09174762221413,178.34549973922313,-74.49895691208107,90.28,147.46,-51.8,74.67363631476115,180.41091143550514,-75.38032643142556,43.420651152637404,0.32929192176973565
A_PA1_to_C1,1D,166,4,5.0,0.6,0.6,77.09174762221413,178.34549973922313,-74.49895691208107,90.28,147.46,-51.8,75.11329291611625,180.03538203618115,-75.22007742790838,42.891543983642116,0.4931021908085249
A_PA1_to_C1,1D,166,5,5.0,0.6,0.6,77.09174762221413,178.34549973922313,-74.49895691208107,90.28,147.46,-51.8,75.55294951747133,179.65985263685715,-75.0598284243912,42.36432631451113,0.656327475369201
A_PA1_to_C1,1D,166,6,5.0,0.6,0.6,77.09174762221413,178.34549973922313,-74.49895691208107,90.28,147.46,-51.8,75.99260611882642,179.28432323753313,-74.89957942087402,41.839069574550216,0.818945661115615
A_PA1_to_C1,1D,166,7,5.0,0.6,0.6,77.09174762221413,178.34549973922313,-74.49895691208107,90.28,147.46,-51.8,76.4322627201815,178.90879383820914,-74.73933041735684,41.31584855289467,0.9809335935167116
A_PA1_to_C1,1D,166,8,5.0,0.6,0.6,77.09174762221413,178.34549973922313,-74.49895691208107,90.28,147.46,-51.8,76.87191932153658,178.53326443888514,-74.57908141383966,40.79474157814219,1.1422670222326516
A_PA1_to_C1,1D,166,9,5.0,0.6,0.6,77.09174762221413,178.34549973922313,-74.49895691208107,90.28,147.46,-51.8,77.31157592289168,178.15773503956112,-74.41883241032248,40.27583070787089,1.302920542440484
A_PA1_to_C1,1D,166,10,5.0,0.6,0.6,77.09174762221413,178.34549973922313,-74.49895691208107,90.28,147.46,-51.8,77.75123252424676,177.78220564023712,-74.2585834068053,39.759201928493866,1.4628675329596863
A_PA1_to_C1,1D,166,11,5.0,0.6,0.6,77.09174762221413,178.34549973922313,-74.49895691208107,90.28,147.46,-51.8,78.19088912560184,177.40667624091313,-74.09833440328812,39.244945365899355,1.622080091038482
A_PA1_to_C1,1D,166,12,5.0,0.6,0.6,77.09174762221413,178.34549973922313,-74.49895691208107,90.28,147.46,-51.8,78.63054572695692,177.0311468415891,-73.93808539977094,38.73315550731825,1.78052896366421
A_PA1_to_C1,1D,166,13,5.0,0.6,0.6,77.09174762221413,178.34549973922313,-74.49895691208107,90.28,147.46,-51.8,79.070202328312,176.6556174422651,-73.77783639625376,38.22393143484553,1.9381834752656726
A_PA1_to_C1,1D,166,14,5.0,0.6,0.6,77.09174762221413,178.34549973922313,-74.49895691208107,90.28,147.46,-51.8,79.5098589296671,176.28008804294112,-73.61758739273658,37.71737707101923,2.0950114516824847
A_PA1_to_C1,1D,166,15,5.0,0.6,0.6,77.09174762221413,178.34549973922313,-74.49895691208107,90.28,147.46,-51.8,79.94951553102219,175.90455864361712,-73.4573383892194,37.21360143682846,2.250979140286436
A_PA1_to_C1,1D,166,16,5.0,0.6,0.6,77.09174762221413,178.34549973922313,-74.49895691208107,90.28,147.46,-51.8,80.38917213237727,175.5290292442931,-73.29708938570222,36.71271892247691,2.406051126153791
A_PA1_to_C1,1D,167,1,5.0,0.6,0.6,78.16506757020038,177.42280052578397,-74.10542222749868,91.48,146.72,-51.8,74.8869713258702,180.25874631208845,-75.3143459265179,44.19389741942963,0.0
A_PA1_to_C1,1D,167,2,5.0,0.6,0.6,78.16506757020038,177.42280052578397,-74.10542222749868,91.48,146.72,-51.8,75.32405082511423,179.88062020724783,-75.15315609998201,43.6578896203304,0.16594668702762405
A_PA1_to_C1,1D,167,3,5.0,0.6,0.6,78.16506757020038,177.42280052578397,-74.10542222749868,91.48,146.72,-51.8,75.76113032435825,179.50249410240724,-74.99196627344611,43.12356760615751,0.331371459217376
A_PA1_to_C1,1D,167,4,5.0,0.6,0.6,78.16506757020038,177.42280052578397,-74.10542222749868,91.48,146.72,-51.8,76.19820982360227,179.12436799756665,-74.83077644691022,42.5909948236094,0.49625467362855424
A_PA1_to_C1,1D,167,5,5.0,0.6,0.6,78.16506757020038,177.42280052578397,-74.10542222749868,91.48,146.72,-51.8,76.63528932284629,178.74624189272606,-74.66958662037432,42.06023771980619,0.6605757583973499
A_PA1_to_C1,1D,167,6,5.0,0.6,0.6,78.16506757020038,177.42280052578397,-74.10542222749868,91.48,146.72,-51.8,77.07236882209033,178.36811578788547,-74.50839679383841,41.53136590612559,0.8243131620136328
A_PA1_to_C1,1D,167,7,5.0,0.6,0.6,78.16506757020038,177.42280052578397,-74.10542222749868,91.48,146.72,-51.8,77.50944832133435,177.98998968304485,-74.34720696730253,41.00445233155023,0.9874442996530632
A_PA1_to_C1,1D,167,8,5.0,0.6,0.6,78.16506757020038,177.42280052578397,-74.10542222749868,91.48,146.72,-51.8,77.94652782057837,177.61186357820426,-74.18601714076662,40.47957346603667,1.14994549640649
A_PA1_to_C1,1D,167,9,5.0,0.6,0.6,78.16506757020038,177.42280052578397,-74.10542222749868,91.48,146.72,-51.8,78.38360731982239,177.23373747336368,-74.02482731423073,39.95680949442967,1.3117919272445686
A_PA1_to_C1,1D,167,10,5.0,0.6,0.6,78.16506757020038,177.42280052578397,-74.10542222749868,91.48,146.72,-51.8,78.82068681906641,176.85561136852309,-73.86363748769483,39.436244521455514,1.472957553552357
A_PA1_to_C1,1D,167,11,5.0,0.6,0.6,78.16506757020038,177.42280052578397,-74.10542222749868,91.48,146.72,-51.8,79.25776631831043,176.47748526368247,-73.70244766115894,38.91796678833458,1.6334150560665783
A_PA1_to_C1,1D,167,12,5.0,0.6,0.6,78.16506757020038,177.42280052578397,-74.10542222749868,91.48,146.72,-51.8,79.69484581755447,176.09935915884188,-73.54125783462304,38.40206890155526,1.7931357640477916
A_PA1_to_C1,1D,167,13,5.0,0.6,0.6,78.16506757020038,177.42280052578397,-74.10542222749868,91.48,146.72,-51.8,80.13192531679849,175.7212330540013,-73.38006800808714,37.88864807434652,1.9520895805210863
A_PA1_to_C1,1D,167,14,5.0,0.6,0.6,78.16506757020038,177.42280052578397,-74.10542222749868,91.48,146.72,-51.8,80.56900481604251,175.3431069491607,-73.21887818155125,37.37780638137513,2.110244903422446
A_PA1_to_C1,1D,167,15,5.0,0.6,0.6,78.16506757020038,177.42280052578397,-74.10542222749868,91.48,146.72,-51.8,81.00608431528653,174.9649808443201,-73.05768835501534,36.86965102717209,2.267568542494594
A_PA1_to_C1,1D,167,16,5.0,0.6,0.6,78.16506757020038,177.42280052578397,-74.10542222749868,91.48,146.72,-51.8,81.44316381453055,174.5868547394795,-72.89649852847946,36.364294628760994,2.4240256317859554
A_PA1_to_C1,1D,168,1,5.0,0.6,0.6,79.23212000205737,176.49382133220942,-73.70961251769542,92.67,145.97,-51.8,75.97423184599103,179.3498720645452,-74.92581109395138,43.9063511584708,0.0
A_PA1_to_C1,1D,168,2,5.0,0.6,0.6,79.23212000205737,176.49382133220942,-73.70961251769542,92.67,145.97,-51.8,76.40861693346655,178.96906530023375,-74.76365128378391,43.36704013659294,0.16696935661853196
A_PA1_to_C1,1D,168,3,5.0,0.6,0.6,79.23212000205737,176.49382133220942,-73.70961251769542,92.67,145.97,-51.8,76.84300202094205,178.5882585359223,-74.60149147361645,42.8293435434957,0.33343889008516925
A_PA1_to_C1,1D,168,4,5.0,0.6,0.6,79.23212000205737,176.49382133220942,-73.70961251769542,92.67,145.97,-51.8,77.27738710841757,178.2074517716109,-74.439331663449,42.29332295439426,0.49938953686580057
A_PA1_to_C1,1D,168,5,5.0,0.6,0.6,79.23212000205737,176.49382133220942,-73.70961251769542,92.67,145.97,-51.8,77.71177219589308,177.82664500729945,-74.27717185328153,41.75904290908265,0.6648013156000463
A_PA1_to_C1,1D,168,6,5.0,0.6,0.6,79.23212000205737,176.49382133220942,-73.70961251769542,92.67,145.97,-51.8,78.1461572833686,177.445838242988,-74.11501204311408,41.22657107789247,0.8296532757208439
A_PA1_to_C1,1D,168,7,5.0,0.6,0.6,79.23212000205737,176.49382133220942,-73.70961251769542,92.67,145.97,-51.8,78.5805423708441,177.0650314786766,-73.95285223294661,40.695978437659356,0.9939234429756798
A_PA1_to_C1,1D,168,8,5.0,0.6,0.6,79.23212000205737,176.49382133220942,-73.70961251769542,92.67,145.97,-51.8,79.01492745831962,176.68422471436514,-73.79069242277914,40.167339458275656,1.1575887616703238
A_PA1_to_C1,1D,168,9,5.0,0.6,0.6,79.23212000205737,176.49382133220942,-73.70961251769542,92.67,145.97,-51.8,79.44931254579512,176.3034179500537,-73.62853261261169,39.640732300428844,1.320625033449522
A_PA1_to_C1,1D,168,10,5.0,0.6,0.6,79.23212000205737,176.49382133220942,-73.70961251769542,92.67,145.97,-51.8,79.88369763327064,175.92261118574226,-73.46637280244423,39.11623902514371,1.4830068524232463
A_PA1_to_C1,1D,168,11,5.0,0.6,0.6,79.23212000205737,176.49382133220942,-73.70961251769542,92.67,145.97,-51.8,80.31808272074615,175.54180442143084,-73.30421299227676,38.59394581576353,1.644707536441878
A_PA1_to_C1,1D,168,12,5.0,0.6,0.6,79.23212000205737,176.49382133220942,-73.70961251769542,92.67,145.97,-51.8,80.75246780822167,175.1609976571194,-73.14205318210931,38.0739432130165,1.8056990543202165
A_PA1_to_C1,1D,168,13,5.0,0.6,0.6,79.23212000205737,176.49382133220942,-73.70961251769542,92.67,145.97,-51.8,81.18685289569717,174.78019089280795,-72.97989337194184,37.556326363822095,1.965951948807648
A_PA1_to_C1,1D,168,14,5.0,0.6,0.6,79.23212000205737,176.49382133220942,-73.70961251769542,92.67,145.97,-51.8,81.62123798317269,174.39938412849654,-72.81773356177439,37.04119528449149,2.125435255101955
A_PA1_to_C1,1D,168,15,5.0,0.6,0.6,79.23212000205737,176.49382133220942,-73.70961251769542,92.67,145.97,-51.8,82.0556230706482,174.0185773641851,-72.65557375160692,36.5286551389693,2.2841164147063466
A_PA1_to_C1,1D,168,16,5.0,0.6,0.6,79.23212000205737,176.49382133220942,-73.70961251769542,92.67,145.97,-51.8,82.49000815812371,173.63777059987365,-72.49341394143946,36.01881653274662,2.4419611844347315
A_PA1_to_C1,1D,169,1,5.0,0.6,0.6,80.2922457066076,175.5579947426321,-73.31132774143597,93.86000000000001,145.21,-51.8,77.05438945804755,178.43372039587123,-74.53463836468872,43.62462520416639,0.0
A_PA1_to_C1,1D,169,2,5.0,0.6,0.6,80.2922457066076,175.5579947426321,-73.31132774143597,93.86000000000001,145.21,-51.8,77.48610362452223,178.0502903087727,-74.37153028158835,43.08205112726197,0.16797959037288734
A_PA1_to_C1,1D,169,3,5.0,0.6,0.6,80.2922457066076,175.5579947426321,-73.31132774143597,93.86000000000001,145.21,-51.8,77.9178177909969,177.66686022167414,-74.20842219848798,42.54101943371876,0.33548166267728696
A_PA1_to_C1,1D,169,4,5.0,0.6,0.6,80.2922457066076,175.5579947426321,-73.31132774143597,93.86000000000001,145.21,-51.8,78.34953195747157,177.28343013457558,-74.04531411538763,42.00158972691463,0.5024877638550347
A_PA1_to_C1,1D,169,5,5.0,0.6,0.6,80.2922457066076,175.5579947426321,-73.31132774143597,93.86000000000001,145.21,-51.8,78.78124612394625,176.90000004747702,-73.88220603228726,41.46382453074105,0.6689785366641932
A_PA1_to_C1,1D,169,6,5.0,0.6,0.6,80.2922457066076,175.5579947426321,-73.31132774143597,93.86000000000001,145.21,-51.8,79.21296029042092,176.5165699603785,-73.71909794918689,40.9277894570927,0.8349336678246733
A_PA1_to_C1,1D,169,7,5.0,0.6,0.6,80.2922457066076,175.5579947426321,-73.31132774143597,93.86000000000001,145.21,-51.8,79.64467445689559,176.13313987327993,-73.55598986608652,40.393553383827616,1.0003318329222228
A_PA1_to_C1,1D,169,8,5.0,0.6,0.6,80.2922457066076,175.5579947426321,-73.31132774143597,93.86000000000001,145.21,-51.8,80.07638862337026,175.74970978618137,-73.39288178298615,39.86118864384446,1.1651506378705694
A_PA1_to_C1,1D,169,9,5.0,0.6,0.6,80.2922457066076,175.5579947426321,-73.31132774143597,93.86000000000001,145.21,-51.8,80.50810278984494,175.36627969908284,-73.2297736998858,39.33077122595207,1.329366556722702
A_PA1_to_C1,1D,169,10,5.0,0.6,0.6,80.2922457066076,175.5579947426321,-73.31132774143597,93.86000000000001,145.21,-51.8,80.93981695631962,174.98284961198428,-73.06666561678543,38.80238098823579,1.492954865613191
A_PA1_to_C1,1D,169,11,5.0,0.6,0.6,80.2922457066076,175.5579947426321,-73.31132774143597,93.86000000000001,145.21,-51.8,81.37153112279428,174.59941952488572,-72.90355753368506,38.27610188465154,1.6558895726052185
A_PA1_to_C1,1D,169,12,5.0,0.6,0.6,80.2922457066076,175.5579947426321,-73.31132774143597,93.86000000000001,145.21,-51.8,81.80324528926896,174.2159894377872,-72.74044945058469,37.752022205601776,1.8181433432088596
A_PA1_to_C1,1D,169,13,5.0,0.6,0.6,80.2922457066076,175.5579947426321,-73.31132774143597,93.86000000000001,145.21,-51.8,82.23495945574363,173.83255935068863,-72.57734136748432,37.23023483326787,1.9796874213308122
A_PA1_to_C1,1D,169,14,5.0,0.6,0.6,80.2922457066076,175.5579947426321,-73.31132774143597,93.86000000000001,145.21,-51.8,82.6666736222183,173.44912926359007,-72.41423328438397,36.710837512488,2.140491545411269
A_PA1_to_C1,1D,169,15,5.0,0.6,0.6,80.2922457066076,175.5579947426321,-73.31132774143597,93.86000000000001,145.21,-51.8,83.09838778869297,173.0656991764915,-72.2511252012836,36.19393313797658,2.3005238595014905
A_PA1_to_C1,1D,169,16,5.0,0.6,0.6,80.2922457066076,175.5579947426321,-73.31132774143597,93.86000000000001,145.21,-51.8,83.53010195516765,172.68226908939297,-72.08801711818323,35.67963005868115,2.45975081903568
A_PA1_to_C1,1D,170,1,5.0,0.6,0.6,81.34621913040817,174.61616876514668,-72.91087417856407,95.03,144.44,-51.8,78.12706336607815,177.5100366720396,-74.14073787118855,43.34103322452731,0.0
A_PA1_to_C1,1D,170,2,5.0,0.6,0.6,81.34621913040817,174.61616876514668,-72.91087417856407,95.03,144.44,-51.8,78.55628413465548,177.12418761778721,-73.97675604550528,42.79541965384466,0.16892061011846593
A_PA1_to_C1,1D,170,3,5.0,0.6,0.6,81.34621913040817,174.61616876514668,-72.91087417856407,95.03,144.44,-51.8,78.98550490323282,176.73833856353482,-73.81277421982202,42.25128075843108,0.33738466442607695
A_PA1_to_C1,1D,170,4,5.0,0.6,0.6,81.34621913040817,174.61616876514668,-72.91087417856407,95.03,144.44,-51.8,79.41472567181016,176.35248950928244,-73.64879239413877,41.708674254965985,0.5053742939818324
A_PA1_to_C1,1D,170,5,5.0,0.6,0.6,81.34621913040817,174.61616876514668,-72.91087417856407,95.03,144.44,-51.8,79.8439464403875,175.96664045503005,-73.4848105684555,41.167660736140405,0.6728707394386682
A_PA1_to_C1,1D,170,6,5.0,0.6,0.6,81.34621913040817,174.61616876514668,-72.91087417856407,95.03,144.44,-51.8,80.27316720896484,175.58079140077766,-73.32082874277224,40.62830383938087,0.8398542988069462
A_PA1_to_C1,1D,170,7,5.0,0.6,0.6,81.34621913040817,174.61616876514668,-72.91087417856407,95.03,144.44,-51.8,80.70238797754217,175.19494234652527,-73.15684691708897,40.090670426473835,1.0063042718431792
A_PA1_to_C1,1D,170,8,5.0,0.6,0.6,81.34621913040817,174.61616876514668,-72.91087417856407,95.03,144.44,-51.8,81.13160874611951,174.80909329227288,-72.9928650914057,39.554830774802184,1.172198900843691
A_PA1_to_C1,1D,170,9,5.0,0.6,0.6,81.34621913040817,174.61616876514668,-72.91087417856407,95.03,144.44,-51.8,81.56082951469683,174.4232442380205,-72.82888326572244,39.020858780943456,1.337515307611099
A_PA1_to_C1,1D,170,10,5.0,0.6,0.6,81.34621913040817,174.61616876514668,-72.91087417856407,95.03,144.44,-51.8,81.99005028327417,174.0373951837681,-72.66490144003917,38.48883217741773,1.5022294263497145
A_PA1_to_C1,1D,170,11,5.0,0.6,0.6,81.34621913040817,174.61616876514668,-72.91087417856407,95.03,144.44,-51.8,82.41927105185151,173.6515461295157,-72.50091961435591,37.95883276340989,1.666315932234495
A_PA1_to_C1,1D,170,12,5.0,0.6,0.6,81.34621913040817,174.61616876514668,-72.91087417856407,95.03,144.44,-51.8,82.84849182042885,173.26569707526332,-72.33693778867264,37.43094665032684,1.8297481653871408
A_PA1_to_C1,1D,170,13,5.0,0.6,0.6,81.34621913040817,174.61616876514668,-72.91087417856407,95.03,144.44,-51.8,83.27771258900619,172.87984802101093,-72.17295596298938,36.905264523082714,1.9924980499828457
A_PA1_to_C1,1D,170,14,5.0,0.6,0.6,81.34621913040817,174.61616876514668,-72.91087417856407,95.03,144.44,-51.8,83.70693335758352,172.49399896675854,-72.00897413730613,36.38188191803445,2.154536008202122
A_PA1_to_C1,1D,170,15,5.0,0.6,0.6,81.34621913040817,174.61616876514668,-72.91087417856407,95.03,144.44,-51.8,84.13615412616086,172.10814991250615,-71.84499231162286,35.86089951851314,2.315830868735034
A_PA1_to_C1,1D,170,16,5.0,0.6,0.6,81.34621913040817,174.61616876514668,-72.91087417856407,95.03,144.44,-51.8,84.5653748947382,171.72230085825376,-71.6810104859396,35.342423468913246,2.476349769539956
A_PA1_to_C1,1D,171,1,5.0,0.6,0.6,82.39413102461414,173.66849982189953,-72.50831209760779,96.21,143.66,-51.8,79.19341179471733,176.5800467699298,-73.74455268130683,43.06805249677748,0.0
A_PA1_to_C1,1D,171,2,5.0,0.6,0.6,82.39413102461414,173.66849982189953,-72.50831209760779,96.21,143.66,-51.8,79.62017435870358,176.1918405101924,-73.57972060348028,42.51939782446214,0.1698621276518093
A_PA1_to_C1,1D,171,3,5.0,0.6,0.6,82.39413102461414,173.66849982189953,-72.50831209760779,96.21,143.66,-51.8,80.04693692268982,175.80363425045505,-73.41488852565375,41.972148346785545,0.33928921052381966
A_PA1_to_C1,1D,171,4,5.0,0.6,0.6,82.39413102461414,173.66849982189953,-72.50831209760779,96.21,143.66,-51.8,80.47369948667605,175.4154279907177,-73.2500564478272,41.42635975238797,0.5082640075509328
A_PA1_to_C1,1D,171,5,5.0,0.6,0.6,82.39413102461414,173.66849982189953,-72.50831209760779,96.21,143.66,-51.8,80.9004620506623,175.02722173098033,-73.08522437000067,40.88209055104652,0.6767684042510727
A_PA1_to_C1,1D,171,6,5.0,0.6,0.6,82.39413102461414,173.66849982189953,-72.50831209760779,96.21,143.66,-51.8,81.32722461464854,174.63901547124294,-72.92039229217413,40.33940224288978,0.8447833603367485
A_PA1_to_C1,1D,171,7,5.0,0.6,0.6,82.39413102461414,173.66849982189953,-72.50831209760779,96.21,143.66,-51.8,81.75398717863477,174.25080921150558,-72.7555602143476,39.79835949889592,1.0122888538333008
A_PA1_to_C1,1D,171,8,5.0,0.6,0.6,82.39413102461414,173.66849982189953,-72.50831209760779,96.21,143.66,-51.8,82.18074974262102,173.86260295176822,-72.59072813652105,39.25903035344932,1.1792638214638274
A_PA1_to_C1,1D,171,9,5.0,0.6,0.6,82.39413102461414,173.66849982189953,-72.50831209760779,96.21,143.66,-51.8,82.60751230660726,173.47439669203084,-72.42589605869452,38.72148640977966,1.3456860950457656
A_PA1_to_C1,1D,171,10,5.0,0.6,0.6,82.39413102461414,173.66849982189953,-72.50831209760779,96.21,143.66,-51.8,83.0342748705935,173.08619043229348,-72.26106398086797,38.18580305915337,1.5115323336297557
A_PA1_to_C1,1D,171,11,5.0,0.6,0.6,82.39413102461414,173.66849982189953,-72.50831209760779,96.21,143.66,-51.8,83.46103743457974,172.69798417255612,-72.09623190304144,37.65205971473731,1.6767779510960281
A_PA1_to_C1,1D,171,12,5.0,0.6,0.6,82.39413102461414,173.66849982189953,-72.50831209760779,96.21,143.66,-51.8,83.88779999856598,172.30977791281873,-71.9313998252149,37.1203400611018,1.8413970389088803
A_PA1_to_C1,1D,171,13,5.0,0.6,0.6,82.39413102461414,173.66849982189953,-72.50831209760779,96.21,143.66,-51.8,84.31456256255223,171.92157165308137,-71.76656774738836,36.59073232037774,2.0053622837150904
A_PA1_to_C1,1D,171,14,5.0,0.6,0.6,82.39413102461414,173.66849982189953,-72.50831209760779,96.21,143.66,-51.8,84.74132512653846,171.533365393344,-71.60173566956182,36.063329536126204,2.1686448794586006
A_PA1_to_C1,1D,171,15,5.0,0.6,0.6,82.39413102461414,173.66849982189953,-72.50831209760779,96.21,143.66,-51.8,85.1680876905247,171.14515913360665,-71.43690359173529,35.538229876021255,2.3312144336706577
A_PA1_to_C1,1D,171,16,5.0,0.6,0.6,82.39413102461414,173.66849982189953,-72.50831209760779,96.21,143.66,-51.8,85.59485025451094,170.75695287386927,-71.27207151390874,35.015536954481,2.4930388675840494
A_PA1_to_C1,1D,172,1,5.0,0.6,0.6,83.43606417922192,172.71513292392234,-72.10369582975609,97.37,142.87,-51.8,80.25352991510493,175.64391844279922,-73.34614946757864,42.79415655368852,0.0
A_PA1_to_C1,1D,172,2,5.0,0.6,0.6,83.43606417922192,172.71513292392234,-72.10369582975609,97.37,142.87,-51.8,80.67786781698719,175.25341370694895,-73.18048898253564,42.24260964077514,0.17075755817751492
A_PA1_to_C1,1D,172,3,5.0,0.6,0.6,83.43606417922192,172.71513292392234,-72.10369582975609,97.37,142.87,-51.8,81.10220571886946,174.8629089710987,-73.01482849749263,41.6924010268564,0.3411007823009644
A_PA1_to_C1,1D,172,4,5.0,0.6,0.6,83.43606417922192,172.71513292392234,-72.10369582975609,97.37,142.87,-51.8,81.52654362075172,174.47240423524846,-72.84916801244962,41.143584402741645,0.5110130498287528
A_PA1_to_C1,1D,172,5,5.0,0.6,0.6,83.43606417922192,172.71513292392234,-72.10369582975609,97.37,142.87,-51.8,81.95088152263399,174.08189949939822,-72.68350752740662,40.596216223027895,0.6804768825574676
A_PA1_to_C1,1D,172,6,5.0,0.6,0.6,83.43606417922192,172.71513292392234,-72.10369582975609,97.37,142.87,-51.8,82.37521942451626,173.69139476354798,-72.51784704236361,40.0503558754244,0.8494738941994164
A_PA1_to_C1,1D,172,7,5.0,0.6,0.6,83.43606417922192,172.71513292392234,-72.10369582975609,97.37,142.87,-51.8,82.79955732639851,173.3008900276977,-72.35218655732061,39.506065861705956,1.017984734359926
A_PA1_to_C1,1D,172,8,5.0,0.6,0.6,83.43606417922192,172.71513292392234,-72.10369582975609,97.37,142.87,-51.8,83.22389522828078,172.91038529184746,-72.1865260722776,38.96341199113287,1.1859890286549977
A_PA1_to_C1,1D,172,9,5.0,0.6,0.6,83.43606417922192,172.71513292392234,-72.10369582975609,97.37,142.87,-51.8,83.64823313016305,172.51988055599722,-72.02086558723458,38.422463587230645,1.3534653146928388
A_PA1_to_C1,1D,172,10,5.0,0.6,0.6,83.43606417922192,172.71513292392234,-72.10369582975609,97.37,142.87,-51.8,84.07257103204532,172.12937582014698,-71.85520510219158,37.883293708881396,1.5203909736244956
A_PA1_to_C1,1D,172,11,5.0,0.6,0.6,83.43606417922192,172.71513292392234,-72.10369582975609,97.37,142.87,-51.8,84.49690893392757,171.7388710842967,-71.68954461714857,37.34597938673827,1.6867421569505403
A_PA1_to_C1,1D,172,12,5.0,0.6,0.6,83.43606417922192,172.71513292392234,-72.10369582975609,97.37,142.87,-51.8,84.92124683580984,171.34836634844646,-71.52388413210556,36.8106018760355,1.852493708251707
A_PA1_to_C1,1D,172,13,5.0,0.6,0.6,83.43606417922192,172.71513292392234,-72.10369582975609,97.37,142.87,-51.8,85.3455847376921,170.95786161259622,-71.35822364706256,36.27724692692785,2.0176190794924658
A_PA1_to_C1,1D,172,14,5.0,0.6,0.6,83.43606417922192,172.71513292392234,-72.10369582975609,97.37,142.87,-51.8,85.76992263957438,170.56735687674598,-71.19256316201955,35.74600507355479,2.1820902415274688
A_PA1_to_C1,1D,172,15,5.0,0.6,0.6,83.43606417922192,172.71513292392234,-72.10369582975609,97.37,142.87,-51.8,86.19426054145664,170.17685214089573,-71.02690267697655,35.21697194308325,2.345877588422683
A_PA1_to_C1,1D,172,16,5.0,0.6,0.6,83.43606417922192,172.71513292392234,-72.10369582975609,97.37,142.87,-51.8,86.6185984433389,169.78634740504546,-70.86124219193354,34.69024858603956,2.508949835185435
A_PA1_to_C1,1D,173,1,5.0,0.6,0.6,84.4721014411665,171.75620943958634,-71.69707749993427,98.53,142.08,-51.8,81.30750081287003,174.70180510929572,-72.94558421356261,42.51978808240267,0.0
A_PA1_to_C1,1D,173,2,5.0,0.6,0.6,84.4721014411665,171.75620943958634,-71.69707749993427,98.53,142.08,-51.8,81.72944756330956,174.30905902000111,-72.7791166517455,41.96539220572405,0.17163959030297704
A_PA1_to_C1,1D,173,3,5.0,0.6,0.6,84.4721014411665,171.75620943958634,-71.69707749993427,98.53,142.08,-51.8,82.1513943137491,173.91631293070654,-72.61264908992838,41.41226759534014,0.34288559970976173
A_PA1_to_C1,1D,173,4,5.0,0.6,0.6,84.4721014411665,171.75620943958634,-71.69707749993427,98.53,142.08,-51.8,82.57334106418863,173.52356684141196,-72.44618152811127,40.86046587835084,0.5137220445980901
A_PA1_to_C1,1D,173,5,5.0,0.6,0.6,84.4721014411665,171.75620943958634,-71.69707749993427,98.53,142.08,-51.8,82.99528781462816,173.1308207521174,-72.27971396629415,40.310041381815616,0.6841321054449079
A_PA1_to_C1,1D,173,6,5.0,0.6,0.6,84.4721014411665,171.75620943958634,-71.69707749993427,98.53,142.08,-51.8,83.41723456506767,172.7380746628228,-72.11324640447705,39.761051301638176,0.8540980745400901
A_PA1_to_C1,1D,173,7,5.0,0.6,0.6,84.4721014411665,171.75620943958634,-71.69707749993427,98.53,142.08,-51.8,83.8391813155072,172.3453285735282,-71.94677884265994,39.21355588338445,1.023601300005641
A_PA1_to_C1,1D,173,8,5.0,0.6,0.6,84.4721014411665,171.75620943958634,-71.69707749993427,98.53,142.08,-51.8,84.26112806594674,171.95258248423363,-71.78031128084282,38.66761861593146,1.1926221258424796
A_PA1_to_C1,1D,173,9,5.0,0.6,0.6,84.4721014411665,171.75620943958634,-71.69707749993427,98.53,142.08,-51.8,84.68307481638627,171.55983639493905,-71.61384371902571,38.12330643890878,1.3611398277070865
A_PA1_to_C1,1D,173,10,5.0,0.6,0.6,84.4721014411665,171.75620943958634,-71.69707749993427,98.53,142.08,-51.8,85.1050215668258,171.16709030564448,-71.4473761572086,37.58068996496416,1.5291325440986103
A_PA1_to_C1,1D,173,11,5.0,0.6,0.6,84.4721014411665,171.75620943958634,-71.69707749993427,98.53,142.08,-51.8,85.52696831726533,170.77434421634987,-71.28090859539148,37.039843717955534,1.6965772026152113
A_PA1_to_C1,1D,173,12,5.0,0.6,0.6,84.4721014411665,171.75620943958634,-71.69707749993427,98.53,142.08,-51.8,85.94891506770485,170.3815981270553,-71.11444103357438,36.50084638824674,1.8634494409151472
A_PA1_to_C1,1D,173,13,5.0,0.6,0.6,84.4721014411665,171.75620943958634,-71.69707749993427,98.53,142.08,-51.8,86.37086181814438,169.98885203776072,-70.94797347175727,35.963781106360315,2.029723521994537
A_PA1_to_C1,1D,173,14,5.0,0.6,0.6,84.4721014411665,171.75620943958634,-71.69707749993427,98.53,142.08,-51.8,86.79280856858391,169.59610594846615,-70.78150590994015,35.42873573632023,2.1953722433691762
A_PA1_to_C1,1D,173,15,5.0,0.6,0.6,84.4721014411665,171.75620943958634,-71.69707749993427,98.53,142.08,-51.8,87.21475531902344,169.20335985917157,-70.61503834812304,34.89580319009476,2.3603668397238113
A_PA1_to_C1,1D,173,16,5.0,0.6,0.6,84.4721014411665,171.75620943958634,-71.69707749993427,98.53,142.08,-51.8,87.63670206946297,168.81061376987697,-70.44857078630592,34.36508176462905,2.524676878567682
A_PA1_to_C1,1D,174,1,5.0,0.6,0.6,85.50232556270262,170.791866357757,-71.28850885598135,99.68,141.27,-51.8,82.35540791964537,173.75385625081097,-72.54291119225991,42.25648793267157,0.0
A_PA1_to_C1,1D,174,2,5.0,0.6,0.6,85.50232556270262,170.791866357757,-71.28850885598135,99.68,141.27,-51.8,82.77499693871968,173.35892426507044,-72.37565754742276,41.69935098415967,0.17248821935352865
A_PA1_to_C1,1D,174,3,5.0,0.6,0.6,85.50232556270262,170.791866357757,-71.28850885598135,99.68,141.27,-51.8,83.19458595779398,172.96399227932991,-72.20840390258562,41.14341955399745,0.3446032132118013
A_PA1_to_C1,1D,174,4,5.0,0.6,0.6,85.50232556270262,170.791866357757,-71.28850885598135,99.68,141.27,-51.8,83.61417497686827,172.5690602935894,-72.04115025774848,40.58874317704825,0.5163296457038129
A_PA1_to_C1,1D,174,5,5.0,0.6,0.6,85.50232556270262,170.791866357757,-71.28850885598135,99.68,141.27,-51.8,84.03376399594258,172.17412830784883,-71.87389661291134,40.03537401834157,0.6876513666656336
A_PA1_to_C1,1D,174,6,5.0,0.6,0.6,85.50232556270262,170.791866357757,-71.28850885598135,99.68,141.27,-51.8,84.45335301501687,171.7791963221083,-71.7066429680742,39.483367040877106,0.858551359688688
A_PA1_to_C1,1D,174,7,5.0,0.6,0.6,85.50232556270262,170.791866357757,-71.28850885598135,99.68,141.27,-51.8,84.87294203409117,171.38426433636778,-71.53938932323706,38.93278018560634,1.0290116863979026
A_PA1_to_C1,1D,174,8,5.0,0.6,0.6,85.50232556270262,170.791866357757,-71.28850885598135,99.68,141.27,-51.8,85.29253105316548,170.98933235062725,-71.37213567839991,38.38367456454452,1.1990134266647203
A_PA1_to_C1,1D,174,9,5.0,0.6,0.6,85.50232556270262,170.791866357757,-71.28850885598135,99.68,141.27,-51.8,85.71212007223977,170.59440036488672,-71.20488203356278,37.836114668038825,1.3685366144373816
A_PA1_to_C1,1D,174,10,5.0,0.6,0.6,85.50232556270262,170.791866357757,-71.28850885598135,99.68,141.27,-51.8,86.13170909131408,170.1994683791462,-71.03762838872564,37.29016858729796,1.5375601688463174
A_PA1_to_C1,1D,174,11,5.0,0.6,0.6,85.50232556270262,170.791866357757,-71.28850885598135,99.68,141.27,-51.8,86.55129811038837,169.80453639340567,-70.87037474388849,36.74590825337189,1.70606182021662
A_PA1_to_C1,1D,174,12,5.0,0.6,0.6,85.50232556270262,170.791866357757,-71.28850885598135,99.68,141.27,-51.8,86.97088712946267,169.40960440766514,-70.70312109905136,36.20340969385819,1.8740180305923761
A_PA1_to_C1,1D,174,13,5.0,0.6,0.6,85.50232556270262,170.791866357757,-71.28850885598135,99.68,141.27,-51.8,87.39047614853698,169.0146724219246,-70.53586745421421,35.662753308703806,2.0414039083491513
A_PA1_to_C1,1D,174,14,5.0,0.6,0.6,85.50232556270262,170.791866357757,-71.28850885598135,99.68,141.27,-51.8,87.81006516761127,168.61974043618406,-70.36861380937708,35.12402416656705,2.208193116441029
A_PA1_to_C1,1D,174,15,5.0,0.6,0.6,85.50232556270262,170.791866357757,-71.28850885598135,99.68,141.27,-51.8,88.22965418668556,168.22480845044353,-70.20136016453993,34.58731232330299,2.3743577737983212
A_PA1_to_C1,1D,174,16,5.0,0.6,0.6,85.50232556270262,170.791866357757,-71.28850885598135,99.68,141.27,-51.8,88.64924320575987,167.829876464703,-70.03410651970279,34.052713164237396,2.5398683493604253
A_PA1_to_C1,1D,175,1,5.0,0.6,0.6,86.52681905914028,169.82223673745816,-70.87804031093589,100.83,140.45,-51.8,83.39733484387764,172.8002154505699,-72.13818765576322,42.00090631480248,0.0
A_PA1_to_C1,1D,175,2,5.0,0.6,0.6,86.52681905914028,169.82223673745816,-70.87804031093589,100.83,140.45,-51.8,83.81459940591267,172.403151622155,-71.97016800978625,41.44108388433753,0.17331963791484384
A_PA1_to_C1,1D,175,3,5.0,0.6,0.6,86.52681905914028,169.82223673745816,-70.87804031093589,100.83,140.45,-51.8,84.23186396794769,172.0060877937401,-71.80214836380927,40.882401296310675,0.34628638343399487
A_PA1_to_C1,1D,175,4,5.0,0.6,0.6,86.52681905914028,169.82223673745816,-70.87804031093589,100.83,140.45,-51.8,84.6491285299827,171.6090239653252,-71.63412871783228,40.32490592669089,0.5188855690747953
A_PA1_to_C1,1D,175,5,5.0,0.6,0.6,86.52681905914028,169.82223673745816,-70.87804031093589,100.83,140.45,-51.8,85.06639309201772,171.2119601369103,-71.46610907185531,39.768647704446224,0.6911017369524011
A_PA1_to_C1,1D,175,6,5.0,0.6,0.6,86.52681905914028,169.82223673745816,-70.87804031093589,100.83,140.45,-51.8,85.48365765405273,170.8148963084954,-71.29808942587833,39.21367927757151,0.8629185873780099
A_PA1_to_C1,1D,175,7,5.0,0.6,0.6,86.52681905914028,169.82223673745816,-70.87804031093589,100.83,140.45,-51.8,85.90092221608775,170.4178324800805,-71.13006977990135,38.66005619147658,1.0343189236303107
A_PA1_to_C1,1D,175,8,5.0,0.6,0.6,86.52681905914028,169.82223673745816,-70.87804031093589,100.83,140.45,-51.8,86.31818677812277,170.0207686516656,-70.96205013392438,38.10783708073724,1.205284592589857
A_PA1_to_C1,1D,175,9,5.0,0.6,0.6,86.52681905914028,169.82223673745816,-70.87804031093589,100.83,140.45,-51.8,86.7354513401578,169.6237048232507,-70.7940304879474,37.55708387529438,1.3757964209003397
A_PA1_to_C1,1D,175,10,5.0,0.6,0.6,86.52681905914028,169.82223673745816,-70.87804031093589,100.83,140.45,-51.8,87.15271590219281,169.2266409948358,-70.62601084197043,37.007862022275525,1.5458341462931742
A_PA1_to_C1,1D,175,11,5.0,0.6,0.6,86.52681905914028,169.82223673745816,-70.87804031093589,100.83,140.45,-51.8,87.56998046422783,168.8295771664209,-70.45799119599344,36.460240724708164,1.7153763436824505
A_PA1_to_C1,1D,175,12,5.0,0.6,0.6,86.52681905914028,169.82223673745816,-70.87804031093589,100.83,140.45,-51.8,87.98724502626284,168.432513338006,-70.28997155001646,35.91429319849624,1.8844003456056466
A_PA1_to_C1,1D,175,13,5.0,0.6,0.6,86.52681905914028,169.82223673745816,-70.87804031093589,100.83,140.45,-51.8,88.40450958829786,168.0354495095911,-70.12195190403949,35.37009694913825,2.0528821565523927
A_PA1_to_C1,1D,175,14,5.0,0.6,0.6,86.52681905914028,169.82223673745816,-70.87804031093589,100.83,140.45,-51.8,88.82177415033287,167.6383856811762,-69.95393225806251,34.82773406978014,2.2207963606880305
A_PA1_to_C1,1D,175,15,5.0,0.6,0.6,86.52681905914028,169.82223673745816,-70.87804031093589,100.83,140.45,-51.8,89.23903871236789,167.2413218527613,-69.78591261208553,34.287291562315175,2.3881160224418903
A_PA1_to_C1,1D,175,16,5.0,0.6,0.6,86.52681905914028,169.82223673745816,-70.87804031093589,100.83,140.45,-51.8,89.65630327440292,166.8442580243464,-69.61789296610856,33.748861683367856,2.5548125793915233
A_PA1_to_C1,1D,176,1,5.0,0.6,0.6,87.54566407425344,168.8474505459108,-70.46571908527208,101.97,139.63,-51.8,84.43411776438353,171.84170296367344,-71.73170961456422,41.74175393728263,0.0
A_PA1_to_C1,1D,176,2,5.0,0.6,0.6,87.54566407425344,168.8474505459108,-70.46571908527208,101.97,139.63,-51.8,84.84899060569951,171.44246930797178,-71.56291087732527,41.179300777155916,0.17413410530238949
A_PA1_to_C1,1D,176,3,5.0,0.6,0.6,87.54566407425344,168.8474505459108,-70.46571908527208,101.97,139.63,-51.8,85.26386344701551,171.04323565227008,-71.39411214008632,40.61792219242997,0.34793552472218536
A_PA1_to_C1,1D,176,4,5.0,0.6,0.6,87.54566407425344,168.8474505459108,-70.46571908527208,101.97,139.63,-51.8,85.67873628833149,170.6440019965684,-71.22531340284736,40.05766336127355,0.5213902712102421
A_PA1_to_C1,1D,176,5,5.0,0.6,0.6,87.54566407425344,168.8474505459108,-70.46571908527208,101.97,139.63,-51.8,86.09360912964748,170.2447683408667,-71.05651466560842,39.49857193241218,0.6944835928391484
A_PA1_to_C1,1D,176,6,5.0,0.6,0.6,87.54566407425344,168.8474505459108,-70.46571908527208,101.97,139.63,-51.8,86.50848197096347,169.845534685165,-70.88771592836946,38.940698188845566,0.8671999221167379
A_PA1_to_C1,1D,176,7,5.0,0.6,0.6,87.54566407425344,168.8474505459108,-70.46571908527208,101.97,139.63,-51.8,86.92335481227946,169.4463010294633,-70.71891719113052,38.3840952240584,1.0395228214316514
A_PA1_to_C1,1D,176,8,5.0,0.6,0.6,87.54566407425344,168.8474505459108,-70.46571908527208,101.97,139.63,-51.8,87.33822765359544,169.04706737376162,-70.55011845389156,37.82881913177313,1.2114349243063476
A_PA1_to_C1,1D,176,9,5.0,0.6,0.6,87.54566407425344,168.8474505459108,-70.46571908527208,101.97,139.63,-51.8,87.75310049491144,168.64783371805996,-70.38131971665261,37.27492921038521,1.382917872104466
A_PA1_to_C1,1D,176,10,5.0,0.6,0.6,87.54566407425344,168.8474505459108,-70.46571908527208,101.97,139.63,-51.8,88.16797333622742,168.24860006235826,-70.21252097941365,36.72248818331963,1.5539522458089774
A_PA1_to_C1,1D,176,11,5.0,0.6,0.6,87.54566407425344,168.8474505459108,-70.46571908527208,101.97,139.63,-51.8,88.5828461775434,167.84936640665657,-70.04372224217471,36.17156243665557,1.7245174924541988
A_PA1_to_C1,1D,176,12,5.0,0.6,0.6,87.54566407425344,168.8474505459108,-70.46571908527208,101.97,139.63,-51.8,88.9977190188594,167.45013275095488,-69.87492350493575,35.622222275479864,1.8945918457593702
A_PA1_to_C1,1D,176,13,5.0,0.6,0.6,87.54566407425344,168.8474505459108,-70.46571908527208,101.97,139.63,-51.8,89.41259186017538,167.0508990952532,-69.7061247676968,35.07454220055504,2.0641522404729393
A_PA1_to_C1,1D,176,14,5.0,0.6,0.6,87.54566407425344,168.8474505459108,-70.46571908527208,101.97,139.63,-51.8,89.82746470149137,166.6516654395515,-69.53732603045785,34.52860120701876,2.233174219895936
A_PA1_to_C1,1D,176,15,5.0,0.6,0.6,87.54566407425344,168.8474505459108,-70.46571908527208,101.97,139.63,-51.8,90.24233754280736,166.2524317838498,-69.3685272932189,33.984483106973386,2.401631836009054
A_PA1_to_C1,1D,176,16,5.0,0.6,0.6,87.54566407425344,168.8474505459108,-70.46571908527208,101.97,139.63,-51.8,90.65721038412335,165.85319812814814,-69.19972855597995,33.44227687797263,2.5694975415820434
A_PA1_to_C1,1D,177,1,5.0,0.6,0.6,88.55844803780349,167.867192725398,-70.05143424762115,103.1,138.79,-51.8,85.46550638755429,170.8781368759351,-71.32341194809399,41.49442742382541,0.0
A_PA1_to_C1,1D,177,2,5.0,0.6,0.6,88.55844803780349,167.867192725398,-70.05143424762115,103.1,138.79,-51.8,85.87789860758751,170.4766776558635,-71.15381492136429,40.929408366693494,0.17492850066003562
A_PA1_to_C1,1D,177,3,5.0,0.6,0.6,88.55844803780349,167.867192725398,-70.05143424762115,103.1,138.79,-51.8,86.29029082762074,170.0752184357919,-70.98421789463457,40.365398936019474,0.34954442346933057
A_PA1_to_C1,1D,177,4,5.0,0.6,0.6,88.55844803780349,167.867192725398,-70.05143424762115,103.1,138.79,-51.8,86.70268304765396,169.67375921572028,-70.81462086790485,39.80244205171895,0.5238344805283166
A_PA1_to_C1,1D,177,5,5.0,0.6,0.6,88.55844803780349,167.867192725398,-70.05143424762115,103.1,138.79,-51.8,87.11507526768719,169.27229999564867,-70.64502384117515,39.24058301423271,0.6977846469327229
A_PA1_to_C1,1D,177,6,5.0,0.6,0.6,88.55844803780349,167.867192725398,-70.05143424762115,103.1,138.79,-51.8,87.52746748772041,168.87084077557705,-70.47542681444543,38.6798696651544,0.8713801110436563
A_PA1_to_C1,1D,177,7,5.0,0.6,0.6,88.55844803780349,167.867192725398,-70.05143424762115,103.1,138.79,-51.8,87.93985970775364,168.46938155550544,-70.30582978771571,38.1203525604076,1.044605220872386
A_PA1_to_C1,1D,177,8,5.0,0.6,0.6,88.55844803780349,167.867192725398,-70.05143424762115,103.1,138.79,-51.8,88.35225192778687,168.06792233543382,-70.136232760986,37.562085157059876,1.2174434262431983
A_PA1_to_C1,1D,177,9,5.0,0.6,0.6,88.55844803780349,167.867192725398,-70.05143424762115,103.1,138.79,-51.8,88.7646441478201,167.6664631153622,-69.96663573425629,37.005124014961225,1.3898772163666209
A_PA1_to_C1,1D,177,10,5.0,0.6,0.6,88.55844803780349,167.867192725398,-70.05143424762115,103.1,138.79,-51.8,89.17703636785333,167.2650038952906,-69.79703870752658,36.4495290145031,1.561888052421768
A_PA1_to_C1,1D,177,11,5.0,0.6,0.6,88.55844803780349,167.867192725398,-70.05143424762115,103.1,138.79,-51.8,89.58942858788656,166.86354467521898,-69.62744168079686,35.89536359191179,1.7334562947100984
A_PA1_to_C1,1D,177,12,5.0,0.6,0.6,88.55844803780349,167.867192725398,-70.05143424762115,103.1,138.79,-51.8,90.00182080791978,166.46208545514736,-69.45784465406715,35.342694993619105,1.9045611239028801
A_PA1_to_C1,1D,177,13,5.0,0.6,0.6,88.55844803780349,167.867192725398,-70.05143424762115,103.1,138.79,-51.8,90.41421302795301,166.06062623507574,-69.28824762733744,34.79159455139176,2.07518045586181
A_PA1_to_C1,1D,177,14,5.0,0.6,0.6,88.55844803780349,167.867192725398,-70.05143424762115,103.1,138.79,-51.8,90.82660524798624,165.65916701500413,-69.11865060060772,34.24213798005136,2.2452908494656505
A_PA1_to_C1,1D,177,15,5.0,0.6,0.6,88.55844803780349,167.867192725398,-70.05143424762115,103.1,138.79,-51.8,91.23899746801946,165.25770779493251,-68.949053573878,33.69440569977928,2.414867406825426
A_PA1_to_C1,1D,177,16,5.0,0.6,0.6,88.55844803780349,167.867192725398,-70.05143424762115,103.1,138.79,-51.8,91.65138968805269,164.85624857486093,-68.7794565471483,33.148483185174,2.5838836652171544
A_PA1_to_C1,1D,178,1,5.0,0.6,0.6,89.56514571001105,166.8815077296887,-69.63520370616975,104.23,137.95,-51.8,86.48985146936337,169.90811220400832,-70.91279154638573,41.2472133147032,0.0
A_PA1_to_C1,1D,178,2,5.0,0.6,0.6,89.56514571001105,166.8815077296887,-69.63520370616975,104.23,137.95,-51.8,86.89989070144973,169.5045649407657,-70.7424465010236,40.67971898065227,0.1756948402634464
A_PA1_to_C1,1D,178,3,5.0,0.6,0.6,89.56514571001105,166.8815077296887,-69.63520370616975,104.23,137.95,-51.8,87.30992993353608,169.1010176775231,-70.57210145566147,40.11317073557079,0.35109677372520487
A_PA1_to_C1,1D,178,4,5.0,0.6,0.6,89.56514571001105,166.8815077296887,-69.63520370616975,104.23,137.95,-51.8,87.71996916562244,168.69747041428047,-70.40175641029934,39.547609239715925,0.5261932120703641
A_PA1_to_C1,1D,178,5,5.0,0.6,0.6,89.56514571001105,166.8815077296887,-69.63520370616975,104.23,137.95,-51.8,88.1300083977088,168.29392315103786,-70.2314113649372,38.98307744000562,0.7009708590394972
A_PA1_to_C1,1D,178,6,5.0,0.6,0.6,89.56514571001105,166.8815077296887,-69.63520370616975,104.23,137.95,-51.8,88.54004762979515,167.89037588779524,-70.06106631957508,38.41962072704112,0.8754156618148858
A_PA1_to_C1,1D,178,7,5.0,0.6,0.6,89.56514571001105,166.8815077296887,-69.63520370616975,104.23,137.95,-51.8,88.95008686188152,167.48682862455263,-69.89072127421295,37.857287104676416,1.0495127585222246
A_PA1_to_C1,1D,178,8,5.0,0.6,0.6,89.56514571001105,166.8815077296887,-69.63520370616975,104.23,137.95,-51.8,89.36012609396788,167.08328136131001,-69.72037622885081,37.296127373255665,1.2232464215007859
A_PA1_to_C1,1D,178,9,5.0,0.6,0.6,89.56514571001105,166.8815077296887,-69.63520370616975,104.23,137.95,-51.8,89.77016532605423,166.6797340980674,-69.55003118348868,36.736195327746216,1.396599995961914
A_PA1_to_C1,1D,178,10,5.0,0.6,0.6,89.56514571001105,166.8815077296887,-69.63520370616975,104.23,137.95,-51.8,90.18020455814059,166.27618683482478,-69.37968613812654,36.177547972112954,1.5695558336192708
A_PA1_to_C1,1D,178,11,5.0,0.6,0.6,89.56514571001105,166.8815077296887,-69.63520370616975,104.23,137.95,-51.8,90.59024379022695,165.87263957158217,-69.20934109276442,35.620245751408646,1.7420952208342282
A_PA1_to_C1,1D,178,12,5.0,0.6,0.6,89.56514571001105,166.8815077296887,-69.63520370616975,104.23,137.95,-51.8,91.0002830223133,165.46909230833955,-69.03899604740229,35.064352803195405,1.9141983007764072
A_PA1_to_C1,1D,178,13,5.0,0.6,0.6,89.56514571001105,166.8815077296887,-69.63520370616975,104.23,137.95,-51.8,91.41032225439966,165.06554504509694,-68.86865100204015,34.50993723006707,2.085843989051435
A_PA1_to_C1,1D,178,14,5.0,0.6,0.6,89.56514571001105,166.8815077296887,-69.63520370616975,104.23,137.95,-51.8,91.82036148648602,164.66199778185432,-68.69830595667803,33.95707139520987,2.2570098821960762
A_PA1_to_C1,1D,178,15,5.0,0.6,0.6,89.56514571001105,166.8815077296887,-69.63520370616975,104.23,137.95,-51.8,92.23040071857237,164.2584505186117,-68.5279609113159,33.40583224312175,2.4276721583843504
A_PA1_to_C1,1D,178,16,5.0,0.6,0.6,89.56514571001105,166.8815077296887,-69.63520370616975,104.23,137.95,-51.8,92.64043995065873,163.8549032553691,-68.35761586595376,32.85630164780881,2.5978054696267456
A_PA1_to_C1,1D,179,1,5.0,0.6,0.6,90.56640539812673,165.89102646115222,-69.21725653762716,105.35,137.1,-51.8,87.50763866580155,168.93214746247656,-70.50003833221453,41.003986436433784,0.0
A_PA1_to_C1,1D,179,2,5.0,0.6,0.6,90.56640539812673,165.89102646115222,-69.21725653762716,105.35,137.1,-51.8,87.91547423011157,168.52666466229996,-70.32900075960289,40.43416636666226,0.1764148822822058
A_PA1_to_C1,1D,179,3,5.0,0.6,0.6,90.56640539812673,165.89102646115222,-69.21725653762716,105.35,137.1,-51.8,88.32330979442159,168.1211818621234,-70.15796318699124,39.86523191773251,0.35255557854528696
A_PA1_to_C1,1D,179,4,5.0,0.6,0.6,90.56640539812673,165.89102646115222,-69.21725653762716,105.35,137.1,-51.8,88.73114535873162,167.71569906194682,-69.98692561437959,39.297221554993875,0.5284101800123562
A_PA1_to_C1,1D,179,5,5.0,0.6,0.6,90.56640539812673,165.89102646115222,-69.21725653762716,105.35,137.1,-51.8,89.13898092304164,167.31021626177025,-69.81588804176793,38.73017593595403,0.7039660992197376
A_PA1_to_C1,1D,179,6,5.0,0.6,0.6,90.56640539812673,165.89102646115222,-69.21725653762716,105.35,137.1,-51.8,89.54681648735168,166.90473346159368,-69.64485046915628,38.16413806333937,0.8792100226298487
A_PA1_to_C1,1D,179,7,5.0,0.6,0.6,90.56640539812673,165.89102646115222,-69.21725653762716,105.35,137.1,-51.8,89.9546520516617,166.49925066141708,-69.47381289654464,37.599153450647066,1.0541278593766936
A_PA1_to_C1,1D,179,8,5.0,0.6,0.6,90.56640539812673,165.89102646115222,-69.21725653762716,105.35,137.1,-51.8,90.36248761597172,166.0937678612405,-69.30277532393299,37.03527030133548,1.2287046857889479
A_PA1_to_C1,1D,179,9,5.0,0.6,0.6,90.56640539812673,165.89102646115222,-69.21725653762716,105.35,137.1,-51.8,90.77032318028175,165.68828506106394,-69.13173775132134,36.47253970291428,1.402924685300155
A_PA1_to_C1,1D,179,10,5.0,0.6,0.6,90.56640539812673,165.89102646115222,-69.21725653762716,105.35,137.1,-51.8,91.17815874459177,165.28280226088737,-68.96070017870969,35.91101583732122,1.5767710833165829
A_PA1_to_C1,1D,179,11,5.0,0.6,0.6,90.56640539812673,165.89102646115222,-69.21725653762716,105.35,137.1,-51.8,91.58599430890179,164.87731946071077,-68.78966260609805,35.35075620911116,1.7502260765704722
A_PA1_to_C1,1D,179,12,5.0,0.6,0.6,90.56640539812673,165.89102646115222,-69.21725653762716,105.35,137.1,-51.8,91.99382987321182,164.4718366605342,-68.6186250334864,34.79182189313587,1.923270756438983
A_PA1_to_C1,1D,179,13,5.0,0.6,0.6,90.56640539812673,165.89102646115222,-69.21725653762716,105.35,137.1,-51.8,92.40166543752184,164.06635386035762,-68.44758746087474,34.234277803560644,2.095885025657319
A_PA1_to_C1,1D,179,14,5.0,0.6,0.6,90.56640539812673,165.89102646115222,-69.21725653762716,105.35,137.1,-51.8,92.80950100183188,163.66087106018105,-68.27654988826309,33.67819298624916,2.268047507797098
A_PA1_to_C1,1D,179,15,5.0,0.6,0.6,90.56640539812673,165.89102646115222,-69.21725653762716,105.35,137.1,-51.8,93.2173365661419,163.25538826000448,-68.10551231565144,33.12364093674967,2.4397354488186096
A_PA1_to_C1,1D,179,16,5.0,0.6,0.6,90.56640539812673,165.89102646115222,-69.21725653762716,105.35,137.1,-51.8,93.62517213045192,162.84990545982788,-67.9344747430398,32.570699946338195,2.610924609936715
A_PA1_to_C1,1D,180,1,5.0,0.6,0.6,91.56230890900198,164.8958659730496,-68.79763588335707,106.46,136.24,-51.8,88.5198241991286,167.9511471311534,-70.08548053047984,40.76524939664157,0.0
A_PA1_to_C1,1D,180,2,5.0,0.6,0.6,91.56230890900198,164.8958659730496,-68.79763588335707,106.46,136.24,-51.8,88.92548882711174,167.5437763100729,-69.91376791086347,40.19320939253111,0.17710216845525295
A_PA1_to_C1,1D,180,3,5.0,0.6,0.6,91.56230890900198,164.8958659730496,-68.79763588335707,106.46,136.24,-51.8,89.33115345509485,167.13640548899238,-69.7420552912471,39.62199646879641,0.3539482748746643
A_PA1_to_C1,1D,180,4,5.0,0.6,0.6,91.56230890900198,164.8958659730496,-68.79763588335707,106.46,136.24,-51.8,89.73681808307796,166.7290346679119,-69.57034267163073,39.05164691885325,0.5305270829066018
A_PA1_to_C1,1D,180,5,5.0,0.6,0.6,91.56230890900198,164.8958659730496,-68.79763588335707,106.46,136.24,-51.8,90.14248271106108,166.32166384683137,-69.39863005201437,38.48219913123787,0.7068267075553258
A_PA1_to_C1,1D,180,6,5.0,0.6,0.6,91.56230890900198,164.8958659730496,-68.79763588335707,106.46,136.24,-51.8,90.54814733904419,165.91429302575088,-69.226917432398,37.91369373824859,0.8828345691619148
A_PA1_to_C1,1D,180,7,5.0,0.6,0.6,91.56230890900198,164.8958659730496,-68.79763588335707,106.46,136.24,-51.8,90.9538119670273,165.50692220467036,-69.05520481278162,37.34617377696374,1.0585373435535104
A_PA1_to_C1,1D,180,8,5.0,0.6,0.6,91.56230890900198,164.8958659730496,-68.79763588335707,106.46,136.24,-51.8,91.35947659501042,165.09955138358987,-68.88349219316525,36.77968486380273,1.233920907999643
A_PA1_to_C1,1D,180,9,5.0,0.6,0.6,91.56230890900198,164.8958659730496,-68.79763588335707,106.46,136.24,-51.8,91.76514122299355,164.69218056250935,-68.7117795735489,36.21427538391599,1.408970282577581
A_PA1_to_C1,1D,180,10,5.0,0.6,0.6,91.56230890900198,164.8958659730496,-68.79763588335707,106.46,136.24,-51.8,92.17080585097666,164.28480974142886,-68.54006695393252,35.6499966968241,1.5836695665069591
A_PA1_to_C1,1D,180,11,5.0,0.6,0.6,91.56230890900198,164.8958659730496,-68.79763588335707,106.46,136.24,-51.8,92.57647047895978,163.87743892034834,-68.36835433431615,35.08690335987251,1.7580018689687513
A_PA1_to_C1,1D,180,12,5.0,0.6,0.6,91.56230890900198,164.8958659730496,-68.79763588335707,106.46,136.24,-51.8,92.98213510694289,163.47006809926785,-68.19664171469978,34.52505337123316,1.9319492338725723
A_PA1_to_C1,1D,180,13,5.0,0.6,0.6,91.56230890900198,164.8958659730496,-68.79763588335707,106.46,136.24,-51.8,93.387799734926,163.06269727818733,-68.02492909508342,33.964508434363694,2.1054925579807673
A_PA1_to_C1,1D,180,14,5.0,0.6,0.6,91.56230890900198,164.8958659730496,-68.79763588335707,106.46,136.24,-51.8,93.79346436290912,162.65532645710684,-67.85321647546705,33.40533424603664,2.2786115017352753
A_PA1_to_C1,1D,180,15,5.0,0.6,0.6,91.56230890900198,164.8958659730496,-68.79763588335707,106.46,136.24,-51.8,94.19912899089223,162.24795563602632,-67.68150385585068,32.847600810270634,2.451284392065306
A_PA1_to_C1,1D,180,16,5.0,0.6,0.6,91.56230890900198,164.8958659730496,-68.79763588335707,106.46,136.24,-51.8,94.60479361887536,161.84058481494583,-67.5097912362343,32.29138278074132,2.6234881163777874
A_PA1_to_C1,1D,181,1,5.0,0.6,0.6,92.55293700046963,163.896139665199,-68.3763832599028,107.57,135.36,-51.8,89.5264916974514,166.96523521815587,-69.66916371870438,40.5433853675906,0.0
A_PA1_to_C1,1D,181,2,5.0,0.6,0.6,92.55293700046963,163.896139665199,-68.3763832599028,107.57,135.36,-51.8,89.93001773785383,166.55602247776162,-69.49679299086417,39.96920408018325,0.17776510446048022
A_PA1_to_C1,1D,181,3,5.0,0.6,0.6,92.55293700046963,163.896139665199,-68.3763832599028,107.57,135.36,-51.8,90.33354377825626,166.1468097373674,-69.32442226302396,39.39579232026838,0.3552919651152404
A_PA1_to_C1,1D,181,4,5.0,0.6,0.6,92.55293700046963,163.896139665199,-68.3763832599028,107.57,135.36,-51.8,90.7370698186587,165.73759699697314,-69.15205153518374,38.82318418522744,0.5325700254994317
A_PA1_to_C1,1D,181,5,5.0,0.6,0.6,92.55293700046963,163.896139665199,-68.3763832599028,107.57,135.36,-51.8,91.14059585906112,165.3283842565789,-68.97968080734353,38.25141576488995,0.7095881122912253
A_PA1_to_C1,1D,181,6,5.0,0.6,0.6,92.55293700046963,163.896139665199,-68.3763832599028,107.57,135.36,-51.8,91.54412189946355,164.91917151618463,-68.80731007950332,37.68052528504412,0.8863343908812649
A_PA1_to_C1,1D,181,7,5.0,0.6,0.6,92.55293700046963,163.896139665199,-68.3763832599028,107.57,135.36,-51.8,91.94764793986599,164.50995877579038,-68.6349393516631,37.11055326312485,1.0627963171720598
A_PA1_to_C1,1D,181,8,5.0,0.6,0.6,92.55293700046963,163.896139665199,-68.3763832599028,107.57,135.36,-51.8,92.35117398026841,164.10074603539613,-68.4625686238229,36.54154267725439,1.2389605852434098
A_PA1_to_C1,1D,181,9,5.0,0.6,0.6,92.55293700046963,163.896139665199,-68.3763832599028,107.57,135.36,-51.8,92.75470002067084,163.69153329500188,-68.29019789598269,35.973539149936045,1.4148130704812871
A_PA1_to_C1,1D,181,10,5.0,0.6,0.6,92.55293700046963,163.896139665199,-68.3763832599028,107.57,135.36,-51.8,93.15822606107326,163.28232055460762,-68.11782716814248,35.406591147840814,1.5903387677243934
A_PA1_to_C1,1D,181,11,5.0,0.6,0.6,92.55293700046963,163.896139665199,-68.3763832599028,107.57,135.36,-51.8,93.5617521014757,162.87310781421337,-67.94545644030227,34.84075019928154,1.765521723934695
A_PA1_to_C1,1D,181,12,5.0,0.6,0.6,92.55293700046963,163.896139665199,-68.3763832599028,107.57,135.36,-51.8,93.96527814187813,162.46389507381912,-67.77308571246206,34.27607113114212,1.9403449648447317
A_PA1_to_C1,1D,181,13,5.0,0.6,0.6,92.55293700046963,163.896139665199,-68.3763832599028,107.57,135.36,-51.8,94.36880418228056,162.05468233342486,-67.60071498462185,33.71261232722097,2.11479041497512
A_PA1_to_C1,1D,181,14,5.0,0.6,0.6,92.55293700046963,163.896139665199,-68.3763832599028,107.57,135.36,-51.8,94.772330222683,161.6454695930306,-67.42834425678163,33.150436010162345,2.288838810349306
A_PA1_to_C1,1D,181,15,5.0,0.6,0.6,92.55293700046963,163.896139665199,-68.3763832599028,107.57,135.36,-51.8,95.17585626308542,161.2362568526364,-67.25597352894142,32.58960854938653,2.462469603159155
A_PA1_to_C1,1D,181,16,5.0,0.6,0.6,92.55293700046963,163.896139665199,-68.3763832599028,107.57,135.36,-51.8,95.57938230348785,160.82704411224213,-67.08360280110121,32.030200797694434,2.6356608575529936
A_PA1_to_C1,1D,182,1,5.0,0.6,0.6,93.5383696865723,162.89195751358884,-67.95353909558447,108.67,134.48,-51.8,90.52772276789969,165.97453123254004,-69.25113086433088,40.31860227200129,0.0
A_PA1_to_C1,1D,182,2,5.0,0.6,0.6,93.5383696865723,162.89195751358884,-67.95353909558447,108.67,134.48,-51.8,90.92914235705604,165.56352140334656,-69.07811862849802,39.742379345982265,0.17839719071796445
A_PA1_to_C1,1D,182,3,5.0,0.6,0.6,93.5383696865723,162.89195751358884,-67.95353909558447,108.67,134.48,-51.8,91.33056194621238,165.15251157415307,-68.90510639266516,39.166870477382886,0.3565733110273701
A_PA1_to_C1,1D,182,4,5.0,0.6,0.6,93.5383696865723,162.89195751358884,-67.95353909558447,108.67,134.48,-51.8,91.73198153536873,164.74150174495958,-68.73209415683232,38.59210761158578,0.5345184707168755
A_PA1_to_C1,1D,182,5,5.0,0.6,0.6,93.5383696865723,162.89195751358884,-67.95353909558447,108.67,134.48,-51.8,92.13340112452508,164.33049191576606,-68.55908192099946,38.01812458310306,0.7122221947053351
A_PA1_to_C1,1D,182,6,5.0,0.6,0.6,93.5383696865723,162.89195751358884,-67.95353909558447,108.67,134.48,-51.8,92.53482071368143,163.91948208657257,-68.3860696851666,37.44495725366067,0.8896733802912138
A_PA1_to_C1,1D,182,7,5.0,0.6,0.6,93.5383696865723,162.89195751358884,-67.95353909558447,108.67,134.48,-51.8,92.93624030283777,163.50847225737908,-68.21305744933376,36.87264366221392,1.0668602507081655
A_PA1_to_C1,1D,182,8,5.0,0.6,0.6,93.5383696865723,162.89195751358884,-67.95353909558447,108.67,134.48,-51.8,93.33765989199412,163.0974624281856,-68.0400452135009,36.30122418807297,1.243770304621771
A_PA1_to_C1,1D,182,9,5.0,0.6,0.6,93.5383696865723,162.89195751358884,-67.95353909558447,108.67,134.48,-51.8,93.73907948115047,162.68645259899208,-67.86703297766805,35.730741728445295,1.4203902611628472
A_PA1_to_C1,1D,182,10,5.0,0.6,0.6,93.5383696865723,162.89195751358884,-67.95353909558447,108.67,134.48,-51.8,94.14049907030682,162.2754427697986,-67.69402074183519,35.16124189184721,1.5967060000477034
A_PA1_to_C1,1D,182,11,5.0,0.6,0.6,93.5383696865723,162.89195751358884,-67.95353909558447,108.67,134.48,-51.8,94.54191865946316,161.8644329406051,-67.52100850600235,34.5927732089973,1.7727024962860654
A_PA1_to_C1,1D,182,12,5.0,0.6,0.6,93.5383696865723,162.89195751358884,-67.95353909558447,108.67,134.48,-51.8,94.94333824861951,161.4534231114116,-67.34799627016949,34.02538736298605,1.9483637489211265
A_PA1_to_C1,1D,182,13,5.0,0.6,0.6,93.5383696865723,162.89195751358884,-67.95353909558447,108.67,134.48,-51.8,95.34475783777586,161.0424132822181,-67.17498403433663,33.45913944071753,2.1236727031838267
A_PA1_to_C1,1D,182,14,5.0,0.6,0.6,93.5383696865723,162.89195751358884,-67.95353909558447,108.67,134.48,-51.8,95.7461774269322,160.6314034530246,-67.00197179850379,32.89408820784533,2.2986111653733623
A_PA1_to_C1,1D,182,15,5.0,0.6,0.6,93.5383696865723,162.89195751358884,-67.95353909558447,108.67,134.48,-51.8,96.14759701608855,160.22039362383111,-66.82895956267093,32.330296409678006,2.4731597096976117
A_PA1_to_C1,1D,182,16,5.0,0.6,0.6,93.5383696865723,162.89195751358884,-67.95353909558447,108.67,134.48,-51.8,96.5490166052449,159.80938379463763,-66.65594732683807,31.76783110081278,2.647297576219353
A_PA1_to_C1,1D,183,1,5.0,0.6,0.6,94.51868676017396,161.8834265470593,-67.52914318940918,109.76,133.6,-51.8,91.52551125229972,164.98075967643408,-68.83199692822225,40.09161479814815,0.0
A_PA1_to_C1,1D,183,2,5.0,0.6,0.6,94.51868676017396,161.8834265470593,-67.52914318940918,109.76,133.6,-51.8,91.9246013200163,164.56778192585077,-68.65828309638052,39.51337333661508,0.17902212431364362
A_PA1_to_C1,1D,183,3,5.0,0.6,0.6,94.51868676017396,161.8834265470593,-67.52914318940918,109.76,133.6,-51.8,92.32369138773285,164.15480417526746,-68.48456926453876,38.935790318861585,0.3578403960639509
A_PA1_to_C1,1D,183,4,5.0,0.6,0.6,94.51868676017396,161.8834265470593,-67.52914318940918,109.76,133.6,-51.8,92.72278145544942,163.74182642468415,-68.31085543269702,38.35889548813922,0.5364456068139098
A_PA1_to_C1,1D,183,5,5.0,0.6,0.6,94.51868676017396,161.8834265470593,-67.52914318940918,109.76,133.6,-51.8,93.12187152316599,163.32884867410084,-68.13714160085529,37.782720367723904,0.7148279970353695
A_PA1_to_C1,1D,183,6,5.0,0.6,0.6,94.51868676017396,161.8834265470593,-67.52914318940918,109.76,133.6,-51.8,93.52096159088255,162.91587092351756,-67.96342776901353,37.20729839293969,0.8929772152348168
A_PA1_to_C1,1D,183,7,5.0,0.6,0.6,94.51868676017396,161.8834265470593,-67.52914318940918,109.76,133.6,-51.8,93.92005165859912,162.50289317293425,-67.7897139371718,36.63266505479617,1.0708822734835852
A_PA1_to_C1,1D,183,8,5.0,0.6,0.6,94.51868676017396,161.8834265470593,-67.52914318940918,109.76,133.6,-51.8,94.31914172631568,162.08991542235094,-67.61600010533006,36.05885805641267,1.2485314989893137
A_PA1_to_C1,1D,183,9,5.0,0.6,0.6,94.51868676017396,161.8834265470593,-67.52914318940918,109.76,133.6,-51.8,94.71823179403225,161.67693767176763,-67.4422862734883,35.4859174835335,1.4259124813048452
A_PA1_to_C1,1D,183,10,5.0,0.6,0.6,94.51868676017396,161.8834265470593,-67.52914318940918,109.76,133.6,-51.8,95.1173218617488,161.26395992118432,-67.26857244164657,34.91388599058805,1.6030120147244897
A_PA1_to_C1,1D,183,11,5.0,0.6,0.6,94.51868676017396,161.8834265470593,-67.52914318940918,109.76,133.6,-51.8,95.51641192946538,160.85098217060101,-67.09485860980483,34.34280900391539,1.7798160353661796
A_PA1_to_C1,1D,183,12,5.0,0.6,0.6,94.51868676017396,161.8834265470593,-67.52914318940918,109.76,133.6,-51.8,95.91550199718193,160.43800442001773,-66.92114477796308,33.77273494396101,1.9563095523799188
A_PA1_to_C1,1D,183,13,5.0,0.6,0.6,94.51868676017396,161.8834265470593,-67.52914318940918,109.76,133.6,-51.8,96.3145920648985,160.02502666943442,-66.74743094612134,33.20371546846343,2.132476572657808
A_PA1_to_C1,1D,183,14,5.0,0.6,0.6,94.51868676017396,161.8834265470593,-67.52914318940918,109.76,133.6,-51.8,96.71368213261508,159.61204891885112,-66.5737171142796,32.63580573888607,2.308300018347392
A_PA1_to_C1,1D,183,15,5.0,0.6,0.6,94.51868676017396,161.8834265470593,-67.52914318940918,109.76,133.6,-51.8,97.11277220033163,159.1990711682678,-66.40000328243785,32.06906471261581,2.4837616363877206
A_PA1_to_C1,1D,183,16,5.0,0.6,0.6,94.51868676017396,161.8834265470593,-67.52914318940918,109.76,133.6,-51.8,97.5118622680482,158.7860934176845,-66.22628945059611,31.503555463750008,2.6588418991944707
A_PA1_to_C1,1D,184,1,5.0,0.6,0.6,95.49271186178296,160.8696074210233,-67.1028632821566,110.84,132.7,-51.8,92.51688204497938,163.98144327546234,-68.4108825925838,39.87714590456759,0.0
A_PA1_to_C1,1D,184,2,5.0,0.6,0.6,95.49271186178296,160.8696074210233,-67.1028632821566,110.84,132.7,-51.8,92.91365935388653,163.56653182820378,-68.23648001786017,39.297001812346124,0.17961117406237292
A_PA1_to_C1,1D,184,3,5.0,0.6,0.6,95.49271186178296,160.8696074210233,-67.1028632821566,110.84,132.7,-51.8,93.31043666279368,163.15162038094525,-68.06207744313656,38.71746295129499,0.3590349700534361
A_PA1_to_C1,1D,184,4,5.0,0.6,0.6,95.49271186178296,160.8696074210233,-67.1028632821566,110.84,132.7,-51.8,93.70721397170082,162.7367089336867,-67.88767486841293,38.138556912005264,0.5382628459945291
A_PA1_to_C1,1D,184,5,5.0,0.6,0.6,95.49271186178296,160.8696074210233,-67.1028632821566,110.84,132.7,-51.8,94.10399128060796,162.32179748642818,-67.7132722936893,37.56031295497456,0.717285742908059
A_PA1_to_C1,1D,184,6,5.0,0.6,0.6,95.49271186178296,160.8696074210233,-67.1028632821566,110.84,132.7,-51.8,94.5007685895151,161.90688603916965,-67.53886971896567,36.98276213617629,0.8960940459415792
A_PA1_to_C1,1D,184,7,5.0,0.6,0.6,95.49271186178296,160.8696074210233,-67.1028632821566,110.84,132.7,-51.8,94.89754589842225,161.4919745919111,-67.36446714424204,36.40593744386151,1.0746775420142658
A_PA1_to_C1,1D,184,8,5.0,0.6,0.6,95.49271186178296,160.8696074210233,-67.1028632821566,110.84,132.7,-51.8,95.2943232073294,161.07706314465256,-67.19006456951841,35.829873947750954,1.253025373627441
A_PA1_to_C1,1D,184,9,5.0,0.6,0.6,95.49271186178296,160.8696074210233,-67.1028632821566,110.84,132.7,-51.8,95.69110051623653,160.66215169739402,-67.0156619947948,35.25460896190863,1.431125988439307
A_PA1_to_C1,1D,184,10,5.0,0.6,0.6,95.49271186178296,160.8696074210233,-67.1028632821566,110.84,132.7,-51.8,96.08787782514368,160.2472402501355,-66.84125942007117,34.68018222274002,1.6089670841571415
A_PA1_to_C1,1D,184,11,5.0,0.6,0.6,95.49271186178296,160.8696074210233,-67.1028632821566,110.84,132.7,-51.8,96.48465513405083,159.83232880287693,-66.66685684534754,34.1066360837274,1.7865355482477359
A_PA1_to_C1,1D,184,12,5.0,0.6,0.6,95.49271186178296,160.8696074210233,-67.1028632821566,110.84,132.7,-51.8,96.88143244295797,159.4174173556184,-66.49245427062391,33.53401572870719,1.963817391907245
A_PA1_to_C1,1D,184,13,5.0,0.6,0.6,95.49271186178296,160.8696074210233,-67.1028632821566,110.84,132.7,-51.8,97.2782097518651,159.00250590835986,-66.31805169590028,32.9623694057109,2.14079767766461
A_PA1_to_C1,1D,184,14,5.0,0.6,0.6,95.49271186178296,160.8696074210233,-67.1028632821566,110.84,132.7,-51.8,97.67498706077225,158.58759446110133,-66.14364912117665,32.391748683637175,2.3174604399165375
A_PA1_to_C1,1D,184,15,5.0,0.6,0.6,95.49271186178296,160.8696074210233,-67.1028632821566,110.84,132.7,-51.8,98.0717643696794,158.1726830138428,-65.96924654645304,31.82220873429869,2.4937885976064713
A_PA1_to_C1,1D,184,16,5.0,0.6,0.6,95.49271186178296,160.8696074210233,-67.1028632821566,110.84,132.7,-51.8,98.46854167858655,157.75777156658424,-65.7948439717294,31.253808642702083,2.669763858162696
A_PA1_to_C1,1D,185,1,5.0,0.6,0.6,96.46170388940378,159.85160660413624,-66.67509437547085,111.92,131.79,-51.8,93.50109628532445,162.97604776549187,-67.98759963027722,39.671954464989255,0.0
A_PA1_to_C1,1D,185,2,5.0,0.6,0.6,96.46170388940378,159.85160660413624,-66.67509437547085,111.92,131.79,-51.8,93.89584396586835,162.55945561064445,-67.81259892963637,39.09006170114772,0.18015255846487221
A_PA1_to_C1,1D,185,3,5.0,0.6,0.6,96.46170388940378,159.85160660413624,-66.67509437547085,111.92,131.79,-51.8,94.29059164641227,162.14286345579703,-67.63759822899551,38.50872468060829,0.3601330601798658
A_PA1_to_C1,1D,185,4,5.0,0.6,0.6,96.46170388940378,159.85160660413624,-66.67509437547085,111.92,131.79,-51.8,94.68533932695618,161.7262713009496,-67.46259752835466,37.9279689576735,0.53993359359621
A_PA1_to_C1,1D,185,5,5.0,0.6,0.6,96.46170388940378,159.85160660413624,-66.67509437547085,111.92,131.79,-51.8,95.0800870075001,161.30967914610218,-67.28759682771383,37.34782164975086,0.7195457632317002
A_PA1_to_C1,1D,185,6,5.0,0.6,0.6,96.46170388940378,159.85160660413624,-66.67509437547085,111.92,131.79,-51.8,95.474834688044,160.8930869912548,-67.11259612707298,36.768311556406225,0.8989606528120841
A_PA1_to_C1,1D,185,7,5.0,0.6,0.6,96.46170388940378,159.85160660413624,-66.67509437547085,111.92,131.79,-51.8,95.86958236858791,160.47649483640737,-66.93759542643213,36.189469289232605,1.078168785063978
A_PA1_to_C1,1D,185,8,5.0,0.6,0.6,96.46170388940378,159.85160660413624,-66.67509437547085,111.92,131.79,-51.8,96.26433004913183,160.05990268155995,-66.76259472579127,35.61132741367084,1.2571600778075585
A_PA1_to_C1,1D,185,9,5.0,0.6,0.6,96.46170388940378,159.85160660413624,-66.67509437547085,111.92,131.79,-51.8,96.65907772967573,159.64331052671253,-66.58759402515042,35.033920604052,1.4359237959558069
A_PA1_to_C1,1D,185,10,5.0,0.6,0.6,96.46170388940378,159.85160660413624,-66.67509437547085,111.92,131.79,-51.8,97.05382541021964,159.2267183718651,-66.41259332450957,34.45728581328445,1.6144484989798151
A_PA1_to_C1,1D,185,11,5.0,0.6,0.6,96.46170388940378,159.85160660413624,-66.67509437547085,111.92,131.79,-51.8,97.44857309076356,158.81012621701768,-66.23759262386872,33.88146245878014,1.7927219833464747
A_PA1_to_C1,1D,185,12,5.0,0.6,0.6,96.46170388940378,159.85160660413624,-66.67509437547085,111.92,131.79,-51.8,97.84332077130746,158.3935340621703,-66.06259192322787,33.30649262640971,1.970731219374473
A_PA1_to_C1,1D,185,13,5.0,0.6,0.6,96.46170388940378,159.85160660413624,-66.67509437547085,111.92,131.79,-51.8,98.23806845185138,157.97694190732287,-65.88759122258703,32.73242129449697,2.1484622818861556
A_PA1_to_C1,1D,185,14,5.0,0.6,0.6,96.46170388940378,159.85160660413624,-66.67509437547085,111.92,131.79,-51.8,98.63281613239529,157.56034975247545,-65.71259052194618,32.159296580114955,2.3259002739548915
A_PA1_to_C1,1D,185,15,5.0,0.6,0.6,96.46170388940378,159.85160660413624,-66.67509437547085,111.92,131.79,-51.8,99.0275638129392,157.14375759762802,-65.53758982130533,31.587170010229595,2.503029242959647
A_PA1_to_C1,1D,185,16,5.0,0.6,0.6,96.46170388940378,159.85160660413624,-66.67509437547085,111.92,131.79,-51.8,99.42231149348311,156.7271654427806,-65.36258912066448,31.016096820562428,2.6798320880578412
A_PA1_to_C1,1D,186,1,5.0,0.6,0.6,97.42578646563031,158.82956069145675,-66.24588697364936,112.99,130.88,-51.8,94.48009718086774,161.96624674063239,-67.56274507782834,39.46435570463301,0.0
A_PA1_to_C1,1D,186,2,5.0,0.6,0.6,97.42578646563031,158.82956069145675,-66.24588697364936,112.99,130.88,-51.8,94.87285575216941,161.54802193407565,-67.38716399727114,38.88082003409228,0.18066119830982075
A_PA1_to_C1,1D,186,3,5.0,0.6,0.6,97.42578646563031,158.82956069145675,-66.24588697364936,112.99,130.88,-51.8,95.2656143234711,161.12979712751888,-67.21158291671395,38.29779317225918,0.36116487070396985
A_PA1_to_C1,1D,186,4,5.0,0.6,0.6,97.42578646563031,158.82956069145675,-66.24588697364936,112.99,130.88,-51.8,95.65837289477277,160.71157232096215,-67.03600183615676,37.71529871559835,0.5415037117754338
A_PA1_to_C1,1D,186,5,5.0,0.6,0.6,97.42578646563031,158.82956069145675,-66.24588697364936,112.99,130.88,-51.8,96.05113146607445,160.29334751440538,-66.86042075559955,37.133361718924455,0.7216699646156499
A_PA1_to_C1,1D,186,6,5.0,0.6,0.6,97.42578646563031,158.82956069145675,-66.24588697364936,112.99,130.88,-51.8,96.44389003737612,159.87512270784862,-66.68483967504235,36.55200880786383,0.9016553859966496
A_PA1_to_C1,1D,186,7,5.0,0.6,0.6,97.42578646563031,158.82956069145675,-66.24588697364936,112.99,130.88,-51.8,96.83664860867779,159.45689790129188,-66.50925859448516,35.971268301685264,1.081451208342953
A_PA1_to_C1,1D,186,8,5.0,0.6,0.6,97.42578646563031,158.82956069145675,-66.24588697364936,112.99,130.88,-51.8,97.22940717997948,159.03867309473512,-66.33367751392797,35.39117034760927,1.2610480981497645
A_PA1_to_C1,1D,186,9,5.0,0.6,0.6,97.42578646563031,158.82956069145675,-66.24588697364936,112.99,130.88,-51.8,97.62216575128114,158.62044828817838,-66.15809643337076,34.8117470678386,1.440436110462663
A_PA1_to_C1,1D,186,10,5.0,0.6,0.6,97.42578646563031,158.82956069145675,-66.24588697364936,112.99,130.88,-51.8,98.01492432258283,158.20222348162162,-65.98251535281356,34.23303272070471,1.619604638987088
A_PA1_to_C1,1D,186,11,5.0,0.6,0.6,97.42578646563031,158.82956069145675,-66.24588697364936,112.99,130.88,-51.8,98.4076828938845,157.78399867506488,-65.80693427225637,33.65506387749861,1.7985423613419176
A_PA1_to_C1,1D,186,12,5.0,0.6,0.6,97.42578646563031,158.82956069145675,-66.24588697364936,112.99,130.88,-51.8,98.80044146518617,157.36577386850811,-65.63135319169918,33.077879616749655,1.9772371789112544
A_PA1_to_C1,1D,186,13,5.0,0.6,0.6,97.42578646563031,158.82956069145675,-66.24588697364936,112.99,130.88,-51.8,99.19320003648785,156.94754906195135,-65.45577211114197,32.50152173794102,2.1556761506786337
A_PA1_to_C1,1D,186,14,5.0,0.6,0.6,97.42578646563031,158.82956069145675,-66.24588697364936,112.99,130.88,-51.8,99.58595860778952,156.5293242553946,-65.28019103058477,31.926034996903773,2.3338454203496077
A_PA1_to_C1,1D,186,15,5.0,0.6,0.6,97.42578646563031,158.82956069145675,-66.24588697364936,112.99,130.88,-51.8,99.9787171790912,156.11109944883785,-65.10460995002758,31.351467365423183,2.511730135978272
A_PA1_to_C1,1D,186,16,5.0,0.6,0.6,97.42578646563031,158.82956069145675,-66.24588697364936,112.99,130.88,-51.8,100.37147575039288,155.6928746422811,-64.92902886947039,30.777870317922698,2.689314361210622
A_PA1_to_C1,1D,187,1,5.0,0.6,0.6,98.38503709192018,157.8035656055637,-65.81527629218839,114.05,129.95,-51.8,95.45403433257374,160.95220182552237,-67.13637915686922,39.27023023586406,0.0
A_PA1_to_C1,1D,187,2,5.0,0.6,0.6,98.38503709192018,157.8035656055637,-65.81527629218839,114.05,129.95,-51.8,95.8448347004866,160.5323836628612,-66.96023210824512,38.685176381411445,0.18113122428873574
A_PA1_to_C1,1D,187,3,5.0,0.6,0.6,98.38503709192018,157.8035656055637,-65.81527629218839,114.05,129.95,-51.8,96.23563506839946,160.11256550020005,-66.784085059621,38.100587404186506,0.3621185237391824
A_PA1_to_C1,1D,187,4,5.0,0.6,0.6,98.38503709192018,157.8035656055637,-65.81527629218839,114.05,129.95,-51.8,96.62643543631232,159.69274733753892,-66.60793801099689,37.51648503561066,0.5429551703570912
A_PA1_to_C1,1D,187,5,5.0,0.6,0.6,98.38503709192018,157.8035656055637,-65.81527629218839,114.05,129.95,-51.8,97.01723580422518,159.27292917487776,-66.43179096237277,36.93289236318136,0.7236340163104344
A_PA1_to_C1,1D,187,6,5.0,0.6,0.6,98.38503709192018,157.8035656055637,-65.81527629218839,114.05,129.95,-51.8,97.40803617213804,158.8531110122166,-66.25564391374867,36.34983393625729,0.9041474611785674
A_PA1_to_C1,1D,187,7,5.0,0.6,0.6,98.38503709192018,157.8035656055637,-65.81527629218839,114.05,129.95,-51.8,97.7988365400509,158.43329284955544,-66.07949686512455,35.76733588173187,1.0844874161399982
A_PA1_to_C1,1D,187,8,5.0,0.6,0.6,98.38503709192018,157.8035656055637,-65.81527629218839,114.05,129.95,-51.8,98.18963690796376,158.01347468689428,-65.90334981650044,35.185426030670214,1.264645264765898
A_PA1_to_C1,1D,187,9,5.0,0.6,0.6,98.38503709192018,157.8035656055637,-65.81527629218839,114.05,129.95,-51.8,98.5804372758766,157.59365652423313,-65.72720276787634,34.60413405711675,1.4446118200456066
A_PA1_to_C1,1D,187,10,5.0,0.6,0.6,98.38503709192018,157.8035656055637,-65.81527629218839,114.05,129.95,-51.8,98.97123764378946,157.17383836157197,-65.55105571925222,34.0234916304316,1.6243772772236724
A_PA1_to_C1,1D,187,11,5.0,0.6,0.6,98.38503709192018,157.8035656055637,-65.81527629218839,114.05,129.95,-51.8,99.36203801170232,156.7540201989108,-65.3749086706281,33.44353258268616,1.8039311619745835
A_PA1_to_C1,1D,187,12,5.0,0.6,0.6,98.38503709192018,157.8035656055637,-65.81527629218839,114.05,129.95,-51.8,99.75283837961518,156.33420203624965,-65.198761622004,32.864293092843674,1.9832622733809249
A_PA1_to_C1,1D,187,13,5.0,0.6,0.6,98.38503709192018,157.8035656055637,-65.81527629218839,114.05,129.95,-51.8,100.14363874752804,155.9143838735885,-65.02261457337988,32.28581188967492,2.1623586211111903
A_PA1_to_C1,1D,187,14,5.0,0.6,0.6,98.38503709192018,157.8035656055637,-65.81527629218839,114.05,129.95,-51.8,100.5344391154409,155.49456571092736,-64.84646752475577,31.70813047561488,2.341207356114298
A_PA1_to_C1,1D,187,15,5.0,0.6,0.6,98.38503709192018,157.8035656055637,-65.81527629218839,114.05,129.95,-51.8,100.92523948335376,155.0747475482662,-64.67032047613165,31.131293374059464,2.5197946940571523
A_PA1_to_C1,1D,187,16,5.0,0.6,0.6,98.38503709192018,157.8035656055637,-65.81527629218839,114.05,129.95,-51.8,101.31603985126662,154.65492938560504,-64.49417342750755,30.55534840293759,2.698105830627391
A_PA1_to_C1,1D,188,1,5.0,0.6,0.6,99.33953257020569,156.7737146908155,-65.3832963626497,115.1,129.02,-51.8,96.42396680127341,159.93480148381306,-66.70881759377602,39.07418596551939,0.0
A_PA1_to_C1,1D,188,2,5.0,0.6,0.6,99.33953257020569,156.7737146908155,-65.3832963626497,115.1,129.02,-51.8,96.81270890379771,159.51332324474672,-66.53208142962583,38.487686360639756,0.18157882504013578
A_PA1_to_C1,1D,188,3,5.0,0.6,0.6,99.33953257020569,156.7737146908155,-65.3832963626497,115.1,129.02,-51.8,97.20145100632202,159.09184500568037,-66.35534526547566,37.90160938432507,0.36302680532332054
A_PA1_to_C1,1D,188,4,5.0,0.6,0.6,99.33953257020569,156.7737146908155,-65.3832963626497,115.1,129.02,-51.8,97.59019310884632,158.67036676661405,-66.17860910132549,37.315974949730894,0.5443377757859125
A_PA1_to_C1,1D,188,5,5.0,0.6,0.6,99.33953257020569,156.7737146908155,-65.3832963626497,115.1,129.02,-51.8,97.97893521137063,158.2488885275477,-66.00187293717532,36.73080422446433,0.725505182989183
A_PA1_to_C1,1D,188,6,5.0,0.6,0.6,99.33953257020569,156.7737146908155,-65.3832963626497,115.1,129.02,-51.8,98.36767731389493,157.82741028848136,-65.82513677302514,36.14611972954925,0.9065220544799217
A_PA1_to_C1,1D,188,7,5.0,0.6,0.6,99.33953257020569,156.7737146908155,-65.3832963626497,115.1,129.02,-51.8,98.75641941641923,157.40593204941501,-65.64840060887497,35.56194544776611,1.0873809652486948
A_PA1_to_C1,1D,188,8,5.0,0.6,0.6,99.33953257020569,156.7737146908155,-65.3832963626497,115.1,129.02,-51.8,99.14516151894354,156.98445381034867,-65.4716644447248,34.97830694240182,1.2680740009651927
A_PA1_to_C1,1D,188,9,5.0,0.6,0.6,99.33953257020569,156.7737146908155,-65.3832963626497,115.1,129.02,-51.8,99.53390362146784,156.56297557128232,-65.29492828057461,34.395231487574826,1.4485927176298965
A_PA1_to_C1,1D,188,10,5.0,0.6,0.6,99.33953257020569,156.7737146908155,-65.3832963626497,115.1,129.02,-51.8,99.92264572399215,156.14149733221598,-65.11819211642444,33.81274821144891,1.628928097235443
A_PA1_to_C1,1D,188,11,5.0,0.6,0.6,99.33953257020569,156.7737146908155,-65.3832963626497,115.1,129.02,-51.8,100.31138782651645,155.72001909314963,-64.94145595227427,33.23088825381929,1.809070498978361
A_PA1_to_C1,1D,188,12,5.0,0.6,0.6,99.33953257020569,156.7737146908155,-65.3832963626497,115.1,129.02,-51.8,100.70012992904076,155.29854085408329,-64.76471978812408,32.649684939748006,1.9890096055019768
A_PA1_to_C1,1D,188,13,5.0,0.6,0.6,99.33953257020569,156.7737146908155,-65.3832963626497,115.1,129.02,-51.8,101.08887203156506,154.87706261501694,-64.58798362397391,32.06917397114854,2.168734363582308
A_PA1_to_C1,1D,188,14,5.0,0.6,0.6,99.33953257020569,156.7737146908155,-65.3832963626497,115.1,129.02,-51.8,101.47761413408936,154.45558437595062,-64.41124745982374,31.489393638474137,2.348232918589863
A_PA1_to_C1,1D,188,15,5.0,0.6,0.6,99.33953257020569,156.7737146908155,-65.3832963626497,115.1,129.02,-51.8,101.86635623661367,154.03410613688428,-64.23451129567357,30.910385054957803,2.527492541969533
A_PA1_to_C1,1D,188,16,5.0,0.6,0.6,99.33953257020569,156.7737146908155,-65.3832963626497,115.1,129.02,-51.8,102.25509833913797,153.61262789781793,-64.05777513152339,30.33219241618946,2.7064995508761402
A_PA1_to_C1,1D,189,1,5.0,0.6,0.6,100.28870623937988,155.7395876756556,-64.94979971852082,116.15,128.08,-51.8,97.38963079941968,158.91385073655195,-66.27999354411489,38.88891894645127,0.0
A_PA1_to_C1,1D,189,2,5.0,0.6,0.6,100.28870623937988,155.7395876756556,-64.94979971852082,116.15,128.08,-51.8,97.77617419141437,158.49061566176576,-66.10263436736902,38.3010230884049,0.18201110156234535
A_PA1_to_C1,1D,189,3,5.0,0.6,0.6,100.28870623937988,155.7395876756556,-64.94979971852082,116.15,128.08,-51.8,98.16271758340906,158.0673805869796,-65.92527519062314,37.71350848719057,0.3639041669537768
A_PA1_to_C1,1D,189,4,5.0,0.6,0.6,100.28870623937988,155.7395876756556,-64.94979971852082,116.15,128.08,-51.8,98.54926097540375,157.6441455121934,-65.74791601387726,37.12639324265506,0.5456735925065672
A_PA1_to_C1,1D,189,5,5.0,0.6,0.6,100.28870623937988,155.7395876756556,-64.94979971852082,116.15,128.08,-51.8,98.93580436739845,157.2209104374072,-65.57055683713139,36.539696605241986,0.7273134183310486
A_PA1_to_C1,1D,189,6,5.0,0.6,0.6,100.28870623937988,155.7395876756556,-64.94979971852082,116.15,128.08,-51.8,99.32234775939314,156.79767536262105,-65.39319766038551,35.95343906774431,0.9088172999092752
A_PA1_to_C1,1D,189,7,5.0,0.6,0.6,100.28870623937988,155.7395876756556,-64.94979971852082,116.15,128.08,-51.8,99.70889115138783,156.37444028783486,-65.21583848363963,35.36764246585955,1.0901784769633824
A_PA1_to_C1,1D,189,8,5.0,0.6,0.6,100.28870623937988,155.7395876756556,-64.94979971852082,116.15,128.08,-51.8,100.09543454338252,155.9512052130487,-65.03847930689376,34.78233008853406,1.2713897392932552
A_PA1_to_C1,1D,189,9,5.0,0.6,0.6,100.28870623937988,155.7395876756556,-64.94979971852082,116.15,128.08,-51.8,100.48197793537723,155.5279701382625,-64.86112013014788,34.19752679920888,1.4524433892391304
A_PA1_to_C1,1D,189,10,5.0,0.6,0.6,100.28870623937988,155.7395876756556,-64.94979971852082,116.15,128.08,-51.8,100.86852132737192,155.10473506347634,-64.68376095340201,33.613259169224875,1.6333312003796898
A_PA1_to_C1,1D,189,11,5.0,0.6,0.6,100.28870623937988,155.7395876756556,-64.94979971852082,116.15,128.08,-51.8,101.25506471936662,154.68149998869015,-64.50640177665613,33.02955562480896,1.814044372025485
A_PA1_to_C1,1D,189,12,5.0,0.6,0.6,100.28870623937988,155.7395876756556,-64.94979971852082,116.15,128.08,-51.8,101.64160811136131,154.258264913904,-64.32904259991025,32.44644660925475,1.9945734790082117
A_PA1_to_C1,1D,189,13,5.0,0.6,0.6,100.28870623937988,155.7395876756556,-64.94979971852082,116.15,128.08,-51.8,102.028151503356,153.8350298391178,-64.15168342316439,31.863964762127264,2.174908416199383
A_PA1_to_C1,1D,189,14,5.0,0.6,0.6,100.28870623937988,155.7395876756556,-64.94979971852082,116.15,128.08,-51.8,102.41469489535069,153.4117947643316,-63.974324246418504,31.28214511757396,2.3550383371137187
A_PA1_to_C1,1D,189,15,5.0,0.6,0.6,100.28870623937988,155.7395876756556,-64.94979971852082,116.15,128.08,-51.8,102.80123828734538,152.98855968954544,-63.79696506967263,30.70102532411298,2.534951585863249
A_PA1_to_C1,1D,189,16,5.0,0.6,0.6,100.28870623937988,155.7395876756556,-64.94979971852082,116.15,128.08,-51.8,103.18778167934008,152.56532461475925,-63.61960589292676,30.120645888604304,2.7146356216244474
A_PA1_to_C1,1D,190,1,5.0,0.6,0.6,101.23243476882729,154.7011333967404,-64.5147688375107,117.19,127.13,-51.8,98.34867272918585,157.88751976188374,-65.84925691567086,38.70920116859969,0.0
A_PA1_to_C1,1D,190,2,5.0,0.6,0.6,101.23243476882729,154.7011333967404,-64.5147688375107,117.19,127.13,-51.8,98.73317433447137,157.4626682465313,-65.67132517191618,38.120058219090915,0.18239719799033338
A_PA1_to_C1,1D,190,3,5.0,0.6,0.6,101.23243476882729,154.7011333967404,-64.5147688375107,117.19,127.13,-51.8,99.1176759397569,157.03781673117885,-65.4933934281615,37.53125926667849,0.3646878953316417
A_PA1_to_C1,1D,190,4,5.0,0.6,0.6,101.23243476882729,154.7011333967404,-64.5147688375107,117.19,127.13,-51.8,99.50217754504243,156.61296521582642,-65.3154616844068,36.94282075936271,0.5468669997637701
A_PA1_to_C1,1D,190,5,5.0,0.6,0.6,101.23243476882729,154.7011333967404,-64.5147688375107,117.19,127.13,-51.8,99.88667915032795,156.18811370047396,-65.13752994065212,36.35476019965143,0.7289290925536402
A_PA1_to_C1,1D,190,6,5.0,0.6,0.6,101.23243476882729,154.7011333967404,-64.5147688375107,117.19,127.13,-51.8,100.27118075561347,155.7632621851215,-64.95959819689742,35.76709622949449,0.9108684021997515
A_PA1_to_C1,1D,190,7,5.0,0.6,0.6,101.23243476882729,154.7011333967404,-64.5147688375107,117.19,127.13,-51.8,100.65568236089901,155.33841066976908,-64.78166645314273,35.17984872346213,1.0926787755843836
A_PA1_to_C1,1D,190,8,5.0,0.6,0.6,101.23243476882729,154.7011333967404,-64.5147688375107,117.19,127.13,-51.8,101.04018396618453,154.91355915441662,-64.60373470938805,34.59303889110408,1.2743536462834708
A_PA1_to_C1,1D,190,9,5.0,0.6,0.6,101.23243476882729,154.7011333967404,-64.5147688375107,117.19,127.13,-51.8,101.42468557147005,154.4887076390642,-64.42580296563335,34.00668938954805,1.4558859997063909
A_PA1_to_C1,1D,190,10,5.0,0.6,0.6,101.23243476882729,154.7011333967404,-64.5147688375107,117.19,127.13,-51.8,101.80918717675557,154.06385612371173,-64.24787122187867,33.4208244475351,1.6372683346949213
A_PA1_to_C1,1D,190,11,5.0,0.6,0.6,101.23243476882729,154.7011333967404,-64.5147688375107,117.19,127.13,-51.8,102.19368878204111,153.6390046083593,-64.06993947812398,32.83547000225092,1.81849262116061
A_PA1_to_C1,1D,190,12,5.0,0.6,0.6,101.23243476882729,154.7011333967404,-64.5147688375107,117.19,127.13,-51.8,102.57819038732663,153.21415309300684,-63.89200773436929,32.25065385049548,1.9995502532830365
A_PA1_to_C1,1D,190,13,5.0,0.6,0.6,101.23243476882729,154.7011333967404,-64.5147688375107,117.19,127.13,-51.8,102.96269199261215,152.78930157765438,-63.7140759906146,31.666405815946952,2.1804319977253055
A_PA1_to_C1,1D,190,14,5.0,0.6,0.6,101.23243476882729,154.7011333967404,-64.5147688375107,117.19,127.13,-51.8,103.34719359789769,152.36445006230196,-63.53614424685991,31.082757934520533,2.361127936247417
A_PA1_to_C1,1D,190,15,5.0,0.6,0.6,101.23243476882729,154.7011333967404,-64.5147688375107,117.19,127.13,-51.8,103.73169520318321,151.9395985469495,-63.35821250310522,30.499744660107545,2.5416274020099525
A_PA1_to_C1,1D,190,16,5.0,0.6,0.6,101.23243476882729,154.7011333967404,-64.5147688375107,117.19,127.13,-51.8,104.11619680846873,151.51474703159707,-63.18028075935053,29.91740309330874,2.721918908758809
A_PA1_to_C1,1D,191,1,5.0,0.6,0.6,102.17160842977847,153.6590922034527,-64.07846897385889,118.22,126.17,-51.8,99.3016823167805,156.85634043336316,-65.41679922542866,38.535327354274656,0.0
A_PA1_to_C1,1D,191,2,5.0,0.6,0.6,102.17160842977847,153.6590922034527,-64.07846897385889,118.22,126.17,-51.8,99.68433913184688,156.4300406693751,-65.23835519188603,37.94509422039571,0.18273471637119165
A_PA1_to_C1,1D,191,3,5.0,0.6,0.6,102.17160842977847,153.6590922034527,-64.07846897385889,118.22,126.17,-51.8,100.0669959469133,156.00374090538702,-65.05991115834338,37.35517228561935,0.3653730862709921
A_PA1_to_C1,1D,191,4,5.0,0.6,0.6,102.17160842977847,153.6590922034527,-64.07846897385889,118.22,126.17,-51.8,100.44965276197969,155.57744114139896,-64.88146712480075,36.76557652998118,0.5479104719174845
A_PA1_to_C1,1D,191,5,5.0,0.6,0.6,102.17160842977847,153.6590922034527,-64.07846897385889,118.22,126.17,-51.8,100.83230957704609,155.1511413774109,-64.70302309125812,36.176322901526376,0.7303419358353818
A_PA1_to_C1,1D,191,6,5.0,0.6,0.6,102.17160842977847,153.6590922034527,-64.07846897385889,118.22,126.17,-51.8,101.21496639211247,154.72484161342285,-64.52457905771548,35.58742839499788,0.9126622164943594
A_PA1_to_C1,1D,191,7,5.0,0.6,0.6,102.17160842977847,153.6590922034527,-64.07846897385889,118.22,126.17,-51.8,101.59762320717888,154.2985418494348,-64.34613502417284,34.99891113824399,1.0948657015574828
A_PA1_to_C1,1D,191,8,5.0,0.6,0.6,102.17160842977847,153.6590922034527,-64.07846897385889,118.22,126.17,-51.8,101.98028002224527,153.87224208544674,-64.1676909906302,34.410790487233776,1.2769463984646698
A_PA1_to_C1,1D,191,9,5.0,0.6,0.6,102.17160842977847,153.6590922034527,-64.07846897385889,118.22,126.17,-51.8,102.36293683731168,153.44594232145866,-63.98924695708757,33.82308713068479,1.4588979020402064
A_PA1_to_C1,1D,191,10,5.0,0.6,0.6,102.17160842977847,153.6590922034527,-64.07846897385889,118.22,126.17,-51.8,102.74559365237806,153.0196425574706,-63.810802923544934,33.23582320544347,1.6407133587712668
A_PA1_to_C1,1D,191,11,5.0,0.6,0.6,102.17160842977847,153.6590922034527,-64.07846897385889,118.22,126.17,-51.8,103.12825046744447,152.59334279348255,-63.6323588900023,32.64902242391175,1.8223854273569362
A_PA1_to_C1,1D,191,12,5.0,0.6,0.6,102.17160842977847,153.6590922034527,-64.07846897385889,118.22,126.17,-51.8,103.51090728251086,152.1670430294945,-63.45391485645966,32.06271021499417,2.0039062350713586
A_PA1_to_C1,1D,191,13,5.0,0.6,0.6,102.17160842977847,153.6590922034527,-64.07846897385889,118.22,126.17,-51.8,103.89356409757725,151.74074326550644,-63.27547082291703,31.476913880243885,2.1852673294212916
A_PA1_to_C1,1D,191,14,5.0,0.6,0.6,102.17160842977847,153.6590922034527,-64.07846897385889,118.22,126.17,-51.8,104.27622091264365,151.31444350151838,-63.09702678937439,30.89166276712681,2.366459624503978
A_PA1_to_C1,1D,191,15,5.0,0.6,0.6,102.17160842977847,153.6590922034527,-64.07846897385889,118.22,126.17,-51.8,104.65887772771006,150.8881437375303,-62.91858275583175,30.306988461598845,2.5474733413857003
A_PA1_to_C1,1D,191,16,5.0,0.6,0.6,102.17160842977847,153.6590922034527,-64.07846897385889,118.22,126.17,-51.8,105.04153454277645,150.46184397354224,-62.74013872228912,29.722925002514216,2.7282979417214985
A_PA1_to_C1,1D,192,1,5.0,0.6,0.6,103.10630135656045,152.6135477256028,-63.64093019392647,119.24,125.21,-51.8,100.2499910920092,155.82139968604926,-64.98300972677053,38.35974419258754,0.0
A_PA1_to_C1,1D,192,2,5.0,0.6,0.6,103.10630135656045,152.6135477256028,-63.64093019392647,119.24,125.21,-51.8,100.63083246061603,155.39368609132308,-64.80406578905799,37.7685285603575,0.1830388954272575
A_PA1_to_C1,1D,192,3,5.0,0.6,0.6,103.10630135656045,152.6135477256028,-63.64093019392647,119.24,125.21,-51.8,101.01167382922286,154.9659724965969,-64.62512185134545,37.17759439108895,0.3659906506187589
A_PA1_to_C1,1D,192,4,5.0,0.6,0.6,103.10630135656045,152.6135477256028,-63.64093019392647,119.24,125.21,-51.8,101.3925151978297,154.53825890187068,-64.44617791363291,36.586955322930514,0.5488510432374714
A_PA1_to_C1,1D,192,5,5.0,0.6,0.6,103.10630135656045,152.6135477256028,-63.64093019392647,119.24,125.21,-51.8,101.77335656643653,154.1105453071445,-64.26723397592036,35.9966258821004,0.7316155760022109
A_PA1_to_C1,1D,192,6,5.0,0.6,0.6,103.10630135656045,152.6135477256028,-63.64093019392647,119.24,125.21,-51.8,102.15419793504337,153.6828317124183,-64.08829003820783,35.40662155571593,0.9142794541398196
A_PA1_to_C1,1D,192,7,5.0,0.6,0.6,103.10630135656045,152.6135477256028,-63.64093019392647,119.24,125.21,-51.8,102.5350393036502,153.2551181176921,-63.909346100495284,34.81695887184108,1.096837560602621
A_PA1_to_C1,1D,192,8,5.0,0.6,0.6,103.10630135656045,152.6135477256028,-63.64093019392647,119.24,125.21,-51.8,102.91588067225703,152.8274045229659,-63.730402162782745,34.22765548759162,1.2792844287913088
A_PA1_to_C1,1D,192,9,5.0,0.6,0.6,103.10630135656045,152.6135477256028,-63.64093019392647,119.24,125.21,-51.8,103.29672204086387,152.39969092823972,-63.5514582250702,33.638730286249626,1.46161421248852
A_PA1_to_C1,1D,192,10,5.0,0.6,0.6,103.10630135656045,152.6135477256028,-63.64093019392647,119.24,125.21,-51.8,103.67756340947071,151.97197733351354,-63.37251428735766,33.05020348446942,1.6438206526681505
A_PA1_to_C1,1D,192,11,5.0,0.6,0.6,103.10630135656045,152.6135477256028,-63.64093019392647,119.24,125.21,-51.8,104.05840477807753,151.54426373878732,-63.19357034964512,32.46209675080494,1.8258970407995676
A_PA1_to_C1,1D,192,12,5.0,0.6,0.6,103.10630135656045,152.6135477256028,-63.64093019392647,119.24,125.21,-51.8,104.43924614668437,151.11655014406114,-63.014626411932575,31.874433336961577,2.007836178212374
A_PA1_to_C1,1D,192,13,5.0,0.6,0.6,103.10630135656045,152.6135477256028,-63.64093019392647,119.24,125.21,-51.8,104.8200875152912,150.68883654933495,-62.835682474220036,31.287238223374633,2.1896303310256684
A_PA1_to_C1,1D,192,14,5.0,0.6,0.6,103.10630135656045,152.6135477256028,-63.64093019392647,119.24,125.21,-51.8,105.20092888389804,150.26112295460874,-62.6567385365075,30.700538280948432,2.3712711800740287
A_PA1_to_C1,1D,192,15,5.0,0.6,0.6,103.10630135656045,152.6135477256028,-63.64093019392647,119.24,125.21,-51.8,105.58177025250487,149.83340935988255,-62.47779459879495,30.114362451059254,2.552749765179037
A_PA1_to_C1,1D,192,16,5.0,0.6,0.6,103.10630135656045,152.6135477256028,-63.64093019392647,119.24,125.21,-51.8,105.9626116211117,149.40569576515637,-62.29885066108241,29.52874194623866,2.734056423018231
A_PA1_to_C1,1D,193,1,5.0,0.6,0.6,104.03658653160821,151.5645810663427,-63.20218148831107,120.25,124.23,-51.8,101.19492729335886,154.78374970009935,-64.54825952509401,38.1987635599747,0.0
A_PA1_to_C1,1D,193,2,5.0,0.6,0.6,104.03658653160821,151.5645810663427,-63.20218148831107,120.25,124.23,-51.8,101.57381519179211,154.35452721559847,-64.36878245352295,37.60666578304509,0.18331200524136726
A_PA1_to_C1,1D,193,3,5.0,0.6,0.6,104.03658653160821,151.5645810663427,-63.20218148831107,120.25,124.23,-51.8,101.95270309022536,153.92530473109758,-64.1893053819519,37.014822505645725,0.3665452180585067
A_PA1_to_C1,1D,193,4,5.0,0.6,0.6,104.03658653160821,151.5645810663427,-63.20218148831107,120.25,124.23,-51.8,102.3315909886586,153.4960822465967,-64.00982831038084,36.42324613390822,0.5496957975438015
A_PA1_to_C1,1D,193,5,5.0,0.6,0.6,104.03658653160821,151.5645810663427,-63.20218148831107,120.25,124.23,-51.8,102.71047888709184,153.06685976209582,-63.830351238809776,35.83194988746863,0.7327596509306726
A_PA1_to_C1,1D,193,6,5.0,0.6,0.6,104.03658653160821,151.5645810663427,-63.20218148831107,120.25,124.23,-51.8,103.08936678552509,152.6376372775949,-63.65087416723872,35.240947866719836,0.9157324127724049
A_PA1_to_C1,1D,193,7,5.0,0.6,0.6,104.03658653160821,151.5645810663427,-63.20218148831107,120.25,124.23,-51.8,103.46825468395834,152.20841479309402,-63.471397095667655,34.65025512679045,1.098609422038468
A_PA1_to_C1,1D,193,8,5.0,0.6,0.6,104.03658653160821,151.5645810663427,-63.20218148831107,120.25,124.23,-51.8,103.84714258239158,151.77919230859314,-63.2919200240966,34.059887759041,1.2813856968835005
A_PA1_to_C1,1D,193,9,5.0,0.6,0.6,104.03658653160821,151.5645810663427,-63.20218148831107,120.25,124.23,-51.8,104.22603048082483,151.34996982409226,-63.11244295252554,33.4698629809755,1.4640559068108985
A_PA1_to_C1,1D,193,10,5.0,0.6,0.6,104.03658653160821,151.5645810663427,-63.20218148831107,120.25,124.23,-51.8,104.60491837925808,150.92074733959137,-62.932965880954484,32.88019923558976,1.6466143419148445
A_PA1_to_C1,1D,193,11,5.0,0.6,0.6,104.03658653160821,151.5645810663427,-63.20218148831107,120.25,124.23,-51.8,104.98380627769133,150.4915248550905,-62.75348880938342,32.2909163013204,1.8290548788403402
A_PA1_to_C1,1D,193,12,5.0,0.6,0.6,104.03658653160821,151.5645810663427,-63.20218148831107,120.25,124.23,-51.8,105.36269417612458,150.06230237058958,-62.57401173781236,31.70203541392384,2.0113709430498012
A_PA1_to_C1,1D,193,13,5.0,0.6,0.6,104.03658653160821,151.5645810663427,-63.20218148831107,120.25,124.23,-51.8,105.74158207455781,149.6330798860887,-62.394534666241306,31.11357940180597,2.1935554669253037
A_PA1_to_C1,1D,193,14,5.0,0.6,0.6,104.03658653160821,151.5645810663427,-63.20218148831107,120.25,124.23,-51.8,106.12046997299106,149.2038574015878,-62.21505759467025,30.52557283654621,2.3756008431667155
A_PA1_to_C1,1D,193,15,5.0,0.6,0.6,104.03658653160821,151.5645810663427,-63.20218148831107,120.25,124.23,-51.8,106.49935787142431,148.77463491708693,-62.035580523099185,29.938042200619776,2.5574988728653025
A_PA1_to_C1,1D,193,16,5.0,0.6,0.6,104.03658653160821,151.5645810663427,-63.20218148831107,120.25,124.23,-51.8,106.87824576985756,148.34541243258604,-61.85610345152813,29.351016074624976,2.739240707538615
A_PA1_to_C1,1D,194,1,5.0,0.6,0.6,104.96171515673508,150.511645489133,-62.762031087396835,121.26,123.25,-51.8,102.13571038141862,153.74280092280767,-64.112339042392,38.04133349697629,0.0
A_PA1_to_C1,1D,194,2,5.0,0.6,0.6,104.96171515673508,150.511645489133,-62.762031087396835,121.26,123.25,-51.8,102.51251101812748,153.3119801983177,-63.932297981725974,37.44841319584676,0.18356665669644912
A_PA1_to_C1,1D,194,3,5.0,0.6,0.6,104.96171515673508,150.511645489133,-62.762031087396835,121.26,123.25,-51.8,102.88931165483635,152.88115947382775,-63.75225692105995,36.85572204618395,0.36706236866636033
A_PA1_to_C1,1D,194,4,5.0,0.6,0.6,104.96171515673508,150.511645489133,-62.762031087396835,121.26,123.25,-51.8,103.2661122915452,152.45033874933782,-63.57221586039393,36.263271283824785,0.550483657322447
A_PA1_to_C1,1D,194,5,5.0,0.6,0.6,104.96171515673508,150.511645489133,-62.762031087396835,121.26,123.25,-51.8,103.64291292825406,152.01951802484786,-63.39217479972791,35.67107288634546,0.7338268144367888
A_PA1_to_C1,1D,194,6,5.0,0.6,0.6,104.96171515673508,150.511645489133,-62.762031087396835,121.26,123.25,-51.8,104.01971356496293,151.5886973003579,-63.21213373906189,35.07913963485521,0.9170878830096232
A_PA1_to_C1,1D,194,7,5.0,0.6,0.6,104.96171515673508,150.511645489133,-62.762031087396835,121.26,123.25,-51.8,104.39651420167179,151.15787657586793,-63.03209267839587,34.48748518202465,1.1002626362079386
A_PA1_to_C1,1D,194,8,5.0,0.6,0.6,104.96171515673508,150.511645489133,-62.762031087396835,121.26,123.25,-51.8,104.77331483838066,150.72705585137797,-62.85205161772985,33.89612412708965,1.2833465541444706
A_PA1_to_C1,1D,194,9,5.0,0.6,0.6,104.96171515673508,150.511645489133,-62.762031087396835,121.26,123.25,-51.8,105.1501154750895,150.29623512688804,-62.67201055706382,33.305072098672454,1.4663347982364812
A_PA1_to_C1,1D,194,10,5.0,0.6,0.6,104.96171515673508,150.511645489133,-62.762031087396835,121.26,123.25,-51.8,105.52691611179837,149.86541440239807,-62.4919694963978,32.71434584637861,1.6492221828475788
A_PA1_to_C1,1D,194,11,5.0,0.6,0.6,104.96171515673508,150.511645489133,-62.762031087396835,121.26,123.25,-51.8,105.90371674850724,149.4345936779081,-62.31192843573178,32.123963342264744,1.8320031438735445
A_PA1_to_C1,1D,194,12,5.0,0.6,0.6,104.96171515673508,150.511645489133,-62.762031087396835,121.26,123.25,-51.8,106.2805173852161,149.00377295341815,-62.13188737506576,31.53394389342806,2.0146717038849022
A_PA1_to_C1,1D,194,13,5.0,0.6,0.6,104.96171515673508,150.511645489133,-62.762031087396835,121.26,123.25,-51.8,106.65731802192497,148.5729522289282,-61.95184631439974,30.944308267152593,2.1972214333819498
A_PA1_to_C1,1D,194,14,5.0,0.6,0.6,104.96171515673508,150.511645489133,-62.762031087396835,121.26,123.25,-51.8,107.03411865863382,148.14213150443825,-61.77180525373372,30.355078830259515,2.3796454076522533
A_PA1_to_C1,1D,194,15,5.0,0.6,0.6,104.96171515673508,150.511645489133,-62.762031087396835,121.26,123.25,-51.8,107.41091929534268,147.7113107799483,-61.5917641930677,29.766279704557792,2.5619361586434977
A_PA1_to_C1,1D,194,16,5.0,0.6,0.6,104.96171515673508,150.511645489133,-62.762031087396835,121.26,123.25,-51.8,107.78771993205154,147.28049005545833,-61.411723132401676,29.17793694058352,2.744085621174232
A_PA1_to_C1,1D,195,1,5.0,0.6,0.6,105.88177918168333,149.45485205613636,-62.320520446667565,122.26,122.26,-51.8,103.0699846573911,152.6967950984254,-63.67463154392434,37.89013141989694,0.0
A_PA1_to_C1,1D,195,2,5.0,0.6,0.6,105.88177918168333,149.45485205613636,-62.320520446667565,122.26,122.26,-51.8,103.4448905939634,152.2645360261202,-63.494083397623434,37.29654287751673,0.18377354253257394
A_PA1_to_C1,1D,195,3,5.0,0.6,0.6,105.88177918168333,149.45485205613636,-62.320520446667565,122.26,122.26,-51.8,103.8197965305357,151.83227695381498,-63.313535251322534,36.70316283662522,0.36748253352065774
A_PA1_to_C1,1D,195,4,5.0,0.6,0.6,105.88177918168333,149.45485205613636,-62.320520446667565,122.26,122.26,-51.8,104.19470246710799,151.4000178815098,-63.132987105021634,36.11000157586831,0.5511237907209381
A_PA1_to_C1,1D,195,5,5.0,0.6,0.6,105.88177918168333,149.45485205613636,-62.320520446667565,122.26,122.26,-51.8,104.56960840368029,150.96775880920458,-62.95243895872073,35.517070056616355,0.7346939205203054
A_PA1_to_C1,1D,195,6,5.0,0.6,0.6,105.88177918168333,149.45485205613636,-62.320520446667565,122.26,122.26,-51.8,104.94451434025258,150.53549973689937,-62.77189081241983,34.92437998023698,0.9181893002043218
A_PA1_to_C1,1D,195,7,5.0,0.6,0.6,105.88177918168333,149.45485205613636,-62.320520446667565,122.26,122.26,-51.8,105.31942027682489,150.10324066459418,-62.59134266611892,34.33194385119144,1.101606058422755
A_PA1_to_C1,1D,195,8,5.0,0.6,0.6,105.88177918168333,149.45485205613636,-62.320520446667565,122.26,122.26,-51.8,105.69432621339718,149.67098159228897,-62.41079451981802,33.739775046652944,1.2849400536359123
A_PA1_to_C1,1D,195,9,5.0,0.6,0.6,105.88177918168333,149.45485205613636,-62.320520446667565,122.26,122.26,-51.8,106.06923214996948,149.23872251998375,-62.23024637351711,33.147887893440924,1.4681868502959805
A_PA1_to_C1,1D,195,10,5.0,0.6,0.6,105.88177918168333,149.45485205613636,-62.320520446667565,122.26,122.26,-51.8,106.44413808654177,148.80646344767854,-62.04969822721621,32.556297753176885,1.6513416924829887
A_PA1_to_C1,1D,195,11,5.0,0.6,0.6,105.88177918168333,149.45485205613636,-62.320520446667565,122.26,122.26,-51.8,106.81904402311407,148.37420437537335,-61.869150080915304,31.965021116697148,1.8343994746748589
A_PA1_to_C1,1D,195,12,5.0,0.6,0.6,105.88177918168333,149.45485205613636,-62.320520446667565,122.26,122.26,-51.8,107.19394995968636,147.94194530306814,-61.688601934614404,31.37407570890779,2.0173547092845663
A_PA1_to_C1,1D,195,13,5.0,0.6,0.6,105.88177918168333,149.45485205613636,-62.320520446667565,122.26,122.26,-51.8,107.56885589625867,147.50968623076292,-61.5080537883135,30.783480605442595,2.20020149054314
A_PA1_to_C1,1D,195,14,5.0,0.6,0.6,105.88177918168333,149.45485205613636,-62.320520446667565,122.26,122.26,-51.8,107.94376183283096,147.07742715845774,-61.327505642012596,30.193256362688757,2.3829334542440197
A_PA1_to_C1,1D,195,15,5.0,0.6,0.6,105.88177918168333,149.45485205613636,-62.320520446667565,122.26,122.26,-51.8,108.31866776940326,146.64516808615252,-61.146957495711696,29.603425162984568,2.565543732790209
A_PA1_to_C1,1D,195,16,5.0,0.6,0.6,105.88177918168333,149.45485205613636,-62.320520446667565,122.26,122.26,-51.8,108.69357370597555,146.2129090138473,-60.96640934941079,29.014010977074697,2.748024904898527
A_PA1_to_C1,1D,196,1,5.0,0.6,0.6,106.79762797996236,148.3948745970604,-61.877887560531605,123.25,121.26,-51.8,103.99863701852124,151.64646163799344,-63.23539679181043,37.745467639281486,0.0
A_PA1_to_C1,1D,196,2,5.0,0.6,0.6,106.79762797996236,148.3948745970604,-61.877887560531605,123.25,121.26,-51.8,104.37183581338005,151.21291669920237,-63.054395560973255,37.151362307312375,0.1839335393093222
A_PA1_to_C1,1D,196,3,5.0,0.6,0.6,106.79762797996236,148.3948745970604,-61.877887560531605,123.25,121.26,-51.8,104.74503460823887,150.7793717604113,-62.87339433013608,36.55744951812605,0.36780746784998186
A_PA1_to_C1,1D,196,4,5.0,0.6,0.6,106.79762797996236,148.3948745970604,-61.877887560531605,123.25,121.26,-51.8,105.11823340309768,150.34582682162022,-62.6923930992989,35.963738810800514,0.5516188323470512
A_PA1_to_C1,1D,196,5,5.0,0.6,0.6,106.79762797996236,148.3948745970604,-61.877887560531605,123.25,121.26,-51.8,105.4914321979565,149.91228188282915,-62.51139186846172,35.37024036153307,0.7353644822750525
A_PA1_to_C1,1D,196,6,5.0,0.6,0.6,106.79762797996236,148.3948745970604,-61.877887560531605,123.25,121.26,-51.8,105.86463099281532,149.47873694403808,-62.33039063762455,34.77696503741762,0.9190410532086286
A_PA1_to_C1,1D,196,7,5.0,0.6,0.6,106.79762797996236,148.3948745970604,-61.877887560531605,123.25,121.26,-51.8,106.23782978767413,149.045192005247,-62.14938940678737,34.183924455727905,1.1026449484686012
A_PA1_to_C1,1D,196,8,5.0,0.6,0.6,106.79762797996236,148.3948745970604,-61.877887560531605,123.25,121.26,-51.8,106.61102858253295,148.61164706645593,-61.968388175950196,33.59113104937159,1.2861723188575542
A_PA1_to_C1,1D,196,9,5.0,0.6,0.6,106.79762797996236,148.3948745970604,-61.877887560531605,123.25,121.26,-51.8,106.98422737739176,148.17810212766489,-61.78738694511301,32.99859813927256,1.4696190402504428
A_PA1_to_C1,1D,196,10,5.0,0.6,0.6,106.79762797996236,148.3948745970604,-61.877887560531605,123.25,121.26,-51.8,107.35742617225058,147.7445571888738,-61.60638571427584,32.40634001454571,1.6529806887726863
A_PA1_to_C1,1D,196,11,5.0,0.6,0.6,106.79762797996236,148.3948745970604,-61.877887560531605,123.25,121.26,-51.8,107.73062496710939,147.31101225008274,-61.42538448343866,31.81437202145425,1.8362525132592076
A_PA1_to_C1,1D,196,12,5.0,0.6,0.6,106.79762797996236,148.3948745970604,-61.877887560531605,123.25,121.26,-51.8,108.10382376196821,146.87746731129167,-61.24438325260149,31.22271066228291,2.019429404643523
A_PA1_to_C1,1D,196,13,5.0,0.6,0.6,106.79762797996236,148.3948745970604,-61.877887560531605,123.25,121.26,-51.8,108.47702255682704,146.4439223725006,-61.06338202176431,30.631373705431155,2.2025058618731688
A_PA1_to_C1,1D,196,14,5.0,0.6,0.6,106.79762797996236,148.3948745970604,-61.877887560531605,123.25,121.26,-51.8,108.85022135168585,146.01037743370952,-60.88238079092713,30.040380308227185,2.3854759538867807
A_PA1_to_C1,1D,196,15,5.0,0.6,0.6,106.79762797996236,148.3948745970604,-61.877887560531605,123.25,121.26,-51.8,109.22342014654467,145.57683249491845,-60.701379560089954,29.449751154195987,2.5683332771162544
A_PA1_to_C1,1D,196,16,5.0,0.6,0.6,106.79762797996236,148.3948745970604,-61.877887560531605,123.25,121.26,-51.8,109.59661894140348,145.14328755612738,-60.52037832925278,28.859508606786992,2.751070907893032
A_PA1_to_C1,1D,197,1,5.0,0.6,0.6,107.70933131348907,147.33178524017583,-61.43415856706641,124.23,120.25,-51.8,104.92293749308726,150.59279179125699,-62.79498396050688,37.607676724642424,0.0
A_PA1_to_C1,1D,197,2,5.0,0.6,0.6,107.70933131348907,147.33178524017583,-61.43415856706641,124.23,120.25,-51.8,105.29445666914084,150.1579909177795,-62.61354057471482,37.01317848731489,0.18405518183515035
A_PA1_to_C1,1D,197,3,5.0,0.6,0.6,107.70933131348907,147.33178524017583,-61.43415856706641,124.23,120.25,-51.8,105.66597584519441,149.72319004430202,-62.432097188922754,36.41886070214784,0.36805449612835517
A_PA1_to_C1,1D,197,4,5.0,0.6,0.6,107.70933131348907,147.33178524017583,-61.43415856706641,124.23,120.25,-51.8,106.03749502124799,149.28838917082453,-62.250653803130696,35.824732350026935,0.5519951624196562
A_PA1_to_C1,1D,197,5,5.0,0.6,0.6,107.70933131348907,147.33178524017583,-61.43415856706641,124.23,120.25,-51.8,106.40901419730156,148.85358829734704,-62.06921041733863,35.23080301468708,0.735874213608465
A_PA1_to_C1,1D,197,6,5.0,0.6,0.6,107.70933131348907,147.33178524017583,-61.43415856706641,124.23,120.25,-51.8,106.78053337335514,148.41878742386956,-61.887767031546566,34.63708293387742,0.9196884801130025
A_PA1_to_C1,1D,197,7,5.0,0.6,0.6,107.70933131348907,147.33178524017583,-61.43415856706641,124.23,120.25,-51.8,107.15205254940871,147.98398655039207,-61.70632364575451,34.043583055796596,1.1034345723980898
A_PA1_to_C1,1D,197,8,5.0,0.6,0.6,107.70933131348907,147.33178524017583,-61.43415856706641,124.23,120.25,-51.8,107.52357172546229,147.5491856769146,-61.524880259962444,33.45031510143872,1.287108861672973
A_PA1_to_C1,1D,197,9,5.0,0.6,0.6,107.70933131348907,147.33178524017583,-61.43415856706641,124.23,120.25,-51.8,107.89509090151586,147.11438480343708,-61.34343687417038,32.85729163358045,1.4707074585331181
A_PA1_to_C1,1D,197,10,5.0,0.6,0.6,107.70933131348907,147.33178524017583,-61.43415856706641,124.23,120.25,-51.8,108.26661007756944,146.6795839299596,-61.161993488378315,32.26452613324383,1.6542261892874919
A_PA1_to_C1,1D,197,11,5.0,0.6,0.6,107.70933131348907,147.33178524017583,-61.43415856706641,124.23,120.25,-51.8,108.638129253623,146.2447830564821,-60.98055010258626,31.67203308459046,1.8376605696755313
A_PA1_to_C1,1D,197,12,5.0,0.6,0.6,107.70933131348907,147.33178524017583,-61.43415856706641,124.23,120.25,-51.8,109.00964842967659,145.80998218300462,-60.79910671679419,31.07982806934444,2.02100577563405
A_PA1_to_C1,1D,197,13,5.0,0.6,0.6,107.70933131348907,147.33178524017583,-61.43415856706641,124.23,120.25,-51.8,109.38116760573016,145.37518130952714,-60.61766333100213,30.487927872005812,2.2042566107234087
A_PA1_to_C1,1D,197,14,5.0,0.6,0.6,107.70933131348907,147.33178524017583,-61.43415856706641,124.23,120.25,-51.8,109.75268678178374,144.94038043604965,-60.43621994521007,29.896350597309485,2.38740746976252
A_PA1_to_C1,1D,197,15,5.0,0.6,0.6,107.70933131348907,147.33178524017583,-61.43415856706641,124.23,120.25,-51.8,110.1242059578373,144.50557956257217,-60.254776559418005,29.305115801611592,2.5704522981519595
A_PA1_to_C1,1D,197,16,5.0,0.6,0.6,107.70933131348907,147.33178524017583,-61.43415856706641,124.23,120.25,-51.8,110.49572513389089,144.07077868909468,-60.07333317362594,28.714244640151747,2.753384546281943
A_PA1_to_C1,1D,198,1,5.0,0.6,0.6,108.616958,146.265654,-60.989359,125.21,119.24,-51.8,105.83681575839657,149.53130995740688,-62.3518201129516,37.47298539335902,0.0
A_PA1_to_C1,1D,198,2,5.0,0.6,0.6,108.616958,146.265654,-60.989359,125.21,119.24,-51.8,106.20750139061036,149.09588916308596,-62.17015863122472,36.878303393121186,0.1841120743770368
A_PA1_to_C1,1D,198,3,5.0,0.6,0.6,108.616958,146.265654,-60.989359,125.21,119.24,-51.8,106.57818702282415,148.66046836876504,-61.98849714949784,36.28379649401766,0.3681699378765817
A_PA1_to_C1,1D,198,4,5.0,0.6,0.6,108.616958,146.265654,-60.989359,125.21,119.24,-51.8,106.94887265503795,148.22504757444412,-61.80683566777096,35.68947344643072,0.552170881401949
A_PA1_to_C1,1D,198,5,5.0,0.6,0.6,108.616958,146.265654,-60.989359,125.21,119.24,-51.8,107.31955828725172,147.78962678012323,-61.625174186044084,35.095343590677096,0.7361120132142158
A_PA1_to_C1,1D,198,6,5.0,0.6,0.6,108.616958,146.265654,-60.989359,125.21,119.24,-51.8,107.69024391946552,147.3542059858023,-61.4435127043172,34.50141690730795,0.9199902433594627
A_PA1_to_C1,1D,198,7,5.0,0.6,0.6,108.616958,146.265654,-60.989359,125.21,119.24,-51.8,108.06092955167931,146.9187851914814,-61.26185122259032,33.90770407261556,1.103802266484042
A_PA1_to_C1,1D,198,8,5.0,0.6,0.6,108.616958,146.265654,-60.989359,125.21,119.24,-51.8,108.4316151838931,146.48336439716047,-61.08018974086344,33.314216519982345,1.287544542841074
A_PA1_to_C1,1D,198,9,5.0,0.6,0.6,108.616958,146.265654,-60.989359,125.21,119.24,-51.8,108.8023008161069,146.04794360283955,-60.89852825913656,32.720966507798316,1.4712132772633737
A_PA1_to_C1,1D,198,10,5.0,0.6,0.6,108.616958,146.265654,-60.989359,125.21,119.24,-51.8,109.17298644832069,145.61252280851863,-60.71686677740968,32.1279671947768,1.6548043958458862
A_PA1_to_C1,1D,198,11,5.0,0.6,0.6,108.616958,146.265654,-60.989359,125.21,119.24,-51.8,109.54367208053448,145.17710201419771,-60.5352052956828,31.53523272361961,1.83831352004316
A_PA1_to_C1,1D,198,12,5.0,0.6,0.6,108.616958,146.265654,-60.989359,125.21,119.24,-51.8,109.91435771274827,144.7416812198768,-60.353543813955916,30.942778314124343,2.0217359378435518
A_PA1_to_C1,1D,198,13,5.0,0.6,0.6,108.616958,146.265654,-60.989359,125.21,119.24,-51.8,110.28504334496205,144.3062604255559,-60.17188233222904,30.35062036699152,2.2050665716308036
A_PA1_to_C1,1D,198,14,5.0,0.6,0.6,108.616958,146.265654,-60.989359,125.21,119.24,-51.8,110.65572897717584,143.870839631235,-59.99022085050216,29.758776579782904,2.3882999422836253
A_PA1_to_C1,1D,198,15,5.0,0.6,0.6,108.616958,146.265654,-60.989359,125.21,119.24,-51.8,111.02641460938963,143.43541883691407,-59.80855936877528,29.167266076710558,2.571430128993331
A_PA1_to_C1,1D,198,16,5.0,0.6,0.6,108.616958,146.265654,-60.989359,125.21,119.24,-51.8,111.39710024160343,142.99999804259315,-59.6268978870484,28.57610955420323,2.754450724196838
